0.0,0.0,0.000118566,0.00704248,0.0,0.0,0.0,2.91662e-08,0.00629192,0.0,0.0,0.0,0.0,0.0,0.0,0.0,0.0,0.0,0.0,0.0,7.56598e-05,3.49667e-09,0.0,0.000393252,0.000274617,0.00688726,0.0197627,0.0,0.0333005,0.00765668,0.301826,0.00122025,0.0373995,0.00183214,0.0144506,0.0016712,0.006494,0.0260895,0.00139668,0.000121725,0.00186222,0.00447639,0.000233728,0.0019109,0.0,1.10824e-07,0.0,0.0,0.0,1.57181e-22,2.72623e-20,4.22141e-24,2.51958e-05,1.29172e-07,5.69838e-05,0.0,2.83763e-20,2.93123e-05,1.03076e-19,5.44555e-19,0.0,0.0,0.0,0.0,1.72397e-05,0.0,0.0,9.10091e-05,4.36169e-24,5.42065e-20,2.10535e-06,1.37546e-10,1.86172e-06,2.2e-05,0.0,1.07294e-19,0.0,9.44131e-22,0.00525583,0.000124432,1.17146e-06,0.0,0.0152506,0.0387986,0.0426661,3.7793e-05,0.000909843,7.16534e-05,0.00298363,0.000105987,0.00685956,7.80948e-09,0.001522,0.000381691,0.00200291,0.0487247,0.00088964,0.124273,0.0871136,0.0799681,0.0783229,0.252649,0.00539767,0.0,0.0343482,0.0330743,0.0143297,0.0149495,0.00671291,0.0815831,0.0040696,0.00955115,0.00442242,0.0
0.0,0.0,0.000118566,0.00704227,0.0,0.0,0.0,2.91662e-08,0.00629131,0.0,0.0,0.0,0.0,0.0,0.0,0.0,0.0,0.0,0.0,0.0,7.56405e-05,3.14701e-09,0.0,0.000393362,0.000274602,0.00688702,0.0197628,0.0,0.0333022,0.00765696,0.301827,0.00122039,0.0373998,0.00183189,0.0144503,0.00167112,0.00649405,0.0260903,0.00139656,0.00012165,0.00186217,0.00447642,0.000233749,0.001911,0.0,1.11e-07,0.0,0.0,0.0,1.63002e-22,2.7257e-20,4.22141e-24,2.51092e-05,1.2935e-07,5.69844e-05,0.0,2.83841e-20,2.92837e-05,1.03088e-19,5.44536e-19,0.0,0.0,0.0,0.0,1.72397e-05,0.0,0.0,9.08183e-05,4.36169e-24,5.42098e-20,2.10681e-06,1.43482e-10,1.86224e-06,2.2e-05,0.0,1.07313e-19,0.0,9.44131e-22,0.00525593,0.000124419,1.17198e-06,0.0,0.0152508,0.0387991,0.0426654,3.78167e-05,0.000909837,7.16635e-05,0.00298383,0.000106222,0.00685928,7.84099e-09,0.00152235,0.000381667,0.00200315,0.0487247,0.000889827,0.124272,0.0871132,0.0799681,0.078322,0.25265,0.00539711,0.0,0.0343484,0.0330735,0.0143295,0.0149488,0.00671173,0.081582,0.00407115,0.00954936,0.00442185,0.0
0.0,0.0,0.000118566,0.00704262,0.0,0.0,0.0,3.20828e-08,0.00629182,0.0,0.0,0.0,0.0,0.0,0.0,0.0,0.0,0.0,0.0,0.0,7.56607e-05,3.49667e-09,0.0,0.00039334,0.000274605,0.00688765,0.0197622,0.0,0.0333002,0.00765658,0.301829,0.00122045,0.0373997,0.00183228,0.0144504,0.0016713,0.00649409,0.0260891,0.0013968,0.000121591,0.0018622,0.00447647,0.000233747,0.00191089,0.0,1.10769e-07,0.0,0.0,0.0,1.57181e-22,2.72623e-20,4.22141e-24,2.52079e-05,1.29172e-07,5.69838e-05,0.0,2.83763e-20,2.92879e-05,1.03065e-19,5.44536e-19,0.0,0.0,0.0,0.0,1.72376e-05,0.0,0.0,9.10112e-05,0.0,5.4213e-20,2.10493e-06,1.14532e-10,1.8619e-06,2.20786e-05,0.0,1.07307e-19,0.0,9.44131e-22,0.00525581,0.000124508,1.16299e-06,0.0,0.015251,0.0387987,0.0426657,3.77946e-05,0.00090993,7.1653e-05,0.00298418,0.000105987,0.00685926,7.80948e-09,0.00152202,0.000381754,0.00200286,0.048725,0.000889537,0.124273,0.0871149,0.0799678,0.0783192,0.252648,0.00539758,0.0,0.0343477,0.0330742,0.0143297,0.0149496,0.00671263,0.0815833,0.00406988,0.00954857,0.0044227,0.0
0.0,0.0,0.000118566,0.00704235,0.0,0.0,0.0,2.91662e-08,0.0062917,0.0,0.0,0.0,0.0,0.0,0.0,0.0,0.0,0.0,0.0,0.0,7.5671e-05,3.14701e-09,0.0,0.000393265,0.000274592,0.00688693,0.019762,0.0,0.0333017,0.0076568,0.301827,0.00122017,0.0374003,0.00183216,0.0144501,0.00167113,0.00649404,0.0260907,0.00139655,0.000121721,0.00186224,0.00447641,0.000233753,0.00191109,0.0,1.10892e-07,0.0,0.0,0.0,1.63002e-22,2.7257e-20,4.22141e-24,2.51213e-05,1.29158e-07,5.69046e-05,0.0,2.83841e-20,2.92754e-05,1.03082e-19,5.44548e-19,0.0,0.0,0.0,0.0,1.72397e-05,0.0,0.0,9.10091e-05,4.36169e-24,5.4216e-20,2.1078e-06,1.31519e-10,1.86187e-06,2.2e-05,0.0,1.07319e-19,0.0,9.51074e-22,0.00525597,0.000124442,1.17246e-06,0.0,0.0152507,0.0387986,0.0426659,3.78082e-05,0.000909786,7.1654e-05,0.00298375,0.000106106,0.00685832,7.80948e-09,0.0015227,0.000381719,0.00200345,0.0487246,0.000889854,0.124271,0.087113,0.0799673,0.0783226,0.252649,0.00539762,0.0,0.0343478,0.0330728,0.0143293,0.0149495,0.0067124,0.0815772,0.00407007,0.00955007,0.0044222,0.0
0.0,0.0,0.000118566,0.00704291,0.0,0.0,0.0,2.91662e-08,0.00629179,0.0,0.0,0.0,0.0,0.0,0.0,0.0,0.0,0.0,0.0,0.0,7.56685e-05,3.49667e-09,0.0,0.000393348,0.000274629,0.00688697,0.0197628,0.0,0.0333021,0.00765684,0.301828,0.00122016,0.0373989,0.00183191,0.0144504,0.00167111,0.00649401,0.0260896,0.00139678,0.000121653,0.00186217,0.0044764,0.000233728,0.00191089,0.0,1.1082e-07,0.0,0.0,0.0,1.57181e-22,2.72623e-20,0.0,2.51712e-05,1.29109e-07,5.69838e-05,0.0,2.83763e-20,2.9322e-05,1.03076e-19,5.44549e-19,0.0,0.0,0.0,0.0,1.72397e-05,0.0,0.0,9.09264e-05,4.36169e-24,5.42003e-20,2.10542e-06,8.91303e-11,1.86179e-06,2.2e-05,0.0,1.07294e-19,0.0,9.44131e-22,0.00525579,0.000124427,1.17241e-06,0.0,0.0152501,0.0387988,0.0426662,3.78016e-05,0.000909732,7.16639e-05,0.00298404,0.000106075,0.00685975,7.84099e-09,0.00152201,0.000381468,0.00200273,0.0487246,0.000889749,0.124273,0.0871137,0.0799686,0.0783244,0.252649,0.00539722,0.0,0.0343486,0.0330734,0.0143295,0.014949,0.00671293,0.0815859,0.00407089,0.00955092,0.0044227,0.0
0.0,0.0,0.000118503,0.0070878,0.0,0.0,0.0,2.91662e-08,0.00623304,0.0,0.0,0.0,0.0,0.0,0.0,0.0,0.0,0.0,0.0,0.0,7.50734e-05,3.14701e-09,0.0,0.00051477,0.000274607,0.006886,0.0197627,0.0,0.0333012,0.00765716,0.301826,0.00122035,0.0374,0.00183211,0.0144508,0.00167116,0.00649394,0.0260902,0.00139643,0.000121719,0.00186221,0.00447624,0.000233739,0.00191102,0.0,1.10298e-07,0.0,0.0,0.0,1.57181e-22,2.28641e-20,4.22141e-24,2.50353e-05,1.28618e-07,5.67458e-05,0.0,2.8278e-20,2.91441e-05,8.90717e-20,4.64854e-19,0.0,0.0,0.0,0.0,1.71574e-05,0.0,0.0,9.03825e-05,4.36169e-24,5.40182e-20,2.09385e-06,1.37546e-10,1.86129e-06,2.19214e-05,0.0,1.27243e-19,0.0,2.31173e-21,0.00514903,0.000304865,2.86377e-06,0.0,0.0373564,0.0349786,0.0555666,7.32806e-05,0.00122768,7.56905e-05,0.00304892,0.000106009,0.00685955,7.80948e-09,0.00152226,0.000381565,0.00200299,0.0487248,0.000889457,0.124273,0.0871137,0.0799667,0.0783219,0.25265,0.00539749,0.0,0.034348,0.0330742,0.0143294,0.0149494,0.00671224,0.0815797,0.00406973,0.00954942,0.00442149,0.0
0.0,0.0,0.000118566,0.00708782,0.0,0.0,0.0,2.91662e-08,0.00623373,0.0,0.0,0.0,0.0,0.0,0.0,0.0,0.0,0.0,0.0,0.0,7.50945e-05,3.49667e-09,0.0,0.000514867,0.000274591,0.00688703,0.0197618,0.0,0.0333002,0.00765647,0.301827,0.00122059,0.0373997,0.00183193,0.0144501,0.00167129,0.00649405,0.0260895,0.00139678,0.000121662,0.0018622,0.00447665,0.000233741,0.00191084,0.0,1.10088e-07,0.0,0.0,0.0,1.63002e-22,2.28694e-20,4.22141e-24,2.4973e-05,1.2852e-07,5.66661e-05,0.0,2.8278e-20,2.91463e-05,8.90602e-20,4.64874e-19,0.0,0.0,0.0,0.0,1.71841e-05,0.0,0.0,9.03068e-05,0.0,5.4009e-20,2.09451e-06,1.37546e-10,1.86112e-06,2.19214e-05,0.0,1.27249e-19,0.0,2.31868e-21,0.00514901,0.000304877,2.8735e-06,0.0,0.0373566,0.0349786,0.0555674,7.32954e-05,0.00122763,7.56993e-05,0.00305065,0.000106183,0.00685889,7.80948e-09,0.0015219,0.000381766,0.00200297,0.0487239,0.000889707,0.124273,0.0871147,0.079969,0.0783223,0.25265,0.0053974,0.0,0.0343485,0.0330748,0.0143301,0.0149498,0.00671251,0.0815827,0.00407007,0.00955119,0.00442251,0.0
0.0,0.0,0.000118628,0.00708808,0.0,0.0,0.0,2.91662e-08,0.00623323,0.0,0.0,0.0,0.0,0.0,0.0,0.0,0.0,0.0,0.0,0.0,7.50624e-05,3.49667e-09,0.0,0.000514682,0.000274627,0.0068869,0.0197629,0.0,0.0333019,0.00765666,0.301832,0.00122033,0.0374,0.00183218,0.0144506,0.00167121,0.00649408,0.0260901,0.00139675,0.000121582,0.00186223,0.00447639,0.000233747,0.00191105,0.0,1.10184e-07,0.0,0.0,0.0,1.57181e-22,2.28694e-20,4.22141e-24,2.4961e-05,1.2849e-07,5.67458e-05,0.0,2.8278e-20,2.9171e-05,8.90775e-20,4.6486e-19,0.0,0.0,0.0,0.0,1.71552e-05,0.0,0.0,9.03434e-05,4.36169e-24,5.40191e-20,2.09479e-06,1.20467e-10,1.86163e-06,2.18428e-05,0.0,1.27249e-19,0.0,2.31868e-21,0.00514885,0.000304873,2.86409e-06,0.0,0.0373566,0.0349785,0.0555677,7.32605e-05,0.00122747,7.56949e-05,0.00304913,0.000106072,0.00685934,7.84099e-09,0.001522,0.000381521,0.00200256,0.048725,0.000889821,0.124271,0.0871121,0.0799672,0.0783193,0.252648,0.00539746,0.0,0.0343485,0.0330728,0.0143298,0.0149486,0.00671323,0.0815803,0.00407119,0.00954852,0.00442246,0.0
0.0,0.0,0.000118566,0.00708757,0.0,0.0,0.0,2.91662e-08,0.00623301,0.0,0.0,0.0,0.0,0.0,0.0,0.0,0.0,0.0,0.0,0.0,7.50779e-05,3.14701e-09,0.0,0.00051477,0.000274608,0.00688803,0.0197629,0.0,0.0333013,0.00765679,0.301825,0.00122028,0.0373997,0.00183221,0.0144507,0.00167112,0.00649405,0.026089,0.00139657,0.000121725,0.00186218,0.00447642,0.000233734,0.00191086,0.0,1.10154e-07,0.0,0.0,0.0,1.57181e-22,2.28694e-20,4.22141e-24,2.4874e-05,1.28366e-07,5.67452e-05,0.0,2.8278e-20,2.9147e-05,8.90602e-20,4.64866e-19,0.0,0.0,0.0,0.0,1.71841e-05,0.0,0.0,9.03819e-05,4.36169e-24,5.40247e-20,2.09176e-06,1.31519e-10,1.861e-06,2.19214e-05,0.0,1.27242e-19,0.0,2.31173e-21,0.00514904,0.000304991,2.8649e-06,0.0,0.0373579,0.0349786,0.0555673,7.32896e-05,0.00122757,7.56953e-05,0.00305009,0.000106253,0.00685891,7.82143e-09,0.0015222,0.000381566,0.0020033,0.0487254,0.00088964,0.124274,0.0871147,0.0799686,0.0783236,0.25265,0.00539729,0.0,0.0343473,0.0330737,0.0143298,0.0149493,0.00671184,0.0815844,0.00406948,0.00954934,0.00442174,0.0
0.0,0.0,0.000118566,0.00708803,0.0,0.0,0.0,2.91662e-08,0.00623353,0.0,0.0,0.0,0.0,0.0,0.0,0.0,0.0,0.0,0.0,0.0,7.50697e-05,3.49667e-09,0.0,0.000514867,0.000274582,0.00688707,0.0197626,0.0,0.0333001,0.00765709,0.301826,0.00122012,0.0374,0.00183199,0.01445,0.00167129,0.00649402,0.0260906,0.00139669,0.000121721,0.00186219,0.00447635,0.000233731,0.00191098,0.0,1.10104e-07,0.0,0.0,0.0,1.57181e-22,2.28641e-20,4.22141e-24,2.49731e-05,1.28492e-07,5.67458e-05,0.0,2.82702e-20,2.91698e-05,8.9066e-20,4.64854e-19,0.0,0.0,0.0,0.0,1.71574e-05,0.0,0.0,9.0341e-05,4.36169e-24,5.40082e-20,2.09415e-06,1.31519e-10,1.86152e-06,2.19214e-05,0.0,1.27243e-19,0.0,2.31868e-21,0.00514899,0.000304839,2.87216e-06,0.0,0.037356,0.0349785,0.0555681,7.32806e-05,0.00122773,7.56992e-05,0.0030487,0.000105986,0.00685977,7.82519e-09,0.00152238,0.000382172,0.00200345,0.048725,0.000889685,0.124273,0.0871123,0.0799678,0.0783214,0.25265,0.00539785,0.0,0.0343494,0.0330741,0.0143292,0.0149497,0.00671252,0.0815791,0.00407022,0.00955063,0.00442188,0.0
0.0,0.0,0.000118566,0.00708819,0.0,0.0,0.0,2.91662e-08,0.00623345,0.0,0.0,0.0,0.0,0.0,0.0,0.0,0.0,0.0,0.0,0.0,7.50895e-05,3.14701e-09,0.0,0.00051477,0.000274621,0.00688731,0.0197618,0.0,0.0333016,0.00765615,0.301829,0.00122055,0.0373994,0.0018322,0.0144499,0.00167112,0.00649406,0.0260895,0.00139661,0.000121584,0.00186224,0.00447644,0.000233746,0.00191095,0.0,1.10223e-07,0.0,0.0,0.0,1.57181e-22,2.28694e-20,4.22141e-24,2.49605e-05,1.28517e-07,5.66661e-05,0.0,2.8278e-20,2.9123e-05,8.90602e-20,4.6488e-19,0.0,0.0,0.0,0.0,1.71841e-05,0.0,0.0,9.02983e-05,4.36169e-24,5.40247e-20,2.09451e-06,1.43482e-10,1.86143e-06,2.18428e-05,0.0,1.27224e-19,0.0,2.31173e-21,0.00514896,0.000304829,2.86447e-06,0.0,0.0373557,0.0349786,0.0555668,7.32912e-05,0.00122763,7.569e-05,0.00304997,0.000105982,0.0068594,7.82527e-09,0.00152222,0.000381411,0.0020025,0.048725,0.00088982,0.124273,0.0871145,0.0799672,0.0783246,0.252649,0.00539704,0.0,0.034347,0.0330732,0.0143299,0.0149487,0.00671255,0.0815837,0.0040707,0.00955079,0.00442277,0.0
0.0,0.0,0.000118566,0.00708753,0.0,0.0,0.0,2.91662e-08,0.00623321,0.0,0.0,0.0,0.0,0.0,0.0,0.0,0.0,0.0,0.0,0.0,7.5083e-05,3.49667e-09,0.0,0.000514779,0.000274615,0.00688792,0.0197626,0.0,0.0333024,0.00765696,0.301829,0.00122024,0.0373999,0.00183206,0.0144505,0.00167119,0.0064941,0.02609,0.00139675,0.000121726,0.00186221,0.00447661,0.000233745,0.00191101,0.0,1.10035e-07,0.0,0.0,0.0,1.57181e-22,2.28694e-20,4.22141e-24,2.49487e-05,1.28492e-07,5.67458e-05,0.0,2.8278e-20,2.91666e-05,8.90717e-20,4.64866e-19,0.0,0.0,0.0,0.0,1.71552e-05,0.0,0.0,9.04243e-05,0.0,5.40058e-20,2.09427e-06,1.37546e-10,1.86167e-06,2.19214e-05,0.0,1.27243e-19,0.0,2.31868e-21,0.0051489,0.000304987,2.8735e-06,0.0,0.0373576,0.0349786,0.0555677,7.32762e-05,0.00122736,7.57054e-05,0.00305049,0.000106106,0.00685874,7.80948e-09,0.00152238,0.000381615,0.00200322,0.0487238,0.000889827,0.124271,0.0871123,0.0799679,0.0783235,0.252648,0.0053975,0.0,0.0343495,0.0330742,0.0143296,0.0149495,0.00671272,0.0815826,0.00407073,0.00954985,0.00442191,0.0
0.0,0.0,0.000118628,0.00708805,0.0,0.0,0.0,2.91662e-08,0.00623366,0.0,0.0,0.0,0.0,0.0,0.0,0.0,0.0,0.0,0.0,0.0,7.50582e-05,3.14701e-09,0.0,0.00051477,0.000274602,0.00688553,0.0197629,0.0,0.0333016,0.00765725,0.301826,0.00122048,0.0373998,0.00183203,0.0144507,0.00167101,0.00649392,0.0260901,0.00139657,0.000121651,0.00186216,0.0044762,0.000233735,0.00191087,0.0,1.10184e-07,0.0,0.0,0.0,1.57181e-22,2.28694e-20,4.22141e-24,2.50355e-05,1.28618e-07,5.66661e-05,0.0,2.8278e-20,2.91479e-05,8.90718e-20,4.64854e-19,0.0,0.0,0.0,0.0,1.71841e-05,0.0,0.0,9.0416e-05,4.36169e-24,5.40256e-20,2.093e-06,8.31947e-11,1.86095e-06,2.19214e-05,0.0,1.2723e-19,0.0,2.31173e-21,0.0051489,0.000304955,2.86352e-06,0.0,0.0373559,0.0349785,0.0555666,7.32875e-05,0.00122771,7.56955e-05,0.00304899,0.000106009,0.00685973,7.82519e-09,0.00152181,0.000382156,0.00200321,0.0487248,0.000889585,0.124273,0.0871158,0.0799684,0.078318,0.25265,0.00539738,0.0,0.0343473,0.0330738,0.0143298,0.0149496,0.00671268,0.081582,0.00406872,0.00955042,0.00442229,0.0
0.0,0.0,0.000118566,0.0070881,0.0,0.0,0.0,2.91662e-08,0.00623346,0.0,0.0,0.0,0.0,0.0,0.0,0.0,0.0,0.0,0.0,0.0,7.50698e-05,3.49667e-09,0.0,0.000514867,0.000274623,0.00688783,0.0197629,0.0,0.0332999,0.00765657,0.301828,0.00122012,0.0373998,0.00183214,0.0144506,0.00167122,0.00649411,0.0260897,0.00139672,0.000121657,0.00186223,0.00447652,0.000233745,0.00191103,0.0,1.1021e-07,0.0,0.0,0.0,1.57181e-22,2.28641e-20,4.22141e-24,2.49728e-05,1.28533e-07,5.67458e-05,0.0,2.8278e-20,2.91569e-05,8.9066e-20,4.64874e-19,0.0,0.0,0.0,0.0,1.71574e-05,0.0,0.0,9.03413e-05,4.36169e-24,5.40089e-20,2.09557e-06,1.20467e-10,1.86125e-06,2.19214e-05,0.0,1.27261e-19,0.0,2.31868e-21,0.00514905,0.000304844,2.8649e-06,0.0,0.0373569,0.0349789,0.0555675,7.32712e-05,0.00122766,7.56899e-05,0.00304903,0.000106283,0.00685915,7.82527e-09,0.00152227,0.000381103,0.00200268,0.0487255,0.00088943,0.124272,0.0871131,0.0799674,0.0783224,0.252649,0.00539745,0.0,0.0343485,0.0330735,0.0143296,0.0149492,0.00671228,0.0815847,0.00407113,0.00954804,0.00442193,0.0
0.0,0.0,0.000118566,0.00708795,0.0,0.0,0.0,2.91662e-08,0.00623336,0.0,0.0,0.0,0.0,0.0,0.0,0.0,0.0,0.0,0.0,0.0,7.50856e-05,3.49667e-09,0.0,0.00051477,0.000274596,0.00688635,0.0197618,0.0,0.033302,0.00765688,0.301829,0.00122054,0.0373992,0.00183202,0.0144499,0.00167132,0.00649397,0.0260897,0.00139673,0.000121653,0.00186219,0.00447646,0.000233741,0.00191092,0.0,1.1009e-07,0.0,0.0,0.0,1.57181e-22,2.28694e-20,0.0,2.49612e-05,1.28286e-07,5.66661e-05,0.0,2.8278e-20,2.91824e-05,8.90602e-20,4.6486e-19,0.0,0.0,0.0,0.0,1.71841e-05,0.0,0.0,9.03483e-05,4.36169e-24,5.40183e-20,2.09258e-06,1.37546e-10,1.86167e-06,2.18428e-05,0.0,1.27243e-19,0.0,2.31868e-21,0.00514894,0.000304901,2.87212e-06,0.0,0.0373573,0.0349783,0.0555676,7.33288e-05,0.00122754,7.56949e-05,0.0030506,0.000105894,0.0068593,7.79361e-09,0.00152219,0.000381715,0.0020034,0.0487237,0.000889932,0.124273,0.0871139,0.0799683,0.0783231,0.252649,0.00539738,0.0,0.0343481,0.0330739,0.0143291,0.0149488,0.006713,0.0815776,0.00407024,0.00955063,0.0044227,0.0
0.0121919,9.28198e-07,0.00030066,0.0201142,0.0,0.0,0.0,4.08327e-08,0.0180861,0.0,0.0037791,0.00054688,0.000270077,3.17941e-05,8.2452e-22,1.19037e-06,0.000222176,3.31984e-05,0.0,0.000106506,0.000314123,0.00466456,6.51474e-22,0.0144183,0.000108876,0.0254931,0.0181197,0.0,0.0303968,0.00698903,0.275508,0.00111385,0.0341397,0.00167224,0.0131907,0.00152545,0.0059278,0.0238152,0.00127481,0.000111105,0.00169984,0.00408592,0.000213364,0.00174434,0.0,1.18567e-06,0.0,0.0,0.0,3.02835e-21,0.0,1.14865e-22,0.000277806,9.84022e-07,0.000412816,0.0,7.85638e-20,0.000158941,1.55752e-20,4.83345e-20,0.0,0.0,0.0,0.0,0.000114506,0.0,2.23315e-08,0.00186379,2.20032e-21,1.42233e-19,1.16642e-05,1.25584e-08,4.27872e-06,0.00010615,5.69639e-06,2.23379e-19,0.0,9.13586e-21,0.00497807,0.00120307,1.13133e-05,4.10114e-06,0.147389,0.0146747,0.120633,0.000243687,0.00278613,9.41238e-05,0.00207207,0.00062852,0.00361211,4.16259e-09,0.00084805,0.000212753,0.00111522,0.0271389,0.000495565,0.0692159,0.0485197,0.0445398,0.0436219,0.140721,0.00300612,0.0,0.0191306,0.0184219,0.00798139,0.00832673,0.00373878,0.0454395,0.0022668,0.0053191,0.002463,0.0
0.0121954,9.28319e-07,0.000300778,0.0201152,0.0,0.0,0.0,4.08327e-08,0.0180872,0.0,0.00377917,0.000546834,0.000269975,3.17972e-05,6.871e-22,1.18974e-06,0.00022223,3.3176e-05,0.0,0.000106491,0.000313982,0.00466457,6.41295e-22,0.0144183,0.000108865,0.025493,0.0181201,0.0,0.0303973,0.0069891,0.275512,0.00111399,0.0341382,0.00167249,0.0131906,0.00152549,0.00592789,0.0238161,0.00127482,0.00011103,0.00169981,0.00408633,0.00021335,0.00174436,0.0,1.1861e-06,0.0,0.0,0.0,3.02253e-21,0.0,1.47387e-22,0.0002779,9.83991e-07,0.000412473,0.0,7.85638e-20,0.000158874,1.55694e-20,4.83404e-20,0.0,0.0,0.0,0.0,0.000114412,0.0,2.23315e-08,0.00186465,2.20167e-21,1.4225e-19,1.1664e-05,1.24087e-08,4.27889e-06,0.000106071,5.71537e-06,2.23367e-19,0.0,9.13586e-21,0.00497805,0.00120307,1.13119e-05,4.06587e-06,0.147389,0.0146746,0.120633,0.00024373,0.00278611,9.41078e-05,0.00207345,0.000628336,0.0036103,4.13101e-09,0.000847631,0.000212367,0.00111576,0.0271384,0.000495492,0.0692188,0.0485197,0.0445408,0.0436228,0.140719,0.00300659,0.0,0.0191312,0.0184206,0.00798115,0.00832668,0.00373848,0.0454429,0.00226723,0.00531964,0.00246287,0.0
0.0121978,9.28153e-07,0.000300538,0.0201152,0.0,0.0,0.0,4.37493e-08,0.0180861,0.0,0.00377916,0.000546834,0.000270151,3.17808e-05,8.2452e-22,1.18911e-06,0.000222215,3.3214e-05,0.0,0.000106499,0.00031396,0.00466489,6.51474e-22,0.0144181,0.000108921,0.0254923,0.0181194,0.0,0.0303982,0.00698939,0.275513,0.00111416,0.0341391,0.00167223,0.0131904,0.0015254,0.00592772,0.0238143,0.00127495,0.000111036,0.00169988,0.0040862,0.000213366,0.00174425,0.0,1.18591e-06,0.0,0.0,0.0,3.03829e-21,0.0,1.58983e-22,0.000277786,9.8403e-07,0.000412641,0.0,7.85638e-20,0.000158912,1.55752e-20,4.83285e-20,0.0,0.0,0.0,0.0,0.000114618,0.0,2.23315e-08,0.00186449,2.18062e-21,1.42259e-19,1.16648e-05,1.24115e-08,4.27909e-06,0.00010615,5.73473e-06,2.23361e-19,0.0,9.13586e-21,0.00497803,0.00120305,1.1313e-05,4.10114e-06,0.147389,0.0146747,0.120633,0.000243751,0.00278643,9.4114e-05,0.00207244,0.000628003,0.00361067,4.13101e-09,0.000847982,0.000212878,0.00111524,0.0271394,0.000495485,0.0692164,0.0485216,0.0445406,0.0436297,0.140721,0.0030059,0.0,0.0191315,0.0184213,0.00798171,0.00832642,0.00373824,0.0454378,0.00226649,0.00531758,0.00246346,0.0
0.0121957,9.2828e-07,0.000300899,0.0201145,0.0,0.0,0.0,4.08327e-08,0.0180864,0.0,0.00377905,0.000546814,0.000269975,3.17964e-05,8.2452e-22,1.19142e-06,0.000222347,3.31854e-05,0.0,0.000106515,0.000314002,0.00466401,6.51474e-22,0.0144182,0.000108872,0.0254923,0.0181194,0.0,0.0303981,0.00698915,0.27551,0.00111367,0.0341385,0.00167239,0.0131904,0.00152538,0.00592791,0.0238156,0.00127489,0.000111101,0.0016998,0.00408607,0.000213361,0.00174438,0.0,1.1863e-06,0.0,0.0,0.0,3.02253e-21,0.0,1.19294e-22,0.000277909,9.84138e-07,0.000412716,0.0,7.85559e-20,0.000158909,1.55694e-20,4.83283e-20,0.0,0.0,0.0,0.0,0.00011441,0.0,2.23315e-08,0.00186505,2.15244e-21,1.42224e-19,1.16638e-05,1.23387e-08,4.27852e-06,0.000106071,5.68651e-06,2.2338e-19,0.0,9.1428e-21,0.00497818,0.00120315,1.13119e-05,4.10114e-06,0.14739,0.0146747,0.120633,0.000243708,0.00278609,9.41181e-05,0.00207225,0.000627982,0.00361239,4.16267e-09,0.000847521,0.000212284,0.0011158,0.0271381,0.000495442,0.0692165,0.0485203,0.0445394,0.043622,0.14072,0.00300632,0.0,0.019131,0.0184219,0.00798147,0.00832613,0.00373954,0.045438,0.00226744,0.00531888,0.00246286,0.0
0.0121921,9.28231e-07,0.000300602,0.0201151,0.0,0.0,0.0,4.08327e-08,0.0180869,0.0,0.00377901,0.000546855,0.000270109,3.17889e-05,8.2452e-22,1.18974e-06,0.000222168,3.31835e-05,0.0,0.000106501,0.000313966,0.00466489,6.41295e-22,0.0144184,0.000108862,0.0254928,0.0181194,0.0,0.0303973,0.00698899,0.275512,0.00111383,0.0341387,0.00167241,0.0131901,0.00152555,0.00592784,0.0238144,0.00127489,0.000111105,0.00169984,0.00408609,0.000213366,0.00174434,0.0,1.1858e-06,0.0,0.0,0.0,3.02253e-21,0.0,1.47387e-22,0.000277775,9.83897e-07,0.000412304,0.0,7.85638e-20,0.00015896,1.55752e-20,4.83404e-20,0.0,0.0,0.0,0.0,0.000114393,0.0,2.23315e-08,0.00186384,2.19442e-21,1.42246e-19,1.16625e-05,1.24114e-08,4.27878e-06,0.000106071,5.72525e-06,2.23367e-19,0.0,9.13586e-21,0.00497797,0.00120299,1.13203e-05,4.10114e-06,0.14739,0.0146747,0.120633,0.000243758,0.00278615,9.41177e-05,0.00207355,0.00062832,0.00360969,4.13101e-09,0.000848235,0.000212631,0.00111571,0.0271395,0.000495802,0.069218,0.048521,0.0445413,0.0436227,0.14072,0.00300634,0.0,0.0191322,0.0184223,0.00798113,0.00832673,0.00373872,0.0454398,0.0022672,0.00532045,0.00246347,0.0
0.0121979,9.28192e-07,0.000300569,0.0201147,0.0,0.0,0.0,4.08327e-08,0.0180868,0.0,0.0037791,0.000546829,0.000269974,3.18029e-05,8.2452e-22,1.18981e-06,0.00022217,3.32117e-05,0.0,0.0001065,0.000314009,0.00466447,6.51474e-22,0.0144185,0.000108912,0.0254935,0.0181201,0.0,0.0303972,0.00698911,0.275508,0.0011139,0.034139,0.00167227,0.0131909,0.00152558,0.00592781,0.0238157,0.00127482,0.000111032,0.00169988,0.00408599,0.000213364,0.00174442,0.0,1.18608e-06,0.0,0.0,0.0,3.02835e-21,0.0,1.58983e-22,0.000277857,9.8417e-07,0.000412957,0.0,7.85638e-20,0.000158897,1.55752e-20,4.83345e-20,0.0,0.0,0.0,0.0,0.000114465,0.0,2.23315e-08,0.0018646,2.1828e-21,1.42221e-19,1.16644e-05,1.25974e-08,4.27897e-06,0.00010615,5.696e-06,2.23374e-19,0.0,9.13586e-21,0.00497803,0.0012031,1.13135e-05,4.10114e-06,0.147389,0.0146748,0.120633,0.000243696,0.00278622,9.41136e-05,0.00207259,0.000627864,0.00361081,4.14673e-09,0.000847802,0.000212206,0.00111567,0.0271376,0.000495118,0.0692175,0.0485201,0.0445404,0.0436225,0.140721,0.00300624,0.0,0.0191304,0.018421,0.00798107,0.00832611,0.00373846,0.0454378,0.00226662,0.00531934,0.00246304,0.0
0.0121956,9.28325e-07,0.000300779,0.0201152,0.0,0.0,0.0,4.37493e-08,0.0180864,0.0,0.00377909,0.000546901,0.000270043,3.17873e-05,8.2452e-22,1.19023e-06,0.00022239,3.3176e-05,0.0,0.000106516,0.000313967,0.00466488,6.51474e-22,0.0144184,0.000108873,0.0254931,0.0181195,0.0,0.0303978,0.00698905,0.275511,0.00111401,0.0341388,0.00167234,0.0131904,0.00152522,0.00592772,0.0238146,0.00127485,0.000111103,0.00169978,0.00408617,0.000213358,0.00174422,0.0,1.18572e-06,0.0,0.0,0.0,3.03829e-21,0.0,1.10644e-22,0.000277895,9.8387e-07,0.000412462,0.0,7.85638e-20,0.00015886,1.55637e-20,4.83283e-20,0.0,0.0,0.0,0.0,0.000114565,0.0,2.23315e-08,0.00186488,2.20134e-21,1.42261e-19,1.16652e-05,1.2421e-08,4.2787e-06,0.000106071,5.72525e-06,2.23373e-19,0.0,9.1428e-21,0.00497811,0.00120305,1.13123e-05,4.06587e-06,0.147389,0.0146745,0.120633,0.000243725,0.00278617,9.41131e-05,0.002073,0.000628533,0.00361229,4.14688e-09,0.000847459,0.000212946,0.00111548,0.0271386,0.000495584,0.0692167,0.0485205,0.04454,0.043624,0.140721,0.00300634,0.0,0.0191309,0.0184209,0.00798085,0.00832616,0.00373865,0.0454401,0.00226666,0.0053204,0.00246261,0.0
0.0122098,9.2828e-07,0.000300529,0.0201146,0.0,0.0,0.0,4.08327e-08,0.0180857,0.0,0.00377911,0.000546836,0.000270083,3.18163e-05,8.2452e-22,1.18967e-06,0.000222159,3.32117e-05,0.0,0.000106497,0.000313994,0.00466471,6.51474e-22,0.014418,0.000108885,0.0254909,0.0181186,0.0,0.0303974,0.00698919,0.275514,0.00111411,0.0341388,0.00167232,0.0131905,0.00152567,0.0059279,0.0238148,0.00127485,0.000111035,0.00169986,0.00408622,0.000213349,0.00174444,0.0,1.18619e-06,0.0,0.0,0.0,3.02253e-21,0.0,1.47387e-22,0.000277865,9.83961e-07,0.000412587,0.0,7.85638e-20,0.000158969,1.55752e-20,4.83404e-20,0.0,0.0,0.0,0.0,0.000114351,0.0,2.23315e-08,0.00186431,2.17614e-21,1.42228e-19,1.16629e-05,1.24899e-08,4.2793e-06,0.000106071,5.70588e-06,2.23349e-19,0.0,9.13586e-21,0.00497804,0.00120313,1.13116e-05,4.10114e-06,0.147389,0.0146748,0.120633,0.000243736,0.00278626,9.41183e-05,0.00207277,0.000628162,0.00361036,4.13101e-09,0.000848249,0.000212692,0.00111604,0.0271394,0.000495789,0.0692172,0.0485198,0.0445401,0.0436217,0.14072,0.00300624,0.0,0.0191309,0.0184209,0.00798164,0.00832725,0.00373912,0.0454426,0.00226749,0.0053159,0.00246343,0.0
0.0121951,9.28192e-07,0.000300797,0.0201144,0.0,0.0,0.0,4.08327e-08,0.0180873,0.0,0.0037792,0.000546835,0.000270028,3.17723e-05,8.2452e-22,1.19191e-06,0.00022227,3.31865e-05,0.0,0.000106514,0.000313971,0.00466456,6.41295e-22,0.0144185,0.000108892,0.0254932,0.0181204,0.0,0.0303985,0.00698924,0.275508,0.00111376,0.0341393,0.00167238,0.0131902,0.00152541,0.00592784,0.0238153,0.00127503,0.000111032,0.00169983,0.004086,0.000213367,0.00174429,0.0,1.18594e-06,0.0,0.0,0.0,3.02253e-21,0.0,1.51816e-22,0.000277879,9.83885e-07,0.000412691,0.0,7.85638e-20,0.000158877,1.55694e-20,4.83346e-20,0.0,0.0,0.0,0.0,0.000114507,0.0,2.23315e-08,0.00186419,2.19223e-21,1.42243e-19,1.16653e-05,1.23824e-08,4.27848e-06,0.00010615,5.71537e-06,2.2338e-19,0.0,9.13586e-21,0.00497807,0.00120311,1.13206e-05,4.10114e-06,0.147389,0.0146747,0.120633,0.000243734,0.00278611,9.41134e-05,0.00207271,0.000627738,0.00361031,4.13101e-09,0.000847213,0.000212406,0.00111514,0.0271388,0.000495619,0.069217,0.0485217,0.0445405,0.0436279,0.140719,0.00300676,0.0,0.0191314,0.0184223,0.00798136,0.00832598,0.00373898,0.0454425,0.00226729,0.00532013,0.00246247,0.0
0.0121937,9.28269e-07,0.000300695,0.0201152,0.0,0.0,0.0,4.37493e-08,0.0180863,0.0,0.00377902,0.000546808,0.000270053,3.1804e-05,8.2452e-22,1.18813e-06,0.000222208,3.31832e-05,0.0,0.000106498,0.000313978,0.00466474,6.51474e-22,0.0144185,0.000108859,0.0254933,0.0181193,0.0,0.0303975,0.00698911,0.275512,0.0011139,0.0341383,0.00167245,0.0131906,0.0015256,0.00592776,0.0238153,0.00127484,0.000111036,0.00169978,0.00408602,0.000213346,0.0017443,0.0,1.18603e-06,0.0,0.0,0.0,3.02835e-21,0.0,1.26461e-22,0.000277797,9.84282e-07,0.000412511,0.0,7.85638e-20,0.00015895,1.55752e-20,4.83283e-20,0.0,0.0,0.0,0.0,0.000114465,0.0,2.23315e-08,0.0018646,2.16129e-21,1.4224e-19,1.16649e-05,1.24054e-08,4.27865e-06,0.000106071,5.70588e-06,2.23361e-19,0.0,9.13586e-21,0.00497819,0.00120303,1.13123e-05,4.10114e-06,0.147389,0.0146747,0.120633,0.000243752,0.00278626,9.41139e-05,0.00207278,0.000628657,0.00361187,4.15883e-09,0.000848137,0.000212609,0.00111568,0.0271384,0.000495667,0.0692169,0.0485201,0.0445404,0.0436224,0.140721,0.00300566,0.0,0.0191309,0.018421,0.00798089,0.00832742,0.00373789,0.0454357,0.00226665,0.00531989,0.00246378,0.0
0.0133458,1.01569e-06,0.00023556,0.0152663,0.0,0.0,0.0,3.79161e-08,0.013619,0.0,0.00312126,0.000451662,0.000223119,2.62651e-05,5.4968e-22,9.83155e-07,0.000183513,2.74197e-05,0.0,8.87277e-05,0.00138577,0.00385598,5.39502e-22,0.0116561,6.73027e-05,0.0225699,0.0128439,0.0,0.0215142,0.00494717,0.194999,0.000788631,0.0241629,0.00118352,0.00933629,0.00107951,0.00419561,0.0168559,0.000902363,7.87116e-05,0.00120317,0.00289214,0.000151022,0.00123462,0.0,1.22664e-06,0.0,0.0,0.0,3.13144e-21,0.0,1.47387e-22,0.000287381,1.01781e-06,0.000426714,0.0,8.12465e-20,0.000164306,9.23016e-21,2.86357e-20,0.0,0.0,0.0,0.0,0.000118316,0.0,2.30893e-08,0.00192833,2.25696e-21,1.47131e-19,1.20626e-05,1.27346e-08,4.4255e-06,0.000109764,5.90787e-06,1.32353e-19,0.0,5.41487e-21,0.00306014,0.00071288,6.69993e-06,4.23541e-06,0.087326,0.00871749,0.0719702,0.000146269,0.00165069,5.61531e-05,0.00165079,0.000639199,0.00307776,4.58916e-09,0.00328915,0.000822724,0.00434641,0.019211,0.00186176,0.0413387,0.0304719,0.0231817,0.0221967,0.0453681,0.00201848,0.0,0.0197419,0.0113494,0.00392196,0.0067449,0.00559337,0.0779994,0.00861162,0.0205409,0.00948781,0.0
0.0133464,1.01562e-06,0.00023556,0.0152665,0.0,0.0,0.0,3.79161e-08,0.0136192,0.0,0.00312115,0.000451566,0.000223078,2.62491e-05,6.871e-22,9.82591e-07,0.0001836,2.74299e-05,0.0,8.8708e-05,0.00138547,0.00385513,5.29323e-22,0.0116568,6.72908e-05,0.0225711,0.0128436,0.0,0.0215141,0.00494649,0.195002,0.000788497,0.0241629,0.00118373,0.00933561,0.00107971,0.00419556,0.0168551,0.000902217,7.85034e-05,0.0012031,0.0028921,0.000151016,0.00123458,0.0,1.22669e-06,0.0,0.0,0.0,3.13726e-21,0.0,1.47387e-22,0.0002873,1.01772e-06,0.000426878,0.0,8.12465e-20,0.000164334,9.22441e-21,2.86417e-20,0.0,0.0,0.0,0.0,0.000118399,0.0,2.31146e-08,0.00192838,2.26653e-21,1.47091e-19,1.20608e-05,1.29452e-08,4.42527e-06,0.000109686,5.89838e-06,1.32347e-19,0.0,5.41487e-21,0.00306001,0.000712793,6.70842e-06,4.20014e-06,0.0873251,0.00871728,0.0719687,0.000146327,0.00165085,5.61441e-05,0.00165104,0.000639705,0.00307506,4.60503e-09,0.00328821,0.000822092,0.00434601,0.0192113,0.0018624,0.0413335,0.0304728,0.0231807,0.0221996,0.0453676,0.00201835,0.0,0.0197417,0.0113487,0.00392212,0.0067454,0.0055946,0.0780046,0.00861268,0.020541,0.0094893,0.0
0.0133437,1.01579e-06,0.000235439,0.0152661,0.0,0.0,0.0,3.49995e-08,0.0136185,0.0,0.00312121,0.000451741,0.000223135,2.62694e-05,6.871e-22,9.8373e-07,0.000183578,2.74083e-05,0.0,8.87255e-05,0.00138586,0.00385537,5.39502e-22,0.0116562,6.73177e-05,0.0225704,0.0128429,0.0,0.0215165,0.00494674,0.195002,0.000788446,0.0241626,0.00118365,0.00933571,0.00107978,0.00419558,0.0168563,0.000902411,7.86444e-05,0.00120307,0.00289202,0.000151019,0.00123466,0.0,1.22665e-06,0.0,0.0,0.0,3.12149e-21,0.0,1.51816e-22,0.000287463,1.01739e-06,0.000426765,0.0,8.12543e-20,0.000164389,9.22441e-21,2.86357e-20,0.0,0.0,0.0,0.0,0.000118428,0.0,2.30893e-08,0.00192874,2.26798e-21,1.47119e-19,1.2064e-05,1.28641e-08,4.42487e-06,0.000109764,5.91735e-06,1.32329e-19,0.0,5.41487e-21,0.00306017,0.000712806,6.69982e-06,4.23541e-06,0.0873252,0.00871722,0.0719696,0.000146279,0.00165083,5.61495e-05,0.00165049,0.00063936,0.00307802,4.60119e-09,0.0032892,0.000822532,0.00434664,0.0192116,0.00186219,0.0413373,0.0304721,0.0231808,0.0221938,0.0453684,0.00201843,0.0,0.0197419,0.0113503,0.00392121,0.0067458,0.00559398,0.0780025,0.00861173,0.0205422,0.00948946,0.0
0.013343,1.01571e-06,0.000235741,0.015266,0.0,0.0,0.0,3.79161e-08,0.013619,0.0,0.00312134,0.00045154,0.00022304,2.62705e-05,6.871e-22,9.82591e-07,0.000183491,2.74182e-05,0.0,8.8729e-05,0.0013864,0.00385623,5.29323e-22,0.0116567,6.73203e-05,0.0225704,0.0128436,0.0,0.021514,0.00494677,0.195002,0.000788613,0.0241622,0.00118375,0.00933615,0.00107971,0.00419558,0.0168556,0.000902373,7.86385e-05,0.00120313,0.00289209,0.000151002,0.00123455,0.0,1.22656e-06,0.0,0.0,0.0,3.13726e-21,0.0,1.26461e-22,0.000287301,1.01772e-06,0.000426557,0.0,8.12465e-20,0.000164365,9.23016e-21,2.86417e-20,0.0,0.0,0.0,0.0,0.000118401,0.0,2.30893e-08,0.00192827,2.25755e-21,1.47091e-19,1.20657e-05,1.29523e-08,4.42592e-06,0.000109686,5.90787e-06,1.32341e-19,0.0,5.41487e-21,0.00306022,0.000712865,6.70885e-06,4.24489e-06,0.0873262,0.00871734,0.0719695,0.000146302,0.00165068,5.61486e-05,0.00165045,0.000639612,0.0030774,4.55765e-09,0.00328846,0.000821944,0.00434641,0.0192103,0.00186192,0.0413364,0.0304746,0.0231806,0.0221951,0.0453682,0.00201854,0.0,0.0197414,0.0113496,0.00392169,0.00674527,0.00559431,0.078003,0.00861301,0.0205404,0.00948897,0.0
0.0133483,1.01564e-06,0.000235286,0.0152665,0.0,0.0,0.0,3.79161e-08,0.0136188,0.0,0.00312108,0.000451757,0.000223064,2.62321e-05,6.871e-22,9.83155e-07,0.00018359,2.74128e-05,0.0,8.87207e-05,0.00138473,0.00385525,5.39502e-22,0.0116564,6.72513e-05,0.02257,0.0128436,0.0,0.0215163,0.00494672,0.194997,0.0007882,0.0241628,0.00118353,0.00933572,0.00107964,0.00419567,0.0168562,0.000902429,7.86459e-05,0.00120317,0.00289218,0.000151009,0.00123469,0.0,1.22646e-06,0.0,0.0,0.0,3.13726e-21,0.0,1.43166e-22,0.000287319,1.01769e-06,0.000426644,0.0,8.12465e-20,0.00016434,9.22441e-21,2.86298e-20,0.0,0.0,0.0,0.0,0.000118372,0.0,2.30893e-08,0.0019277,2.22589e-21,1.47125e-19,1.2061e-05,1.28178e-08,4.42491e-06,0.000109764,5.89838e-06,1.32354e-19,0.0,5.41487e-21,0.00306015,0.000712662,6.70077e-06,4.23541e-06,0.0873255,0.00871744,0.0719699,0.00014628,0.00165083,5.6144e-05,0.00165093,0.000639554,0.00307732,4.60503e-09,0.00328897,0.000822813,0.00434612,0.0192112,0.00186241,0.0413388,0.030473,0.0231814,0.0222003,0.0453682,0.00201814,0.0,0.0197421,0.0113501,0.00392187,0.00674588,0.0055931,0.0780002,0.00861211,0.020542,0.00948906,0.0
0.0133438,1.01579e-06,0.000235755,0.0152662,0.0,0.0,0.0,3.79161e-08,0.0136189,0.0,0.00312116,0.000451549,0.000223199,2.62752e-05,6.871e-22,9.82102e-07,0.00018357,2.74224e-05,0.0,8.87243e-05,0.00138533,0.00385537,5.39502e-22,0.0116568,6.73215e-05,0.0225707,0.0128434,0.0,0.021514,0.00494705,0.195003,0.000788072,0.0241633,0.00118373,0.00933614,0.00107978,0.00419559,0.0168551,0.00090223,7.85056e-05,0.00120307,0.00289205,0.000151021,0.00123446,0.0,1.22683e-06,0.0,0.0,0.0,3.11567e-21,0.0,1.47387e-22,0.000287379,1.01784e-06,0.000426759,0.0,8.12543e-20,0.000164383,9.22441e-21,2.86355e-20,0.0,0.0,0.0,0.0,0.000118457,0.0,2.31146e-08,0.00192759,2.27305e-21,1.47106e-19,1.2064e-05,1.28042e-08,4.42535e-06,0.000109686,5.92724e-06,1.32347e-19,0.0,5.41487e-21,0.00306026,0.000712835,6.70024e-06,4.23541e-06,0.0873252,0.00871742,0.0719691,0.000146302,0.00165077,5.61492e-05,0.00165026,0.000639208,0.00307749,4.60119e-09,0.00328896,0.000822053,0.0043462,0.019211,0.00186215,0.0413358,0.0304716,0.0231803,0.0221949,0.0453681,0.0020179,0.0,0.0197424,0.0113489,0.00392133,0.00674584,0.00559548,0.0780051,0.00861153,0.0205407,0.00948901,0.0
0.0133429,1.01559e-06,0.000235631,0.0152669,0.0,0.0,0.0,3.79161e-08,0.0136191,0.0,0.00312134,0.000451756,0.000223058,2.62756e-05,6.871e-22,9.8373e-07,0.000183456,2.73945e-05,0.0,8.87276e-05,0.00138587,0.00385601,5.29323e-22,0.0116563,6.72964e-05,0.0225714,0.0128438,0.0,0.0215145,0.0049464,0.195002,0.000788302,0.0241626,0.00118352,0.00933581,0.00107944,0.00419552,0.0168559,0.000902247,7.85691e-05,0.00120308,0.00289214,0.000151012,0.00123468,0.0,1.22655e-06,0.0,0.0,0.0,3.13726e-21,0.0,1.63411e-22,0.000287353,1.01766e-06,0.000426662,0.0,8.12465e-20,0.000164297,9.22441e-21,2.86357e-20,0.0,0.0,0.0,0.0,0.000118372,0.0,2.30893e-08,0.00192944,2.25709e-21,1.47098e-19,1.20624e-05,1.28118e-08,4.42534e-06,0.000109764,5.90787e-06,1.32353e-19,0.0,5.41487e-21,0.00306018,0.000712844,6.70828e-06,4.23541e-06,0.0873249,0.00871724,0.0719697,0.000146279,0.00165078,5.6148e-05,0.00165141,0.000639692,0.00307739,4.58916e-09,0.00328943,0.000822196,0.00434628,0.0192109,0.00186227,0.0413362,0.0304719,0.0231814,0.0221951,0.0453683,0.00201889,0.0,0.019742,0.0113503,0.00392156,0.00674565,0.00559328,0.0780025,0.00861216,0.0205417,0.00948845,0.0
0.0133468,1.01568e-06,0.000235456,0.015266,0.0,0.0,0.0,3.79161e-08,0.0136186,0.0,0.00312115,0.000451539,0.00022303,2.62396e-05,6.871e-22,9.82591e-07,0.000183555,2.74269e-05,0.0,8.87149e-05,0.00138513,0.00385529,5.39502e-22,0.0116563,6.73297e-05,0.0225701,0.0128434,0.0,0.0215156,0.00494723,0.195002,0.00078853,0.0241628,0.00118377,0.00933599,0.00107996,0.00419562,0.0168554,0.000902443,7.87153e-05,0.00120307,0.00289187,0.000151016,0.0012346,0.0,1.22642e-06,0.0,0.0,0.0,3.13726e-21,0.0,1.47387e-22,0.000287475,1.01764e-06,0.000426646,0.0,8.12465e-20,0.000164349,9.23016e-21,2.86357e-20,0.0,0.0,0.0,0.0,0.000118172,0.0,2.30893e-08,0.00192816,2.26639e-21,1.47112e-19,1.20641e-05,1.27293e-08,4.42496e-06,0.000109686,5.90787e-06,1.32335e-19,0.0,5.40793e-21,0.0030601,0.000712733,6.69921e-06,4.23541e-06,0.0873256,0.00871743,0.0719697,0.000146329,0.00165071,5.61541e-05,0.00165008,0.000639638,0.00307523,4.58923e-09,0.00328857,0.000822406,0.00434673,0.019212,0.00186183,0.0413365,0.0304741,0.0231812,0.0221985,0.0453684,0.00201872,0.0,0.019742,0.0113495,0.00392161,0.0067463,0.0055942,0.0780022,0.00861221,0.0205416,0.00948961,0.0
0.0133445,1.01595e-06,0.000235397,0.0152663,0.0,0.0,0.0,3.79161e-08,0.0136188,0.0,0.0031213,0.000451703,0.000223106,2.62556e-05,5.4968e-22,9.83155e-07,0.000183562,2.7406e-05,0.0,8.87146e-05,0.00138664,0.00385614,5.39502e-22,0.0116568,6.73133e-05,0.0225703,0.0128429,0.0,0.0215149,0.00494645,0.194998,0.000788551,0.0241629,0.00118353,0.00933597,0.00107968,0.0041956,0.0168567,0.000902222,7.84981e-05,0.00120308,0.00289223,0.000151013,0.00123459,0.0,1.22654e-06,0.0,0.0,0.0,3.12149e-21,0.0,1.14865e-22,0.000287336,1.01753e-06,0.000427097,0.0,8.12543e-20,0.000164367,9.23016e-21,2.86417e-20,0.0,0.0,0.0,0.0,0.000118485,0.0,2.31146e-08,0.0019277,2.2565e-21,1.47104e-19,1.20622e-05,1.29484e-08,4.42532e-06,0.000109764,5.89838e-06,1.32335e-19,0.0,5.41487e-21,0.00306016,0.000712869,6.70946e-06,4.24489e-06,0.0873257,0.0087174,0.0719697,0.000146273,0.0016507,5.61436e-05,0.00165111,0.000639366,0.00307731,4.58547e-09,0.00328879,0.000822019,0.00434591,0.0192112,0.00186237,0.0413366,0.030471,0.0231805,0.022196,0.0453671,0.00201813,0.0,0.0197419,0.0113487,0.00392176,0.00674533,0.00559318,0.0780016,0.00861186,0.0205399,0.00948921,0.0
0.0133445,1.01558e-06,0.000235854,0.0152661,0.0,0.0,0.0,3.79161e-08,0.0136189,0.0,0.00312104,0.000451624,0.000223141,2.62576e-05,6.871e-22,9.82517e-07,0.000183572,2.74299e-05,0.0,8.87254e-05,0.00138576,0.00385599,5.29323e-22,0.0116564,6.72859e-05,0.0225708,0.0128435,0.0,0.0215136,0.00494715,0.195002,0.000788434,0.0241625,0.00118374,0.00933601,0.00107962,0.00419547,0.0168558,0.000902361,7.86478e-05,0.00120318,0.00289209,0.000151,0.00123462,0.0,1.22681e-06,0.0,0.0,0.0,3.13726e-21,0.0,1.47387e-22,0.000287355,1.01786e-06,0.000426483,0.0,8.12465e-20,0.00016429,9.21866e-21,2.86357e-20,0.0,0.0,0.0,0.0,0.000118399,0.0,2.30893e-08,0.00192841,2.2336e-21,1.47107e-19,1.20651e-05,1.29031e-08,4.42542e-06,0.000109764,5.90787e-06,1.32353e-19,0.0,5.41487e-21,0.00306027,0.000712816,6.70006e-06,4.20014e-06,0.0873253,0.0087174,0.07197,0.000146306,0.00165083,5.6154e-05,0.00164996,0.000639612,0.00307782,4.58916e-09,0.00328903,0.000822676,0.0043463,0.0192109,0.00186237,0.0413362,0.0304733,0.023181,0.0221939,0.0453686,0.00201818,0.0,0.0197421,0.01135,0.00392174,0.00674565,0.00559459,0.0780033,0.0086122,0.0205419,0.00948801,0.0
0.012328,1.10306e-06,0.000166271,0.0114414,0.0,0.0,0.0,4.66659e-08,0.00971871,0.0,0.00246325,0.000356467,0.000176075,2.07269e-05,5.4968e-22,7.76727e-07,0.000144827,2.16306e-05,0.0,7.11059e-05,0.00274322,0.0030467,4.2753e-22,0.00889628,2.57294e-05,0.0196321,0.00693226,0.0,0.0114894,0.0026214,0.109187,0.000394419,0.0139647,0.000639034,0.00522492,0.000534882,0.00244285,0.00927356,0.000481507,4.34575e-05,0.000683296,0.00164239,8.40401e-05,0.000691565,0.0,1.26727e-06,0.0,0.0,0.0,3.2304e-21,0.0,1.63411e-22,0.000296853,1.05136e-06,0.000440812,0.0,8.39371e-20,0.000169828,2.88514e-21,8.943e-21,0.0,0.0,0.0,0.0,0.000122364,0.0,2.38472e-08,0.00199254,2.36024e-21,1.51992e-19,1.24611e-05,1.31793e-08,4.57148e-06,0.0001133,6.10986e-06,4.12966e-20,0.0,1.69388e-21,0.00118483,0.000222511,2.09564e-06,4.36967e-06,0.0272616,0.00276934,0.0233053,4.88625e-05,0.000515406,1.81751e-05,0.00122855,0.000650881,0.00254195,2.61147e-09,0.002448,0.000600369,0.00337847,0.00865828,0.000921752,0.0137018,0.0114126,0.00681939,0.00475717,0.00318722,0.000591334,0.0,0.00977788,0.00264196,0.000833547,0.00157907,0.00191428,0.0516969,0.00511765,0.0146037,0.00655477,0.0
0.0123293,1.10315e-06,0.000166517,0.0114407,0.0,0.0,0.0,4.37493e-08,0.00971833,0.0,0.00246341,0.00035636,0.00017619,2.07219e-05,5.4968e-22,7.74814e-07,0.000144974,2.16361e-05,0.0,7.11497e-05,0.00274358,0.00304854,4.17351e-22,0.00889601,2.5728e-05,0.0196327,0.00693161,0.0,0.0114906,0.00262122,0.109186,0.000394165,0.0139645,0.000638956,0.00522533,0.000534813,0.00244274,0.00927366,0.000481427,4.33882e-05,0.000683281,0.00164222,8.40343e-05,0.000691629,0.0,1.26713e-06,0.0,0.0,0.0,3.2304e-21,0.0,1.47387e-22,0.000296852,1.05129e-06,0.000440726,0.0,8.39371e-20,0.000169799,2.8794e-21,8.93703e-21,0.0,0.0,0.0,0.0,0.000122264,0.0,2.38724e-08,0.00199179,2.34709e-21,1.51971e-19,1.24621e-05,1.33509e-08,4.57196e-06,0.000113378,6.10037e-06,4.13272e-20,0.0,1.68694e-21,0.00118511,0.000222529,2.08814e-06,4.37916e-06,0.027262,0.0027696,0.0233066,4.88554e-05,0.000515326,1.81791e-05,0.00122904,0.000650894,0.00254318,2.5838e-09,0.00244821,0.00060062,0.00337891,0.00865707,0.000921639,0.0137011,0.0114118,0.0068184,0.00475841,0.00318694,0.000591243,0.0,0.00978034,0.00264157,0.000834256,0.00158003,0.00191527,0.051694,0.00511842,0.0146032,0.00655462,0.0
0.0123301,1.10305e-06,0.000166591,0.0114407,0.0,0.0,0.0,4.37493e-08,0.00971889,0.0,0.00246337,0.000356518,0.00017622,2.07224e-05,5.4968e-22,7.77216e-07,0.000144843,2.16378e-05,0.0,7.11111e-05,0.00274314,0.00304612,4.2753e-22,0.00889677,2.57184e-05,0.0196319,0.00693091,0.0,0.011488,0.00262204,0.109189,0.000394107,0.0139646,0.000639164,0.00522489,0.00053486,0.00244264,0.00927351,0.000481499,4.33281e-05,0.000683266,0.00164224,8.40235e-05,0.000691669,0.0,1.26718e-06,0.0,0.0,0.0,3.25199e-21,0.0,1.47387e-22,0.000296917,1.05138e-06,0.000441106,0.0,8.39541e-20,0.000169778,2.8794e-21,8.93703e-21,0.0,0.0,0.0,0.0,0.000122419,0.0,2.38724e-08,0.00199182,2.32848e-21,1.51977e-19,1.24621e-05,1.33327e-08,4.57092e-06,0.000113378,6.10037e-06,4.13088e-20,0.0,1.69388e-21,0.00118497,0.000222426,2.09608e-06,4.36967e-06,0.0272612,0.00276931,0.0233057,4.889e-05,0.000515381,1.81839e-05,0.00122836,0.00065114,0.00254409,2.61147e-09,0.00244826,0.000600188,0.00337869,0.00865671,0.000922106,0.0137007,0.0114123,0.00681852,0.00475751,0.00318698,0.000591514,0.0,0.00977863,0.00264208,0.000833331,0.00157965,0.00191433,0.0516948,0.00511732,0.0146041,0.00655601,0.0
0.0123429,1.10311e-06,0.000166691,0.01144,0.0,0.0,0.0,4.37493e-08,0.00971872,0.0,0.00246324,0.000356476,0.000176228,2.074e-05,5.4968e-22,7.74325e-07,0.000144831,2.16355e-05,0.0,7.1139e-05,0.00274348,0.00304813,4.17351e-22,0.00889673,2.57202e-05,0.0196334,0.00693122,0.0,0.0114898,0.00262107,0.109185,0.000394525,0.0139645,0.000639274,0.00522542,0.000534797,0.00244276,0.00927358,0.000481548,4.33881e-05,0.000683319,0.00164242,8.40295e-05,0.000691539,0.0,1.26732e-06,0.0,0.0,0.0,3.2304e-21,0.0,1.63411e-22,0.000296878,1.05155e-06,0.000440804,0.0,8.39371e-20,0.000169833,2.8794e-21,8.94292e-21,0.0,0.0,0.0,0.0,0.000122268,0.0,2.38472e-08,0.00199253,2.33561e-21,1.51973e-19,1.24617e-05,1.32929e-08,4.57226e-06,0.000113378,6.10037e-06,4.13024e-20,0.0,1.68694e-21,0.00118497,0.000222635,2.0869e-06,4.36967e-06,0.0272616,0.00276942,0.0233062,4.88386e-05,0.000515232,1.81805e-05,0.00122806,0.00065085,0.00254321,2.61147e-09,0.00244833,0.000600624,0.00337906,0.00865848,0.000921891,0.0137016,0.0114123,0.00681885,0.00475743,0.0031866,0.000591059,0.0,0.0097794,0.00264123,0.000833825,0.00158005,0.00191486,0.0516941,0.0051179,0.0146025,0.00655472,0.0
0.0123282,1.10312e-06,0.000166587,0.0114409,0.0,0.0,0.0,4.66659e-08,0.00971854,0.0,0.00246339,0.000356386,0.000176076,2.07148e-05,5.4968e-22,7.75439e-07,0.00014478,2.16409e-05,0.0,7.1119e-05,0.00274302,0.00304757,4.2753e-22,0.00889602,2.57229e-05,0.0196312,0.00693161,0.0,0.0114881,0.00262201,0.109186,0.000394376,0.0139646,0.000638988,0.00522548,0.000534765,0.00244276,0.00927312,0.000481385,4.33903e-05,0.000683211,0.00164219,8.40387e-05,0.000691668,0.0,1.26744e-06,0.0,0.0,0.0,3.23622e-21,0.0,1.47387e-22,0.000296773,1.05125e-06,0.000440785,0.0,8.39371e-20,0.000169798,2.88514e-21,8.93703e-21,0.0,0.0,0.0,0.0,0.000122417,0.0,2.38724e-08,0.00199249,2.30775e-21,1.51983e-19,1.24649e-05,1.33032e-08,4.57168e-06,0.0001133,6.10986e-06,4.13396e-20,0.0,1.69388e-21,0.0011851,0.000222473,2.09674e-06,4.37916e-06,0.0272615,0.00276943,0.0233064,4.88634e-05,0.000515331,1.81788e-05,0.00122897,0.000650623,0.00254181,2.5838e-09,0.00244843,0.000600544,0.00337843,0.00865821,0.000921696,0.0137007,0.0114132,0.00681899,0.00475788,0.00318737,0.000591522,0.0,0.00977955,0.00264153,0.000833713,0.0015801,0.00191478,0.0516959,0.00511822,0.0146046,0.00655473,0.0
0.0123286,1.10303e-06,0.000166523,0.0114403,0.0,0.0,0.0,4.37493e-08,0.00971875,0.0,0.00246321,0.000356452,0.000176179,2.07285e-05,4.1226e-22,7.75674e-07,0.000144956,2.16329e-05,0.0,7.1127e-05,0.00274381,0.00304738,4.17351e-22,0.0088967,2.57324e-05,0.0196322,0.00693144,0.0,0.0114887,0.00262105,0.109188,0.000394463,0.0139649,0.000639075,0.00522503,0.000534861,0.00244275,0.00927372,0.00048156,4.33225e-05,0.000683299,0.00164224,8.40533e-05,0.000691614,0.0,1.26697e-06,0.0,0.0,0.0,3.2304e-21,0.0,1.47387e-22,0.000296903,1.05117e-06,0.000440822,0.0,8.39371e-20,0.000169703,2.8794e-21,8.943e-21,0.0,0.0,0.0,0.0,0.00012218,0.0,2.38472e-08,0.00199194,2.32847e-21,1.5197e-19,1.24623e-05,1.32083e-08,4.57177e-06,0.000113378,6.09088e-06,4.13149e-20,0.0,1.68694e-21,0.001185,0.000222564,2.08799e-06,4.36967e-06,0.027262,0.00276957,0.0233052,4.89036e-05,0.000515481,1.81849e-05,0.00122875,0.000650887,0.00254487,2.61147e-09,0.00244832,0.000600321,0.00337851,0.008657,0.000921814,0.0137017,0.0114122,0.00681894,0.00475745,0.00318679,0.000590869,0.0,0.0097794,0.00264229,0.000833885,0.00157973,0.00191454,0.0516943,0.00511705,0.0146027,0.00655458,0.0
0.0123316,1.10307e-06,0.000166574,0.0114407,0.0,0.0,0.0,4.37493e-08,0.00971856,0.0,0.00246331,0.000356494,0.000176084,2.07166e-05,5.4968e-22,7.74814e-07,0.000144835,2.16355e-05,0.0,7.11317e-05,0.00274408,0.003048,4.2753e-22,0.00889621,2.57161e-05,0.0196323,0.00693144,0.0,0.0114892,0.00262128,0.109187,0.000394175,0.0139645,0.000639197,0.00522516,0.000534797,0.00244273,0.00927344,0.000481424,4.34575e-05,0.000683311,0.00164244,8.40147e-05,0.00069158,0.0,1.2673e-06,0.0,0.0,0.0,3.2304e-21,0.0,1.51816e-22,0.000296817,1.05135e-06,0.000440916,0.0,8.39371e-20,0.000169859,2.8794e-21,8.94292e-21,0.0,0.0,0.0,0.0,0.000122417,0.0,2.38724e-08,0.00199136,2.34261e-21,1.51985e-19,1.24618e-05,1.33234e-08,4.57135e-06,0.000113378,6.12922e-06,4.13027e-20,0.0,1.68694e-21,0.00118498,0.000222577,2.09679e-06,4.37916e-06,0.0272614,0.00276926,0.0233066,4.88457e-05,0.000515179,1.81833e-05,0.0012282,0.000650956,0.00254268,2.59575e-09,0.00244833,0.000600542,0.00337892,0.00865704,0.000922053,0.0137017,0.0114124,0.00681866,0.00475832,0.0031867,0.000591609,0.0,0.00977858,0.00264117,0.000833809,0.00157988,0.00191499,0.0516977,0.00511886,0.0146037,0.00655571,0.0
0.0123273,1.10316e-06,0.000166443,0.0114408,0.0,0.0,0.0,4.66659e-08,0.00971859,0.0,0.00246327,0.000356391,0.000176243,2.07369e-05,5.4968e-22,7.77216e-07,0.000144876,2.16409e-05,0.0,7.11208e-05,0.00274254,0.00304725,4.17351e-22,0.00889651,2.57197e-05,0.0196325,0.00693162,0.0,0.0114895,0.00262227,0.109184,0.000394647,0.0139644,0.000638999,0.0052249,0.000535025,0.00244272,0.00927364,0.000481426,4.339e-05,0.000683228,0.00164216,8.4031e-05,0.000691659,0.0,1.26683e-06,0.0,0.0,0.0,3.23622e-21,0.0,1.26461e-22,0.00029696,1.05149e-06,0.00044078,0.0,8.39371e-20,0.000169708,2.8794e-21,8.93703e-21,0.0,0.0,0.0,0.0,0.000122211,0.0,2.38472e-08,0.00199298,2.33284e-21,1.51964e-19,1.24621e-05,1.33264e-08,4.5715e-06,0.000113378,6.081e-06,4.13147e-20,0.0,1.69388e-21,0.00118504,0.000222473,2.09521e-06,4.36967e-06,0.0272611,0.00276947,0.0233066,4.88755e-05,0.000515303,1.81759e-05,0.0012285,0.000651227,0.00254294,2.59952e-09,0.00244822,0.000600308,0.00337852,0.00865745,0.000922084,0.0137006,0.0114119,0.00681857,0.00475763,0.00318723,0.000590953,0.0,0.00978012,0.00264249,0.000833707,0.00157945,0.00191502,0.051696,0.00511723,0.014603,0.00655448,0.0
0.0123287,1.10311e-06,0.00016681,0.0114405,0.0,0.0,0.0,4.37493e-08,0.00971846,0.0,0.00246331,0.000356432,0.000176194,2.07178e-05,5.4968e-22,7.75439e-07,0.000144955,2.16352e-05,0.0,7.11249e-05,0.0027435,0.00304803,4.2753e-22,0.00889678,2.57514e-05,0.0196322,0.00693149,0.0,0.0114882,0.00262126,0.109189,0.000394136,0.0139648,0.000639173,0.00522576,0.000534818,0.00244272,0.00927359,0.000481453,4.33903e-05,0.000683306,0.0016424,8.40308e-05,0.000691597,0.0,1.26709e-06,0.0,0.0,0.0,3.2304e-21,0.0,1.47387e-22,0.000296861,1.05137e-06,0.000440844,0.0,8.39292e-20,0.000169804,2.8794e-21,8.93703e-21,0.0,0.0,0.0,0.0,0.000122417,0.0,2.38724e-08,0.0019914,2.34735e-21,1.51988e-19,1.2463e-05,1.32337e-08,4.57225e-06,0.0001133,6.12922e-06,4.13212e-20,0.0,1.68694e-21,0.00118507,0.000222501,2.08789e-06,4.36967e-06,0.027262,0.00276939,0.0233058,4.88692e-05,0.000515595,1.81839e-05,0.0012281,0.000650393,0.00254248,2.61147e-09,0.0024486,0.000600468,0.00337882,0.00865862,0.000921754,0.013701,0.0114124,0.0068191,0.00475823,0.00318678,0.000591255,0.0,0.00977913,0.00264146,0.000833898,0.00158012,0.00191494,0.0516945,0.00511795,0.0146035,0.00655509,0.0
0.0123291,1.10305e-06,0.000166498,0.0114405,0.0,0.0,0.0,4.37493e-08,0.00971863,0.0,0.00246326,0.000356473,0.000176042,2.07203e-05,5.4968e-22,7.76027e-07,0.000144703,2.16356e-05,0.0,7.11319e-05,0.00274242,0.00304731,4.17351e-22,0.00889676,2.56972e-05,0.0196322,0.0069312,0.0,0.01149,0.00262142,0.109184,0.000394345,0.0139646,0.000639121,0.00522447,0.000534817,0.00244279,0.00927277,0.000481543,4.33919e-05,0.000683296,0.00164219,8.40147e-05,0.000691627,0.0,1.26734e-06,0.0,0.0,0.0,3.24616e-21,0.0,1.51816e-22,0.000296845,1.05125e-06,0.000440646,0.0,8.39371e-20,0.00016981,2.88514e-21,8.94292e-21,0.0,0.0,0.0,0.0,0.000122152,0.0,2.38472e-08,0.00199196,2.32065e-21,1.51961e-19,1.24612e-05,1.34626e-08,4.57164e-06,0.000113378,6.07151e-06,4.13087e-20,0.0,1.69388e-21,0.00118487,0.000222573,2.09713e-06,4.37916e-06,0.0272613,0.00276959,0.0233058,4.88677e-05,0.000515262,1.81788e-05,0.00122895,0.000651065,0.00254467,2.5838e-09,0.00244817,0.000600252,0.0033784,0.00865767,0.000922076,0.0137016,0.0114123,0.00681863,0.00475719,0.00318685,0.000591055,0.0,0.00977863,0.00264177,0.000834086,0.00157975,0.00191406,0.051695,0.00511844,0.0146038,0.00655441,0.0
0.00519848,3.95621e-07,5.42248e-05,0.00179368,0.0,0.0,0.0,5.50049e-07,0.000525371,8.89721e-06,0.00080753,0.000117047,5.82979e-05,6.79426e-06,1.3742e-22,2.54701e-07,4.83151e-05,3.8727e-05,0.0,2.45231e-05,0.00268147,0.0010039,1.4251e-22,0.00289915,6.71391e-06,0.00477004,0.0022102,0.0,0.00369704,0.000850538,0.0335171,0.000135565,0.00415258,0.000203271,0.0016056,0.000185511,0.000721057,0.00289704,0.00015505,1.35358e-05,0.000206742,0.000497039,2.59713e-05,0.000212184,0.0,5.60031e-07,0.0,0.0,0.0,1.4277e-21,0.0,7.36936e-23,0.000131196,4.64441e-07,0.000194958,0.0,3.70982e-20,7.50177e-05,5.45993e-22,1.71052e-21,0.0,0.0,0.0,0.0,5.41064e-05,0.0,1.05594e-08,0.000879968,1.0385e-21,6.7136e-20,5.50558e-06,5.75338e-09,2.0199e-06,5.005e-05,2.72309e-06,7.9087e-21,0.0,3.19339e-22,0.000175509,4.25496e-05,3.98904e-07,1.93394e-06,0.00521104,0.000522997,0.00462521,8.42759e-06,9.84104e-05,3.71213e-06,3.47753e-05,0.000270443,0.0,3.63243e-10,0.000649393,0.000163023,0.000854111,0.00241031,0.000378871,0.00459322,0.00355369,0.00220481,0.00211823,0.000860696,0.000252462,0.0,0.00306238,0.00133948,0.000348678,0.000974314,0.00101266,0.0138149,0.00173584,0.00407368,0.00188691,0.0
0.00519891,3.95621e-07,5.45322e-05,0.0017934,0.0,0.0,0.0,5.50014e-07,0.000525466,8.81508e-06,0.000807438,0.00011706,5.81934e-05,6.80284e-06,1.3742e-22,2.53573e-07,4.81428e-05,3.8801e-05,0.0,2.45259e-05,0.00268047,0.00100387,1.4251e-22,0.00289963,6.66481e-06,0.00476954,0.00221149,0.0,0.00369835,0.000849994,0.0335127,0.000135637,0.00415277,0.000203588,0.00160394,0.000185588,0.000721083,0.0028969,0.000155117,1.35302e-05,0.000206769,0.000497212,2.59561e-05,0.000212223,0.0,5.59306e-07,0.0,0.0,0.0,1.42188e-21,0.0,7.36936e-23,0.000131006,4.6446e-07,0.000194633,0.0,3.70655e-20,7.49917e-05,5.5174e-22,1.71025e-21,0.0,0.0,0.0,0.0,5.39373e-05,0.0,1.05342e-08,0.000880701,1.04936e-21,6.71241e-20,5.5051e-06,5.88258e-09,2.01876e-06,5.01285e-05,2.67487e-06,7.89007e-21,0.0,3.26281e-22,0.00017552,4.2435e-05,3.98541e-07,1.93394e-06,0.00521059,0.000523224,0.00462534,8.43784e-06,9.84331e-05,3.70666e-06,3.4731e-05,0.000269871,0.0,3.63167e-10,0.000648811,0.00016303,0.000854284,0.00240989,0.000380064,0.0045935,0.00355401,0.00220358,0.0021131,0.000860571,0.000251207,0.0,0.00306227,0.0013399,0.000349315,0.00097529,0.00101282,0.0138162,0.0017364,0.00407264,0.001886,0.0
0.00519814,3.95738e-07,5.41075e-05,0.00179454,0.0,0.0,0.0,5.47132e-07,0.000525223,8.84182e-06,0.000807458,0.00011708,5.82499e-05,6.79204e-06,2.7484e-22,2.54701e-07,4.81176e-05,3.87116e-05,0.0,2.45117e-05,0.00268005,0.00100431,1.32331e-22,0.00289965,6.69838e-06,0.00476944,0.00221044,0.0,0.00369726,0.000850057,0.0335158,0.000135335,0.00415287,0.000203351,0.0016049,0.000185546,0.000721117,0.00289667,0.000155053,1.3472e-05,0.000206773,0.000496972,2.59744e-05,0.000212148,0.0,5.60026e-07,0.0,0.0,0.0,1.4277e-21,0.0,4.85459e-23,0.000131207,4.64546e-07,0.000194745,0.0,3.70982e-20,7.50792e-05,5.5174e-22,1.71025e-21,0.0,0.0,0.0,0.0,5.4106e-05,0.0,1.05342e-08,0.000880579,1.0063e-21,6.71359e-20,5.50543e-06,5.81913e-09,2.01914e-06,5.005e-05,2.7136e-06,7.89011e-21,0.0,3.19339e-22,0.000175501,4.25357e-05,3.97758e-07,1.94343e-06,0.00521075,0.000522941,0.00462536,8.44187e-06,9.85981e-05,3.70638e-06,3.48338e-05,0.000270096,0.0,3.4745e-10,0.000649672,0.000162636,0.000854235,0.00241008,0.00037897,0.00459403,0.00355379,0.00220398,0.00211749,0.0008612,0.000251807,0.0,0.00306266,0.00133982,0.000349071,0.000974894,0.00101172,0.0138147,0.00173605,0.0040726,0.00188666,0.0
0.00520049,3.95611e-07,5.42715e-05,0.00179384,0.0,0.0,0.0,5.50037e-07,0.000525207,8.87378e-06,0.000807611,0.000117054,5.81064e-05,6.78455e-06,1.3742e-22,2.54062e-07,4.82951e-05,3.87439e-05,0.0,2.45279e-05,0.00268109,0.00100425,1.4251e-22,0.00290028,6.65849e-06,0.00477048,0.00221167,0.0,0.00369732,0.000850192,0.0335125,0.00013549,0.00415246,0.000203455,0.00160453,0.000185522,0.000721012,0.00289726,0.000155113,1.34608e-05,0.000206725,0.00049703,2.59433e-05,0.000212189,0.0,5.5985e-07,0.0,0.0,0.0,1.4277e-21,0.0,7.36936e-23,0.000131122,4.64268e-07,0.000194455,0.0,3.70655e-20,7.49269e-05,5.5174e-22,1.7042e-21,0.0,0.0,0.0,0.0,5.41056e-05,0.0,1.05342e-08,0.000879574,1.03414e-21,6.71308e-20,5.5031e-06,5.81897e-09,2.01979e-06,5.005e-05,2.68435e-06,7.89625e-21,0.0,3.26281e-22,0.000175362,4.25263e-05,3.99674e-07,1.93394e-06,0.00521025,0.000523181,0.00462505,8.43207e-06,9.85854e-05,3.71109e-06,3.4782e-05,0.000270338,0.0,3.4745e-10,0.000649086,0.000162887,0.000854749,0.0024104,0.000379558,0.00459518,0.00355312,0.00220398,0.00211845,0.000860591,0.000251396,0.0,0.00306242,0.00133884,0.000349183,0.000975293,0.0010129,0.0138165,0.0017355,0.00407298,0.00188553,0.0
0.00519999,3.95699e-07,5.42704e-05,0.00179405,0.0,0.0,0.0,5.47132e-07,0.000525421,8.82112e-06,0.000807498,0.000117054,5.83828e-05,6.80581e-06,1.3742e-22,2.54212e-07,4.82313e-05,3.89143e-05,0.0,2.45244e-05,0.00268124,0.0010043,1.32331e-22,0.00289941,6.70111e-06,0.00477025,0.00221119,0.0,0.00369844,0.000850194,0.0335148,0.000135403,0.00415294,0.000203408,0.00160436,0.000185612,0.000721145,0.00289692,0.000155065,1.35358e-05,0.000206774,0.000497085,2.5937e-05,0.000212195,0.0,5.59656e-07,0.0,0.0,0.0,1.43764e-21,0.0,7.36936e-23,0.000131121,4.64443e-07,0.000194959,0.0,3.70655e-20,7.50041e-05,5.45993e-22,1.71648e-21,0.0,0.0,0.0,0.0,5.39352e-05,0.0,1.05342e-08,0.000879042,1.0192e-21,6.71294e-20,5.50655e-06,5.86691e-09,2.0195e-06,5.01285e-05,2.69423e-06,7.90827e-21,0.0,3.19339e-22,0.000175575,4.25826e-05,4.07097e-07,1.89867e-06,0.0052106,0.000523095,0.00462595,8.43827e-06,9.83369e-05,3.71594e-06,3.48643e-05,0.000270149,0.0,3.63243e-10,0.000649178,0.000162914,0.000854415,0.00240963,0.000379336,0.00459287,0.00355308,0.00220416,0.00211301,0.000860342,0.000251816,0.0,0.00306241,0.00133974,0.000349136,0.00097533,0.0010123,0.0138153,0.00173634,0.00407236,0.00188645,0.0
0.00519493,3.95621e-07,5.43661e-05,0.00179388,0.0,0.0,0.0,5.44215e-07,0.000525019,8.89855e-06,0.000807568,0.000117071,5.83258e-05,6.77449e-06,1.3742e-22,2.53363e-07,4.80851e-05,3.87122e-05,0.0,2.45212e-05,0.00268093,0.00100302,1.4251e-22,0.00289943,6.71302e-06,0.00476885,0.00221107,0.0,0.00369746,0.000850571,0.0335143,0.000135657,0.00415321,0.000203361,0.00160461,0.000185742,0.000721098,0.00289671,0.000155002,1.34645e-05,0.000206807,0.000497048,2.59825e-05,0.000212219,0.0,5.59308e-07,0.0,0.0,0.0,1.4277e-21,0.0,7.36936e-23,0.000131163,4.64333e-07,0.000194795,0.0,3.70982e-20,7.50178e-05,5.5174e-22,1.69832e-21,0.0,0.0,0.0,0.0,5.40106e-05,0.0,1.05594e-08,0.000880124,1.03184e-21,6.71425e-20,5.50534e-06,5.94984e-09,2.01962e-06,5.005e-05,2.70372e-06,7.90258e-21,0.0,3.26281e-22,0.000175369,4.24937e-05,3.98976e-07,1.94343e-06,0.00521033,0.000523157,0.00462458,8.44036e-06,9.85781e-05,3.70266e-06,3.47084e-05,0.000270356,0.0,3.4745e-10,0.000649293,0.000162518,0.000854159,0.00240956,0.000380138,0.00459522,0.00355408,0.00220264,0.00211738,0.000860832,0.000251814,0.0,0.00306204,0.00133967,0.000348959,0.000975598,0.00101242,0.0138176,0.00173568,0.00407388,0.00188589,0.0
0.00520121,3.95582e-07,5.42648e-05,0.00179421,0.0,0.0,0.0,5.47132e-07,0.000525755,8.7987e-06,0.000807486,0.000117069,5.81874e-05,6.80337e-06,2.7484e-22,2.54701e-07,4.83493e-05,3.86007e-05,0.0,2.45401e-05,0.00267962,0.00100439,1.4251e-22,0.00289977,6.69212e-06,0.0047706,0.0022111,0.0,0.0036966,0.000850054,0.0335162,0.000135537,0.00415224,0.000203557,0.00160477,0.00018544,0.000721094,0.00289729,0.000155194,1.36033e-05,0.00020677,0.000496968,2.59336e-05,0.000212111,0.0,5.59938e-07,0.0,0.0,0.0,1.42188e-21,0.0,4.11717e-23,0.000131168,4.64451e-07,0.000194744,0.0,3.70655e-20,7.49467e-05,5.5174e-22,1.71025e-21,0.0,0.0,0.0,0.0,5.38221e-05,0.0,1.05342e-08,0.00088024,1.05602e-21,6.71425e-20,5.50334e-06,5.84225e-09,2.01923e-06,5.005e-05,2.69423e-06,7.87781e-21,0.0,3.26281e-22,0.000175553,4.25062e-05,3.98721e-07,1.93394e-06,0.00521094,0.000523207,0.00462507,8.43867e-06,9.83382e-05,3.71057e-06,3.48682e-05,0.000270166,2.56305e-09,3.4745e-10,0.000648977,0.00016289,0.000854422,0.00241148,0.000379077,0.00459479,0.00355356,0.00220492,0.00211813,0.000860908,0.000251635,0.0,0.00306186,0.00133912,0.000349606,0.000974986,0.00101264,0.0138174,0.00173582,0.00407314,0.0018867,0.0
0.00519858,3.95845e-07,5.42119e-05,0.00179373,0.0,0.0,0.0,5.52954e-07,0.000525221,8.82488e-06,0.000807451,0.000117036,5.82916e-05,6.79838e-06,1.3742e-22,2.54787e-07,4.81245e-05,3.88552e-05,0.0,2.45086e-05,0.00268074,0.001004,1.32331e-22,0.00289988,6.69514e-06,0.00477003,0.00221086,0.0,0.00369893,0.000850196,0.033512,0.000135308,0.00415287,0.000203402,0.00160419,0.000185705,0.000721049,0.00289694,0.000155127,1.35321e-05,0.000206742,0.000497052,2.59562e-05,0.000212237,0.0,5.60228e-07,0.0,0.0,0.0,1.4277e-21,0.0,7.36936e-23,0.000131099,4.64376e-07,0.000194741,0.0,3.70734e-20,7.50522e-05,5.5174e-22,1.71025e-21,0.0,0.0,0.0,0.0,5.41637e-05,0.0,1.05342e-08,0.000879662,1.00194e-21,6.71241e-20,5.50628e-06,5.85965e-09,2.01925e-06,5.01285e-05,2.67487e-06,7.88388e-21,0.0,3.19339e-22,0.00017546,4.25144e-05,3.98837e-07,1.94343e-06,0.00520992,0.000523042,0.00462579,8.42601e-06,9.86978e-05,3.7069e-06,3.46995e-05,0.00026975,0.0,3.63243e-10,0.000649838,0.000162718,0.000854026,0.00241026,0.000379663,0.00459373,0.00355234,0.00220423,0.00211352,0.000860421,0.000251207,0.0,0.0030627,0.00134019,0.000348817,0.00097525,0.00101274,0.0138168,0.0017363,0.00407405,0.00188623,0.0
0.00519634,3.95537e-07,5.43118e-05,0.0017946,0.0,0.0,0.0,5.4131e-07,0.0005251,8.80119e-06,0.000807509,0.000117115,5.83376e-05,6.78258e-06,1.3742e-22,2.54701e-07,4.8214e-05,3.86066e-05,0.0,2.45234e-05,0.00268142,0.00100373,1.4251e-22,0.00289947,6.66993e-06,0.00476911,0.00221138,0.0,0.00369753,0.000850375,0.033513,0.00013555,0.00415273,0.000203321,0.00160481,0.00018537,0.00072107,0.00289655,0.000155041,1.35358e-05,0.000206757,0.000497151,2.59555e-05,0.000212235,0.0,5.59523e-07,0.0,0.0,0.0,1.43764e-21,0.0,7.36936e-23,0.000131136,4.64398e-07,0.000194554,0.0,3.70904e-20,7.49491e-05,5.45993e-22,1.7042e-21,0.0,0.0,0.0,0.0,5.39909e-05,0.0,1.05342e-08,0.000879823,1.0491e-21,6.7136e-20,5.50473e-06,5.82321e-09,2.01957e-06,5.005e-05,2.72309e-06,7.91495e-21,0.0,3.26281e-22,0.000175525,4.25562e-05,3.98206e-07,1.93394e-06,0.00521087,0.000522999,0.0046244,8.44307e-06,9.84492e-05,3.71613e-06,3.48472e-05,0.000270461,0.0,3.63167e-10,0.000648654,0.000162728,0.000854604,0.00240995,0.00037913,0.00459385,0.00355397,0.00220483,0.00211706,0.000861204,0.000252092,0.0,0.0030619,0.00133935,0.000349315,0.000975108,0.00101188,0.0138155,0.00173644,0.00407462,0.00188578,0.0
0.00519887,3.95767e-07,5.41539e-05,0.0017931,0.0,0.0,0.0,5.52942e-07,0.000524794,8.8923e-06,0.000807665,0.000117095,5.82205e-05,6.80258e-06,1.3742e-22,2.53573e-07,4.83534e-05,3.89767e-05,0.0,2.45233e-05,0.00268013,0.00100483,1.4251e-22,0.00289977,6.68474e-06,0.00477068,0.0022108,0.0,0.00369698,0.000850166,0.0335151,0.000135458,0.00415288,0.000203541,0.00160451,0.000185423,0.000721084,0.00289705,0.000154886,1.34664e-05,0.000206761,0.000496865,2.59395e-05,0.00021212,0.0,5.59673e-07,0.0,0.0,0.0,1.4277e-21,0.0,7.36936e-23,0.000131157,4.64397e-07,0.00019513,0.0,3.70734e-20,7.50397e-05,5.5174e-22,1.71648e-21,0.0,0.0,0.0,0.0,5.41635e-05,0.0,1.05594e-08,0.000880993,1.0086e-21,6.7112e-20,5.50419e-06,5.94346e-09,2.0196e-06,5.005e-05,2.68435e-06,7.88989e-21,0.0,3.19339e-22,0.00017538,4.24725e-05,3.99399e-07,1.93394e-06,0.00521058,0.000523271,0.00462613,8.43736e-06,9.85185e-05,3.70638e-06,3.46876e-05,0.000269786,0.0,3.4745e-10,0.00064944,0.000162883,0.000854257,0.0024104,0.000379752,0.00459461,0.00355393,0.00220331,0.00211945,0.0008608,0.000251641,0.0,0.00306255,0.00133927,0.00034906,0.000975867,0.00101241,0.0138152,0.00173596,0.00407186,0.0018864,0.0
0.00238301,1.81322e-07,3.76558e-05,0.000208748,0.0,0.0,0.0,0.0,0.0,0.0,0.000563007,8.14277e-05,4.03348e-05,4.7312e-06,1.3742e-22,1.75927e-07,3.30855e-05,4.96005e-06,0.0,1.72522e-05,0.00207383,0.000700948,9.16135e-23,0.00202077,4.73123e-06,0.00130157,0.00147485,0.0,0.00247936,0.000569726,0.0224692,9.08532e-05,0.00278418,0.000136316,0.001076,0.000124605,0.000483427,0.00194284,0.000104177,9.036e-06,0.000138643,0.000333314,1.7407e-05,0.0001423,0.0,3.55373e-07,0.0,0.0,0.0,9.07171e-22,0.0,4.85459e-23,8.33462e-05,2.94975e-07,0.000123525,0.0,2.35628e-20,4.76278e-05,3.3909e-22,1.04785e-21,0.0,0.0,0.0,0.0,3.43028e-05,0.0,6.69438e-09,0.00055825,6.65238e-22,4.26635e-20,3.49664e-06,3.75262e-09,1.28288e-06,3.18214e-05,1.71275e-06,4.85281e-21,0.0,2.01322e-22,9.10211e-05,2.61609e-05,2.46128e-07,1.21786e-06,0.00320075,0.000315725,0.00287661,5.17576e-06,6.04383e-05,2.28549e-06,2.30009e-05,0.000172322,0.0,1.26345e-10,0.000207028,5.18326e-05,0.00027215,0.000768186,0.000120853,0.0014638,0.00113266,0.000702427,0.000673659,0.000273935,8.01545e-05,0.0,0.000975957,0.000427009,0.000111516,0.00031058,0.000322763,0.00440459,0.000553089,0.00129747,0.000600814,0.0
0.00238319,1.81137e-07,3.73102e-05,0.000208755,0.0,0.0,0.0,0.0,0.0,0.0,0.000563324,8.14915e-05,4.0346e-05,4.75535e-06,1.3742e-22,1.77629e-07,3.31239e-05,4.93863e-06,0.0,1.72443e-05,0.00207434,0.000700461,1.01793e-22,0.00202065,4.70592e-06,0.00130374,0.00147395,0.0,0.00247884,0.000570093,0.022467,9.06331e-05,0.00278413,0.000136441,0.00107549,0.000124241,0.000483387,0.00194161,0.000103825,9.02887e-06,0.000138659,0.000333247,1.73962e-05,0.000142219,0.0,3.55664e-07,0.0,0.0,0.0,9.07171e-22,0.0,3.67433e-23,8.32064e-05,2.95284e-07,0.000123648,0.0,2.3538e-20,4.76044e-05,3.3909e-22,1.05389e-21,0.0,0.0,0.0,0.0,3.42347e-05,0.0,6.69438e-09,0.0005584,6.64071e-22,4.2614e-20,3.495e-06,3.55445e-09,1.28219e-06,3.18214e-05,1.71275e-06,4.85235e-21,0.0,1.9438e-22,9.09552e-05,2.62033e-05,2.45315e-07,1.22735e-06,0.00319992,0.000315559,0.00287721,5.19657e-06,6.03989e-05,2.28469e-06,2.28663e-05,0.00017129,0.0,1.10552e-10,0.000206874,5.19451e-05,0.000272368,0.00076882,0.00012083,0.00146402,0.00113229,0.000702695,0.00067316,0.000274948,8.03583e-05,0.0,0.000975589,0.000427434,0.000111134,0.000310326,0.000322109,0.00440096,0.000553793,0.00129871,0.000601202,0.0
0.00238089,1.81468e-07,3.78888e-05,0.000208737,0.0,0.0,0.0,0.0,0.0,0.0,0.000563191,8.15048e-05,4.03992e-05,4.72696e-06,1.3742e-22,1.79381e-07,3.30906e-05,4.95972e-06,0.0,1.72569e-05,0.00207459,0.000701692,9.16135e-23,0.00202074,4.71842e-06,0.00130328,0.0014749,0.0,0.00247932,0.000569719,0.0224686,9.13713e-05,0.00278419,0.000136373,0.0010758,0.000124447,0.000483491,0.00194195,0.000104068,9.0304e-06,0.000138633,0.000333217,1.74129e-05,0.000142275,0.0,3.55632e-07,0.0,0.0,0.0,9.07171e-22,0.0,3.69503e-23,8.3313e-05,2.94737e-07,0.000123639,0.0,2.3538e-20,4.76189e-05,3.33343e-22,1.04792e-21,0.0,0.0,0.0,0.0,3.42343e-05,0.0,6.69438e-09,0.0005584,6.2448e-22,4.26364e-20,3.49727e-06,3.71165e-09,1.28221e-06,3.17428e-05,1.71275e-06,4.85281e-21,0.0,2.01322e-22,9.09629e-05,2.59926e-05,2.45607e-07,1.21786e-06,0.00320118,0.000315632,0.00287692,5.17342e-06,6.05793e-05,2.28592e-06,2.29241e-05,0.000171131,0.0,1.10552e-10,0.000206663,5.21858e-05,0.000272132,0.00076789,0.000121131,0.00146462,0.00113326,0.000703034,0.000674246,0.000274073,7.99866e-05,0.0,0.000976327,0.00042681,0.000110932,0.000311707,0.000323013,0.00440628,0.000553382,0.00129907,0.000601704,0.0
0.00238228,1.81355e-07,3.74476e-05,0.000208785,0.0,0.0,0.0,0.0,0.0,0.0,0.000563407,8.15878e-05,4.0402e-05,4.73165e-06,1.3742e-22,1.77469e-07,3.30864e-05,4.94099e-06,0.0,1.72478e-05,0.00207349,0.000700132,1.01793e-22,0.00202067,4.74287e-06,0.00130139,0.00147428,0.0,0.00247967,0.000570437,0.0224703,9.05652e-05,0.00278405,0.000136428,0.0010754,0.000124352,0.000483424,0.0019424,0.000103984,9.102e-06,0.000138592,0.000333333,1.74099e-05,0.000142231,0.0,3.55396e-07,0.0,0.0,0.0,9.07171e-22,0.0,4.11717e-23,8.31997e-05,2.94863e-07,0.000123713,0.0,2.35628e-20,4.76971e-05,3.3909e-22,1.03573e-21,0.0,0.0,0.0,0.0,3.45007e-05,0.0,6.66912e-09,0.000560464,6.86407e-22,4.26266e-20,3.49597e-06,3.67746e-09,1.28254e-06,3.18214e-05,1.71275e-06,4.84019e-21,0.0,1.9438e-22,9.1031e-05,2.61188e-05,2.45001e-07,1.21786e-06,0.00319963,0.000315733,0.00287699,5.19245e-06,6.04969e-05,2.28931e-06,2.28662e-05,0.000172237,0.0,1.10552e-10,0.000207422,5.16722e-05,0.000272844,0.000769466,0.00012067,0.0014647,0.00113382,0.00070235,0.000674349,0.000274419,8.01607e-05,0.0,0.000976694,0.000426911,0.000111596,0.000310164,0.000322725,0.00440663,0.000552876,0.00129757,0.000600881,0.0
0.00237858,1.81361e-07,3.75332e-05,0.000208748,0.0,0.0,0.0,0.0,0.0,0.0,0.000563044,8.14665e-05,4.01729e-05,4.74169e-06,1.3742e-22,1.7714e-07,3.31604e-05,4.94478e-06,0.0,1.72382e-05,0.00207571,0.000701114,9.16135e-23,0.00202032,4.70927e-06,0.00130446,0.00147477,0.0,0.00247888,0.00056947,0.0224677,9.07074e-05,0.00278415,0.000136273,0.0010759,0.00012439,0.000483383,0.00194191,0.000103967,9.102e-06,0.000138652,0.000333267,1.73815e-05,0.000142247,0.0,3.55381e-07,0.0,0.0,0.0,9.07171e-22,0.0,3.25219e-23,8.32782e-05,2.94966e-07,0.000123502,0.0,2.3538e-20,4.76254e-05,3.3909e-22,1.05389e-21,0.0,0.0,0.0,0.0,3.42368e-05,0.0,6.69438e-09,0.000558253,6.68895e-22,4.26509e-20,3.49573e-06,3.77737e-09,1.28247e-06,3.18214e-05,1.72224e-06,4.86497e-21,0.0,2.01322e-22,9.10359e-05,2.62561e-05,2.46916e-07,1.25313e-06,0.00320032,0.000315663,0.00287682,5.17554e-06,6.04753e-05,2.29025e-06,2.29459e-05,0.000171641,0.0,1.10552e-10,0.000206988,5.18707e-05,0.00027219,0.000766802,0.000121167,0.00146413,0.00113122,0.000701901,0.000672685,0.000274329,8.04304e-05,0.0,0.000975355,0.000426744,0.000111167,0.000311226,0.000322857,0.00440388,0.000554017,0.00129844,0.000600511,0.0
0.00238066,1.81282e-07,3.74669e-05,0.000208795,0.0,0.0,0.0,0.0,0.0,0.0,0.000563568,8.14914e-05,4.0482e-05,4.73484e-06,1.3742e-22,1.78118e-07,3.30554e-05,4.94563e-06,0.0,1.724e-05,0.00207381,0.000701133,9.16135e-23,0.00202107,4.73177e-06,0.00130286,0.00147458,0.0,0.00247823,0.000570227,0.0224681,9.12411e-05,0.00278382,0.000136482,0.00107569,0.000124642,0.000483448,0.00194218,0.000103946,9.0304e-06,0.000138642,0.000333154,1.74089e-05,0.000142212,0.0,3.555e-07,0.0,0.0,0.0,9.12992e-22,0.0,4.11717e-23,8.33409e-05,2.94863e-07,0.000123822,0.0,2.3538e-20,4.7602e-05,3.44838e-22,1.04792e-21,0.0,0.0,0.0,0.0,3.43582e-05,0.0,6.69438e-09,0.000558445,6.18951e-22,4.26269e-20,3.49627e-06,3.87611e-09,1.2823e-06,3.17428e-05,1.71275e-06,4.84644e-21,0.0,2.01322e-22,9.08637e-05,2.60819e-05,2.45137e-07,1.21786e-06,0.00320062,0.000315846,0.00287744,5.18502e-06,6.05379e-05,2.28592e-06,2.28871e-05,0.000171428,0.0,1.10552e-10,0.000206747,5.17942e-05,0.000272177,0.000769456,0.000120904,0.00146569,0.00113292,0.000702404,0.000680206,0.000274179,8.03481e-05,0.0,0.000977719,0.000427517,0.000111757,0.000311227,0.00032279,0.00440031,0.000552915,0.00129919,0.000602045,0.0
0.00237904,1.81429e-07,3.7285e-05,0.000208758,0.0,0.0,0.0,0.0,0.0,0.0,0.00056301,8.14377e-05,4.03998e-05,4.73375e-06,1.3742e-22,1.76416e-07,3.30943e-05,4.94587e-06,0.0,1.7246e-05,0.00207532,0.000700083,1.01793e-22,0.00202032,4.70778e-06,0.00130298,0.00147451,0.0,0.00247974,0.00056982,0.0224682,9.06238e-05,0.00278421,0.000136459,0.00107585,0.000124336,0.000483476,0.00194217,0.000104001,9.02887e-06,0.000138597,0.000333307,1.74002e-05,0.000142268,0.0,3.55187e-07,0.0,0.0,0.0,9.07171e-22,0.0,3.69503e-23,8.32225e-05,2.94971e-07,0.000123501,0.0,2.35628e-20,4.75626e-05,3.33343e-22,1.04785e-21,0.0,0.0,0.0,0.0,3.42905e-05,0.0,6.69438e-09,0.000558867,6.82045e-22,4.26138e-20,3.49516e-06,3.67923e-09,1.28245e-06,3.18214e-05,1.69338e-06,4.84029e-21,0.0,1.9438e-22,9.11061e-05,2.61647e-05,2.4504e-07,1.21786e-06,0.0032001,0.000315718,0.00287726,5.18145e-06,6.03913e-05,2.28469e-06,2.29819e-05,0.000171527,0.0,1.10552e-10,0.000206909,5.20075e-05,0.000272075,0.000767966,0.000120954,0.00146457,0.00113235,0.000702602,0.000673653,0.000274473,7.9603e-05,0.0,0.000975408,0.000427093,0.000110798,0.000310353,0.000322279,0.00440574,0.000552965,0.00129621,0.00060077,0.0
0.00239699,1.81199e-07,3.78102e-05,0.000208751,0.0,0.0,0.0,0.0,0.0,0.0,0.000563181,8.15424e-05,4.01831e-05,4.74352e-06,0.0,1.77629e-07,3.32259e-05,4.94556e-06,0.0,1.72484e-05,0.00207228,0.000701832,9.16135e-23,0.0020205,4.73258e-06,0.00130305,0.00147307,0.0,0.00247914,0.000569998,0.0224716,9.0862e-05,0.00278398,0.000136317,0.00107556,0.00012425,0.00048344,0.00194204,0.000103922,9.036e-06,0.000138623,0.000333206,1.74065e-05,0.000142317,0.0,3.55712e-07,0.0,0.0,0.0,9.07171e-22,0.0,3.67433e-23,8.33079e-05,2.94917e-07,0.00012364,0.0,2.3538e-20,4.77124e-05,3.3909e-22,1.05389e-21,0.0,0.0,0.0,0.0,3.42172e-05,0.0,6.69438e-09,0.000558651,6.28842e-22,4.26395e-20,3.49563e-06,3.90104e-09,1.28252e-06,3.18214e-05,1.72224e-06,4.85846e-21,0.0,2.01322e-22,9.08586e-05,2.60626e-05,2.46312e-07,1.22735e-06,0.00320087,0.000315471,0.0028767,5.20005e-06,6.05993e-05,2.28488e-06,2.2825e-05,0.000171351,0.0,1.10552e-10,0.000207272,5.16027e-05,0.000272336,0.000767493,0.000120883,0.00146396,0.00113327,0.000702872,0.000673873,0.000274052,8.09101e-05,0.0,0.000976268,0.000426675,0.000111483,0.000310735,0.000323623,0.00440399,0.000553733,0.00130026,0.000601484,0.0
0.00237982,1.81478e-07,3.73549e-05,0.000208765,0.0,0.0,0.0,0.0,0.0,0.0,0.00056345,8.15296e-05,4.04559e-05,4.75858e-06,1.3742e-22,1.77604e-07,3.30362e-05,4.96199e-06,0.0,1.72522e-05,0.00207473,0.000700982,1.01793e-22,0.00202069,4.68855e-06,0.00130279,0.00147508,0.0,0.00247868,0.00057038,0.0224683,9.0945e-05,0.00278449,0.000136361,0.00107613,0.000124491,0.00048347,0.0019424,0.000104078,9.16766e-06,0.00013864,0.000333169,1.73928e-05,0.000142307,0.0,3.55691e-07,0.0,0.0,0.0,9.07171e-22,0.0,3.69503e-23,8.32895e-05,2.95046e-07,0.00012362,0.0,2.3538e-20,4.7578e-05,3.3909e-22,1.05389e-21,0.0,0.0,0.0,0.0,3.42343e-05,0.0,6.69438e-09,0.000559345,6.59709e-22,4.26453e-20,3.49776e-06,3.52958e-09,1.28243e-06,3.18214e-05,1.72264e-06,4.84033e-21,0.0,1.9438e-22,9.10247e-05,2.60772e-05,2.45698e-07,1.21786e-06,0.0031999,0.000315847,0.00287711,5.17077e-06,6.04835e-05,2.28469e-06,2.30194e-05,0.000171852,0.0,1.10552e-10,0.000207174,5.19848e-05,0.000272546,0.000768262,0.000121122,0.00146509,0.00113292,0.000702955,0.000672936,0.000275132,8.00602e-05,0.0,0.000976729,0.000426933,0.00011074,0.000310995,0.000322445,0.00440612,0.000553505,0.00129882,0.000601491,0.0
0.00237893,1.81283e-07,3.74972e-05,0.000208743,0.0,0.0,0.0,0.0,0.0,0.0,0.000563211,8.14232e-05,4.04074e-05,4.72367e-06,1.3742e-22,1.7714e-07,3.31401e-05,4.94589e-06,0.0,1.72464e-05,0.00207448,0.000699869,9.16135e-23,0.00202075,4.74028e-06,0.00130343,0.00147527,0.0,0.00247888,0.000569779,0.0224675,9.07197e-05,0.00278386,0.000136272,0.00107536,0.00012444,0.000483365,0.00194299,0.000103838,9.03227e-06,0.000138615,0.000333219,1.73902e-05,0.000142199,0.0,3.55182e-07,0.0,0.0,0.0,9.07171e-22,0.0,7.36936e-23,8.31474e-05,2.94737e-07,0.000123564,0.0,2.35628e-20,4.76459e-05,3.33343e-22,1.04188e-21,0.0,0.0,0.0,0.0,3.44057e-05,0.0,6.69438e-09,0.000559091,6.63817e-22,4.26174e-20,3.49478e-06,3.79988e-09,1.28215e-06,3.17428e-05,1.69338e-06,4.84655e-21,0.0,2.01322e-22,9.09503e-05,2.61662e-05,2.44479e-07,1.25313e-06,0.00320006,0.00031558,0.00287688,5.19084e-06,6.04504e-05,2.29034e-06,2.27676e-05,0.000171112,0.0,1.26345e-10,0.000206486,5.19427e-05,0.000272391,0.000768804,0.000121306,0.00146396,0.00113185,0.000702134,0.000674114,0.000273979,7.99576e-05,0.0,0.000975422,0.000426657,0.000112092,0.000310668,0.000322406,0.00440419,0.00055294,0.00129759,0.000601159,0.0
0.0,0.0,2.05908e-05,0.000126653,0.0,0.0,0.0,0.0,0.0,0.0,0.000319044,4.62604e-05,2.28628e-05,2.67104e-06,1.3742e-22,9.94184e-08,1.87635e-05,2.78153e-06,0.0,9.96048e-06,0.00147725,0.000398559,6.10757e-23,0.00114133,2.76629e-06,2.82438e-05,0.000746788,0.0,0.00126037,0.000289937,0.011424,4.61423e-05,0.00141587,6.93337e-05,0.000546878,6.33001e-05,0.00024576,0.000987288,5.28599e-05,4.60065e-06,7.05487e-05,0.000169443,8.85886e-06,7.23825e-05,0.0,1.51384e-07,0.0,0.0,0.0,3.76696e-22,0.0,0.0,3.55321e-05,1.25685e-07,5.28947e-05,0.0,1.00104e-20,2.02635e-05,1.26441e-22,3.97534e-22,0.0,0.0,0.0,0.0,1.46023e-05,0.0,2.85459e-09,0.000237424,2.69491e-22,1.81411e-20,1.48893e-06,1.60442e-09,5.45801e-07,1.35928e-05,7.3127e-07,1.80271e-21,0.0,7.63636e-23,3.39011e-05,9.73213e-06,9.29027e-08,5.01788e-07,0.00119013,0.000117731,0.00112916,1.92932e-06,2.25795e-05,8.63094e-07,1.10247e-05,7.33663e-05,0.0,0.0,0.0,0.0,0.0,0.0,0.0,0.0,0.0,0.0,0.0,0.0,0.0,0.0,0.0,0.0,0.0,0.0,0.0,0.0,0.0,0.0,0.0,0.0
0.0,0.0,2.07972e-05,0.000126672,0.0,0.0,0.0,0.0,0.0,0.0,0.000318807,4.61467e-05,2.27916e-05,2.69225e-06,0.0,1.00118e-07,1.87854e-05,2.81284e-06,0.0,9.98296e-06,0.0014784,0.000397889,5.08964e-23,0.00114228,2.75706e-06,2.78942e-05,0.000746848,0.0,0.00125977,0.000289588,0.0114225,4.62831e-05,0.00141531,6.94114e-05,0.000546867,6.31868e-05,0.000245775,0.000986693,5.28796e-05,4.52532e-06,7.04256e-05,0.000169294,8.83675e-06,7.22614e-05,0.0,1.51117e-07,0.0,0.0,0.0,3.9246e-22,0.0,4.22141e-24,3.55045e-05,1.25437e-07,5.24867e-05,0.0,1.00025e-20,2.02962e-05,1.26441e-22,3.9122e-22,0.0,0.0,0.0,0.0,1.45736e-05,0.0,2.85459e-09,0.000236516,2.75132e-22,1.81423e-20,1.48515e-06,1.4194e-09,5.45721e-07,1.35143e-05,7.40756e-07,1.82113e-21,0.0,6.94214e-23,3.38131e-05,9.70619e-06,9.37985e-08,5.37057e-07,0.00119081,0.000117389,0.00112905,1.92807e-06,2.2408e-05,8.69081e-07,1.10603e-05,7.30322e-05,0.0,0.0,0.0,0.0,0.0,0.0,0.0,0.0,0.0,0.0,0.0,0.0,0.0,0.0,0.0,0.0,0.0,0.0,0.0,0.0,0.0,0.0,0.0,0.0
0.0,0.0,2.07604e-05,0.000126632,0.0,0.0,0.0,0.0,0.0,0.0,0.000319011,4.61176e-05,2.29632e-05,2.6826e-06,1.3742e-22,1.01685e-07,1.85978e-05,2.80339e-06,0.0,9.97783e-06,0.00147748,0.000397716,6.10757e-23,0.00114137,2.74349e-06,2.80524e-05,0.000746928,0.0,0.00126043,0.000290208,0.0114213,4.62734e-05,0.0014153,6.91858e-05,0.000547038,6.33627e-05,0.000245808,0.00098853,5.2947e-05,4.66413e-06,7.04835e-05,0.000169577,8.85887e-06,7.2297e-05,0.0,1.51467e-07,0.0,0.0,0.0,3.86638e-22,0.0,3.25219e-23,3.52234e-05,1.25201e-07,5.29456e-05,0.0,1.00353e-20,2.0249e-05,1.26441e-22,3.91565e-22,0.0,0.0,0.0,0.0,1.45725e-05,0.0,2.82932e-09,0.000238469,2.96758e-22,1.81294e-20,1.48745e-06,1.55335e-09,5.45458e-07,1.35143e-05,7.21783e-07,1.80278e-21,0.0,7.63636e-23,3.37918e-05,9.69764e-06,9.23363e-08,5.01788e-07,0.00119092,0.00011734,0.00112925,1.93952e-06,2.25508e-05,8.63517e-07,1.09872e-05,7.25071e-05,0.0,0.0,0.0,0.0,0.0,0.0,0.0,0.0,0.0,0.0,0.0,0.0,0.0,0.0,0.0,0.0,0.0,0.0,0.0,0.0,0.0,0.0,0.0,0.0
0.0,0.0,2.06544e-05,0.000126661,0.0,0.0,0.0,0.0,0.0,0.0,0.000318925,4.61349e-05,2.28549e-05,2.68496e-06,0.0,1.00607e-07,1.90123e-05,2.80584e-06,0.0,9.94666e-06,0.00147745,0.000397686,5.08964e-23,0.00114144,2.7408e-06,2.81648e-05,0.000746757,0.0,0.00126073,0.000289658,0.0114247,4.61646e-05,0.00141576,6.9521e-05,0.000546901,6.31363e-05,0.000245784,0.00098664,5.28082e-05,4.59846e-06,7.04473e-05,0.000169372,8.83915e-06,7.23465e-05,0.0,1.51086e-07,0.0,0.0,0.0,3.76696e-22,0.0,4.42846e-24,3.55002e-05,1.25561e-07,5.22176e-05,0.0,1.00104e-20,2.02014e-05,1.26441e-22,3.85521e-22,0.0,0.0,0.0,0.0,1.46561e-05,0.0,2.85459e-09,0.00023861,2.51639e-22,1.81206e-20,1.4867e-06,1.80941e-09,5.45168e-07,1.35143e-05,7.3127e-07,1.7966e-21,0.0,6.94214e-23,3.38441e-05,9.72167e-06,9.19064e-08,5.37057e-07,0.00119077,0.000117471,0.00113015,1.91382e-06,2.23736e-05,8.58668e-07,1.10264e-05,7.31933e-05,0.0,0.0,0.0,0.0,0.0,0.0,0.0,0.0,0.0,0.0,0.0,0.0,0.0,0.0,0.0,0.0,0.0,0.0,0.0,0.0,0.0,0.0,0.0,0.0
0.0,0.0,2.07935e-05,0.000126695,0.0,0.0,0.0,0.0,0.0,0.0,0.000319129,4.6217e-05,2.28721e-05,2.69387e-06,1.3742e-22,1.00397e-07,1.8595e-05,2.80339e-06,0.0,9.9741e-06,0.00147536,0.000397574,5.08964e-23,0.00114171,2.73702e-06,2.79974e-05,0.000747269,0.0,0.00126128,0.000289542,0.0114229,4.59444e-05,0.00141519,6.9334e-05,0.000547112,6.31818e-05,0.000245738,0.000987379,5.27632e-05,4.59845e-06,7.05282e-05,0.000169345,8.85542e-06,7.22809e-05,0.0,1.51076e-07,0.0,0.0,0.0,3.9246e-22,0.0,3.25219e-23,3.54779e-05,1.25516e-07,5.24675e-05,0.0,1.00025e-20,2.02919e-05,1.26441e-22,3.91304e-22,0.0,0.0,0.0,0.0,1.45756e-05,0.0,2.85459e-09,0.000237012,2.84313e-22,1.81471e-20,1.48724e-06,1.41518e-09,5.45515e-07,1.35143e-05,7.3127e-07,1.80886e-21,0.0,7.63636e-23,3.38359e-05,9.75984e-06,8.4119e-08,5.37057e-07,0.00119013,0.000117373,0.00112852,1.94383e-06,2.26052e-05,8.73506e-07,1.10716e-05,7.29345e-05,0.0,0.0,0.0,0.0,0.0,0.0,0.0,0.0,0.0,0.0,0.0,0.0,0.0,0.0,0.0,0.0,0.0,0.0,0.0,0.0,0.0,0.0,0.0,0.0
0.0,0.0,2.06084e-05,0.000126659,0.0,0.0,0.0,0.0,0.0,0.0,0.000318836,4.61331e-05,2.28401e-05,2.68579e-06,0.0,1.00607e-07,1.87493e-05,2.79564e-06,0.0,9.98157e-06,0.00147905,0.000398204,6.10757e-23,0.0011417,2.79565e-06,2.8081e-05,0.000747268,0.0,0.0012592,0.000289798,0.0114232,4.60975e-05,0.0014157,6.94265e-05,0.000546722,6.33678e-05,0.000245799,0.000987543,5.29427e-05,4.60033e-06,7.04585e-05,0.000169349,8.82495e-06,7.23572e-05,0.0,1.51174e-07,0.0,0.0,0.0,3.9246e-22,0.0,0.0,3.53855e-05,1.2545e-07,5.26941e-05,0.0,1.00104e-20,2.02816e-05,1.26441e-22,3.91565e-22,0.0,0.0,0.0,0.0,1.45155e-05,0.0,2.82932e-09,0.00023782,2.82131e-22,1.81232e-20,1.48624e-06,1.64785e-09,5.45949e-07,1.35143e-05,7.3127e-07,1.81516e-21,0.0,7.63636e-23,3.39291e-05,9.62448e-06,9.1768e-08,5.01788e-07,0.00119122,0.00011753,0.00112986,1.93293e-06,2.2502e-05,8.58668e-07,1.10225e-05,7.31281e-05,0.0,0.0,0.0,0.0,0.0,0.0,0.0,0.0,0.0,0.0,0.0,0.0,0.0,0.0,0.0,0.0,0.0,0.0,0.0,0.0,0.0,0.0,0.0,0.0
0.0,0.0,2.08808e-05,0.000126663,0.0,0.0,0.0,0.0,0.0,0.0,0.00031903,4.61875e-05,2.29601e-05,2.68294e-06,1.3742e-22,1.00471e-07,1.88468e-05,2.81055e-06,0.0,9.97973e-06,0.00147634,0.000397432,5.08964e-23,0.00114114,2.72374e-06,2.80183e-05,0.000746648,0.0,0.00126054,0.000289658,0.0114248,4.64784e-05,0.00141511,6.91864e-05,0.00054717,6.33608e-05,0.000245851,0.000987556,5.29437e-05,4.59659e-06,7.04732e-05,0.000169577,8.86231e-06,7.22621e-05,0.0,1.51247e-07,0.0,0.0,0.0,3.70875e-22,0.0,5.27673e-23,3.54585e-05,1.25497e-07,5.27283e-05,0.0,1.00274e-20,2.02137e-05,1.20693e-22,3.85335e-22,0.0,0.0,0.0,0.0,1.4543e-05,0.0,2.85459e-09,0.000238248,2.50047e-22,1.81301e-20,1.4883e-06,1.60322e-09,5.45588e-07,1.35143e-05,7.21783e-07,1.7966e-21,0.0,6.94214e-23,3.38517e-05,9.84303e-06,9.40254e-08,5.37057e-07,0.00119017,0.000117233,0.00112918,1.91876e-06,2.2536e-05,8.67943e-07,1.09303e-05,7.2976e-05,0.0,0.0,0.0,0.0,0.0,0.0,0.0,0.0,1.19228e-07,0.0,0.0,0.0,0.0,0.0,0.0,0.0,0.0,0.0,0.0,0.0,0.0,0.0,0.0,0.0
0.0,0.0,2.06452e-05,0.000126659,0.0,0.0,0.0,0.0,0.0,0.0,0.000319029,4.61064e-05,2.26991e-05,2.67746e-06,0.0,9.94184e-08,1.86849e-05,2.78459e-06,0.0,9.95483e-06,0.0014781,0.000398476,5.08964e-23,0.00114205,2.77088e-06,2.80791e-05,0.000747165,0.0,0.00126093,0.000289896,0.0114209,4.60912e-05,0.00141561,6.93294e-05,0.000546666,6.30748e-05,0.000245743,0.000987323,5.26683e-05,4.59845e-06,7.05098e-05,0.000169391,8.85542e-06,7.24413e-05,0.0,1.5118e-07,0.0,0.0,0.0,3.9246e-22,0.0,0.0,3.5438e-05,1.25265e-07,5.25425e-05,0.0,1.00104e-20,2.0274e-05,1.32188e-22,3.97374e-22,0.0,0.0,0.0,0.0,1.4744e-05,0.0,2.85459e-09,0.000237169,3.18389e-22,1.81415e-20,1.48582e-06,1.66328e-09,5.45372e-07,1.35928e-05,7.21386e-07,1.80257e-21,0.0,7.63636e-23,3.37264e-05,9.65231e-06,9.22878e-08,5.01788e-07,0.00119082,0.000117496,0.00112877,1.94609e-06,2.25307e-05,8.64655e-07,1.10595e-05,7.2958e-05,0.0,0.0,0.0,0.0,0.0,0.0,0.0,0.0,0.0,0.0,0.0,0.0,0.0,0.0,0.0,0.0,0.0,0.0,0.0,0.0,0.0,0.0,0.0,0.0
0.0,0.0,2.07672e-05,0.000126667,0.0,0.0,0.0,0.0,0.0,0.0,0.000319048,4.62e-05,2.28715e-05,2.68808e-06,1.3742e-22,1.01096e-07,1.87643e-05,2.80339e-06,0.0,9.97914e-06,0.00147791,0.000397217,6.10757e-23,0.00114126,2.7415e-06,2.80831e-05,0.000747339,0.0,0.00125925,0.000289723,0.0114256,4.61766e-05,0.00141558,6.94258e-05,0.000546211,6.33765e-05,0.000245743,0.000987237,5.29558e-05,4.66599e-06,7.0453e-05,0.000169307,8.82152e-06,7.22617e-05,0.0,1.51223e-07,0.0,0.0,0.0,3.9246e-22,0.0,3.25219e-23,3.54524e-05,1.255e-07,5.28147e-05,0.0,1.00104e-20,2.02889e-05,1.26441e-22,3.91565e-22,0.0,0.0,0.0,0.0,1.45439e-05,0.0,2.85459e-09,0.000237837,2.91687e-22,1.81327e-20,1.48628e-06,1.50492e-09,5.45095e-07,1.35143e-05,7.3127e-07,1.80293e-21,0.0,7.63636e-23,3.39797e-05,9.82375e-06,9.23363e-08,5.37057e-07,0.00118988,0.000117609,0.00112967,1.92885e-06,2.2385e-05,8.67519e-07,1.09856e-05,7.27618e-05,0.0,0.0,0.0,0.0,0.0,0.0,0.0,0.0,0.0,0.0,0.0,0.0,0.0,0.0,0.0,0.0,0.0,0.0,0.0,0.0,0.0,0.0,0.0,0.0
0.0,0.0,2.06721e-05,0.000126666,0.0,0.0,0.0,0.0,0.0,0.0,0.000318994,4.61248e-05,2.29143e-05,2.68439e-06,0.0,1.00706e-07,1.87687e-05,2.81696e-06,0.0,9.958e-06,0.00147597,0.000397979,5.08964e-23,0.0011418,2.78509e-06,2.80685e-05,0.000746426,0.0,0.00126092,0.000289731,0.0114237,4.61293e-05,0.00141536,6.93811e-05,0.000547155,6.30603e-05,0.000245862,0.00098767,5.28838e-05,4.53125e-06,7.05002e-05,0.000169547,8.87649e-06,7.23057e-05,0.0,1.50937e-07,0.0,0.0,0.0,3.70875e-22,0.0,0.0,3.52802e-05,1.25558e-07,5.22251e-05,0.0,1.00274e-20,2.01866e-05,1.20693e-22,3.85335e-22,0.0,0.0,0.0,0.0,1.46294e-05,0.0,2.82932e-09,0.000237898,2.54409e-22,1.81291e-20,1.48802e-06,1.58673e-09,5.45717e-07,1.35143e-05,7.21783e-07,1.80279e-21,0.0,6.94214e-23,3.38378e-05,9.60142e-06,9.24728e-08,5.01788e-07,0.00118993,0.000117083,0.0011295,1.91711e-06,2.26294e-05,8.59612e-07,1.0974e-05,7.30216e-05,0.0,0.0,0.0,0.0,0.0,0.0,0.0,0.0,0.0,0.0,0.0,0.0,0.0,0.0,0.0,0.0,0.0,0.0,0.0,0.0,0.0,0.0,0.0,0.0
0.0,0.0,0.0,0.0,0.0,5.98136e-06,3.79484e-22,0.0,0.0,0.0,0.0,0.0,0.0,0.0,0.0,0.0,0.0,0.0,0.0,0.0,0.0,0.0,0.0,0.0,2.61823e-07,0.0,0.0,0.0,0.0,0.0,0.0,0.0,0.0,0.0,0.0,0.0,0.0,0.0,0.0,0.0,0.0,0.0,0.0,0.0,0.0,0.0,0.0,0.0,0.0,0.0,0.0,0.0,0.0,0.0,0.0,0.0,0.0,0.0,0.0,0.0,0.0,0.0,0.0,0.0,0.0,0.0,0.0,0.0,0.0,0.0,0.0,0.0,0.0,0.0,0.0,0.0,0.0,0.0,0.0,0.0,0.0,0.0,0.0,0.0,0.0,0.0,0.0,0.0,0.0,0.0,0.0,0.0,0.0,0.0,0.0,0.0,0.0,0.0,0.0,0.0,0.0,0.0,0.0,0.0,0.0,0.0,0.0,0.0,0.0,0.0,0.0,0.0,0.0,0.0
0.0,0.0,0.0,0.0,0.0,5.90869e-06,3.92525e-22,0.0,0.0,0.0,0.0,0.0,0.0,0.0,0.0,0.0,0.0,0.0,0.0,0.0,0.0,0.0,0.0,0.0,2.87387e-07,0.0,0.0,0.0,0.0,0.0,0.0,0.0,0.0,0.0,0.0,0.0,0.0,0.0,0.0,0.0,0.0,0.0,0.0,0.0,0.0,0.0,0.0,0.0,0.0,0.0,0.0,0.0,0.0,0.0,0.0,0.0,0.0,0.0,0.0,0.0,0.0,0.0,0.0,0.0,0.0,0.0,0.0,0.0,0.0,0.0,0.0,0.0,0.0,0.0,0.0,0.0,0.0,0.0,0.0,0.0,0.0,0.0,0.0,0.0,0.0,0.0,0.0,0.0,0.0,0.0,0.0,0.0,0.0,0.0,0.0,0.0,0.0,0.0,0.0,0.0,0.0,0.0,0.0,0.0,0.0,0.0,0.0,0.0,0.0,0.0,0.0,0.0,0.0,0.0
0.0,0.0,0.0,0.0,0.0,6.01016e-06,3.79484e-22,0.0,0.0,0.0,0.0,0.0,0.0,0.0,0.0,0.0,0.0,0.0,0.0,0.0,0.0,0.0,0.0,0.0,2.76964e-07,0.0,0.0,0.0,0.0,0.0,0.0,0.0,0.0,0.0,0.0,0.0,0.0,0.0,0.0,0.0,0.0,0.0,0.0,0.0,0.0,0.0,0.0,0.0,0.0,0.0,0.0,0.0,0.0,0.0,0.0,0.0,0.0,0.0,0.0,0.0,0.0,0.0,0.0,0.0,0.0,0.0,0.0,0.0,0.0,0.0,0.0,0.0,0.0,0.0,0.0,0.0,0.0,0.0,0.0,0.0,0.0,0.0,0.0,0.0,0.0,0.0,0.0,0.0,0.0,0.0,0.0,0.0,0.0,0.0,0.0,0.0,0.0,0.0,0.0,0.0,0.0,0.0,0.0,0.0,0.0,0.0,0.0,0.0,0.0,0.0,0.0,0.0,0.0,0.0
0.0,0.0,0.0,0.0,0.0,5.85744e-06,3.92525e-22,0.0,0.0,0.0,0.0,0.0,0.0,0.0,0.0,0.0,0.0,0.0,0.0,0.0,0.0,0.0,0.0,0.0,2.75851e-07,0.0,0.0,0.0,0.0,0.0,0.0,0.0,0.0,0.0,0.0,0.0,0.0,0.0,0.0,0.0,0.0,0.0,0.0,0.0,0.0,0.0,0.0,0.0,0.0,0.0,0.0,0.0,0.0,0.0,0.0,0.0,0.0,0.0,0.0,0.0,0.0,0.0,0.0,0.0,0.0,0.0,0.0,0.0,0.0,0.0,0.0,0.0,0.0,0.0,0.0,0.0,0.0,0.0,0.0,0.0,0.0,0.0,0.0,0.0,0.0,0.0,0.0,0.0,0.0,0.0,0.0,0.0,0.0,0.0,0.0,0.0,0.0,0.0,0.0,0.0,0.0,0.0,0.0,0.0,0.0,0.0,0.0,0.0,0.0,0.0,0.0,0.0,0.0,0.0
0.0,0.0,0.0,0.0,0.0,5.96309e-06,3.79484e-22,0.0,0.0,0.0,0.0,0.0,0.0,0.0,0.0,0.0,0.0,0.0,0.0,0.0,0.0,0.0,0.0,0.0,2.59899e-07,0.0,0.0,0.0,0.0,0.0,0.0,0.0,0.0,0.0,0.0,0.0,0.0,0.0,0.0,0.0,0.0,0.0,0.0,0.0,0.0,0.0,0.0,0.0,0.0,0.0,0.0,0.0,0.0,0.0,0.0,0.0,0.0,0.0,0.0,0.0,0.0,0.0,0.0,0.0,0.0,0.0,0.0,0.0,0.0,0.0,0.0,0.0,0.0,0.0,0.0,0.0,0.0,0.0,0.0,0.0,0.0,0.0,0.0,0.0,0.0,0.0,0.0,0.0,0.0,0.0,0.0,0.0,0.0,0.0,0.0,0.0,0.0,0.0,0.0,0.0,0.0,0.0,0.0,0.0,0.0,0.0,0.0,0.0,0.0,0.0,0.0,0.0,0.0,0.0
0.0,0.0,0.0,0.0,0.0,5.94457e-06,3.92525e-22,0.0,0.0,0.0,0.0,0.0,0.0,0.0,0.0,0.0,0.0,0.0,0.0,0.0,0.0,0.0,0.0,0.0,2.84945e-07,0.0,0.0,0.0,0.0,0.0,0.0,0.0,0.0,0.0,0.0,0.0,0.0,0.0,0.0,0.0,0.0,0.0,0.0,0.0,0.0,0.0,0.0,0.0,0.0,0.0,0.0,0.0,0.0,0.0,0.0,0.0,0.0,0.0,0.0,0.0,0.0,0.0,0.0,0.0,0.0,0.0,0.0,0.0,0.0,0.0,0.0,0.0,0.0,0.0,0.0,0.0,0.0,0.0,0.0,0.0,0.0,0.0,0.0,0.0,0.0,0.0,0.0,0.0,0.0,0.0,0.0,0.0,0.0,0.0,0.0,0.0,0.0,0.0,0.0,0.0,0.0,0.0,0.0,0.0,0.0,0.0,0.0,0.0,0.0,0.0,0.0,0.0,0.0,0.0
0.0,0.0,0.0,0.0,0.0,6.01009e-06,3.79484e-22,0.0,0.0,0.0,0.0,0.0,0.0,0.0,0.0,0.0,0.0,0.0,0.0,0.0,0.0,0.0,0.0,0.0,2.91808e-07,0.0,0.0,0.0,0.0,0.0,3.8064e-21,0.0,0.0,0.0,0.0,0.0,0.0,0.0,0.0,0.0,0.0,0.0,0.0,0.0,0.0,0.0,0.0,0.0,0.0,0.0,0.0,0.0,0.0,0.0,0.0,0.0,0.0,0.0,0.0,0.0,0.0,0.0,0.0,0.0,0.0,0.0,0.0,0.0,0.0,0.0,0.0,0.0,0.0,0.0,0.0,0.0,0.0,0.0,0.0,0.0,0.0,0.0,0.0,0.0,0.0,0.0,0.0,0.0,0.0,0.0,0.0,0.0,0.0,0.0,0.0,0.0,0.0,0.0,0.0,0.0,0.0,0.0,0.0,0.0,0.0,0.0,0.0,0.0,0.0,0.0,0.0,0.0,0.0,0.0
0.0,0.0,0.0,0.0,0.0,5.89456e-06,3.92525e-22,0.0,0.0,0.0,0.0,0.0,0.0,0.0,0.0,0.0,0.0,0.0,0.0,0.0,0.0,0.0,0.0,0.0,2.64557e-07,0.0,0.0,0.0,0.0,0.0,0.0,0.0,0.0,0.0,0.0,4.71378e-23,0.0,0.0,0.0,0.0,0.0,0.0,0.0,0.0,0.0,0.0,0.0,0.0,0.0,0.0,0.0,0.0,0.0,0.0,0.0,0.0,0.0,0.0,0.0,0.0,0.0,0.0,0.0,0.0,0.0,0.0,0.0,0.0,0.0,0.0,0.0,0.0,0.0,0.0,0.0,0.0,0.0,0.0,0.0,0.0,0.0,0.0,0.0,0.0,0.0,0.0,0.0,0.0,0.0,0.0,0.0,0.0,0.0,0.0,0.0,0.0,0.0,0.0,0.0,0.0,0.0,0.0,0.0,0.0,0.0,0.0,0.0,0.0,0.0,0.0,0.0,0.0,0.0,0.0
0.0,0.0,0.0,0.0,0.0,5.92138e-06,3.79484e-22,0.0,0.0,0.0,0.0,0.0,0.0,0.0,0.0,0.0,0.0,0.0,0.0,0.0,0.0,0.0,0.0,0.0,2.88019e-07,0.0,0.0,0.0,0.0,0.0,0.0,0.0,0.0,0.0,0.0,0.0,0.0,0.0,0.0,0.0,0.0,0.0,0.0,0.0,0.0,0.0,0.0,0.0,0.0,0.0,0.0,0.0,0.0,0.0,0.0,0.0,0.0,0.0,0.0,0.0,0.0,0.0,0.0,0.0,0.0,0.0,0.0,0.0,0.0,0.0,0.0,0.0,0.0,0.0,0.0,0.0,0.0,0.0,0.0,0.0,0.0,0.0,0.0,0.0,0.0,0.0,0.0,0.0,0.0,0.0,0.0,0.0,0.0,0.0,0.0,0.0,0.0,0.0,0.0,0.0,0.0,0.0,0.0,0.0,0.0,0.0,0.0,0.0,0.0,0.0,0.0,0.0,0.0,0.0
0.0,0.0,0.0,0.0,0.0,5.96622e-06,3.92525e-22,0.0,0.0,0.0,0.0,0.0,0.0,0.0,0.0,0.0,0.0,0.0,0.0,0.0,0.0,0.0,0.0,0.0,2.82976e-07,0.0,0.0,0.0,0.0,0.0,0.0,0.0,0.0,0.0,0.0,0.0,0.0,0.0,0.0,0.0,0.0,0.0,0.0,0.0,0.0,0.0,0.0,0.0,0.0,0.0,0.0,0.0,0.0,0.0,0.0,0.0,0.0,0.0,0.0,0.0,0.0,0.0,0.0,0.0,0.0,0.0,0.0,0.0,0.0,0.0,0.0,0.0,0.0,0.0,0.0,0.0,0.0,0.0,0.0,0.0,0.0,0.0,0.0,0.0,0.0,0.0,0.0,0.0,0.0,0.0,0.0,0.0,0.0,0.0,0.0,0.0,0.0,0.0,0.0,0.0,0.0,0.0,0.0,0.0,0.0,0.0,0.0,0.0,0.0,0.0,0.0,0.0,0.0,0.0
0.0,0.0,0.0,0.0,0.0,5.98717e-06,3.79484e-22,0.0,0.0,0.0,0.0,0.0,0.0,0.0,0.0,0.0,0.0,0.0,0.0,0.0,0.0,0.0,0.0,0.0,2.95515e-07,0.0,0.0,0.0,0.0,0.0,0.0,0.0,0.0,0.0,0.0,0.0,0.0,0.0,0.0,0.0,0.0,0.0,0.0,0.0,0.0,0.0,0.0,0.0,0.0,0.0,0.0,0.0,0.0,0.0,0.0,0.0,0.0,0.0,0.0,0.0,0.0,0.0,0.0,0.0,0.0,0.0,0.0,0.0,0.0,0.0,0.0,0.0,0.0,0.0,0.0,0.0,0.0,0.0,0.0,0.0,0.0,0.0,0.0,0.0,0.0,0.0,0.0,0.0,0.0,0.0,0.0,0.0,0.0,0.0,0.0,0.0,0.0,0.0,0.0,0.0,0.0,0.0,0.0,0.0,0.0,0.0,0.0,0.0,0.0,0.0,0.0,0.0,0.0,0.0
0.0,0.0,0.0,0.0,0.0,5.92335e-06,3.92525e-22,0.0,0.0,0.0,0.0,0.0,0.0,0.0,0.0,0.0,0.0,0.0,0.0,0.0,0.0,0.0,0.0,0.0,2.69363e-07,0.0,0.0,0.0,0.0,0.0,0.0,0.0,0.0,0.0,0.0,0.0,0.0,0.0,0.0,0.0,0.0,0.0,0.0,0.0,0.0,0.0,0.0,0.0,0.0,0.0,0.0,0.0,0.0,0.0,0.0,0.0,0.0,0.0,0.0,0.0,0.0,0.0,0.0,0.0,0.0,0.0,0.0,0.0,0.0,0.0,0.0,0.0,0.0,0.0,0.0,0.0,0.0,0.0,0.0,0.0,0.0,0.0,0.0,0.0,0.0,0.0,0.0,0.0,0.0,0.0,0.0,0.0,0.0,0.0,0.0,0.0,0.0,0.0,0.0,0.0,0.0,0.0,0.0,0.0,0.0,0.0,0.0,0.0,0.0,0.0,0.0,0.0,0.0,0.0
0.0,0.0,0.0,0.0,0.0,5.91032e-06,3.44297e-22,0.0,0.0,0.0,0.0,0.0,0.0,0.0,0.0,0.0,0.0,0.0,0.0,0.0,0.0,0.0,0.0,0.0,2.7754e-07,0.0,0.0,0.0,0.0,0.0,0.0,0.0,0.0,0.0,0.0,0.0,0.0,0.0,0.0,0.0,0.0,0.0,0.0,0.0,0.0,0.0,0.0,0.0,0.0,0.0,0.0,0.0,0.0,0.0,0.0,0.0,0.0,0.0,0.0,0.0,0.0,0.0,0.0,0.0,0.0,0.0,0.0,0.0,0.0,0.0,0.0,0.0,0.0,0.0,0.0,0.0,0.0,0.0,0.0,0.0,0.0,0.0,0.0,0.0,0.0,0.0,0.0,0.0,0.0,0.0,0.0,0.0,0.0,0.0,0.0,0.0,0.0,0.0,0.0,0.0,0.0,0.0,0.0,0.0,0.0,0.0,0.0,0.0,0.0,0.0,0.0,0.0,0.0,0.0
0.0,0.0,0.0,0.0,0.0,5.94765e-06,4.27712e-22,0.0,0.0,0.0,0.0,0.0,0.0,0.0,0.0,0.0,0.0,0.0,0.0,0.0,0.0,0.0,0.0,0.0,2.79407e-07,0.0,0.0,0.0,0.0,0.0,0.0,0.0,0.0,0.0,0.0,0.0,0.0,0.0,0.0,0.0,0.0,0.0,0.0,0.0,0.0,0.0,0.0,0.0,0.0,0.0,0.0,0.0,0.0,0.0,0.0,0.0,0.0,0.0,0.0,0.0,0.0,0.0,0.0,0.0,0.0,0.0,0.0,0.0,0.0,0.0,0.0,0.0,0.0,0.0,0.0,0.0,0.0,0.0,0.0,0.0,0.0,0.0,0.0,0.0,0.0,0.0,0.0,0.0,0.0,0.0,0.0,0.0,0.0,0.0,0.0,0.0,0.0,0.0,0.0,0.0,0.0,0.0,0.0,0.0,0.0,0.0,0.0,0.0,0.0,0.0,0.0,0.0,0.0,0.0
0.0,0.0,0.0,0.0,0.0,5.94946e-06,3.76607e-22,0.0,0.0,0.0,0.0,0.0,0.0,0.0,0.0,0.0,0.0,0.0,0.0,0.0,0.0,0.0,0.0,0.0,2.93763e-07,0.0,0.0,0.0,0.0,0.0,0.0,0.0,0.0,0.0,0.0,0.0,0.0,0.0,0.0,0.0,0.0,0.0,0.0,0.0,0.0,0.0,0.0,0.0,0.0,0.0,0.0,0.0,0.0,0.0,0.0,0.0,0.0,0.0,0.0,0.0,0.0,0.0,0.0,0.0,0.0,0.0,0.0,0.0,0.0,0.0,0.0,0.0,0.0,0.0,0.0,0.0,0.0,0.0,0.0,0.0,0.0,0.0,0.0,0.0,0.0,0.0,0.0,0.0,0.0,0.0,0.0,0.0,0.0,0.0,0.0,0.0,0.0,0.0,0.0,0.0,0.0,0.0,0.0,0.0,0.0,0.0,0.0,0.0,0.0,0.0,0.0,0.0,0.0,0.0
0.0,0.0,0.0,0.0,0.0,5.91099e-06,4.27712e-22,0.0,0.0,0.0,0.0,0.0,0.0,0.0,0.0,0.0,0.0,0.0,0.0,0.0,0.0,0.0,0.0,0.0,2.50994e-07,0.0,0.0,0.0,0.0,0.0,1.84938e-08,0.0,0.0,0.0,0.0,0.0,0.0,0.0,0.0,0.0,0.0,0.0,0.0,0.0,0.0,0.0,0.0,0.0,0.0,0.0,0.0,0.0,0.0,0.0,0.0,0.0,0.0,0.0,0.0,0.0,0.0,0.0,0.0,0.0,0.0,0.0,0.0,0.0,0.0,0.0,0.0,0.0,0.0,0.0,0.0,0.0,0.0,0.0,0.0,0.0,0.0,0.0,0.0,0.0,0.0,0.0,0.0,0.0,0.0,0.0,0.0,0.0,0.0,0.0,0.0,0.0,0.0,0.0,0.0,0.0,0.0,0.0,0.0,0.0,0.0,0.0,0.0,0.0,0.0,0.0,0.0,0.0,0.0,0.0
0.0,0.0,0.0,0.0,0.0,5.98596e-06,3.44297e-22,0.0,0.0,0.0,0.0,0.0,0.0,0.0,0.0,0.0,0.0,0.0,0.0,0.0,0.0,0.0,0.0,0.0,2.79531e-07,0.0,0.0,0.0,0.0,0.0,0.0,0.0,0.0,0.0,0.0,0.0,0.0,0.0,0.0,0.0,0.0,0.0,0.0,0.0,0.0,0.0,0.0,0.0,0.0,0.0,0.0,0.0,0.0,0.0,0.0,0.0,0.0,0.0,0.0,0.0,0.0,0.0,0.0,0.0,0.0,0.0,0.0,0.0,0.0,0.0,0.0,0.0,0.0,0.0,0.0,0.0,0.0,0.0,0.0,0.0,0.0,0.0,0.0,0.0,0.0,0.0,0.0,0.0,0.0,0.0,0.0,0.0,0.0,0.0,0.0,0.0,0.0,0.0,0.0,0.0,0.0,0.0,0.0,0.0,0.0,0.0,0.0,0.0,0.0,0.0,0.0,0.0,0.0,0.0
0.0,0.0,0.0,0.0,0.0,5.90001e-06,4.27712e-22,0.0,0.0,0.0,0.0,0.0,0.0,0.0,0.0,0.0,0.0,0.0,0.0,0.0,0.0,0.0,0.0,0.0,3.05994e-07,0.0,0.0,0.0,0.0,0.0,0.0,0.0,0.0,0.0,0.0,0.0,0.0,0.0,0.0,0.0,0.0,0.0,0.0,3.48491e-22,0.0,0.0,0.0,0.0,0.0,0.0,0.0,0.0,0.0,0.0,0.0,0.0,0.0,0.0,0.0,0.0,0.0,0.0,0.0,0.0,0.0,0.0,0.0,0.0,0.0,0.0,0.0,0.0,0.0,0.0,0.0,0.0,0.0,0.0,0.0,0.0,0.0,0.0,0.0,0.0,0.0,0.0,0.0,0.0,0.0,0.0,0.0,0.0,0.0,0.0,0.0,0.0,0.0,0.0,0.0,0.0,0.0,0.0,0.0,0.0,0.0,0.0,0.0,0.0,0.0,0.0,0.0,0.0,0.0,0.0
0.0,0.0,0.0,0.0,0.0,5.97529e-06,3.44297e-22,0.0,0.0,0.0,1.53668e-08,0.0,0.0,0.0,0.0,0.0,0.0,0.0,0.0,0.0,0.0,0.0,0.0,0.0,2.82061e-07,0.0,0.0,0.0,0.0,0.0,0.0,0.0,0.0,0.0,0.0,0.0,0.0,0.0,0.0,0.0,0.0,0.0,0.0,0.0,0.0,0.0,0.0,0.0,0.0,0.0,0.0,0.0,0.0,0.0,0.0,0.0,0.0,0.0,0.0,0.0,0.0,0.0,0.0,0.0,0.0,0.0,0.0,0.0,0.0,0.0,0.0,0.0,0.0,0.0,0.0,0.0,0.0,0.0,0.0,0.0,0.0,0.0,0.0,0.0,0.0,0.0,0.0,0.0,0.0,0.0,0.0,0.0,0.0,0.0,0.0,0.0,0.0,0.0,0.0,0.0,0.0,0.0,0.0,0.0,0.0,0.0,0.0,0.0,0.0,0.0,0.0,0.0,0.0,0.0
0.0,0.0,0.0,0.0,0.0,5.94659e-06,4.27712e-22,0.0,0.0,0.0,0.0,0.0,0.0,0.0,0.0,0.0,0.0,0.0,0.0,0.0,0.0,0.0,0.0,0.0,2.68785e-07,0.0,0.0,0.0,0.0,0.0,4.61519e-22,0.0,0.0,0.0,0.0,0.0,0.0,0.0,0.0,0.0,0.0,1.71427e-08,0.0,0.0,0.0,0.0,0.0,0.0,0.0,0.0,0.0,0.0,0.0,0.0,0.0,0.0,0.0,0.0,0.0,0.0,0.0,0.0,0.0,0.0,0.0,0.0,0.0,0.0,0.0,0.0,0.0,0.0,0.0,0.0,0.0,0.0,0.0,0.0,0.0,0.0,0.0,0.0,0.0,0.0,0.0,0.0,0.0,0.0,0.0,0.0,0.0,0.0,0.0,0.0,0.0,0.0,0.0,0.0,0.0,0.0,0.0,0.0,0.0,0.0,0.0,0.0,0.0,0.0,0.0,0.0,0.0,0.0,0.0,0.0
