0.0,6.20216e-08,0.00219775,3.84382e-07,0.0,0.0,3.88663e-21,0.0,0.000118528,0.000454744,0.000666392,0.000256827,0.00277404,9.71143e-05,2.33614e-20,1.02522e-06,0.000661509,0.000157112,0.0,0.000142764,0.0068908,0.00236089,7.18861e-20,0.000676659,2.19921e-06,0.00280295,0.0101802,0.0,0.0555162,0.004472,0.168663,0.00037717,0.00425336,4.71929e-05,0.00460728,0.000274222,0.000338976,0.0116054,0.000651484,4.92709e-06,6.23554e-05,0.000101361,1.37184e-05,1.48008e-05,0.0,0.0,0.0,0.0,0.0,0.0,0.0,0.0,0.0,0.0,0.0,0.0,0.0,0.0,0.0,0.0,0.0,0.0,0.0,0.0,0.0,0.0,0.0,0.0,0.0,0.0,0.0,0.0,0.0,0.0,0.0,0.0,0.0,0.0,4.1889e-05,0.0,0.0,0.0,0.0,0.0,0.000365827,3.58113e-05,2.12126e-05,7.62209e-09,0.00133226,0.00683694,0.00451605,1.93852e-05,0.000109293,2.94452e-05,9.28741e-05,0.0858032,0.00151485,0.0449772,0.0894717,0.0201058,0.0289597,0.0160736,0.00344823,0.0,0.0456066,0.0260993,0.00423338,0.0176657,0.0093329,0.0800653,0.00287894,0.00480633,0.0061879,0.0
0.0,6.22068e-08,0.00219793,4.81796e-07,0.0,0.0,3.90255e-21,0.0,0.000118554,0.000454826,0.00066632,0.000256809,0.00277399,9.70838e-05,2.34988e-20,1.02509e-06,0.000661486,0.000157,0.0,0.000142758,0.00689052,0.00236046,7.18759e-20,0.000676599,2.19654e-06,0.00280407,0.0101801,0.0,0.0555171,0.00447226,0.168668,0.000377223,0.00425325,4.7117e-05,0.00460681,0.000274257,0.000338919,0.0116018,0.000651335,4.92863e-06,6.23197e-05,0.000101447,1.37278e-05,1.47752e-05,0.0,0.0,0.0,0.0,0.0,0.0,0.0,0.0,0.0,0.0,0.0,0.0,0.0,0.0,0.0,0.0,0.0,0.0,0.0,0.0,0.0,0.0,0.0,0.0,0.0,0.0,0.0,0.0,0.0,0.0,0.0,0.0,0.0,0.0,4.18668e-05,0.0,0.0,0.0,0.0,0.0,0.00036584,3.5877e-05,2.10928e-05,7.62209e-09,0.00133186,0.0068375,0.00451634,1.94409e-05,0.000109166,2.95056e-05,9.2873e-05,0.085803,0.00151467,0.0449796,0.0894701,0.0201062,0.0289593,0.0160736,0.00344731,0.0,0.0456055,0.0260983,0.00423322,0.0176649,0.00933392,0.080064,0.00287763,0.00480771,0.0061881,0.0
0.0,6.20216e-08,0.00219777,4.11336e-07,0.0,0.0,3.88663e-21,0.0,0.00011854,0.000454701,0.00066641,0.000256799,0.00277413,9.71192e-05,2.33614e-20,1.02579e-06,0.000661533,0.000157004,0.0,0.000142769,0.00689041,0.00236084,7.18861e-20,0.000676667,2.19045e-06,0.00280267,0.0101806,0.0,0.0555183,0.0044716,0.168667,0.000377452,0.00425344,4.7181e-05,0.00460737,0.000274074,0.000338978,0.0116044,0.000651415,4.92895e-06,6.23951e-05,0.000101503,1.37278e-05,1.48061e-05,0.0,0.0,0.0,0.0,0.0,0.0,0.0,0.0,0.0,0.0,0.0,0.0,0.0,0.0,0.0,0.0,0.0,0.0,0.0,0.0,0.0,0.0,0.0,0.0,0.0,0.0,0.0,0.0,0.0,0.0,0.0,0.0,0.0,0.0,4.18955e-05,0.0,0.0,0.0,0.0,0.0,0.000365797,3.58113e-05,2.12126e-05,7.62209e-09,0.00133213,0.00683698,0.0045159,1.93742e-05,0.000109289,2.94653e-05,9.28102e-05,0.0858021,0.00151519,0.0449766,0.0894721,0.0201049,0.028957,0.0160734,0.00344828,0.0,0.0456061,0.026099,0.00423329,0.0176652,0.0093332,0.0800657,0.00287913,0.00480648,0.00618758,0.0
0.0,6.22013e-08,0.00219797,3.9697e-07,0.0,0.0,3.81914e-21,0.0,0.00011852,0.00045481,0.000666362,0.000256766,0.00277408,9.70771e-05,2.33614e-20,1.02476e-06,0.000661537,0.000157022,0.0,0.000142761,0.00689097,0.00236076,7.18759e-20,0.000676719,2.19963e-06,0.0028036,0.0101804,0.0,0.0555153,0.00447166,0.168666,0.000377176,0.0042535,4.72347e-05,0.00460644,0.000274169,0.000339032,0.0116038,0.00065129,4.92863e-06,6.23633e-05,0.000101446,1.37278e-05,1.47677e-05,0.0,0.0,0.0,0.0,0.0,0.0,0.0,0.0,0.0,0.0,0.0,0.0,0.0,0.0,0.0,0.0,0.0,0.0,0.0,0.0,0.0,0.0,0.0,0.0,0.0,0.0,0.0,0.0,0.0,0.0,0.0,0.0,0.0,0.0,4.18675e-05,0.0,0.0,0.0,0.0,0.0,0.000366024,3.5833e-05,2.10928e-05,7.62209e-09,0.00133186,0.00683716,0.00451635,1.93855e-05,0.000109442,2.94092e-05,9.26997e-05,0.0858031,0.00151509,0.044978,0.0894721,0.0201053,0.0289592,0.0160729,0.00344747,0.0,0.0456042,0.0260992,0.00423293,0.0176646,0.0093329,0.0800615,0.0028786,0.00480693,0.00618812,0.0
0.0,6.20892e-08,0.00219781,4.39688e-07,0.0,0.0,3.93486e-21,0.0,0.000118808,0.000454708,0.000666156,0.000256842,0.00277387,9.71121e-05,2.34988e-20,1.02579e-06,0.000661466,0.000157085,0.0,0.00014276,0.00689059,0.00236058,7.18861e-20,0.000676701,2.19921e-06,0.00280318,0.0101804,0.0,0.0555178,0.00447217,0.168665,0.000377102,0.0042532,4.71398e-05,0.00460753,0.000274203,0.000338929,0.0116039,0.000651558,4.92895e-06,6.23423e-05,0.000101312,1.37278e-05,1.48511e-05,0.0,0.0,0.0,0.0,0.0,0.0,0.0,0.0,0.0,0.0,0.0,0.0,0.0,0.0,0.0,0.0,0.0,0.0,0.0,0.0,0.0,0.0,0.0,0.0,0.0,0.0,0.0,0.0,0.0,0.0,0.0,0.0,0.0,0.0,4.18564e-05,0.0,0.0,0.0,0.0,0.0,0.000365737,3.58544e-05,2.12126e-05,7.62209e-09,0.0013322,0.00683745,0.00451614,1.94291e-05,0.000109109,2.94452e-05,9.29103e-05,0.085803,0.00151476,0.0449768,0.0894692,0.0201066,0.0289593,0.016074,0.00344786,0.0,0.045607,0.0260997,0.0042334,0.017666,0.0093331,0.0800662,0.00287786,0.00480693,0.00618751,0.0
0.00203277,1.33137e-07,0.00222302,2.32461e-05,0.0,0.0,3.39827e-21,0.0,0.000154471,0.000531449,0.000718433,0.000326407,0.00184434,0.000135207,2.15749e-20,1.29091e-06,0.000857819,0.000213671,0.0,4.69254e-05,0.00678372,0.00271475,4.43817e-20,0.000274954,1.87328e-09,0.00364993,0.0165691,0.0,0.0692889,0.00459204,0.163725,0.000335014,0.00263044,4.80101e-05,0.00513882,0.000277885,0.000372567,0.0120744,0.000659094,2.32114e-07,7.46937e-05,4.12624e-05,1.40265e-05,1.38999e-05,0.0,0.0,0.0,0.0,0.0,0.0,0.0,0.0,0.0,0.0,0.0,0.0,0.0,0.0,0.0,0.0,0.0,0.0,0.0,0.0,0.0,0.0,0.0,0.0,0.0,0.0,0.0,0.0,0.0,0.0,0.0,0.0,0.0,0.0,3.69624e-05,0.0,0.0,0.0,0.0,0.0,4.29402e-06,2.83515e-05,3.13748e-05,0.0,0.00122917,0.00194158,0.00348526,2.15553e-05,0.000102891,3.10291e-05,7.70485e-05,0.0285958,0.00160463,0.0419059,0.0892932,0.0229506,0.0259918,0.0174695,0.00392336,0.0,0.0529156,0.0278681,0.00495573,0.0198461,0.0101096,0.0786029,0.00422938,0.00541974,0.00722656,0.0
0.00203512,1.33121e-07,0.00222294,2.32488e-05,0.0,0.0,3.39539e-21,0.0,0.000154587,0.000531405,0.000718522,0.000326434,0.00184442,0.0001352,2.15749e-20,1.28801e-06,0.00085777,0.000213539,0.0,4.69317e-05,0.00678403,0.00271509,4.43817e-20,0.000274859,5.66103e-10,0.00365022,0.0165694,0.0,0.0692888,0.00459129,0.163721,0.000335438,0.00263061,4.79237e-05,0.0051395,0.000277517,0.000372547,0.0120725,0.000659274,2.30251e-07,7.4699e-05,4.11836e-05,1.40451e-05,1.39358e-05,0.0,0.0,0.0,0.0,0.0,0.0,0.0,0.0,0.0,0.0,0.0,0.0,0.0,0.0,0.0,0.0,0.0,0.0,0.0,0.0,0.0,0.0,0.0,0.0,0.0,0.0,0.0,0.0,0.0,0.0,0.0,0.0,0.0,0.0,3.69259e-05,0.0,0.0,0.0,0.0,0.0,4.33669e-06,2.8324e-05,3.14961e-05,0.0,0.00122882,0.00194184,0.00348493,2.16118e-05,0.000102727,3.0939e-05,7.69026e-05,0.0285968,0.00160436,0.0419072,0.0892922,0.0229513,0.0259905,0.0174699,0.00392362,0.0,0.0529165,0.0278683,0.00495548,0.0198466,0.0101094,0.0786035,0.00423074,0.00542164,0.00722613,0.0
0.00203825,1.33272e-07,0.00222285,2.32597e-05,0.0,0.0,3.39827e-21,0.0,0.000154605,0.000531425,0.000718169,0.000326373,0.00184444,0.000135223,2.15749e-20,1.28936e-06,0.000857834,0.000213493,0.0,4.69297e-05,0.00678414,0.00271507,4.43817e-20,0.000274855,5.67093e-10,0.00364953,0.016569,0.0,0.0692879,0.00459152,0.163724,0.000335103,0.0026304,4.80191e-05,0.00513957,0.000277606,0.000372575,0.0120739,0.000659173,2.32114e-07,7.46963e-05,4.12248e-05,1.40171e-05,1.39407e-05,0.0,0.0,0.0,0.0,0.0,0.0,0.0,0.0,0.0,0.0,0.0,0.0,0.0,0.0,0.0,0.0,0.0,0.0,0.0,0.0,0.0,0.0,0.0,0.0,0.0,0.0,0.0,0.0,0.0,0.0,0.0,0.0,0.0,0.0,3.69493e-05,0.0,0.0,0.0,0.0,0.0,4.33669e-06,2.834e-05,3.14521e-05,0.0,0.0012284,0.00194183,0.00348486,2.16206e-05,0.00010312,3.09185e-05,7.70551e-05,0.0285967,0.00160477,0.0419064,0.0892922,0.0229518,0.0259899,0.0174692,0.00392354,0.0,0.0529166,0.0278682,0.00495608,0.0198471,0.0101094,0.0786018,0.00422947,0.00542107,0.00722627,0.0
0.00203679,1.32992e-07,0.002223,2.32746e-05,0.0,0.0,3.39539e-21,0.0,0.000154552,0.000531381,0.000718489,0.000326414,0.0018443,0.000135217,2.15749e-20,1.2885e-06,0.000857849,0.000213595,0.0,4.6918e-05,0.00678406,0.00271509,4.43817e-20,0.000274846,5.98016e-10,0.00365003,0.01657,0.0,0.0692886,0.00459128,0.163725,0.000335328,0.00263083,4.79987e-05,0.00513895,0.000277692,0.000372503,0.0120734,0.000659075,2.33655e-07,7.46924e-05,4.1201e-05,1.40451e-05,1.3883e-05,0.0,0.0,0.0,0.0,0.0,0.0,0.0,0.0,0.0,0.0,0.0,0.0,0.0,0.0,0.0,0.0,0.0,0.0,0.0,0.0,0.0,0.0,0.0,0.0,0.0,0.0,0.0,0.0,0.0,0.0,0.0,0.0,0.0,0.0,3.695e-05,0.0,0.0,0.0,0.0,0.0,4.33978e-06,2.83565e-05,3.14521e-05,0.0,0.00122941,0.00194185,0.0034856,2.16117e-05,0.000102806,3.09189e-05,7.68598e-05,0.0285959,0.0016045,0.0419055,0.0892918,0.0229495,0.0259897,0.01747,0.00392382,0.0,0.0529164,0.0278696,0.0049553,0.0198459,0.0101092,0.0786033,0.00423021,0.0054197,0.00722642,0.0
0.00203729,1.33127e-07,0.0022229,2.3235e-05,0.0,0.0,3.47881e-21,0.0,0.000154585,0.000531375,0.000718224,0.000326405,0.00184432,0.000135184,2.17124e-20,1.2892e-06,0.000857772,0.000213571,0.0,4.69318e-05,0.00678357,0.00271482,4.43918e-20,0.00027488,5.64115e-10,0.00364868,0.0165682,0.0,0.0692887,0.00459165,0.163724,0.000335066,0.00263026,4.80345e-05,0.00513934,0.000277567,0.000372582,0.0120739,0.000659247,2.32114e-07,7.47003e-05,4.12134e-05,1.40264e-05,1.39665e-05,0.0,0.0,0.0,0.0,0.0,0.0,0.0,0.0,0.0,0.0,0.0,0.0,0.0,0.0,0.0,0.0,0.0,0.0,0.0,0.0,0.0,0.0,0.0,0.0,0.0,0.0,0.0,0.0,0.0,0.0,0.0,0.0,0.0,0.0,3.69339e-05,0.0,0.0,0.0,0.0,0.0,4.33669e-06,2.83391e-05,3.13948e-05,0.0,0.00122829,0.00194178,0.00348461,2.15447e-05,0.000102949,3.09566e-05,7.70938e-05,0.0285968,0.00160471,0.0419056,0.0892938,0.0229522,0.0259938,0.0174695,0.00392328,0.0,0.052916,0.0278684,0.00495598,0.0198465,0.01011,0.0786017,0.0042298,0.00542035,0.00722571,0.0
0.00203503,1.33156e-07,0.00222313,2.32486e-05,0.0,0.0,3.36308e-21,0.0,0.000154685,0.000531526,0.000718334,0.000326363,0.00184425,0.000135211,2.15749e-20,1.28985e-06,0.000857836,0.000213541,0.0,4.69127e-05,0.0067843,0.00271448,4.43817e-20,0.000274926,5.62223e-10,0.00364973,0.0165695,0.0,0.0692875,0.00459132,0.163723,0.000335431,0.00263074,4.79998e-05,0.00513911,0.000277695,0.000372548,0.0120733,0.000659057,2.32114e-07,7.47069e-05,4.1205e-05,1.40358e-05,1.39451e-05,0.0,0.0,0.0,0.0,0.0,0.0,0.0,0.0,0.0,0.0,0.0,0.0,0.0,0.0,0.0,0.0,0.0,0.0,0.0,0.0,0.0,0.0,0.0,0.0,0.0,0.0,0.0,0.0,0.0,0.0,0.0,0.0,0.0,0.0,3.69372e-05,0.0,0.0,0.0,0.0,0.0,4.33978e-06,2.83724e-05,3.14455e-05,0.0,0.00122934,0.00194162,0.00348501,2.1623e-05,0.000103074,3.09026e-05,7.69676e-05,0.0285959,0.0016047,0.041906,0.0892913,0.0229512,0.0259913,0.0174699,0.00392332,0.0,0.0529166,0.0278691,0.0049562,0.0198465,0.0101098,0.0786034,0.00423025,0.00542096,0.00722674,0.0
0.00203437,1.33092e-07,0.00222286,2.31996e-05,0.0,0.0,3.39539e-21,0.0,0.000154488,0.000531395,0.000718209,0.00032646,0.00184445,0.000135207,2.15749e-20,1.28753e-06,0.000857783,0.000213619,0.0,4.69254e-05,0.00678362,0.00271528,4.43817e-20,0.000274904,5.74971e-10,0.00364901,0.0165688,0.0,0.0692887,0.00459173,0.163723,0.000335121,0.00263071,4.80373e-05,0.00513973,0.000277458,0.000372593,0.0120737,0.000659287,2.30251e-07,7.47095e-05,4.11799e-05,1.40358e-05,1.38906e-05,0.0,0.0,0.0,0.0,0.0,0.0,0.0,0.0,0.0,0.0,0.0,0.0,0.0,0.0,0.0,0.0,0.0,0.0,0.0,0.0,0.0,0.0,0.0,0.0,0.0,0.0,0.0,0.0,0.0,0.0,0.0,0.0,0.0,0.0,3.69395e-05,0.0,0.0,0.0,0.0,0.0,4.33669e-06,2.83182e-05,3.14961e-05,0.0,0.00122843,0.00194192,0.00348522,2.15903e-05,0.000102725,3.09108e-05,7.69314e-05,0.0285964,0.00160504,0.0419074,0.0892946,0.0229514,0.0259887,0.0174695,0.0039236,0.0,0.0529158,0.027868,0.00495548,0.0198467,0.0101095,0.0786021,0.00422953,0.00542081,0.00722616,0.0
0.00203768,1.33088e-07,0.00222292,2.32535e-05,0.0,0.0,3.39827e-21,0.0,0.000154647,0.000531445,0.000718669,0.000326402,0.00184421,0.000135213,2.15749e-20,1.28993e-06,0.000857806,0.000213511,0.0,4.69348e-05,0.00678433,0.00271473,4.43817e-20,0.000274824,6.93069e-10,0.00364968,0.01657,0.0,0.0692901,0.00459161,0.163725,0.000335109,0.00263051,4.80109e-05,0.00513918,0.000277981,0.000372584,0.0120735,0.00065914,2.3398e-07,7.46713e-05,4.1203e-05,1.40358e-05,1.39374e-05,0.0,0.0,0.0,0.0,0.0,0.0,0.0,0.0,0.0,0.0,0.0,0.0,0.0,0.0,0.0,0.0,0.0,0.0,0.0,0.0,0.0,0.0,0.0,0.0,0.0,0.0,0.0,0.0,0.0,0.0,0.0,0.0,0.0,0.0,3.69791e-05,0.0,0.0,0.0,0.0,0.0,4.29402e-06,2.83298e-05,3.14208e-05,0.0,0.00122883,0.00194167,0.00348488,2.15857e-05,0.000102722,3.09228e-05,7.69839e-05,0.0285967,0.00160419,0.0419061,0.0892919,0.0229511,0.025991,0.0174697,0.00392338,0.0,0.0529176,0.0278692,0.00495555,0.0198465,0.0101095,0.0786031,0.00422977,0.00542056,0.00722589,0.0
0.00203769,1.33117e-07,0.00222293,2.32669e-05,0.0,0.0,3.44362e-21,0.0,0.000154656,0.000531376,0.000718293,0.000326383,0.00184434,0.000135195,2.17124e-20,1.28962e-06,0.000857827,0.000213514,0.0,4.69254e-05,0.0067838,0.00271503,4.43817e-20,0.000274828,6.01935e-10,0.00365042,0.0165687,0.0,0.0692881,0.00459133,0.163724,0.000335313,0.00263062,4.78699e-05,0.00513979,0.000277436,0.000372415,0.0120741,0.000659223,2.30248e-07,7.47096e-05,4.12452e-05,1.40358e-05,1.39702e-05,0.0,0.0,0.0,0.0,0.0,0.0,0.0,0.0,0.0,0.0,0.0,0.0,0.0,0.0,0.0,0.0,0.0,0.0,0.0,0.0,0.0,0.0,0.0,0.0,0.0,0.0,0.0,0.0,0.0,0.0,0.0,0.0,0.0,0.0,3.69204e-05,0.0,0.0,0.0,0.0,0.0,4.38245e-06,2.83666e-05,3.13948e-05,0.0,0.00122883,0.00194172,0.00348546,2.16013e-05,0.000102941,3.09508e-05,7.69533e-05,0.0285963,0.00160509,0.0419062,0.0892915,0.0229514,0.0259935,0.0174702,0.00392392,0.0,0.0529163,0.0278681,0.00495565,0.0198469,0.0101093,0.0786024,0.00423016,0.00542138,0.00722658,0.0
0.00203578,1.33108e-07,0.00222281,2.32484e-05,0.0,0.0,3.43058e-21,0.0,0.000154668,0.000531397,0.00071818,0.000326417,0.00184439,0.000135227,2.15749e-20,1.28753e-06,0.000857739,0.000213535,0.0,4.6919e-05,0.00678363,0.00271506,4.43817e-20,0.000274934,5.70101e-10,0.00364967,0.0165688,0.0,0.0692874,0.00459109,0.163724,0.00033551,0.00263039,4.8031e-05,0.0051388,0.000277777,0.00037269,0.0120725,0.000659165,2.30251e-07,7.4695e-05,4.12184e-05,1.40265e-05,1.39084e-05,0.0,0.0,0.0,0.0,0.0,0.0,0.0,0.0,0.0,0.0,0.0,0.0,0.0,0.0,0.0,0.0,0.0,0.0,0.0,0.0,0.0,0.0,0.0,0.0,0.0,0.0,0.0,0.0,0.0,0.0,0.0,0.0,0.0,0.0,3.6973e-05,0.0,0.0,0.0,0.0,0.0,4.29402e-06,2.83449e-05,3.14521e-05,0.0,0.00122852,0.00194205,0.00348453,2.16e-05,0.000102829,3.09286e-05,7.69899e-05,0.0285969,0.0016049,0.0419072,0.0892921,0.0229508,0.0259909,0.0174697,0.0039229,0.0,0.0529161,0.0278699,0.00495643,0.0198465,0.0101098,0.0786033,0.00423006,0.00541984,0.00722596,0.0
0.0287863,2.59076e-07,0.00201582,1.06919e-06,0.0,0.0,4.50639e-21,0.0,0.000127646,0.000408199,0.000722427,0.000291317,0.00229483,0.000135882,1.82769e-20,1.28408e-06,0.000679857,0.000225392,0.0,3.62555e-06,0.0098873,0.000117577,4.39643e-20,0.000216118,0.000119545,0.00294331,0.0194833,0.0,0.033668,0.00410449,0.130959,0.000276344,0.00444884,3.21584e-05,0.00348654,0.000188022,0.000203923,0.00888916,0.000557149,1.01156e-06,8.06036e-05,7.8747e-05,1.1992e-05,1.61943e-05,0.0,0.0,0.0,0.0,0.0,0.0,0.0,0.0,0.0,0.0,0.0,0.0,0.0,0.0,0.0,0.0,0.0,0.0,0.0,0.0,0.0,0.0,0.0,0.0,0.0,0.0,0.0,0.0,0.0,0.0,0.0,0.0,0.0,0.0,4.32039e-05,0.0,0.0,0.0,0.0,0.0,3.6324e-05,9.73432e-06,8.10984e-07,1.99004e-07,0.0012606,0.00457961,0.00209054,3.99333e-06,6.79617e-05,4.39069e-05,3.18691e-05,0.0258505,0.00155835,0.0459909,0.0985803,0.0232888,0.0279711,0.018271,0.00371631,0.0,0.0524063,0.0278464,0.00624556,0.0177915,0.00993562,0.069586,0.00422909,0.00486128,0.00673794,0.0
0.0287884,2.5905e-07,0.00201618,1.03324e-06,0.0,0.0,4.55461e-21,0.0,0.000127742,0.000408216,0.000722396,0.000291464,0.00229503,0.000135901,1.81394e-20,1.28119e-06,0.000679768,0.000225137,0.0,3.6224e-06,0.00988815,0.000117587,4.39541e-20,0.000216421,0.000119511,0.00294351,0.0194839,0.0,0.0336665,0.00410376,0.130958,0.000276572,0.0044491,3.21661e-05,0.00348616,0.000188127,0.000203989,0.00888728,0.000557215,1.07755e-06,8.063e-05,7.85551e-05,1.19734e-05,1.62175e-05,0.0,0.0,0.0,0.0,0.0,0.0,0.0,0.0,0.0,0.0,0.0,0.0,0.0,0.0,0.0,0.0,0.0,0.0,0.0,0.0,0.0,0.0,0.0,0.0,0.0,0.0,0.0,0.0,0.0,0.0,0.0,0.0,0.0,0.0,4.31406e-05,0.0,0.0,0.0,0.0,0.0,3.62514e-05,9.73929e-06,8.42176e-07,1.98907e-07,0.00126154,0.00458038,0.00209039,3.96166e-06,6.76707e-05,4.40759e-05,3.19464e-05,0.0258521,0.00155791,0.0459911,0.0985801,0.0232882,0.0279739,0.0182693,0.00371586,0.0,0.0524059,0.0278483,0.00624622,0.017791,0.00993518,0.0695868,0.00422907,0.00486146,0.00673674,0.0
0.0287874,2.59076e-07,0.00201587,1.06384e-06,0.0,0.0,4.53869e-21,0.0,0.000128237,0.00040824,0.000722234,0.000291313,0.0022948,0.000135894,1.82769e-20,1.2824e-06,0.000679782,0.00022523,0.0,3.62554e-06,0.00988764,0.000117632,4.39643e-20,0.000216201,0.000119475,0.00294369,0.0194826,0.0,0.0336669,0.00410413,0.130962,0.000276245,0.00444919,3.21863e-05,0.00348658,0.000187904,0.000204007,0.00888785,0.000557089,1.01156e-06,8.06036e-05,7.86877e-05,1.1964e-05,1.62135e-05,0.0,0.0,0.0,0.0,0.0,0.0,0.0,0.0,0.0,0.0,0.0,0.0,0.0,0.0,0.0,0.0,0.0,0.0,0.0,0.0,0.0,0.0,0.0,0.0,0.0,0.0,0.0,0.0,0.0,0.0,0.0,0.0,0.0,0.0,4.32756e-05,0.0,0.0,0.0,5.88844e-08,0.0,3.63529e-05,9.72794e-06,8.42176e-07,1.98483e-07,0.00126073,0.00457992,0.00209034,3.98266e-06,6.75225e-05,4.3963e-05,3.19454e-05,0.025851,0.00155813,0.045992,0.0985796,0.0232883,0.0279696,0.0182713,0.00371607,0.0,0.0524073,0.0278473,0.00624569,0.0177913,0.00993559,0.0695843,0.00422974,0.00486151,0.00673873,0.0
0.0287847,2.59232e-07,0.00201595,1.0182e-06,0.0,0.0,4.54157e-21,0.0,0.000127504,0.000408206,0.00072239,0.000291373,0.00229494,0.000135887,1.82769e-20,1.28119e-06,0.000679781,0.000225231,0.0,3.62665e-06,0.00988733,0.000117613,4.39643e-20,0.00021643,0.000119518,0.00294288,0.0194834,0.0,0.0336671,0.0041041,0.130962,0.000276651,0.00444876,3.21355e-05,0.0034859,0.00018808,0.000203958,0.00888716,0.000557079,1.00816e-06,8.05852e-05,7.86076e-05,1.19827e-05,1.6195e-05,0.0,0.0,0.0,0.0,0.0,0.0,0.0,0.0,0.0,0.0,0.0,0.0,0.0,0.0,0.0,0.0,0.0,0.0,0.0,0.0,0.0,0.0,0.0,0.0,0.0,0.0,0.0,0.0,0.0,0.0,0.0,0.0,0.0,0.0,4.3166e-05,0.0,0.0,0.0,0.0,0.0,3.6344e-05,9.75459e-06,8.10984e-07,1.99518e-07,0.00126063,0.0045802,0.00209012,3.95043e-06,6.79694e-05,4.39312e-05,3.19385e-05,0.0258515,0.00155811,0.0459896,0.0985791,0.023289,0.0279747,0.0182698,0.00371653,0.0,0.0524051,0.027848,0.00624585,0.0177918,0.00993556,0.0695859,0.00422901,0.00486074,0.00673705,0.0
0.0287866,2.58998e-07,0.00201596,1.08206e-06,0.0,0.0,4.55461e-21,0.0,0.000127853,0.000408243,0.000722384,0.000291411,0.00229485,0.0001359,1.82769e-20,1.28408e-06,0.000679663,0.000225185,0.0,3.6235e-06,0.00988825,0.000117647,4.39541e-20,0.000216342,0.000119489,0.0029439,0.019483,0.0,0.0336659,0.00410381,0.130959,0.00027661,0.00444879,3.21774e-05,0.00348647,0.00018799,0.000203933,0.00888786,0.000557274,1.07722e-06,8.0634e-05,7.86799e-05,1.19734e-05,1.62177e-05,0.0,0.0,0.0,0.0,0.0,0.0,0.0,0.0,0.0,0.0,0.0,0.0,0.0,0.0,0.0,0.0,0.0,0.0,0.0,0.0,0.0,0.0,0.0,0.0,0.0,0.0,0.0,0.0,0.0,0.0,0.0,0.0,0.0,0.0,4.31449e-05,0.0,0.0,0.0,0.0,0.0,3.63159e-05,9.73847e-06,8.42176e-07,1.98483e-07,0.001261,0.00457994,0.00209038,3.97267e-06,6.76726e-05,4.40677e-05,3.1887e-05,0.0258522,0.00155815,0.0459937,0.0985799,0.0232887,0.0279715,0.0182713,0.00371602,0.0,0.0524074,0.027848,0.00624609,0.0177919,0.00993548,0.0695852,0.00422877,0.00486153,0.00673787,0.0
0.0287912,2.59021e-07,0.00201604,1.04963e-06,0.0,0.0,4.53869e-21,0.0,0.000127604,0.000408167,0.000722399,0.000291362,0.00229491,0.000135907,1.82769e-20,1.28119e-06,0.000679926,0.000225323,0.0,3.62555e-06,0.00988746,0.000117647,4.39643e-20,0.000216196,0.000119525,0.00294366,0.0194827,0.0,0.0336668,0.00410409,0.130961,0.000276529,0.00444888,3.2159e-05,0.00348643,0.000188139,0.000204035,0.0088876,0.000557146,9.44353e-07,8.06195e-05,7.84249e-05,1.19827e-05,1.6195e-05,0.0,0.0,0.0,0.0,0.0,0.0,0.0,0.0,0.0,0.0,0.0,0.0,0.0,0.0,0.0,0.0,0.0,0.0,0.0,0.0,0.0,0.0,0.0,0.0,0.0,0.0,0.0,0.0,0.0,0.0,0.0,0.0,0.0,0.0,4.3247e-05,0.0,0.0,0.0,0.0,0.0,3.6256e-05,9.73371e-06,8.42176e-07,1.98907e-07,0.00126116,0.00457958,0.0020901,3.97081e-06,6.74994e-05,4.39046e-05,3.19421e-05,0.0258521,0.00155774,0.0459904,0.0985781,0.0232876,0.0279714,0.0182709,0.00371549,0.0,0.0524059,0.0278475,0.00624555,0.0177913,0.00993558,0.0695853,0.00422997,0.00486209,0.00673767,0.0
0.0287859,2.59154e-07,0.00201569,1.05441e-06,0.0,0.0,4.55461e-21,0.0,0.000127912,0.000408215,0.000722332,0.000291338,0.00229491,0.000135866,1.81394e-20,1.28119e-06,0.000679799,0.000225283,0.0,3.62554e-06,0.00988783,0.000117578,4.39541e-20,0.000216322,0.000119478,0.0029439,0.0194837,0.0,0.033667,0.00410368,0.13096,0.00027658,0.00444887,3.21092e-05,0.00348607,0.000188013,0.000203963,0.00888911,0.000557175,1.00816e-06,8.06128e-05,7.87934e-05,1.19733e-05,1.62135e-05,0.0,0.0,0.0,0.0,0.0,0.0,0.0,0.0,0.0,0.0,0.0,0.0,0.0,0.0,0.0,0.0,0.0,0.0,0.0,0.0,0.0,0.0,0.0,0.0,0.0,0.0,0.0,0.0,0.0,0.0,0.0,0.0,0.0,0.0,4.30906e-05,0.0,0.0,0.0,0.0,0.0,3.64418e-05,9.74942e-06,8.10984e-07,1.98483e-07,0.00126059,0.00457985,0.00209059,3.98231e-06,6.78741e-05,4.39633e-05,3.19581e-05,0.0258505,0.00155834,0.0459919,0.0985789,0.0232885,0.0279746,0.0182699,0.00371648,0.0,0.0524066,0.0278479,0.00624613,0.0177913,0.00993578,0.0695847,0.00422893,0.0048596,0.00673716,0.0
0.0287852,2.59036e-07,0.00201604,1.04063e-06,0.0,0.0,4.53869e-21,0.0,0.000127889,0.000408242,0.000722314,0.000291407,0.00229496,0.00013591,1.82769e-20,1.28296e-06,0.000679594,0.000225218,0.0,3.6235e-06,0.00988754,0.000117595,4.39643e-20,0.000216266,0.000119514,0.00294331,0.0194834,0.0,0.0336669,0.00410431,0.130959,0.000276502,0.00444923,3.21892e-05,0.00348625,0.000188081,0.000204019,0.00888736,0.000557048,1.07909e-06,8.05865e-05,7.85198e-05,1.19734e-05,1.62121e-05,0.0,0.0,0.0,0.0,0.0,0.0,0.0,0.0,0.0,0.0,0.0,0.0,0.0,0.0,0.0,0.0,0.0,0.0,0.0,0.0,0.0,0.0,0.0,0.0,0.0,0.0,0.0,0.0,0.0,0.0,0.0,0.0,0.0,0.0,4.32532e-05,0.0,0.0,0.0,0.0,0.0,3.6195e-05,9.73846e-06,8.42176e-07,1.99427e-07,0.00126081,0.0045806,0.00208994,3.98321e-06,6.77334e-05,4.40514e-05,3.19091e-05,0.025851,0.00155845,0.0459922,0.0985813,0.0232879,0.0279707,0.0182712,0.00371542,0.0,0.0524067,0.0278485,0.00624601,0.0177914,0.00993472,0.069587,0.00422982,0.00486172,0.00673781,0.0
0.0287885,2.58998e-07,0.00201592,1.05765e-06,0.0,0.0,4.50639e-21,0.0,0.000127974,0.000408152,0.000722425,0.000291367,0.00229487,0.000135888,1.82769e-20,1.28238e-06,0.00067989,0.000225286,0.0,3.62665e-06,0.00988721,0.000117641,4.39643e-20,0.000216275,0.000119544,0.00294404,0.0194837,0.0,0.0336668,0.00410394,0.130961,0.000276736,0.00444869,3.20558e-05,0.00348586,0.000187844,0.000203949,0.0088874,0.00055736,1.00816e-06,8.0609e-05,7.86289e-05,1.19827e-05,1.62208e-05,0.0,0.0,0.0,0.0,0.0,0.0,0.0,0.0,0.0,0.0,0.0,0.0,0.0,0.0,0.0,0.0,0.0,0.0,0.0,0.0,0.0,0.0,0.0,0.0,0.0,0.0,0.0,0.0,0.0,0.0,0.0,0.0,0.0,0.0,4.3193e-05,0.0,0.0,0.0,0.0,0.0,3.64248e-05,9.73371e-06,8.42176e-07,1.9806e-07,0.00126093,0.00457912,0.00209051,3.96075e-06,6.76391e-05,4.39352e-05,3.18193e-05,0.0258524,0.00155742,0.0459913,0.0985785,0.0232889,0.0279725,0.018271,0.00371643,0.0,0.0524073,0.0278471,0.00624596,0.0177916,0.00993567,0.069584,0.00422905,0.00486175,0.00673736,0.0
0.028785,2.59105e-07,0.00201581,1.04352e-06,0.0,0.0,4.5898e-21,0.0,0.000127785,0.000408245,0.000722224,0.00029136,0.00229496,0.000135898,1.82769e-20,1.28289e-06,0.000679837,0.000225249,0.0,3.62665e-06,0.00988804,0.000117583,4.39541e-20,0.000216251,0.000119486,0.00294317,0.0194824,0.0,0.0336675,0.00410414,0.130963,0.000276278,0.00444921,3.22313e-05,0.0034865,0.000188155,0.000204017,0.00888786,0.000557096,1.00815e-06,8.063e-05,7.8619e-05,1.19827e-05,1.61911e-05,0.0,0.0,0.0,0.0,0.0,0.0,0.0,0.0,0.0,0.0,0.0,0.0,0.0,0.0,0.0,0.0,0.0,0.0,0.0,0.0,0.0,0.0,0.0,0.0,0.0,0.0,0.0,0.0,0.0,0.0,0.0,0.0,0.0,0.0,4.32059e-05,0.0,0.0,0.0,0.0,0.0,3.61947e-05,9.75436e-06,8.10984e-07,1.98907e-07,0.00126072,0.00458024,0.00209001,3.97271e-06,6.78763e-05,4.40437e-05,3.19292e-05,0.0258515,0.00155859,0.0459927,0.0985794,0.0232889,0.0279711,0.0182694,0.00371588,0.0,0.0524052,0.0278473,0.00624547,0.0177913,0.00993581,0.0695855,0.00422899,0.00486129,0.00673719,0.0
0.0422291,2.50337e-07,0.00201695,1.87377e-06,0.0,0.0,5.90199e-21,2.07715e-06,0.000197187,0.000749385,0.000734255,0.000546115,0.00281326,0.000142321,1.55285e-20,1.31992e-06,0.000678879,0.000799751,0.0,7.01787e-06,0.0106493,0.00011491,4.656e-20,0.000244963,0.000117986,0.00292037,0.0190378,0.0,0.0246809,0.00656059,0.0965932,0.000138259,0.00784005,0.000181799,0.00472392,0.000226333,0.000542619,0.00941137,0.000853807,1.29787e-05,9.86794e-05,0.00023715,2.74454e-05,4.70249e-05,0.0,4.87416e-08,0.0,0.0,0.0,0.0,0.0,0.0,0.0,0.0,0.0,0.0,0.0,0.0,0.0,0.0,0.0,0.0,0.0,0.0,0.0,0.0,3.08194e-09,0.0,0.0,0.0,0.0,0.0,0.0,0.0,0.0,0.0,0.0,0.0,3.92002e-05,0.0,0.0,0.0,0.0,0.0,0.000101324,5.22061e-06,2.9721e-05,1.10944e-07,0.00176166,0.00504725,0.00229824,3.43023e-07,0.000111978,4.47193e-05,4.48492e-05,0.0119172,0.00263712,0.0509444,0.101671,0.0262711,0.0302995,0.0180294,0.00395463,0.0,0.0535656,0.0283356,0.00673335,0.0201827,0.0167482,0.0511884,0.00466323,0.00477717,0.00645435,0.0
0.042227,2.50235e-07,0.00201701,1.85998e-06,0.0,0.0,5.93718e-21,2.08007e-06,0.000197174,0.000749329,0.000734329,0.000546098,0.00281324,0.000142335,1.56659e-20,1.32288e-06,0.000678859,0.000799423,0.0,7.02535e-06,0.0106497,0.000114976,4.656e-20,0.00024531,0.000118027,0.0029207,0.0190377,0.0,0.0246845,0.00655987,0.0965898,0.000138343,0.00784049,0.000181949,0.00472437,0.000226337,0.000542618,0.00941079,0.000853705,1.29093e-05,9.86529e-05,0.000237053,2.74705e-05,4.69649e-05,0.0,4.90585e-08,0.0,0.0,0.0,0.0,0.0,0.0,0.0,0.0,0.0,0.0,0.0,0.0,0.0,0.0,0.0,0.0,0.0,0.0,0.0,0.0,3.08194e-09,0.0,0.0,0.0,0.0,0.0,0.0,0.0,0.0,0.0,0.0,0.0,3.92609e-05,0.0,0.0,0.0,0.0,0.0,0.000101418,5.22001e-06,2.95952e-05,1.10944e-07,0.00176125,0.00504778,0.00229791,3.42329e-07,0.00011207,4.46572e-05,4.48891e-05,0.0119177,0.0026377,0.0509469,0.101671,0.0262707,0.0302989,0.0180307,0.00395466,0.0,0.0535638,0.0283368,0.00673216,0.0201818,0.0167485,0.0511874,0.00466275,0.00477874,0.00645499,0.0
0.0422294,2.50225e-07,0.00201678,1.8731e-06,0.0,0.0,5.90487e-21,2.08297e-06,0.000196913,0.00074935,0.000734155,0.000546078,0.00281336,0.000142339,1.55285e-20,1.32121e-06,0.000679001,0.000799646,0.0,7.01787e-06,0.0106497,0.000114957,4.656e-20,0.000245123,0.000118031,0.00292028,0.0190375,0.0,0.0246823,0.00656025,0.0965938,0.000138287,0.00784055,0.000181967,0.00472394,0.00022627,0.000542651,0.0094116,0.000853936,1.29768e-05,9.86741e-05,0.000237051,2.74641e-05,4.69645e-05,0.0,4.90701e-08,0.0,0.0,0.0,0.0,0.0,0.0,0.0,0.0,0.0,0.0,0.0,0.0,0.0,0.0,0.0,0.0,0.0,0.0,0.0,0.0,3.08194e-09,0.0,0.0,0.0,0.0,0.0,0.0,0.0,0.0,0.0,0.0,0.0,3.92711e-05,0.0,0.0,0.0,0.0,0.0,0.000101231,5.2146e-06,2.97523e-05,1.11791e-07,0.00176104,0.00504768,0.00229774,3.43353e-07,0.000112347,4.46734e-05,4.47087e-05,0.0119175,0.00263724,0.0509485,0.101669,0.0262715,0.0302958,0.0180292,0.00395434,0.0,0.0535638,0.0283356,0.00673247,0.0201828,0.0167475,0.0511882,0.00466293,0.0047776,0.00645482,0.0
0.0422273,2.50249e-07,0.00201715,1.88618e-06,0.0,0.0,5.93718e-21,2.08007e-06,0.000197185,0.000749292,0.000734115,0.000546108,0.00281332,0.00014231,1.56659e-20,1.32345e-06,0.000679014,0.000799908,0.0,7.02534e-06,0.0106494,0.000114852,4.656e-20,0.000244919,0.000118003,0.00292113,0.0190383,0.0,0.0246828,0.00656037,0.0965914,0.000138494,0.00784023,0.000181949,0.00472404,0.000226463,0.000542576,0.00941069,0.000853723,1.29787e-05,9.86728e-05,0.000237111,2.74774e-05,4.69643e-05,0.0,4.9053e-08,0.0,0.0,0.0,0.0,0.0,0.0,0.0,0.0,0.0,0.0,0.0,0.0,0.0,0.0,0.0,0.0,0.0,0.0,0.0,0.0,3.05668e-09,0.0,0.0,0.0,0.0,0.0,0.0,0.0,0.0,0.0,0.0,0.0,3.9192e-05,0.0,0.0,0.0,0.0,0.0,0.000101284,5.21979e-06,2.96525e-05,1.10944e-07,0.00176235,0.00504763,0.00229811,3.4347e-07,0.00011203,4.46788e-05,4.48482e-05,0.0119181,0.00263746,0.0509463,0.101668,0.0262714,0.0302984,0.0180295,0.00395471,0.0,0.0535638,0.0283352,0.00673257,0.0201813,0.0167481,0.051187,0.00466217,0.00477754,0.0064543,0.0
0.0422289,2.50313e-07,0.00201679,1.85593e-06,0.0,0.0,5.90487e-21,2.08297e-06,0.000197178,0.000749337,0.000734425,0.000546116,0.00281323,0.000142337,1.56659e-20,1.32064e-06,0.000678841,0.000799616,0.0,7.01678e-06,0.0106497,0.000114906,4.656e-20,0.000245096,0.000118003,0.00292002,0.0190382,0.0,0.0246824,0.00656045,0.0965932,0.000138348,0.00784054,0.000182063,0.00472391,0.000226339,0.000542699,0.00941261,0.00085377,1.29752e-05,9.86926e-05,0.000237213,2.74641e-05,4.70021e-05,0.0,4.91161e-08,0.0,0.0,0.0,0.0,0.0,0.0,0.0,0.0,0.0,0.0,0.0,0.0,0.0,0.0,0.0,0.0,0.0,0.0,0.0,0.0,3.08194e-09,0.0,0.0,0.0,0.0,0.0,0.0,0.0,0.0,0.0,0.0,0.0,3.92668e-05,0.0,0.0,0.0,0.0,0.0,0.000101101,5.214e-06,2.96638e-05,1.11367e-07,0.00176088,0.00504761,0.00229768,3.42984e-07,0.000112283,4.48059e-05,4.47724e-05,0.0119176,0.00263756,0.0509464,0.10167,0.0262719,0.0303016,0.0180298,0.00395424,0.0,0.0535649,0.0283356,0.00673267,0.0201825,0.016749,0.0511864,0.00466334,0.00477765,0.0064547,0.0
0.0422294,2.50197e-07,0.00201695,1.89323e-06,0.0,0.0,5.93718e-21,2.07426e-06,0.000197255,0.000749367,0.000734251,0.000546229,0.00281337,0.00014235,1.56659e-20,1.32345e-06,0.000679021,0.000799807,0.0,7.01789e-06,0.0106496,0.000115092,4.656e-20,0.000245292,0.000118029,0.00292037,0.0190382,0.0,0.0246824,0.00656021,0.0965917,0.000138104,0.0078403,0.000182027,0.00472391,0.000226362,0.000542585,0.00941059,0.000853787,1.28455e-05,9.86806e-05,0.000237147,2.74782e-05,4.69604e-05,0.0,4.89436e-08,0.0,0.0,0.0,0.0,0.0,0.0,0.0,0.0,0.0,0.0,0.0,0.0,0.0,0.0,0.0,0.0,0.0,0.0,0.0,0.0,3.08194e-09,0.0,0.0,0.0,0.0,0.0,0.0,0.0,0.0,0.0,0.0,0.0,3.92514e-05,0.0,0.0,0.0,0.0,0.0,0.000101183,5.22699e-06,2.96837e-05,1.10944e-07,0.00176115,0.00504806,0.00229814,3.43339e-07,0.000111918,4.46415e-05,4.48158e-05,0.011918,0.00263724,0.0509471,0.101672,0.0262717,0.0302954,0.0180306,0.00395464,0.0,0.0535636,0.0283366,0.00673264,0.0201825,0.0167472,0.0511877,0.00466319,0.00477809,0.0064549,0.0
0.0422241,2.50235e-07,0.0020169,1.84064e-06,0.0,0.0,5.90487e-21,2.08005e-06,0.000197193,0.000749369,0.000734103,0.000546031,0.00281326,0.000142302,1.55285e-20,1.31943e-06,0.00067895,0.000799617,0.0,7.01897e-06,0.0106495,0.000114822,4.65499e-20,0.000244972,0.000118029,0.00292107,0.0190371,0.0,0.0246834,0.00656038,0.096596,0.000138677,0.00784041,0.00018191,0.00472415,0.000226175,0.000542725,0.0094113,0.000853769,1.29731e-05,9.86781e-05,0.000237147,2.74539e-05,4.70027e-05,0.0,4.89371e-08,0.0,0.0,0.0,0.0,0.0,0.0,0.0,0.0,0.0,0.0,0.0,0.0,0.0,0.0,0.0,0.0,0.0,0.0,0.0,0.0,3.05668e-09,0.0,0.0,0.0,0.0,0.0,0.0,0.0,0.0,0.0,0.0,0.0,3.92988e-05,0.0,0.0,0.0,0.0,0.0,0.000101576,5.214e-06,2.97211e-05,1.10944e-07,0.00176146,0.00504767,0.00229796,3.43506e-07,0.000112264,4.46709e-05,4.4796e-05,0.0119173,0.00263749,0.050947,0.101668,0.0262713,0.0302988,0.01803,0.00395444,0.0,0.0535638,0.0283361,0.00673263,0.0201816,0.0167483,0.051187,0.0046628,0.00477814,0.00645419,0.0
0.0422287,2.50316e-07,0.00201708,1.90485e-06,0.0,0.0,5.93718e-21,2.08589e-06,0.000197012,0.000749337,0.000734242,0.000546133,0.00281321,0.00014233,1.56659e-20,1.32394e-06,0.000678917,0.000799706,0.0,7.02645e-06,0.0106497,0.000114919,4.656e-20,0.000245325,0.000118015,0.00292023,0.0190383,0.0,0.0246822,0.00656024,0.0965922,0.000138392,0.00784071,0.000182004,0.00472426,0.000226372,0.000542544,0.00941094,0.000853861,1.30499e-05,9.86701e-05,0.000237002,2.74655e-05,4.70039e-05,0.0,4.90081e-08,0.0,0.0,0.0,0.0,0.0,0.0,0.0,0.0,0.0,0.0,0.0,0.0,0.0,0.0,0.0,0.0,0.0,0.0,0.0,0.0,3.08194e-09,0.0,0.0,0.0,0.0,0.0,0.0,0.0,0.0,0.0,0.0,0.0,3.91888e-05,0.0,0.0,0.0,0.0,0.0,0.000101199,5.24005e-06,2.96264e-05,1.11367e-07,0.00176144,0.00504733,0.0022979,3.43068e-07,0.000112204,4.46972e-05,4.48345e-05,0.0119175,0.00263724,0.0509458,0.101671,0.026272,0.0302991,0.0180295,0.00395467,0.0,0.0535652,0.0283354,0.00673263,0.0201821,0.0167485,0.0511878,0.00466357,0.00477763,0.0064547,0.0
0.0422277,2.50236e-07,0.00201672,1.85831e-06,0.0,0.0,5.90487e-21,2.07715e-06,0.000197234,0.00074933,0.000734338,0.000546039,0.00281345,0.000142334,1.56659e-20,1.32064e-06,0.000678949,0.000799595,0.0,7.01787e-06,0.0106494,0.000114975,4.656e-20,0.000244892,0.000118027,0.00292026,0.0190371,0.0,0.0246824,0.00656023,0.0965929,0.000137941,0.00784004,0.000182068,0.00472373,0.00022643,0.000542739,0.00941132,0.000853777,1.29055e-05,9.8674e-05,0.000237163,2.74961e-05,4.69879e-05,0.0,4.93019e-08,0.0,0.0,0.0,0.0,0.0,0.0,0.0,0.0,0.0,0.0,0.0,0.0,0.0,0.0,0.0,0.0,0.0,0.0,0.0,0.0,3.08194e-09,0.0,0.0,0.0,0.0,0.0,0.0,0.0,0.0,0.0,0.0,0.0,3.92942e-05,0.0,0.0,0.0,0.0,0.0,0.000101278,5.22061e-06,2.96898e-05,1.10944e-07,0.00176128,0.00504759,0.00229823,3.43303e-07,0.000112226,4.4655e-05,4.47531e-05,0.0119169,0.00263756,0.050949,0.10167,0.0262701,0.0302981,0.0180293,0.00395454,0.0,0.0535635,0.0283364,0.0067319,0.0201827,0.0167478,0.0511874,0.00466257,0.00477852,0.00645446,0.0
0.0422285,2.50196e-07,0.00201706,1.87603e-06,0.0,0.0,5.90199e-21,2.08589e-06,0.000197155,0.000749346,0.000734211,0.000546174,0.00281327,0.000142327,1.56659e-20,1.32226e-06,0.000678902,0.000799671,0.0,7.02535e-06,0.0106497,0.000114906,4.656e-20,0.000245122,0.000117994,0.00292041,0.0190377,0.0,0.024684,0.00656007,0.096593,0.00013866,0.00784066,0.00018184,0.00472394,0.000226262,0.000542602,0.00941147,0.000853763,1.29753e-05,9.86477e-05,0.000237098,2.74308e-05,4.69987e-05,0.0,4.87968e-08,0.0,0.0,0.0,0.0,0.0,0.0,0.0,0.0,0.0,0.0,0.0,0.0,0.0,0.0,0.0,0.0,0.0,0.0,0.0,0.0,3.05668e-09,0.0,0.0,0.0,0.0,0.0,0.0,0.0,0.0,0.0,0.0,0.0,3.92157e-05,0.0,0.0,0.0,0.0,0.0,0.000101134,5.21544e-06,2.96837e-05,1.11367e-07,0.00176125,0.00504823,0.0022979,3.4248e-07,0.00011207,4.4798e-05,4.4864e-05,0.0119182,0.00263747,0.0509465,0.101671,0.0262715,0.0302969,0.0180303,0.00395483,0.0,0.0535653,0.0283356,0.0067322,0.0201818,0.0167483,0.0511867,0.00466275,0.00477761,0.0064547,0.0
0.0503295,1.9157e-07,0.00150147,4.45427e-07,0.0,0.0,1.021e-20,3.01681e-06,8.10284e-05,0.000569437,0.000573765,0.000491721,0.00168412,1.16917e-05,2.7484e-22,3.03581e-07,0.000513118,0.000578261,0.0,2.15793e-06,0.00909405,0.000107442,2.51835e-20,8.21006e-05,7.87629e-05,8.4631e-05,0.0145104,0.0,0.0113382,0.00531204,0.0470077,0.000224915,0.00442077,7.75395e-05,0.00336097,0.000150503,0.000169436,0.00622313,0.000722936,1.02796e-05,5.45784e-05,0.000197376,2.106e-05,3.63279e-05,0.0,4.65655e-09,0.0,0.0,0.0,0.0,0.0,0.0,0.0,0.0,0.0,0.0,0.0,0.0,0.0,0.0,0.0,0.0,0.0,0.0,0.0,0.0,3.78927e-10,0.0,0.0,0.0,0.0,0.0,0.0,0.0,0.0,0.0,0.0,0.0,1.44846e-05,0.0,0.0,0.0,0.0,0.0,5.25765e-05,3.32147e-05,1.28437e-05,5.45809e-07,0.00123255,0.00360452,0.00128784,1.28028e-07,0.000112099,2.96283e-05,3.59658e-05,0.00964403,0.00306073,0.0426942,0.0918681,0.0228774,0.0247191,0.0170853,0.00361903,0.0,0.0515381,0.0264261,0.00564414,0.0144973,0.0115804,0.0408592,0.00355061,0.00416268,0.00494198,0.0
0.0503264,1.91581e-07,0.0015013,4.43336e-07,0.0,0.0,1.00942e-20,3.01974e-06,8.12023e-05,0.000569443,0.000573917,0.000491686,0.0016843,1.16907e-05,4.1226e-22,3.00286e-07,0.000513233,0.000578156,0.0,2.15793e-06,0.00909453,0.000107328,2.51835e-20,8.18628e-05,7.8781e-05,8.47774e-05,0.0145101,0.0,0.0113389,0.00531157,0.0470096,0.000224976,0.00442077,7.74942e-05,0.00336031,0.000150584,0.000169483,0.00622305,0.000722957,1.02725e-05,5.45625e-05,0.000197265,2.10429e-05,3.64261e-05,0.0,4.79695e-09,0.0,0.0,0.0,0.0,0.0,0.0,0.0,0.0,0.0,0.0,0.0,0.0,0.0,0.0,0.0,0.0,0.0,0.0,0.0,0.0,4.04189e-10,0.0,0.0,0.0,0.0,0.0,0.0,0.0,0.0,0.0,0.0,0.0,1.44744e-05,0.0,0.0,0.0,0.0,0.0,5.26979e-05,3.32022e-05,1.27997e-05,5.45101e-07,0.0012324,0.0036056,0.00128735,1.27973e-07,0.000111943,2.9725e-05,3.59509e-05,0.0096447,0.00306131,0.0426948,0.0918666,0.0228778,0.024724,0.0170855,0.00361947,0.0,0.0515371,0.0264254,0.00564413,0.0144975,0.0115805,0.040862,0.00355096,0.00416333,0.00494212,0.0
0.0503292,1.91597e-07,0.00150131,4.40682e-07,0.0,0.0,1.01265e-20,3.01682e-06,8.13483e-05,0.000569422,0.000573836,0.000491788,0.00168417,1.16668e-05,4.1226e-22,3.04794e-07,0.000513039,0.000578227,0.0,2.15792e-06,0.00909346,0.000107492,2.51734e-20,8.17074e-05,7.87753e-05,8.49242e-05,0.0145096,0.0,0.0113388,0.00531145,0.0470123,0.000224785,0.00442129,7.75888e-05,0.00336111,0.000150567,0.000169507,0.00622268,0.000723077,1.02759e-05,5.45427e-05,0.00019734,2.10547e-05,3.62946e-05,0.0,4.7821e-09,0.0,0.0,0.0,0.0,0.0,0.0,0.0,0.0,0.0,0.0,0.0,0.0,0.0,0.0,0.0,0.0,0.0,0.0,0.0,0.0,3.78927e-10,0.0,0.0,0.0,0.0,0.0,0.0,0.0,0.0,0.0,0.0,0.0,1.44201e-05,0.0,0.0,0.0,0.0,0.0,5.26911e-05,3.32268e-05,1.28437e-05,5.46656e-07,0.00123174,0.00360513,0.00128778,1.28439e-07,0.000111968,2.98723e-05,3.61821e-05,0.00964445,0.00306137,0.0426955,0.091871,0.0228777,0.0247198,0.0170853,0.00361995,0.0,0.0515389,0.0264259,0.0056439,0.0144975,0.0115793,0.040859,0.00355067,0.00416286,0.00494172,0.0
0.0503267,1.9161e-07,0.00150142,4.35655e-07,0.0,0.0,1.01265e-20,3.02555e-06,8.113e-05,0.00056953,0.000573924,0.00049178,0.00168414,1.16705e-05,4.1226e-22,3.02392e-07,0.000513268,0.00057809,0.0,2.15793e-06,0.00909417,0.000107329,2.51835e-20,8.21335e-05,7.87956e-05,8.44987e-05,0.0145101,0.0,0.0113392,0.00531227,0.0470096,0.000225188,0.00442051,7.75358e-05,0.0033604,0.00015072,0.000169488,0.00622293,0.000722987,1.02762e-05,5.45547e-05,0.000197289,2.10371e-05,3.6431e-05,0.0,4.54082e-09,0.0,0.0,0.0,0.0,0.0,0.0,0.0,0.0,0.0,0.0,0.0,0.0,0.0,0.0,0.0,0.0,0.0,0.0,0.0,0.0,3.53666e-10,0.0,0.0,0.0,0.0,0.0,0.0,0.0,0.0,0.0,0.0,0.0,1.44584e-05,0.0,0.0,0.0,0.0,0.0,5.25496e-05,3.32364e-05,1.27552e-05,5.46233e-07,0.00123213,0.0036054,0.00128787,1.27983e-07,0.000112313,2.9797e-05,3.58841e-05,0.00964433,0.0030611,0.0426937,0.0918665,0.022878,0.0247199,0.0170863,0.00361913,0.0,0.0515372,0.026425,0.00564407,0.0144974,0.0115799,0.0408593,0.0035511,0.00416322,0.00494191,0.0
0.0503305,1.91581e-07,0.0015014,4.38309e-07,0.0,0.0,1.01265e-20,3.01972e-06,8.12471e-05,0.000569492,0.000573793,0.000491799,0.00168423,1.16771e-05,4.1226e-22,3.01339e-07,0.000513148,0.000578265,0.0,2.15903e-06,0.0090941,0.000107517,2.51835e-20,8.18978e-05,7.87779e-05,8.47219e-05,0.0145101,0.0,0.0113381,0.00531164,0.0470084,0.000224915,0.00442091,7.75848e-05,0.00336061,0.000150345,0.000169501,0.00622396,0.000722898,1.02777e-05,5.45691e-05,0.000197357,2.10424e-05,3.64056e-05,0.0,4.80212e-09,0.0,0.0,0.0,0.0,0.0,0.0,0.0,0.0,0.0,0.0,0.0,0.0,0.0,0.0,0.0,0.0,0.0,0.0,0.0,0.0,3.78927e-10,0.0,0.0,0.0,0.0,0.0,0.0,0.0,0.0,0.0,0.0,0.0,1.44756e-05,0.0,0.0,0.0,0.0,0.0,5.26216e-05,3.32166e-05,1.28309e-05,5.45712e-07,0.00123204,0.00360519,0.00128718,1.27968e-07,0.000112079,2.97393e-05,3.60678e-05,0.00964378,0.00306101,0.0426957,0.0918694,0.0228775,0.024722,0.0170857,0.00361978,0.0,0.0515385,0.0264255,0.00564398,0.0144965,0.0115813,0.0408619,0.00355104,0.00416322,0.00494173,0.0
0.0503255,1.91597e-07,0.00150129,4.43055e-07,0.0,0.0,1.01748e-20,3.01682e-06,8.11944e-05,0.000569415,0.000573775,0.000491764,0.00168417,1.17026e-05,4.1226e-22,3.03017e-07,0.000513134,0.000578084,0.0,2.15683e-06,0.00909365,0.000107369,2.51734e-20,8.18433e-05,7.87612e-05,8.47414e-05,0.0145108,0.0,0.0113394,0.00531178,0.047011,0.000224878,0.00442043,7.76084e-05,0.0033608,0.000150622,0.000169546,0.00622224,0.000722919,1.02725e-05,5.45571e-05,0.000197411,2.10489e-05,3.63681e-05,0.0,4.66146e-09,0.0,0.0,0.0,0.0,0.0,0.0,0.0,0.0,0.0,0.0,0.0,0.0,0.0,0.0,0.0,0.0,0.0,0.0,0.0,0.0,4.04189e-10,0.0,0.0,0.0,0.0,0.0,0.0,0.0,0.0,0.0,0.0,0.0,1.44571e-05,0.0,0.0,0.0,0.0,0.0,5.26311e-05,3.32381e-05,1.28371e-05,5.46656e-07,0.00123234,0.00360546,0.00128779,1.28602e-07,0.000111973,2.9725e-05,3.60441e-05,0.00964407,0.00306076,0.0426942,0.0918697,0.0228762,0.0247188,0.0170866,0.00361966,0.0,0.0515385,0.0264258,0.0056435,0.0144983,0.0115809,0.040859,0.00355063,0.00416315,0.00494182,0.0
0.0503293,1.9162e-07,0.00150131,4.33282e-07,0.0,0.0,1.01265e-20,3.01973e-06,8.13333e-05,0.000569475,0.000573919,0.000491719,0.00168422,1.16936e-05,4.1226e-22,3.02392e-07,0.000513168,0.000578277,0.0,2.15903e-06,0.00909518,0.00010739,2.51835e-20,8.16898e-05,7.87818e-05,8.47872e-05,0.0145086,0.0,0.0113382,0.0053117,0.0470105,0.000224718,0.00442117,7.7589e-05,0.00336033,0.000150738,0.000169404,0.0062235,0.000722959,1.03471e-05,5.45415e-05,0.000197165,2.10488e-05,3.63509e-05,0.0,4.7821e-09,0.0,0.0,0.0,0.0,0.0,0.0,0.0,0.0,0.0,0.0,0.0,0.0,0.0,0.0,0.0,0.0,0.0,0.0,0.0,0.0,3.53666e-10,0.0,0.0,0.0,0.0,0.0,0.0,0.0,0.0,0.0,0.0,0.0,1.44258e-05,0.0,0.0,0.0,0.0,0.0,5.26748e-05,3.32317e-05,1.28125e-05,5.45622e-07,0.0012327,0.00360526,0.00128738,1.26254e-07,0.000112071,2.97408e-05,3.59623e-05,0.00964358,0.00306145,0.042695,0.0918661,0.0228785,0.0247236,0.0170853,0.00361955,0.0,0.0515381,0.0264261,0.00564392,0.0144969,0.0115803,0.0408609,0.00355092,0.00416282,0.00494159,0.0
0.0503284,1.91493e-07,0.00150152,4.50736e-07,0.0,0.0,1.00942e-20,3.02265e-06,8.10998e-05,0.000569451,0.000573955,0.000491768,0.00168423,1.16764e-05,2.7484e-22,3.04305e-07,0.000513125,0.000578107,0.0,2.15903e-06,0.00909354,0.000107505,2.51835e-20,8.18356e-05,7.8791e-05,8.50817e-05,0.0145113,0.0,0.0113385,0.00531195,0.0470079,0.000225017,0.00442068,7.75479e-05,0.00336092,0.000150333,0.000169597,0.00622312,0.000723093,1.02068e-05,5.45863e-05,0.000197326,2.10371e-05,3.63611e-05,0.0,4.78324e-09,0.0,0.0,0.0,0.0,0.0,0.0,0.0,0.0,0.0,0.0,0.0,0.0,0.0,0.0,0.0,0.0,0.0,0.0,0.0,0.0,3.78927e-10,0.0,0.0,0.0,0.0,0.0,0.0,0.0,0.0,0.0,0.0,0.0,1.44724e-05,0.0,0.0,0.0,0.0,0.0,5.27039e-05,3.32115e-05,1.28309e-05,5.45712e-07,0.00123223,0.00360488,0.00128777,1.28137e-07,0.000112154,2.98762e-05,3.59258e-05,0.00964466,0.00306123,0.0426942,0.0918695,0.0228777,0.0247193,0.0170856,0.00361976,0.0,0.0515377,0.026426,0.00564374,0.0144978,0.0115805,0.0408601,0.00355077,0.00416278,0.004942,0.0
0.0503273,1.91636e-07,0.00150135,4.35655e-07,0.0,0.0,1.01265e-20,3.01973e-06,8.12966e-05,0.000569425,0.000573624,0.000491763,0.00168424,1.16938e-05,4.1226e-22,3.01828e-07,0.000513207,0.000578197,0.0,2.15793e-06,0.00909374,0.000107254,2.51734e-20,8.21585e-05,7.87677e-05,8.46513e-05,0.0145094,0.0,0.0113392,0.00531166,0.0470093,0.000224927,0.00442088,7.74823e-05,0.00336031,0.000150773,0.000169471,0.00622319,0.000722968,1.02781e-05,5.45308e-05,0.000197185,2.10507e-05,3.64221e-05,0.0,4.53591e-09,0.0,0.0,0.0,0.0,0.0,0.0,0.0,0.0,0.0,0.0,0.0,0.0,0.0,0.0,0.0,0.0,0.0,0.0,0.0,0.0,3.78927e-10,0.0,0.0,0.0,0.0,0.0,0.0,0.0,0.0,0.0,0.0,0.0,1.44542e-05,0.0,0.0,0.0,0.0,0.0,5.26652e-05,3.32373e-05,1.28125e-05,5.46656e-07,0.00123212,0.00360578,0.00128769,1.28247e-07,0.000112255,2.96321e-05,3.61512e-05,0.00964437,0.00306087,0.0426946,0.0918691,0.0228776,0.0247204,0.0170856,0.00361929,0.0,0.0515375,0.0264251,0.00564413,0.014497,0.0115799,0.0408614,0.00355136,0.00416273,0.00494193,0.0
0.0503273,1.91542e-07,0.00150125,4.33282e-07,0.0,0.0,1.021e-20,3.01682e-06,8.12332e-05,0.000569488,0.00057399,0.000491826,0.00168422,1.16634e-05,4.1226e-22,3.01828e-07,0.000513155,0.000578219,0.0,2.15903e-06,0.00909409,0.000107453,2.51835e-20,8.17678e-05,7.87641e-05,8.45888e-05,0.0145105,0.0,0.0113385,0.00531175,0.0470124,0.000224968,0.00442064,7.76235e-05,0.00336088,0.000150617,0.000169503,0.00622302,0.000723064,1.02777e-05,5.4585e-05,0.000197571,2.10489e-05,3.62534e-05,0.0,4.78324e-09,0.0,0.0,0.0,0.0,0.0,0.0,0.0,0.0,0.0,0.0,0.0,0.0,0.0,0.0,0.0,0.0,0.0,0.0,0.0,0.0,3.78927e-10,0.0,0.0,0.0,0.0,0.0,0.0,0.0,0.0,0.0,0.0,0.0,1.44673e-05,0.0,0.0,0.0,0.0,0.0,5.24957e-05,3.32172e-05,1.28437e-05,5.46233e-07,0.00123187,0.0036052,0.0012877,1.28213e-07,0.00011164,2.97531e-05,3.5973e-05,0.00964366,0.00306125,0.0426952,0.0918679,0.022877,0.0247214,0.0170862,0.00361945,0.0,0.0515382,0.0264258,0.00564408,0.0144972,0.0115803,0.0408592,0.0035512,0.00416297,0.00494163,0.0
0.0405086,2.1362e-07,0.00127896,5.68039e-07,0.0,0.0,4.21081e-21,3.54338e-06,0.000121099,0.000492336,0.000498258,0.000377126,0.00143537,5.97308e-06,1.3742e-22,2.7131e-07,0.000268433,0.000469293,0.0,2.30739e-06,0.00748895,0.000144946,1.96562e-20,0.000219875,0.000106569,0.000773027,0.0064176,0.0,0.0149554,0.00490385,0.0272239,0.000126803,0.00608324,0.000119074,0.00285398,0.0001416,0.000344085,0.00555901,0.000678401,1.07054e-05,5.0881e-05,0.000177178,2.42397e-05,3.0512e-05,0.0,4.69653e-08,0.0,0.0,0.0,0.0,0.0,0.0,0.0,0.0,0.0,0.0,0.0,0.0,0.0,0.0,0.0,0.0,0.0,0.0,0.0,4.12559e-23,2.12199e-09,0.0,0.0,0.0,0.0,0.0,0.0,0.0,0.0,0.0,0.0,0.0,2.71965e-05,0.0,0.0,0.0,0.0,0.0,5.20109e-05,1.28135e-06,0.0,2.00865e-07,0.00014183,0.00186355,0.00029713,2.15242e-09,6.37774e-05,2.94155e-05,1.46379e-05,0.00970196,0.00191032,0.03782,0.0883586,0.0214781,0.0223856,0.0140413,0.00346225,0.0,0.044816,0.0246563,0.00515852,0.0128505,0.00993992,0.0303468,0.00281202,0.00291741,0.00408984,0.0
0.0405097,2.13459e-07,0.0012786,5.4946e-07,0.0,0.0,4.25904e-21,3.54921e-06,0.000120762,0.000492368,0.000498239,0.000377181,0.00143536,5.99326e-06,0.0,2.70047e-07,0.000268297,0.000469205,0.0,2.31493e-06,0.00748858,0.000145201,1.96562e-20,0.000219733,0.000106533,0.000772832,0.00641796,0.0,0.014954,0.00490362,0.0272278,0.000127207,0.00608297,0.00011899,0.00285396,0.000141428,0.0003442,0.00555876,0.000678514,1.0773e-05,5.08863e-05,0.000177352,2.42704e-05,3.04136e-05,0.0,4.68552e-08,0.0,0.0,0.0,0.0,0.0,0.0,0.0,0.0,0.0,0.0,0.0,0.0,0.0,0.0,0.0,0.0,0.0,0.0,0.0,3.43799e-23,2.14726e-09,0.0,0.0,0.0,0.0,0.0,0.0,0.0,0.0,0.0,0.0,0.0,2.71804e-05,0.0,0.0,0.0,0.0,0.0,5.18523e-05,1.25965e-06,0.0,2.00865e-07,0.000142492,0.00186354,0.000297427,2.27007e-09,6.35757e-05,2.93279e-05,1.47056e-05,0.0097017,0.00190975,0.0378186,0.088361,0.0214768,0.0223859,0.0140412,0.0034621,0.0,0.0448162,0.0246583,0.00515874,0.0128509,0.00993949,0.0303491,0.00281255,0.00291678,0.00408955,0.0
0.0405098,2.13591e-07,0.00127894,5.53768e-07,0.0,0.0,4.25904e-21,3.54048e-06,0.000120954,0.000492426,0.000498107,0.000377091,0.00143543,5.98833e-06,0.0,2.71235e-07,0.0002683,0.000469271,0.0,2.31493e-06,0.00748916,0.000145035,1.96562e-20,0.000220139,0.000106528,0.00077376,0.00641816,0.0,0.0149546,0.00490396,0.0272234,0.000126826,0.00608331,0.000118995,0.00285443,0.000141574,0.00034417,0.00555927,0.00067858,1.07039e-05,5.08719e-05,0.000177224,2.42602e-05,3.04657e-05,0.0,4.66229e-08,0.0,0.0,0.0,0.0,0.0,0.0,0.0,0.0,0.0,0.0,0.0,0.0,0.0,0.0,0.0,0.0,0.0,0.0,0.0,4.12559e-23,2.09673e-09,0.0,0.0,0.0,0.0,0.0,0.0,0.0,0.0,0.0,0.0,0.0,2.73012e-05,0.0,0.0,0.0,0.0,0.0,5.19356e-05,1.25447e-06,0.0,2.00345e-07,0.000142168,0.00186373,0.000297255,2.39957e-09,6.35233e-05,2.94268e-05,1.45583e-05,0.00970209,0.00191038,0.0378193,0.0883576,0.0214766,0.0223869,0.0140422,0.003462,0.0,0.0448153,0.0246571,0.00515899,0.0128499,0.00994119,0.0303449,0.00281208,0.0029172,0.00408953,0.0
0.0405113,2.13536e-07,0.00127884,5.60639e-07,0.0,0.0,4.25904e-21,3.54629e-06,0.000120998,0.000492378,0.000498179,0.000377172,0.00143547,5.98396e-06,1.3742e-22,2.69558e-07,0.000268437,0.000469356,0.0,2.30959e-06,0.00748856,0.00014504,1.96664e-20,0.000219893,0.000106543,0.000773311,0.00641725,0.0,0.0149545,0.00490403,0.0272251,0.000127247,0.00608259,0.000119069,0.00285361,0.000141496,0.000344167,0.00555864,0.000678381,1.07767e-05,5.08692e-05,0.000177189,2.42514e-05,3.04943e-05,0.0,4.66313e-08,0.0,0.0,0.0,0.0,0.0,0.0,0.0,0.0,0.0,0.0,0.0,0.0,0.0,0.0,0.0,0.0,0.0,0.0,0.0,4.12559e-23,2.14726e-09,0.0,0.0,0.0,0.0,0.0,0.0,0.0,0.0,0.0,0.0,0.0,2.72322e-05,0.0,0.0,0.0,0.0,0.0,5.17923e-05,1.28135e-06,0.0,2.01289e-07,0.000142408,0.00186379,0.000297451,2.30917e-09,6.35558e-05,2.92236e-05,1.47389e-05,0.00970152,0.0019102,0.0378199,0.0883592,0.0214767,0.0223851,0.0140418,0.00346226,0.0,0.0448168,0.024657,0.00515854,0.01285,0.0099394,0.0303475,0.00281273,0.00291747,0.00408911,0.0
0.0405073,2.13406e-07,0.00127886,5.68921e-07,0.0,0.0,4.29422e-21,3.54046e-06,0.000121003,0.000492355,0.000498209,0.000377095,0.0014354,5.97819e-06,0.0,2.7131e-07,0.000268266,0.000469119,0.0,2.31384e-06,0.00748859,0.000145127,1.96562e-20,0.000219899,0.000106546,0.000773312,0.00641819,0.0,0.0149553,0.00490394,0.0272255,0.000126883,0.0060829,0.000119138,0.00285409,0.000141585,0.000344224,0.0055586,0.000678403,1.07767e-05,5.08797e-05,0.000177185,2.42517e-05,3.04385e-05,0.0,4.67007e-08,0.0,0.0,0.0,0.0,0.0,0.0,0.0,0.0,0.0,0.0,0.0,0.0,0.0,0.0,0.0,0.0,0.0,0.0,0.0,4.12559e-23,2.14726e-09,0.0,0.0,0.0,0.0,0.0,0.0,0.0,0.0,0.0,0.0,0.0,2.72047e-05,0.0,0.0,0.0,0.0,0.0,5.20027e-05,1.25447e-06,0.0,2.00442e-07,0.000141735,0.00186359,0.000297139,2.46861e-09,6.36671e-05,2.94351e-05,1.45354e-05,0.00970227,0.00190994,0.037819,0.0883586,0.0214775,0.0223842,0.0140415,0.00346195,0.0,0.0448155,0.0246584,0.00515823,0.0128506,0.00993987,0.0303472,0.00281329,0.00291718,0.00408964,0.0
0.0405078,2.13542e-07,0.00127883,5.49731e-07,0.0,0.0,4.25904e-21,3.5463e-06,0.000121155,0.000492425,0.000498289,0.000377156,0.0014355,6.00459e-06,1.3742e-22,2.69972e-07,0.000268375,0.000469263,0.0,2.31274e-06,0.00748919,0.000144954,1.96562e-20,0.000219763,0.000106521,0.000773332,0.0064186,0.0,0.0149542,0.00490379,0.0272257,0.000126941,0.00608349,0.000119013,0.00285388,0.000141494,0.000344086,0.00555947,0.00067857,1.07054e-05,5.0893e-05,0.000177365,2.42701e-05,3.04992e-05,0.0,4.67189e-08,0.0,0.0,0.0,0.0,0.0,0.0,0.0,0.0,0.0,0.0,0.0,0.0,0.0,0.0,0.0,0.0,0.0,0.0,0.0,4.12559e-23,2.09673e-09,0.0,0.0,0.0,0.0,0.0,0.0,0.0,0.0,0.0,0.0,0.0,2.72373e-05,0.0,0.0,0.0,0.0,0.0,5.17032e-05,1.25304e-06,0.0,2.01289e-07,0.000142591,0.00186359,0.000297399,2.59547e-09,6.35057e-05,2.92836e-05,1.46073e-05,0.00970067,0.00191027,0.0378186,0.0883593,0.0214769,0.0223862,0.014041,0.00346229,0.0,0.0448172,0.0246569,0.00515908,0.0128504,0.0099399,0.0303466,0.00281279,0.00291696,0.00408925,0.0
0.0405092,2.13693e-07,0.00127887,5.65666e-07,0.0,0.0,4.25904e-21,3.54631e-06,0.000120952,0.000492403,0.000498216,0.000377187,0.00143535,5.95597e-06,0.0,2.7131e-07,0.000268311,0.00046925,0.0,2.31178e-06,0.00748922,0.000144999,1.96562e-20,0.000220035,0.00010655,0.000773373,0.00641661,0.0,0.0149552,0.00490396,0.0272246,0.000127147,0.00608293,0.000118983,0.00285452,0.000141463,0.000344214,0.00555925,0.000678511,1.07748e-05,5.08798e-05,0.000177318,2.42704e-05,3.03696e-05,0.0,4.66436e-08,0.0,0.0,0.0,0.0,0.0,0.0,0.0,0.0,0.0,0.0,0.0,0.0,0.0,0.0,0.0,0.0,0.0,0.0,0.0,3.43799e-23,2.14726e-09,0.0,0.0,0.0,0.0,0.0,0.0,0.0,0.0,0.0,0.0,0.0,2.72117e-05,0.0,0.0,0.0,0.0,0.0,5.20644e-05,1.28195e-06,0.0,2.00768e-07,0.000142069,0.00186352,0.000297303,2.73014e-09,6.36466e-05,2.94293e-05,1.4714e-05,0.00970258,0.00190961,0.0378191,0.0883592,0.021477,0.0223885,0.0140415,0.00346221,0.0,0.0448144,0.0246571,0.00515884,0.0128501,0.00994061,0.0303474,0.00281286,0.00291678,0.00408965,0.0
0.0405077,2.13542e-07,0.00127874,5.69352e-07,0.0,0.0,4.25904e-21,3.54629e-06,0.000120871,0.000492369,0.000498269,0.000377077,0.00143552,5.99268e-06,0.0,2.70047e-07,0.000268338,0.000469293,0.0,2.31384e-06,0.00748818,0.000145095,1.96562e-20,0.000219991,0.000106546,0.000773,0.00641849,0.0,0.0149547,0.00490372,0.0272261,0.000127038,0.0060828,0.000119235,0.00285395,0.000141775,0.000344167,0.00555839,0.000678509,1.07076e-05,5.08732e-05,0.000177208,2.42328e-05,3.05347e-05,0.0,4.69616e-08,0.0,0.0,0.0,0.0,0.0,0.0,0.0,0.0,0.0,0.0,0.0,0.0,0.0,0.0,0.0,0.0,0.0,0.0,0.0,4.12559e-23,2.09673e-09,0.0,0.0,0.0,0.0,0.0,0.0,0.0,0.0,0.0,0.0,0.0,2.72301e-05,0.0,0.0,0.0,0.0,0.0,5.18249e-05,1.26108e-06,0.0,2.00442e-07,0.000141799,0.00186352,0.00029744,2.13323e-09,6.35786e-05,2.93162e-05,1.46095e-05,0.00970168,0.00191027,0.0378199,0.0883593,0.0214769,0.0223839,0.0140414,0.00346216,0.0,0.0448167,0.0246569,0.00515839,0.0128502,0.0099402,0.0303461,0.00281129,0.00291667,0.00408932,0.0
0.0405103,2.13497e-07,0.00127884,5.61711e-07,0.0,0.0,4.25904e-21,3.54338e-06,0.000121143,0.000492357,0.000498103,0.000377169,0.00143544,5.9901e-06,1.3742e-22,2.70746e-07,0.000268414,0.000469227,0.0,2.31384e-06,0.00748933,0.000145033,1.96562e-20,0.000219731,0.000106531,0.000773223,0.00641801,0.0,0.0149557,0.00490356,0.0272241,0.000127114,0.00608284,0.000118921,0.00285396,0.000141428,0.0003441,0.00555892,0.000678507,1.0773e-05,5.08955e-05,0.000177249,2.42754e-05,3.04341e-05,0.0,4.67805e-08,0.0,0.0,0.0,0.0,0.0,0.0,0.0,0.0,0.0,0.0,0.0,0.0,0.0,0.0,0.0,0.0,0.0,0.0,0.0,4.12559e-23,2.14726e-09,0.0,0.0,0.0,0.0,0.0,0.0,0.0,0.0,0.0,0.0,0.0,2.72125e-05,0.0,0.0,0.0,0.0,0.0,5.17694e-05,1.25964e-06,0.0,2.01289e-07,0.000141428,0.00186406,0.000297309,2.26567e-09,6.36038e-05,2.92986e-05,1.4689e-05,0.00970211,0.00191006,0.0378203,0.0883591,0.021477,0.0223864,0.0140415,0.00346197,0.0,0.0448158,0.0246577,0.00515873,0.012851,0.00993923,0.0303482,0.00281301,0.00291673,0.00408928,0.0
0.0405095,2.13514e-07,0.00127877,5.53429e-07,0.0,0.0,4.29422e-21,3.54338e-06,0.000120996,0.000492362,0.000498224,0.000377123,0.00143539,5.99309e-06,0.0,2.69558e-07,0.000268209,0.000469364,0.0,2.31068e-06,0.00748822,0.000145005,1.96562e-20,0.000219792,0.000106542,0.000773182,0.00641762,0.0,0.0149532,0.00490413,0.0272256,0.00012692,0.00608348,0.000119085,0.00285411,0.000141538,0.000344179,0.00555941,0.000678444,1.07054e-05,5.08731e-05,0.000177297,2.42685e-05,3.04413e-05,0.0,4.64929e-08,0.0,0.0,0.0,0.0,0.0,0.0,0.0,0.0,0.0,0.0,0.0,0.0,0.0,0.0,0.0,0.0,0.0,0.0,0.0,4.12559e-23,2.12199e-09,0.0,0.0,0.0,0.0,0.0,0.0,0.0,0.0,0.0,0.0,0.0,2.71801e-05,0.0,0.0,0.0,0.0,0.0,5.20656e-05,1.27558e-06,0.0,2.01289e-07,0.000142541,0.0018638,0.000297116,2.42963e-09,6.35579e-05,2.93433e-05,1.46448e-05,0.00970152,0.00190986,0.0378184,0.0883596,0.021477,0.0223852,0.0140416,0.00346214,0.0,0.044817,0.0246572,0.00515904,0.0128505,0.00993971,0.030346,0.00281228,0.00291782,0.00408971,0.0
0.0264214,1.96635e-07,0.000944014,5.97292e-07,0.0,5.05507e-06,4.46852e-21,3.90705e-06,7.13485e-05,0.000731823,0.000309315,0.000357322,0.0010128,3.00622e-07,2.7484e-22,1.74805e-07,0.000171354,0.00044811,0.0,1.64935e-06,0.00584426,0.000127329,1.40474e-20,0.000121606,6.54161e-05,0.000330102,0.00435914,0.0,0.0110085,0.00382717,0.00391653,3.95797e-05,0.00477766,9.72756e-05,0.00207282,7.87537e-05,0.000232989,0.00247757,0.000544596,8.72574e-06,3.94825e-05,0.000150702,1.78274e-05,2.89544e-05,0.0,3.87549e-08,0.0,0.0,0.0,0.0,6.72162e-22,5.79776e-22,0.0,0.0,0.0,3.06857e-21,0.0,0.0,4.93516e-21,8.7222e-21,0.0,0.0,0.0,1.5648e-21,0.0,8.7325e-22,0.0,0.0,0.0,0.0,0.0,0.0,0.0,0.0,2.15413e-05,2.4477e-20,5.94332e-10,1.51175e-21,8.9732e-05,9.09585e-06,2.95596e-07,0.0,0.000388737,0.000125604,0.000103992,5.82016e-06,1.13254e-05,3.78949e-06,0.000151763,0.00153872,0.000226682,4.54214e-08,2.12682e-05,1.17598e-05,3.28687e-06,0.0049762,0.00143046,0.0302435,0.0755955,0.0171904,0.0163038,0.0107125,0.00252773,0.0,0.0350641,0.0200306,0.00401744,0.0072833,0.00715975,0.0208284,0.00219717,0.00217799,0.00281378,0.0
0.0264134,1.9668e-07,0.000943884,5.85105e-07,0.0,5.09525e-06,4.43621e-21,3.90992e-06,7.15119e-05,0.000731849,0.000309275,0.000357203,0.00101269,3.10115e-07,1.3742e-22,1.74217e-07,0.000171193,0.000447923,0.0,1.6451e-06,0.0058424,0.000127323,1.40372e-20,0.000121468,6.54308e-05,0.000331317,0.00435977,0.0,0.0110084,0.00382719,0.00391699,3.93318e-05,0.00477701,9.71875e-05,0.00207281,7.86089e-05,0.000232948,0.00247867,0.000544253,8.72235e-06,3.95087e-05,0.000150706,1.78383e-05,2.8962e-05,0.0,3.84462e-08,0.0,0.0,0.0,0.0,6.77455e-22,5.68181e-22,0.0,0.0,0.0,3.07558e-21,0.0,0.0,4.91787e-21,8.72345e-21,0.0,0.0,0.0,1.565e-21,0.0,8.87002e-22,0.0,0.0,0.0,0.0,0.0,0.0,0.0,0.0,2.16104e-05,2.44771e-20,5.74521e-10,1.49086e-21,8.96389e-05,9.08528e-06,2.97712e-07,0.0,0.000389041,0.000125394,0.000103736,5.80524e-06,1.13552e-05,3.78498e-06,0.000151636,0.00153865,0.000226793,4.59967e-08,2.12536e-05,1.16665e-05,3.36101e-06,0.00497674,0.00143062,0.0302424,0.0755971,0.0171898,0.0162999,0.0107123,0.00252724,0.0,0.0350655,0.0200307,0.00401771,0.00728376,0.00715871,0.0208266,0.00219826,0.00217927,0.00281415,0.0
0.0264178,1.96636e-07,0.00094416,6.00186e-07,0.0,5.086e-06,4.5037e-21,3.90122e-06,7.12265e-05,0.000731814,0.000309257,0.00035729,0.00101264,3.10901e-07,2.7484e-22,1.7473e-07,0.000171297,0.000448062,0.0,1.644e-06,0.00584304,0.00012735,1.40474e-20,0.000120849,6.53998e-05,0.000330571,0.00435888,0.0,0.0110081,0.00382679,0.00391604,3.95729e-05,0.00477775,9.71352e-05,0.00207255,7.85261e-05,0.000232951,0.00247741,0.0005445,8.73135e-06,3.94956e-05,0.000150931,1.78612e-05,2.89363e-05,0.0,3.85657e-08,0.0,0.0,0.0,0.0,6.72162e-22,5.79776e-22,0.0,0.0,0.0,3.06851e-21,0.0,0.0,4.92367e-21,8.72189e-21,0.0,0.0,0.0,1.55205e-21,0.0,8.7325e-22,0.0,0.0,0.0,0.0,0.0,0.0,0.0,0.0,2.15391e-05,2.44832e-20,5.94332e-10,1.51919e-21,8.97558e-05,9.15798e-06,2.95768e-07,0.0,0.0003887,0.000125455,0.000104118,5.81404e-06,1.13395e-05,3.79043e-06,0.000152055,0.00153892,0.000226564,4.57082e-08,2.12267e-05,1.17715e-05,3.31044e-06,0.00497601,0.00143034,0.0302426,0.0755949,0.0171892,0.016302,0.0107121,0.00252759,0.0,0.0350641,0.0200308,0.00401757,0.00728411,0.00715934,0.0208258,0.00219692,0.00217852,0.00281344,0.0
0.0264156,1.96602e-07,0.000943912,5.90854e-07,0.0,5.09936e-06,4.43621e-21,3.90993e-06,7.15513e-05,0.000731871,0.000309313,0.000357171,0.00101285,3.04986e-07,1.3742e-22,1.73592e-07,0.000171307,0.000447849,0.0,1.6462e-06,0.00584296,0.000127133,1.40474e-20,0.000121556,6.54319e-05,0.00033111,0.00435911,0.0,0.0110087,0.00382755,0.00391901,3.94713e-05,0.00477731,9.72917e-05,0.00207348,7.87634e-05,0.000232944,0.00247808,0.000544547,8.72389e-06,3.95169e-05,0.000150821,1.78706e-05,2.89513e-05,0.0,3.87549e-08,0.0,0.0,0.0,0.0,6.77455e-22,5.79776e-22,0.0,0.0,0.0,3.08966e-21,0.0,0.0,4.92937e-21,8.73541e-21,0.0,0.0,0.0,1.56491e-21,0.0,8.80126e-22,0.0,0.0,0.0,0.0,0.0,0.0,0.0,0.0,2.15734e-05,2.44833e-20,5.74521e-10,1.50481e-21,8.96104e-05,9.18005e-06,2.86734e-07,0.0,0.000388532,0.000125395,0.000103963,5.8259e-06,1.12845e-05,3.78601e-06,0.00015161,0.00153878,0.000226436,4.65174e-08,2.11329e-05,1.16424e-05,3.35355e-06,0.00497663,0.00143044,0.0302422,0.0755976,0.0171903,0.0163011,0.0107121,0.00252742,0.0,0.0350662,0.0200317,0.00401806,0.00728307,0.00715994,0.0208282,0.00219827,0.00217871,0.00281401,0.0
0.0264168,1.96535e-07,0.000943869,6.0307e-07,0.0,5.0917e-06,4.46852e-21,3.90994e-06,7.1224e-05,0.000731831,0.000309218,0.000357245,0.00101256,3.09288e-07,2.7484e-22,1.74805e-07,0.000171171,0.000448186,0.0,1.6451e-06,0.00584344,0.00012737,1.40474e-20,0.000120786,6.54107e-05,0.000329931,0.00435944,0.0,0.011008,0.00382703,0.00391545,3.91472e-05,0.00477731,9.72252e-05,0.00207281,7.86256e-05,0.000233033,0.00247707,0.000544364,8.65668e-06,3.94982e-05,0.000150616,1.78338e-05,2.8956e-05,0.0,3.84462e-08,0.0,0.0,0.0,0.0,6.77455e-22,5.68181e-22,0.0,0.0,0.0,3.06851e-21,0.0,0.0,4.91787e-21,8.7284e-21,0.0,0.0,0.0,1.56488e-21,0.0,8.7325e-22,0.0,0.0,0.0,0.0,0.0,0.0,0.0,0.0,2.15544e-05,2.44773e-20,5.74521e-10,1.50524e-21,8.97422e-05,9.11039e-06,2.96729e-07,0.0,0.000388976,0.000125452,0.000103873,5.82635e-06,1.13651e-05,3.78549e-06,0.00015133,0.00153873,0.000226718,4.57085e-08,2.1245e-05,1.1651e-05,3.35191e-06,0.00497655,0.00142998,0.0302439,0.0755963,0.0171902,0.0163024,0.0107127,0.00252727,0.0,0.0350655,0.0200309,0.0040173,0.00728371,0.00715962,0.0208256,0.00219745,0.0021791,0.00281372,0.0
0.0264181,1.96704e-07,0.000943978,5.76978e-07,0.0,5.0754e-06,4.47139e-21,3.90704e-06,7.12243e-05,0.000731829,0.000309352,0.00035732,0.00101268,3.11321e-07,1.3742e-22,1.74866e-07,0.000171292,0.000447916,0.0,1.6451e-06,0.00584288,0.000127022,1.40372e-20,0.000121237,6.54101e-05,0.000330769,0.00435921,0.0,0.0110085,0.00382674,0.00391525,3.96376e-05,0.00477741,9.71231e-05,0.00207313,7.86184e-05,0.000232922,0.00247853,0.000544403,8.72575e-06,3.95129e-05,0.000150947,1.78504e-05,2.89495e-05,0.0,3.86413e-08,0.0,0.0,0.0,0.0,6.72162e-22,5.79776e-22,0.0,0.0,0.0,3.07565e-21,0.0,0.0,4.92367e-21,8.72886e-21,0.0,0.0,0.0,1.55238e-21,0.0,8.87002e-22,0.0,0.0,0.0,0.0,0.0,0.0,0.0,0.0,2.15674e-05,2.44893e-20,5.74521e-10,1.50481e-21,8.95818e-05,9.11506e-06,2.95201e-07,0.0,0.000388675,0.000125568,0.000104296,5.82016e-06,1.13417e-05,3.78941e-06,0.000152266,0.00153897,0.000226556,4.53959e-08,2.13558e-05,1.16465e-05,3.29685e-06,0.00497662,0.00143017,0.0302425,0.0755964,0.0171894,0.0163001,0.0107117,0.00252729,0.0,0.0350658,0.02003,0.00401831,0.00728413,0.00715912,0.0208271,0.00219754,0.0021777,0.00281377,0.0
0.0264171,1.96535e-07,0.000943809,6.11373e-07,0.0,5.09646e-06,4.46852e-21,3.90703e-06,7.1263e-05,0.000731856,0.000309156,0.000357191,0.00101273,2.98995e-07,2.7484e-22,1.73592e-07,0.000171234,0.000447931,0.0,1.6462e-06,0.00584328,0.000127191,1.40474e-20,0.000121258,6.54318e-05,0.000330705,0.00435974,0.0,0.0110077,0.0038274,0.00391743,3.93511e-05,0.00477765,9.72156e-05,0.00207281,7.8674e-05,0.000233045,0.00247763,0.000544413,8.72575e-06,3.95075e-05,0.000150657,1.78594e-05,2.89737e-05,0.0,3.8533e-08,0.0,0.0,0.0,0.0,6.77455e-22,5.68181e-22,0.0,0.0,0.0,3.08252e-21,0.0,0.0,4.92362e-21,8.72831e-21,0.0,0.0,0.0,1.57112e-21,0.0,8.7325e-22,0.0,0.0,0.0,0.0,0.0,0.0,0.0,0.0,2.15628e-05,2.44648e-20,5.94332e-10,1.51175e-21,8.97352e-05,9.09459e-06,2.8754e-07,0.0,0.000388467,0.000125493,0.000103828,5.80546e-06,1.13455e-05,3.78704e-06,0.000151362,0.00153907,0.000226784,4.63087e-08,2.10574e-05,1.17554e-05,3.3119e-06,0.00497654,0.00143067,0.0302432,0.0755977,0.0171904,0.0163008,0.0107129,0.00252791,0.0,0.0350653,0.0200308,0.00401722,0.00728326,0.00715852,0.0208279,0.0021971,0.00217924,0.00281339,0.0
0.0264179,1.96704e-07,0.000943951,5.98737e-07,0.0,5.07772e-06,4.46852e-21,3.90413e-06,7.13676e-05,0.000731815,0.000309331,0.000357208,0.00101271,3.12724e-07,1.3742e-22,1.74805e-07,0.000171353,0.000448115,0.0,1.64825e-06,0.00584313,0.00012732,1.40474e-20,0.00012137,6.5431e-05,0.000330663,0.0043589,0.0,0.011008,0.00382695,0.00391598,3.94618e-05,0.0047772,9.71656e-05,0.00207311,7.8667e-05,0.000232938,0.00247767,0.000544597,8.72795e-06,3.9489e-05,0.000150678,1.78569e-05,2.89652e-05,0.0,3.86988e-08,0.0,0.0,0.0,0.0,6.77455e-22,5.79776e-22,0.0,0.0,0.0,3.07565e-21,0.0,0.0,4.92367e-21,8.71632e-21,0.0,0.0,0.0,1.55214e-21,0.0,8.80126e-22,0.0,0.0,0.0,0.0,0.0,0.0,0.0,0.0,2.15514e-05,2.44956e-20,5.74521e-10,1.50531e-21,8.96649e-05,9.11249e-06,2.96339e-07,0.0,0.000388868,0.000125426,0.000104381,5.82095e-06,1.1335e-05,3.79002e-06,0.000151598,0.00153841,0.000226434,4.56175e-08,2.12374e-05,1.16787e-05,3.35767e-06,0.00497616,0.00143036,0.0302429,0.075597,0.0171894,0.0163021,0.0107111,0.00252695,0.0,0.0350651,0.0200306,0.00401769,0.0072839,0.00716022,0.0208265,0.00219756,0.00217863,0.00281427,0.0
0.0264144,1.96681e-07,0.000943829,6.01916e-07,0.0,5.0811e-06,4.47139e-21,3.90994e-06,7.14094e-05,0.000731868,0.000309258,0.000357325,0.00101258,3.10535e-07,2.7484e-22,1.72539e-07,0.000171266,0.000447927,0.0,1.6451e-06,0.00584212,0.000127426,1.40474e-20,0.000121158,6.54047e-05,0.000330562,0.00435926,0.0,0.011009,0.00382699,0.00391386,3.92205e-05,0.00477768,9.72786e-05,0.00207272,7.86891e-05,0.000233006,0.00247831,0.000544374,8.72575e-06,3.95089e-05,0.000150875,1.78396e-05,2.89463e-05,0.0,3.85657e-08,0.0,0.0,0.0,0.0,6.72162e-22,5.79776e-22,0.0,0.0,0.0,3.06144e-21,0.0,0.0,4.92362e-21,8.72951e-21,0.0,0.0,0.0,1.56491e-21,0.0,8.7325e-22,0.0,0.0,0.0,0.0,0.0,0.0,0.0,0.0,2.15839e-05,2.4477e-20,5.74521e-10,1.4978e-21,8.95576e-05,9.16837e-06,2.95156e-07,0.0,0.00038865,0.000125365,0.000103655,5.81808e-06,1.13205e-05,3.79033e-06,0.000151596,0.00153886,0.000226976,4.59666e-08,2.12994e-05,1.17554e-05,3.35376e-06,0.00497682,0.00143045,0.0302411,0.0755956,0.017191,0.0163015,0.0107128,0.00252752,0.0,0.0350646,0.0200315,0.00401812,0.00728364,0.00715894,0.020827,0.00219776,0.00217916,0.00281412,0.0
0.0264198,1.96574e-07,0.000943983,5.83606e-07,0.0,5.09761e-06,4.46852e-21,3.90703e-06,7.15438e-05,0.000731779,0.000309332,0.000357268,0.00101279,2.99991e-07,1.3742e-22,1.7543e-07,0.000171129,0.000448083,0.0,1.6451e-06,0.00584383,0.000126988,1.40372e-20,0.000121023,6.54357e-05,0.000331066,0.00435971,0.0,0.0110078,0.00382753,0.00391918,3.95856e-05,0.00477716,9.71417e-05,0.0020731,7.87676e-05,0.000232938,0.00247749,0.000544452,8.72201e-06,3.9505e-05,0.000150785,1.78397e-05,2.89596e-05,0.0,3.85023e-08,0.0,0.0,0.0,0.0,6.77455e-22,5.68181e-22,0.0,0.0,0.0,3.07545e-21,0.0,0.0,4.92937e-21,8.72189e-21,0.0,0.0,0.0,1.5648e-21,0.0,8.80126e-22,0.0,0.0,0.0,0.0,0.0,0.0,0.0,0.0,2.15569e-05,2.44773e-20,5.74521e-10,1.51175e-21,8.97778e-05,9.11041e-06,2.96198e-07,0.0,0.000388773,0.000125627,0.000104055,5.82125e-06,1.13483e-05,3.78517e-06,0.000152074,0.00153893,0.000226596,4.5977e-08,2.12249e-05,1.16505e-05,3.36122e-06,0.00497679,0.00143019,0.0302427,0.0755963,0.0171894,0.0163019,0.0107122,0.00252774,0.0,0.0350664,0.0200311,0.00401721,0.00728336,0.0071594,0.0208271,0.00219826,0.00217811,0.00281345,0.0
0.0205724,9.29775e-08,0.000586233,1.82926e-07,0.0,5.12203e-06,2.48918e-21,1.37813e-06,4.09725e-05,0.000764482,0.000100464,0.000220267,0.000483709,1.27219e-07,1.3742e-22,5.42146e-08,3.59911e-05,0.000383137,0.0,6.81225e-07,0.00455509,9.89055e-05,6.65725e-21,1.45883e-05,6.51292e-06,0.000510048,0.00434523,0.0,0.00094843,0.00269142,3.81573e-05,1.42991e-06,0.0026945,2.55396e-05,0.000915387,3.19518e-05,3.57073e-06,0.00106283,0.00047022,6.82233e-06,3.34121e-05,0.00012392,1.25877e-05,2.21847e-05,0.0,0.0,0.0,0.0,0.0,0.0,0.0,7.30518e-22,0.0,0.0,0.0,4.63414e-21,0.0,0.0,4.02311e-23,3.34528e-21,0.0,0.0,0.0,1.13009e-21,0.0,2.54411e-22,0.0,0.0,0.0,0.0,0.0,0.0,0.0,0.0,2.66186e-05,4.85771e-21,4.16032e-10,2.15625e-21,7.04373e-05,2.21548e-05,3.10097e-07,0.0,0.000462122,8.75513e-05,0.000168725,1.65042e-05,9.83251e-05,4.69426e-06,0.000181339,0.00153012,0.000369558,9.27685e-08,1.03943e-05,1.15657e-06,1.67649e-06,0.00605917,0.00139717,0.0234467,0.0412694,0.0101242,0.00437732,0.0078489,0.000914302,0.0,0.0207249,0.00861282,0.0016108,0.00208416,0.00237565,0.00489453,0.00206282,0.00216404,0.00159851,0.0
0.0205728,9.29773e-08,0.000586318,1.8741e-07,0.0,5.13582e-06,2.48918e-21,1.37812e-06,4.12413e-05,0.000764411,0.000100376,0.000220346,0.00048363,1.22591e-07,1.3742e-22,5.13846e-08,3.60156e-05,0.000383351,0.0,6.77933e-07,0.00455526,9.84178e-05,6.65725e-21,1.45327e-05,6.50274e-06,0.000509203,0.00434569,0.0,0.000949132,0.00269121,3.8159e-05,1.42428e-06,0.0026949,2.55076e-05,0.000915574,3.19847e-05,3.54432e-06,0.00106242,0.000470001,6.8186e-06,3.33765e-05,0.000123718,1.25597e-05,2.21646e-05,0.0,0.0,0.0,0.0,0.0,0.0,0.0,7.18923e-22,0.0,0.0,0.0,4.64822e-21,0.0,0.0,4.02311e-23,3.33324e-21,0.0,0.0,0.0,1.12379e-21,0.0,2.54411e-22,0.0,0.0,0.0,0.0,0.0,0.0,0.0,0.0,2.66541e-05,4.84502e-21,4.16032e-10,2.17133e-21,7.04781e-05,2.21137e-05,3.09961e-07,0.0,0.00046265,8.75774e-05,0.000168775,1.65193e-05,9.80048e-05,4.69371e-06,0.000180875,0.00153081,0.00037013,9.3445e-08,1.03153e-05,1.16621e-06,1.73447e-06,0.0060601,0.00139701,0.0234453,0.0412708,0.010124,0.00438086,0.00784861,0.000914323,0.0,0.0207247,0.00861359,0.00161057,0.00208369,0.00237653,0.00489618,0.00206341,0.00216363,0.00159881,0.0
0.0205757,9.29676e-08,0.000586033,1.82926e-07,0.0,5.15244e-06,2.53741e-21,1.38104e-06,4.1133e-05,0.000764499,0.000100453,0.000220201,0.000483773,1.23418e-07,1.3742e-22,5.24622e-08,3.59857e-05,0.000383165,0.0,6.79031e-07,0.00455551,9.8476e-05,6.65725e-21,1.45311e-05,6.50208e-06,0.000510681,0.00434573,0.0,0.000948304,0.00269154,3.82762e-05,1.44221e-06,0.00269468,2.55235e-05,0.000915868,3.19742e-05,3.55372e-06,0.00106223,0.000469991,6.82233e-06,3.3391e-05,0.000123825,1.25656e-05,2.20707e-05,0.0,0.0,0.0,0.0,0.0,0.0,0.0,7.18923e-22,0.0,0.0,0.0,4.63414e-21,0.0,0.0,3.44838e-23,3.35115e-21,0.0,0.0,0.0,1.12377e-21,0.0,2.54411e-22,0.0,0.0,0.0,0.0,0.0,0.0,0.0,0.0,2.66265e-05,4.84552e-21,4.16032e-10,2.14925e-21,7.05588e-05,2.21081e-05,3.10922e-07,0.0,0.000462473,8.73643e-05,0.00016922,1.65299e-05,9.81849e-05,4.69663e-06,0.000181671,0.00153017,0.000368966,9.26795e-08,1.04448e-05,1.16448e-06,1.68544e-06,0.00606034,0.00139664,0.0234457,0.0412702,0.0101243,0.00437883,0.00784822,0.000914445,0.0,0.0207254,0.00861274,0.00161049,0.00208428,0.00237554,0.00489508,0.0020647,0.00216413,0.00159911,0.0
0.0205727,9.29778e-08,0.000586055,1.89783e-07,0.0,5.12108e-06,2.48918e-21,1.37813e-06,4.12533e-05,0.000764433,0.000100525,0.0002203,0.000483627,1.21188e-07,1.3742e-22,5.29266e-08,3.59939e-05,0.000383134,0.0,6.80128e-07,0.00455466,9.87564e-05,6.65725e-21,1.45921e-05,6.50479e-06,0.000509795,0.00434618,0.0,0.000948383,0.00269107,3.81596e-05,1.41478e-06,0.00269467,2.55726e-05,0.000915327,3.19593e-05,3.54218e-06,0.00106189,0.000470137,6.82233e-06,3.342e-05,0.000123983,1.25352e-05,2.22106e-05,0.0,0.0,0.0,0.0,0.0,0.0,0.0,7.18923e-22,0.0,0.0,0.0,4.64108e-21,0.0,0.0,4.02311e-23,3.33224e-21,0.0,0.0,0.0,1.1425e-21,0.0,2.61287e-22,0.0,0.0,0.0,0.0,0.0,0.0,0.0,0.0,2.66481e-05,4.85746e-21,3.96221e-10,2.16382e-21,7.05127e-05,2.20201e-05,3.08823e-07,0.0,0.000461829,8.75579e-05,0.00016868,1.65188e-05,9.82602e-05,4.68899e-06,0.000180779,0.00153099,0.000369771,9.27062e-08,1.02544e-05,1.15251e-06,1.70318e-06,0.00605935,0.00139691,0.0234456,0.0412717,0.0101247,0.00437935,0.00784887,0.000914233,0.0,0.0207257,0.00861315,0.00161062,0.00208382,0.00237612,0.00489649,0.00206364,0.00216344,0.0015989,0.0
0.0205727,9.30556e-08,0.000586306,1.85299e-07,0.0,5.13522e-06,2.48918e-21,1.37231e-06,4.10064e-05,0.000764458,0.000100413,0.000220244,0.000483863,1.24048e-07,1.3742e-22,5.31617e-08,3.59877e-05,0.000383298,0.0,6.80128e-07,0.00455585,9.82849e-05,6.65725e-21,1.45311e-05,6.51133e-06,0.0005099,0.00434538,0.0,0.000948751,0.00269177,3.81955e-05,1.44033e-06,0.0026947,2.55395e-05,0.000915032,3.19819e-05,3.57995e-06,0.00106293,0.000470037,6.88612e-06,3.34173e-05,0.000123651,1.26182e-05,2.21034e-05,0.0,0.0,0.0,0.0,0.0,0.0,0.0,7.30518e-22,0.0,0.0,0.0,4.63414e-21,0.0,0.0,4.02311e-23,3.34497e-21,0.0,0.0,0.0,1.12379e-21,0.0,2.54411e-22,0.0,0.0,0.0,0.0,0.0,0.0,0.0,0.0,2.66043e-05,4.83275e-21,4.16032e-10,2.14931e-21,7.05339e-05,2.21384e-05,3.09541e-07,0.0,0.000462978,8.75709e-05,0.000169081,1.65143e-05,9.81509e-05,4.69517e-06,0.000181733,0.0015305,0.000369954,9.28042e-08,1.04717e-05,1.13236e-06,1.74195e-06,0.00606027,0.00139726,0.0234463,0.0412698,0.0101245,0.00438053,0.00784842,0.000914238,0.0,0.0207247,0.00861352,0.00161045,0.00208416,0.00237583,0.00489434,0.00206375,0.00216452,0.00159829,0.0
0.0205754,9.30064e-08,0.000585889,1.8001e-07,0.0,5.11884e-06,2.53741e-21,1.38394e-06,4.11637e-05,0.000764463,0.00010034,0.000220296,0.000483706,1.25973e-07,1.3742e-22,5.24375e-08,3.5984e-05,0.000383238,0.0,6.7793e-07,0.00455458,9.89456e-05,6.65725e-21,1.45883e-05,6.50075e-06,0.000510125,0.00434656,0.0,0.000948418,0.00269099,3.82088e-05,1.43839e-06,0.00269462,2.54998e-05,0.00091579,3.19594e-05,3.54342e-06,0.00106187,0.000470181,6.88799e-06,3.33778e-05,0.000124042,1.25504e-05,2.21652e-05,0.0,0.0,0.0,0.0,0.0,0.0,0.0,7.18923e-22,0.0,0.0,0.0,4.64115e-21,0.0,0.0,4.02311e-23,3.34526e-21,0.0,0.0,0.0,1.13009e-21,0.0,2.54411e-22,0.0,0.0,0.0,0.0,0.0,0.0,0.0,0.0,2.66623e-05,4.85127e-21,4.16032e-10,2.17083e-21,7.05219e-05,2.20913e-05,3.12475e-07,0.0,0.000462414,8.74096e-05,0.000169045,1.65158e-05,9.82363e-05,4.69973e-06,0.00018127,0.00153073,0.000369831,9.40792e-08,1.0275e-05,1.1604e-06,1.69859e-06,0.00606024,0.00139671,0.0234449,0.0412703,0.0101241,0.00437886,0.00784878,0.000914411,0.0,0.0207258,0.00861234,0.00161058,0.00208426,0.00237609,0.0048957,0.00206429,0.002163,0.00159858,0.0
0.0205721,9.30166e-08,0.000586183,1.89783e-07,0.0,5.12653e-06,2.48918e-21,1.38103e-06,4.11122e-05,0.000764432,0.000100612,0.000220291,0.000483648,1.22225e-07,1.3742e-22,5.21088e-08,3.5998e-05,0.000383174,0.0,6.79031e-07,0.0045557,9.84451e-05,6.65725e-21,1.45365e-05,6.51938e-06,0.000510635,0.00434586,0.0,0.000948726,0.00269182,3.81728e-05,1.44033e-06,0.00269498,2.55506e-05,0.00091598,3.20105e-05,3.53983e-06,0.00106187,0.000470051,6.8186e-06,3.33897e-05,0.000123788,1.2576e-05,2.20936e-05,0.0,0.0,0.0,0.0,0.0,0.0,0.0,7.18923e-22,0.0,0.0,0.0,4.627e-21,0.0,0.0,4.02311e-23,3.33907e-21,0.0,0.0,0.0,1.12368e-21,0.0,2.54411e-22,0.0,0.0,0.0,0.0,0.0,0.0,0.0,0.0,2.66483e-05,4.86393e-21,4.16032e-10,2.14925e-21,7.05155e-05,2.20177e-05,3.17998e-07,0.0,0.000462206,8.75764e-05,0.000168647,1.65545e-05,9.79893e-05,4.6899e-06,0.000180779,0.00153055,0.000369157,9.23655e-08,1.04103e-05,1.15658e-06,1.69933e-06,0.00605924,0.00139683,0.0234458,0.0412713,0.0101245,0.00438008,0.00784887,0.000914128,0.0,0.0207246,0.00861279,0.00161037,0.00208404,0.00237552,0.00489598,0.00206326,0.00216453,0.00159928,0.0
0.0205762,9.29673e-08,0.000586324,1.85299e-07,0.0,5.18265e-06,2.48918e-21,1.37231e-06,4.12073e-05,0.000764503,0.000100357,0.000220249,0.000483711,1.22015e-07,1.3742e-22,5.30013e-08,3.6006e-05,0.000383217,0.0,6.79031e-07,0.00455478,9.84851e-05,6.65725e-21,1.45311e-05,6.50147e-06,0.000509377,0.00434562,0.0,0.000948544,0.00269097,3.81589e-05,1.42805e-06,0.00269464,2.55273e-05,0.000915033,3.19954e-05,3.5485e-06,0.00106296,0.000470039,6.82233e-06,3.34319e-05,0.000123657,1.25656e-05,2.21193e-05,0.0,0.0,0.0,0.0,0.0,0.0,0.0,7.18923e-22,0.0,0.0,0.0,4.64835e-21,0.0,0.0,4.02311e-23,3.34528e-21,0.0,0.0,0.0,1.13009e-21,0.0,2.54411e-22,0.0,0.0,0.0,0.0,0.0,0.0,0.0,0.0,2.66456e-05,4.83897e-21,4.16032e-10,2.15688e-21,7.04457e-05,2.21017e-05,3.08403e-07,0.0,0.00046253,8.758e-05,0.000169153,1.65402e-05,9.82655e-05,4.69991e-06,0.000181511,0.0015303,0.000369638,9.2717e-08,1.02273e-05,1.16239e-06,1.68988e-06,0.00605984,0.00139684,0.0234471,0.04127,0.0101241,0.00438013,0.00784844,0.000914426,0.0,0.0207253,0.00861394,0.00161067,0.00208425,0.00237641,0.00489483,0.00206354,0.00216358,0.00159874,0.0
0.0205714,9.29385e-08,0.000585923,1.90065e-07,0.0,5.1073e-06,2.56972e-21,1.38395e-06,4.11065e-05,0.000764389,0.000100402,0.000220246,0.000483801,1.24204e-07,1.3742e-22,5.3087e-08,3.59871e-05,0.000383216,0.0,6.80128e-07,0.00455537,9.86645e-05,6.65725e-21,1.45232e-05,6.50544e-06,0.000510346,0.00434582,0.0,0.000948974,0.00269169,3.81727e-05,1.44221e-06,0.00269449,2.55396e-05,0.000915442,3.19837e-05,3.57497e-06,0.00106282,0.000470118,6.82233e-06,3.3391e-05,0.000123798,1.25691e-05,2.21341e-05,0.0,0.0,0.0,0.0,0.0,0.0,0.0,7.30518e-22,0.0,0.0,0.0,4.63407e-21,0.0,0.0,4.02311e-23,3.33907e-21,0.0,0.0,0.0,1.13e-21,0.0,2.54411e-22,0.0,0.0,0.0,0.0,0.0,0.0,0.0,0.0,2.66196e-05,4.85124e-21,3.96221e-10,2.16326e-21,7.06002e-05,2.21138e-05,3.10214e-07,0.0,0.000462601,8.73642e-05,0.000168497,1.64984e-05,9.81585e-05,4.69898e-06,0.000181314,0.00153055,0.000369634,9.22872e-08,1.03789e-05,1.15249e-06,1.75054e-06,0.00606013,0.00139702,0.0234445,0.0412717,0.0101241,0.00437895,0.00784836,0.000914541,0.0,0.0207255,0.00861311,0.00161036,0.00208411,0.00237576,0.00489682,0.00206411,0.00216382,0.00159874,0.0
0.0205733,9.30949e-08,0.000586211,1.80272e-07,0.0,5.20619e-06,2.48918e-21,1.37523e-06,4.10168e-05,0.000764527,0.000100594,0.0002203,0.000483667,1.22591e-07,0.0,5.24375e-08,3.60206e-05,0.000383251,0.0,6.79031e-07,0.00455518,9.85342e-05,6.65725e-21,1.45883e-05,6.50506e-06,0.00050983,0.00434618,0.0,0.000948417,0.00269164,3.82774e-05,1.4365e-06,0.00269498,2.55182e-05,0.000915658,3.19671e-05,3.54011e-06,0.00106206,0.00047023,6.88612e-06,3.33963e-05,0.000123837,1.25622e-05,2.22037e-05,0.0,0.0,0.0,0.0,0.0,0.0,0.0,7.18923e-22,0.0,0.0,0.0,4.627e-21,0.0,0.0,4.02311e-23,3.34433e-21,0.0,0.0,0.0,1.12377e-21,0.0,2.54411e-22,0.0,0.0,0.0,0.0,0.0,0.0,0.0,0.0,2.66413e-05,4.84523e-21,4.16032e-10,2.15681e-21,7.05154e-05,2.20198e-05,3.10664e-07,0.0,0.000462063,8.75199e-05,0.000169269,1.65245e-05,9.81534e-05,4.68518e-06,0.000181098,0.00153101,0.000369667,9.4568e-08,1.03572e-05,1.14027e-06,1.74334e-06,0.0060597,0.00139679,0.0234449,0.0412704,0.0101247,0.00437969,0.00784869,0.000914432,0.0,0.0207255,0.00861323,0.00161073,0.00208391,0.00237631,0.00489475,0.00206413,0.00216391,0.00159887,0.0
0.0356427,2.37804e-07,0.00163041,1.26165e-06,0.0,0.0,5.54517e-21,3.72932e-06,0.000126615,0.000945893,0.000569485,0.000486356,0.00209406,6.65198e-05,5.35938e-21,6.72855e-07,0.000642628,0.000586352,0.0,5.50818e-05,0.00929934,0.000186857,2.39519e-20,0.000280736,8.2868e-05,0.000206563,0.0109157,0.0,0.0171823,0.00580287,0.0654917,0.000241432,0.00662971,0.00014515,0.00321221,0.000219866,0.00029468,0.00634038,0.000898708,1.28758e-05,7.39833e-05,0.000222367,2.71193e-05,5.30537e-05,0.0,6.06843e-09,0.0,0.0,0.0,0.0,0.0,0.0,0.0,0.0,4.85964e-07,0.0,0.0,0.0,0.0,0.0,0.0,0.0,0.0,0.0,0.0,0.0,0.0,0.0,0.0,0.0,0.0,0.0,0.0,0.0,0.0,0.0,0.0,0.0,3.05157e-05,0.0,0.0,0.0,0.0,0.0,0.000173209,2.77766e-06,1.77729e-05,4.29648e-07,0.00102323,0.00213849,0.000984533,6.96047e-08,4.76272e-05,6.9398e-05,5.30472e-05,0.00576266,0.00179562,0.0412886,0.090865,0.0279945,0.0239345,0.00380659,0.00466976,0.0,0.0541108,0.0261459,0.0065282,0.0180685,0.0129714,0.0210113,0.00382636,0.00425006,0.00537571,0.0
0.0356419,2.37787e-07,0.00163057,1.31535e-06,0.0,0.0,5.51286e-21,3.72639e-06,0.00012621,0.000945899,0.000569624,0.000486312,0.002094,6.64971e-05,5.22196e-21,6.73969e-07,0.000642494,0.000586465,0.0,5.50746e-05,0.00929977,0.000185946,2.39519e-20,0.000280761,8.28233e-05,0.000206979,0.0109169,0.0,0.0171849,0.00580332,0.0654912,0.000241265,0.00662971,0.000144998,0.00321122,0.000219884,0.000294748,0.00634128,0.000898812,1.29396e-05,7.396e-05,0.00022234,2.71292e-05,5.30725e-05,0.0,6.01998e-09,0.0,0.0,0.0,0.0,0.0,0.0,0.0,0.0,4.64257e-07,0.0,0.0,0.0,0.0,0.0,0.0,0.0,0.0,0.0,0.0,0.0,0.0,0.0,0.0,0.0,0.0,0.0,0.0,0.0,0.0,0.0,0.0,0.0,3.05027e-05,0.0,0.0,0.0,0.0,0.0,0.000172932,2.77645e-06,1.78435e-05,4.30072e-07,0.0010222,0.00213881,0.000985316,7.12779e-08,4.7718e-05,6.95371e-05,5.3092e-05,0.00576134,0.00179549,0.0412879,0.090867,0.0279955,0.0239342,0.0038068,0.00466996,0.0,0.0541124,0.0261464,0.00652855,0.0180685,0.0129709,0.0210102,0.0038266,0.00425109,0.00537596,0.0
0.0356419,2.37775e-07,0.00163056,1.23994e-06,0.0,0.0,5.54517e-21,3.72348e-06,0.000126375,0.000945877,0.000569768,0.000486318,0.00209415,6.64837e-05,5.22196e-21,6.74693e-07,0.000642712,0.000586436,0.0,5.50643e-05,0.00929915,0.000186833,2.39417e-20,0.000280841,8.28138e-05,0.000206133,0.010917,0.0,0.0171851,0.00580304,0.0654939,0.000241262,0.00663023,0.000145256,0.00321195,0.000219705,0.000294769,0.00633912,0.000898894,1.29343e-05,7.39091e-05,0.00022229,2.71335e-05,5.30214e-05,0.0,5.94306e-09,0.0,0.0,0.0,0.0,0.0,0.0,0.0,0.0,4.85834e-07,0.0,0.0,0.0,0.0,0.0,0.0,0.0,0.0,0.0,0.0,0.0,0.0,0.0,0.0,0.0,0.0,0.0,0.0,0.0,0.0,0.0,0.0,0.0,3.04264e-05,0.0,0.0,0.0,9.0397e-08,0.0,0.000172998,2.7977e-06,1.78173e-05,4.30072e-07,0.00102336,0.00213846,0.000984568,7.13597e-08,4.75967e-05,6.95623e-05,5.32541e-05,0.00576233,0.00179597,0.0412882,0.0908663,0.0279947,0.0239313,0.00380677,0.00466963,0.0,0.0541111,0.0261474,0.00652839,0.0180681,0.0129725,0.0210115,0.00382751,0.0042495,0.00537597,0.0
0.0356444,2.37748e-07,0.00163057,1.25066e-06,0.0,0.0,5.55821e-21,3.72933e-06,0.000125935,0.000945981,0.000569432,0.000486328,0.00209411,6.65058e-05,5.22196e-21,6.74533e-07,0.000642572,0.000586531,0.0,5.5083e-05,0.0092994,0.000186305,2.39519e-20,0.000280728,8.28521e-05,0.000206906,0.0109165,0.0,0.0171826,0.00580275,0.0654917,0.000240795,0.00662959,0.00014507,0.00321144,0.000219773,0.000294682,0.00633991,0.000898788,1.28721e-05,7.40032e-05,0.000222429,2.71154e-05,5.30944e-05,0.0,5.96972e-09,0.0,0.0,0.0,0.0,0.0,0.0,0.0,0.0,4.85963e-07,0.0,0.0,0.0,0.0,0.0,0.0,0.0,0.0,0.0,0.0,0.0,0.0,0.0,0.0,0.0,0.0,0.0,0.0,0.0,0.0,0.0,0.0,0.0,3.04748e-05,0.0,0.0,0.0,0.0,0.0,0.000172917,2.77955e-06,1.78174e-05,4.30683e-07,0.00102166,0.00213865,0.000984668,6.93777e-08,4.76922e-05,6.92926e-05,5.30815e-05,0.00576166,0.00179507,0.041288,0.0908659,0.0279944,0.0239329,0.00380658,0.00466978,0.0,0.0541118,0.0261462,0.00652834,0.018068,0.0129713,0.0210102,0.00382641,0.00425055,0.005376,0.0
0.0356426,2.37843e-07,0.00163018,1.24773e-06,0.0,0.0,5.54517e-21,3.72057e-06,0.000126164,0.000945938,0.00056954,0.000486274,0.00209421,6.6506e-05,5.22196e-21,6.7348e-07,0.000642632,0.000586334,0.0,5.50786e-05,0.00929898,0.000186347,2.39519e-20,0.000280489,8.28266e-05,0.000206533,0.0109161,0.0,0.0171835,0.00580327,0.065491,0.000241467,0.00662998,0.000145031,0.00321256,0.000219806,0.000294799,0.00633978,0.000898787,1.29415e-05,7.39379e-05,0.000222395,2.71257e-05,5.30413e-05,0.0,6.06255e-09,0.0,0.0,0.0,0.0,0.0,0.0,0.0,0.0,4.7507e-07,0.0,0.0,0.0,0.0,0.0,0.0,0.0,0.0,0.0,0.0,0.0,0.0,0.0,0.0,0.0,0.0,0.0,0.0,0.0,0.0,0.0,0.0,0.0,3.05205e-05,0.0,0.0,0.0,0.0,0.0,0.000173154,2.77645e-06,1.78368e-05,4.30169e-07,0.00102311,0.00213904,0.00098521,7.16177e-08,4.76867e-05,6.93948e-05,5.32042e-05,0.0057622,0.00179609,0.0412868,0.0908659,0.0279951,0.0239372,0.00380666,0.00466983,0.0,0.0541118,0.0261457,0.00652845,0.018069,0.0129717,0.0210103,0.00382734,0.0042506,0.00537597,0.0
0.0356417,2.37804e-07,0.00163054,1.2821e-06,0.0,0.0,5.54517e-21,3.72933e-06,0.00012622,0.000945971,0.00056981,0.000486407,0.00209392,6.6508e-05,5.22196e-21,6.74044e-07,0.00064261,0.00058653,0.0,5.50786e-05,0.00929995,0.000186548,2.39519e-20,0.000280919,8.28569e-05,0.000206295,0.0109162,0.0,0.0171851,0.00580241,0.0654939,0.000241276,0.00662998,0.000145099,0.00321136,0.000219837,0.000294782,0.00634024,0.000898935,1.29381e-05,7.39352e-05,0.000222267,2.71364e-05,5.30922e-05,0.0,5.88691e-09,0.0,0.0,0.0,0.0,0.0,0.0,0.0,0.0,4.85963e-07,0.0,0.0,0.0,0.0,0.0,0.0,0.0,0.0,0.0,0.0,0.0,0.0,0.0,0.0,0.0,0.0,0.0,0.0,0.0,0.0,0.0,0.0,0.0,3.04835e-05,0.0,0.0,0.0,0.0,0.0,0.000173005,2.79276e-06,1.77421e-05,4.29648e-07,0.00102258,0.00213823,0.000984492,6.98736e-08,4.76536e-05,6.94335e-05,5.32738e-05,0.00576265,0.00179536,0.0412887,0.0908665,0.027995,0.023933,0.00380656,0.00466959,0.0,0.0541118,0.026148,0.00652869,0.0180681,0.0129716,0.0210112,0.00382644,0.00425024,0.00537625,0.0
0.0356421,2.37788e-07,0.00163048,1.22915e-06,0.0,0.0,5.54517e-21,3.72059e-06,0.000126229,0.000945879,0.00056975,0.000486247,0.00209416,6.65101e-05,5.35938e-21,6.71728e-07,0.000642692,0.000586446,0.0,5.50783e-05,0.00929952,0.000186205,2.39417e-20,0.000280551,8.28404e-05,0.000206849,0.0109169,0.0,0.0171836,0.00580344,0.0654947,0.000241176,0.00662973,0.000145015,0.0032116,0.000219679,0.000294659,0.00634036,0.000898862,1.28064e-05,7.40141e-05,0.000222317,2.71458e-05,5.30911e-05,0.0,6.02587e-09,0.0,0.0,0.0,0.0,0.0,0.0,0.0,0.0,4.7494e-07,0.0,0.0,0.0,0.0,0.0,0.0,0.0,0.0,0.0,0.0,0.0,0.0,0.0,0.0,0.0,0.0,0.0,0.0,0.0,0.0,0.0,0.0,0.0,3.04918e-05,0.0,0.0,0.0,0.0,0.0,0.000173037,2.78284e-06,1.78614e-05,4.30072e-07,0.0010225,0.00213917,0.000984632,7.13088e-08,4.75977e-05,6.95374e-05,5.30686e-05,0.00576162,0.00179539,0.0412874,0.0908656,0.0279947,0.0239329,0.00380697,0.00466975,0.0,0.0541125,0.0261459,0.00652854,0.0180682,0.0129716,0.02101,0.00382684,0.00425071,0.00537616,0.0
0.0356427,2.37774e-07,0.00163031,1.2905e-06,0.0,0.0,5.54517e-21,3.7322e-06,0.000126489,0.000946001,0.000569596,0.000486349,0.00209408,6.64828e-05,5.22196e-21,6.74533e-07,0.000642544,0.00058654,0.0,5.50776e-05,0.00929973,0.000186453,2.39519e-20,0.000280798,8.28242e-05,0.000206679,0.010917,0.0,0.0171838,0.00580293,0.0654896,0.000241098,0.00662999,0.000145234,0.00321174,0.00022008,0.000294767,0.00634,0.000898763,1.29381e-05,7.39293e-05,0.000222491,2.71217e-05,5.3096e-05,0.0,6.04896e-09,0.0,0.0,0.0,0.0,0.0,0.0,0.0,0.0,4.75153e-07,0.0,0.0,0.0,0.0,0.0,0.0,0.0,0.0,0.0,0.0,0.0,0.0,0.0,0.0,0.0,0.0,0.0,0.0,0.0,0.0,0.0,0.0,0.0,3.04585e-05,0.0,0.0,0.0,0.0,0.0,0.000172992,2.77128e-06,1.77862e-05,4.30259e-07,0.00102324,0.00213884,0.000985195,7.10745e-08,4.7686e-05,6.91338e-05,5.33103e-05,0.00576114,0.00179578,0.0412877,0.0908667,0.0279961,0.0239336,0.00380694,0.00466947,0.0,0.0541109,0.0261468,0.00652784,0.0180675,0.0129715,0.0210103,0.00382722,0.00425036,0.00537577,0.0
0.0356413,2.37876e-07,0.00163065,1.24362e-06,0.0,0.0,5.50998e-21,3.72059e-06,0.000126285,0.000945889,0.000569708,0.000486392,0.00209412,6.65078e-05,5.22196e-21,6.7348e-07,0.000642665,0.000586294,0.0,5.50696e-05,0.00929932,0.000186561,2.39519e-20,0.000280859,8.28354e-05,0.000206233,0.0109161,0.0,0.0171846,0.0058025,0.0654919,0.000241129,0.00662965,0.00014499,0.00321165,0.000219763,0.000294714,0.00634026,0.000898941,1.29359e-05,7.39526e-05,0.000222285,2.71247e-05,5.30267e-05,0.0,6.01998e-09,0.0,0.0,0.0,0.0,0.0,0.0,0.0,0.0,4.75069e-07,0.0,0.0,0.0,0.0,0.0,0.0,0.0,0.0,0.0,0.0,0.0,0.0,0.0,0.0,0.0,0.0,0.0,0.0,0.0,0.0,0.0,0.0,0.0,3.05603e-05,0.0,0.0,0.0,0.0,0.0,0.000172939,2.80454e-06,1.77994e-05,4.30072e-07,0.00102222,0.00213851,0.000984679,6.93757e-08,4.7662e-05,6.9548e-05,5.3173e-05,0.00576296,0.00179539,0.0412889,0.0908663,0.027994,0.0239339,0.00380646,0.00466967,0.0,0.0541117,0.0261467,0.00652853,0.0180687,0.0129719,0.0210104,0.00382691,0.0042503,0.00537591,0.0
0.0356415,2.37804e-07,0.00163029,1.25094e-06,0.0,0.0,5.51286e-21,3.73222e-06,0.000126363,0.000945944,0.000569728,0.000486288,0.00209407,6.65035e-05,5.22196e-21,6.74533e-07,0.00064255,0.000586425,0.0,5.50755e-05,0.00929936,0.000186484,2.39519e-20,0.00028084,8.28282e-05,0.000207201,0.0109167,0.0,0.0171825,0.00580324,0.0654943,0.000241431,0.00662981,0.000145185,0.00321259,0.000219829,0.00029473,0.00633959,0.000898665,1.29415e-05,7.39656e-05,0.000222378,2.7115e-05,5.30934e-05,0.0,5.96253e-09,0.0,0.0,0.0,0.0,0.0,0.0,0.0,0.0,4.85834e-07,0.0,0.0,0.0,0.0,0.0,0.0,0.0,0.0,0.0,0.0,0.0,0.0,0.0,0.0,0.0,0.0,0.0,0.0,0.0,0.0,0.0,0.0,0.0,3.04184e-05,0.0,0.0,0.0,0.0,0.0,0.000172821,2.77128e-06,1.78614e-05,4.30072e-07,0.00102264,0.00213856,0.000984527,7.122e-08,4.76418e-05,6.9415e-05,5.29877e-05,0.00576158,0.00179558,0.0412875,0.0908656,0.0279956,0.0239338,0.00380669,0.00466999,0.0,0.0541112,0.0261466,0.00652884,0.0180687,0.012972,0.0210111,0.00382699,0.00424975,0.00537656,0.0
0.028681,1.6315e-07,0.00111505,1.09449e-06,0.0,0.0,4.17716e-21,2.51302e-06,7.81492e-05,0.000905568,0.000342194,0.000416328,0.00137049,3.0023e-05,2.47356e-21,3.51006e-07,0.000402612,0.000504341,0.0,3.09558e-05,0.00652016,0.00014052,1.46276e-20,0.000119095,2.75703e-05,4.16786e-05,0.0067543,0.0,0.0129013,0.00435403,0.0285033,0.000124736,0.00523109,0.000132936,0.00222717,0.000136559,0.000196007,0.00345819,0.000699124,1.04358e-05,4.86472e-05,0.000189823,1.86375e-05,5.38052e-05,0.0,1.29363e-08,0.0,0.0,0.0,0.0,7.40966e-23,0.0,0.0,0.0,3.31417e-06,0.0,0.0,0.0,7.77458e-22,4.44489e-22,0.0,0.0,0.0,2.9012e-22,0.0,6.87599e-24,0.0,0.0,0.0,0.0,0.0,0.0,0.0,0.0,1.3458e-06,2.43455e-21,0.0,6.24793e-23,3.11851e-05,1.39008e-07,1.7785e-08,0.0,4.19853e-05,9.84537e-06,1.40194e-05,1.74249e-06,5.81255e-06,2.23766e-07,0.000454413,0.00142736,0.000474346,1.08198e-07,2.09268e-05,2.89808e-05,1.62439e-05,0.00460633,0.00144011,0.0273951,0.0659029,0.0198887,0.0171678,0.000731233,0.00344183,0.0,0.0392317,0.0196298,0.00538436,0.0110699,0.00885686,0.0172191,0.00258142,0.00335909,0.00347845,0.0
0.0286763,1.63111e-07,0.00111525,1.23995e-06,0.0,0.0,4.12894e-21,2.5101e-06,7.8188e-05,0.000905622,0.00034232,0.000416274,0.00137046,2.99988e-05,2.47356e-21,3.5022e-07,0.000402506,0.000504381,0.0,3.09575e-05,0.00651945,0.000140643,1.46174e-20,0.000119031,2.75951e-05,4.11771e-05,0.00675446,0.0,0.0128996,0.00435346,0.0285002,0.000124764,0.00523055,0.000132945,0.00222787,0.000136998,0.000196061,0.00345997,0.000699039,1.05052e-05,4.8578e-05,0.000190271,1.8612e-05,5.39473e-05,0.0,1.28245e-08,0.0,0.0,0.0,0.0,7.40966e-23,0.0,0.0,0.0,3.30335e-06,0.0,0.0,0.0,7.60169e-22,4.56393e-22,0.0,0.0,0.0,2.90072e-22,0.0,0.0,0.0,0.0,0.0,0.0,0.0,0.0,0.0,0.0,1.32841e-06,2.42875e-21,0.0,5.55371e-23,3.14487e-05,2.67091e-07,1.65208e-08,0.0,4.22021e-05,9.81959e-06,1.37899e-05,1.75319e-06,5.70862e-06,2.11809e-07,0.00045386,0.00142705,0.000474453,1.10686e-07,2.10054e-05,2.90259e-05,1.61626e-05,0.00460681,0.00144066,0.0273943,0.0659036,0.019889,0.0171689,0.000731082,0.00344147,0.0,0.0392326,0.0196305,0.00538471,0.0110705,0.00885716,0.0172199,0.00258206,0.0033581,0.00347826,0.0
0.0286771,1.63228e-07,0.00111493,1.11863e-06,0.0,0.0,4.21235e-21,2.51594e-06,7.81278e-05,0.000905535,0.000342021,0.000416324,0.00137035,3.00248e-05,2.33614e-21,3.51495e-07,0.000402525,0.0005043,0.0,3.09552e-05,0.00652107,0.000140482,1.46276e-20,0.000118951,2.75723e-05,4.18337e-05,0.00675474,0.0,0.0128983,0.00435362,0.0285039,0.000124662,0.00523048,0.000133001,0.00222782,0.000136656,0.00019593,0.00345882,0.000698971,1.04377e-05,4.8621e-05,0.00018998,1.86586e-05,5.38615e-05,0.0,1.30191e-08,0.0,0.0,0.0,0.0,7.93893e-23,0.0,0.0,0.0,3.31412e-06,0.0,0.0,0.0,7.71711e-22,4.44573e-22,0.0,0.0,0.0,2.96484e-22,0.0,0.0,0.0,0.0,0.0,0.0,0.0,0.0,0.0,0.0,1.37096e-06,2.40398e-21,0.0,5.55371e-23,3.1294e-05,1.45591e-07,9.05482e-09,0.0,4.16688e-05,9.87449e-06,1.37974e-05,1.72854e-06,5.91341e-06,2.26126e-07,0.000454754,0.00142703,0.00047435,1.07654e-07,2.09879e-05,2.91295e-05,1.61888e-05,0.00460692,0.0014402,0.0273952,0.0659045,0.0198891,0.0171727,0.000731138,0.00344156,0.0,0.0392315,0.01963,0.00538472,0.0110704,0.00885782,0.0172203,0.00258142,0.00335796,0.00347831,0.0
0.0286769,1.63183e-07,0.00111515,1.12485e-06,0.0,0.0,4.12894e-21,2.50429e-06,7.82318e-05,0.000905544,0.000342349,0.000416253,0.00137039,3.00002e-05,2.47356e-21,3.50845e-07,0.000402591,0.000504209,0.0,3.09549e-05,0.00651941,0.000140322,1.46276e-20,0.00011918,2.75663e-05,4.18971e-05,0.00675444,0.0,0.0129003,0.00435375,0.0285069,0.000125012,0.00523068,0.000132865,0.00222805,0.000136796,0.000196043,0.00345875,0.000698953,1.05727e-05,4.86595e-05,0.000190074,1.86229e-05,5.39403e-05,0.0,1.28806e-08,0.0,0.0,0.0,0.0,7.40966e-23,0.0,0.0,0.0,3.31403e-06,0.0,0.0,0.0,7.65916e-22,4.56651e-22,0.0,0.0,0.0,2.90072e-22,0.0,6.87599e-24,0.0,0.0,0.0,0.0,0.0,0.0,0.0,0.0,1.32102e-06,2.44081e-21,0.0,6.24793e-23,3.13164e-05,1.67947e-07,1.68322e-08,0.0,4.27115e-05,9.75694e-06,1.43447e-05,1.75763e-06,5.72357e-06,2.0803e-07,0.000454372,0.00142654,0.000474473,1.08802e-07,2.09118e-05,2.87276e-05,1.63397e-05,0.00460701,0.00143997,0.0273954,0.0659036,0.0198889,0.0171685,0.000731032,0.00344202,0.0,0.0392321,0.01963,0.00538425,0.0110704,0.00885701,0.0172179,0.00258193,0.00335746,0.00347896,0.0
0.0286801,1.63178e-07,0.00111504,1.17071e-06,0.0,0.0,4.12894e-21,2.51593e-06,7.82177e-05,0.000905626,0.00034231,0.000416308,0.00137055,2.99986e-05,2.33614e-21,3.51569e-07,0.000402431,0.000504314,0.0,3.09539e-05,0.00651931,0.000140337,1.46276e-20,0.000118945,2.75923e-05,4.13218e-05,0.00675521,0.0,0.0128998,0.00435387,0.0284985,0.00012478,0.00523076,0.000133062,0.00222781,0.000136895,0.000195999,0.00345905,0.000699029,1.04377e-05,4.86249e-05,0.000190115,1.86247e-05,5.39044e-05,0.0,1.29498e-08,0.0,0.0,0.0,0.0,7.40966e-23,0.0,0.0,0.0,3.31425e-06,0.0,0.0,0.0,7.71711e-22,4.56336e-22,0.0,0.0,0.0,2.90162e-22,0.0,0.0,0.0,0.0,0.0,0.0,0.0,0.0,0.0,0.0,1.30819e-06,2.42242e-21,0.0,5.55371e-23,3.14697e-05,2.13228e-07,1.66523e-08,0.0,4.24859e-05,9.6709e-06,1.40041e-05,1.72997e-06,5.77216e-06,2.21277e-07,0.000454817,0.00142728,0.000474014,1.08142e-07,2.10087e-05,2.90059e-05,1.61532e-05,0.00460689,0.00144063,0.0273943,0.0659044,0.0198895,0.017168,0.000731149,0.00344165,0.0,0.0392314,0.0196295,0.00538447,0.0110695,0.00885678,0.0172223,0.00258054,0.00335826,0.00347846,0.0
0.028677,1.63228e-07,0.00111499,1.15118e-06,0.0,0.0,4.17716e-21,2.51593e-06,7.82572e-05,0.000905574,0.000341986,0.000416262,0.00137028,3.00157e-05,2.47356e-21,3.50356e-07,0.000402568,0.000504394,0.0,3.09575e-05,0.00652087,0.000140646,1.46276e-20,0.000119028,2.75625e-05,4.17184e-05,0.00675456,0.0,0.0129002,0.00435333,0.0285043,0.000124759,0.00523084,0.000132896,0.00222773,0.000136715,0.000196008,0.0034582,0.000699107,1.05015e-05,4.86067e-05,0.00019015,1.86389e-05,5.38538e-05,0.0,1.29439e-08,0.0,0.0,0.0,0.0,7.40966e-23,0.0,0.0,0.0,3.31412e-06,0.0,0.0,0.0,7.71664e-22,4.50514e-22,0.0,0.0,0.0,2.90029e-22,0.0,0.0,0.0,0.0,0.0,0.0,0.0,0.0,0.0,0.0,1.35624e-06,2.42243e-21,0.0,5.55371e-23,3.11492e-05,1.64605e-07,1.00461e-08,0.0,4.17778e-05,9.93475e-06,1.38626e-05,1.75007e-06,5.77414e-06,2.28191e-07,0.000454252,0.00142724,0.000474524,1.10814e-07,2.09465e-05,2.89921e-05,1.61778e-05,0.00460704,0.00144004,0.0273959,0.0659028,0.0198879,0.0171682,0.0007311,0.0034418,0.0,0.0392317,0.0196301,0.00538484,0.0110713,0.00885799,0.0172195,0.00258229,0.00335834,0.00347861,0.0
0.0286747,1.63014e-07,0.00111508,1.14382e-06,0.0,0.0,4.12894e-21,2.50719e-06,7.82473e-05,0.000905572,0.000342589,0.000416363,0.00137039,3.00158e-05,2.47356e-21,3.49817e-07,0.000402522,0.000504265,0.0,3.09588e-05,0.00652056,0.000140459,1.46276e-20,0.000118945,2.75624e-05,4.17045e-05,0.00675484,0.0,0.0128993,0.00435425,0.0284997,0.000124651,0.00523068,0.000132888,0.00222801,0.000136812,0.000195962,0.00345945,0.000699123,1.05067e-05,4.86857e-05,0.000189958,1.86562e-05,5.39677e-05,0.0,1.29557e-08,0.0,0.0,0.0,0.0,7.93893e-23,0.0,0.0,0.0,3.31403e-06,0.0,0.0,0.0,7.65964e-22,4.56651e-22,0.0,0.0,0.0,2.90162e-22,0.0,6.87599e-24,0.0,0.0,0.0,0.0,0.0,0.0,0.0,0.0,1.34305e-06,2.41628e-21,0.0,6.24793e-23,3.13806e-05,2.39682e-07,1.62708e-08,0.0,4.23087e-05,9.66478e-06,1.40883e-05,1.7368e-06,5.84625e-06,2.11809e-07,0.000454041,0.00142705,0.00047434,1.06938e-07,2.09597e-05,2.88965e-05,1.60661e-05,0.00460596,0.00144011,0.0273952,0.0659031,0.0198897,0.0171692,0.000731055,0.0034416,0.0,0.039231,0.0196298,0.00538418,0.0110695,0.00885785,0.0172194,0.00258165,0.00335811,0.00347811,0.0
0.0286788,1.63189e-07,0.00111497,1.12426e-06,0.0,0.0,4.21235e-21,2.51303e-06,7.81438e-05,0.000905552,0.000342224,0.000416325,0.00137046,3.0004e-05,2.33614e-21,3.5092e-07,0.000402545,0.000504411,0.0,3.09698e-05,0.00651924,0.000140362,1.46276e-20,0.000119123,2.75779e-05,4.17177e-05,0.00675442,0.0,0.0129005,0.00435303,0.0285045,0.000124787,0.00523054,0.000133005,0.00222837,0.000136828,0.000196089,0.00345919,0.000698795,1.05015e-05,4.86185e-05,0.000190138,1.86076e-05,5.38243e-05,0.0,1.27683e-08,0.0,0.0,0.0,0.0,7.40966e-23,0.0,0.0,0.0,3.31425e-06,0.0,0.0,0.0,7.65916e-22,4.50451e-22,0.0,0.0,0.0,2.83867e-22,0.0,0.0,0.0,0.0,0.0,0.0,0.0,0.0,0.0,0.0,1.31134e-06,2.42239e-21,0.0,5.55371e-23,3.12481e-05,2.09431e-07,1.82199e-08,0.0,4.2123e-05,9.84434e-06,1.41933e-05,1.75571e-06,5.75909e-06,2.217e-07,0.000454106,0.0014269,0.000474331,1.09949e-07,2.10358e-05,2.90059e-05,1.63664e-05,0.00460639,0.00144008,0.0273944,0.0659037,0.0198889,0.0171695,0.000731044,0.00344187,0.0,0.0392321,0.0196299,0.00538517,0.0110702,0.0088561,0.017221,0.00258182,0.00335819,0.00347847,0.0
0.0286782,1.63267e-07,0.00111508,1.13924e-06,0.0,0.0,4.12894e-21,2.50721e-06,7.82737e-05,0.000905628,0.000342107,0.000416162,0.00137048,3.00122e-05,2.47356e-21,3.50281e-07,0.000402535,0.000504287,0.0,3.09454e-05,0.00652023,0.000140347,1.46276e-20,0.000118934,2.75735e-05,4.1737e-05,0.00675441,0.0,0.0128985,0.00435378,0.0285022,0.000124948,0.00523076,0.00013288,0.00222757,0.000136613,0.00019595,0.00345869,0.000699243,1.04358e-05,4.86528e-05,0.000190011,1.86704e-05,5.38924e-05,0.0,1.30829e-08,0.0,0.0,0.0,0.0,7.40966e-23,0.0,0.0,0.0,3.30322e-06,0.0,0.0,0.0,7.71711e-22,4.56651e-22,0.0,0.0,0.0,2.96393e-22,0.0,0.0,0.0,0.0,0.0,0.0,0.0,0.0,0.0,0.0,1.32822e-06,2.4348e-21,0.0,5.55371e-23,3.13627e-05,1.69938e-07,9.04983e-09,0.0,4.22815e-05,9.81179e-06,1.39942e-05,1.73676e-06,5.86634e-06,2.17078e-07,0.000454881,0.00142732,0.000474108,1.0709e-07,2.09267e-05,2.90731e-05,1.63048e-05,0.00460692,0.00144061,0.0273965,0.0659049,0.0198896,0.0171683,0.000731151,0.00344185,0.0,0.0392316,0.0196298,0.00538447,0.0110704,0.00885774,0.0172177,0.00258153,0.00335721,0.00347845,0.0
0.0286772,1.63189e-07,0.00111513,1.14164e-06,0.0,0.0,4.17716e-21,2.513e-06,7.80795e-05,0.000905538,0.000342363,0.000416412,0.00137045,2.99821e-05,2.33614e-21,3.51006e-07,0.000402582,0.000504199,0.0,3.0943e-05,0.00652066,0.000140743,1.46174e-20,0.000119005,2.75768e-05,4.13985e-05,0.00675523,0.0,0.0129002,0.00435387,0.0285043,0.000124587,0.00523067,0.000132998,0.00222765,0.000136902,0.000196037,0.00345889,0.000698894,1.05727e-05,4.85566e-05,0.000189954,1.8613e-05,5.39469e-05,0.0,1.28245e-08,0.0,0.0,0.0,0.0,7.40966e-23,0.0,0.0,0.0,3.32506e-06,0.0,0.0,0.0,7.71664e-22,4.50457e-22,0.0,0.0,0.0,2.90162e-22,0.0,6.87599e-24,0.0,0.0,0.0,0.0,0.0,0.0,0.0,0.0,1.32103e-06,2.41635e-21,0.0,6.24793e-23,3.1304e-05,2.42457e-07,1.72286e-08,0.0,4.20363e-05,9.73131e-06,1.40386e-05,1.74516e-06,5.64001e-06,2.2212e-07,0.000454048,0.00142692,0.000474264,1.10836e-07,2.09823e-05,2.88723e-05,1.61523e-05,0.00460699,0.00144005,0.0273936,0.0659022,0.0198884,0.017171,0.000731231,0.00344153,0.0,0.0392319,0.0196296,0.00538461,0.0110703,0.00885709,0.0172205,0.00258207,0.00335761,0.0034783,0.0
