0.00348019,0.000570947,0.0030754,0.000123313,0.0,0.000122221,4.39548e-05,1.93658e-07,2.61878e-06,0.0,0.00210507,0.000428394,0.000830611,0.000164339,1.73157e-05,0.0,0.000191845,5.65375e-05,1.49709e-07,5.65833e-06,0.00361499,2.04924e-05,6.80798e-07,5.87606e-05,0.0,0.0,0.0,0.0,0.0,0.0,0.0,0.0,0.0,0.0,0.0,0.0,0.0,0.0,0.0,0.0,0.0,0.0,0.0,0.0,0.0,0.000284276,0.0,0.0,0.000409993,0.0,0.0,0.0,0.0,7.11906e-05,3.24e-05,0.000376178,0.0,0.0,0.0,0.000122515,0.0,0.0,0.0,0.00195664,0.0,0.000319248,0.000164373,0.0,0.0,0.0,0.0,0.0,0.0,0.000831747,0.000532558,0.0,0.00178835,0.00219777,0.0,2.50158e-07,1.78157e-07,0.00334976,0.0,0.0,1.95741e-06,0.0,0.0,0.0,4.71061e-10,0.0,0.0,0.0,0.0,0.0,0.0,0.0,0.0,0.0,0.0,0.0,0.0,0.0,0.0,0.0,0.0,0.0,0.0,0.0,0.0,0.0,0.0,0.0,0.0,0.0
0.00348042,0.000570135,0.00307647,0.000123267,0.0,0.000117971,4.28403e-05,2.87394e-07,2.42783e-06,0.0,0.00210512,0.00042968,0.00082975,0.000164025,1.71293e-05,0.0,0.000191551,5.61581e-05,1.49709e-07,5.65833e-06,0.003617,2.04706e-05,6.72203e-07,5.85062e-05,0.0,0.0,0.0,0.0,0.0,0.0,0.0,0.0,0.0,0.0,0.0,0.0,0.0,0.0,0.0,0.0,0.0,0.0,0.0,0.0,0.0,0.000283867,0.0,0.0,0.000410015,0.0,0.0,0.0,0.0,7.10831e-05,3.24e-05,0.000376495,0.0,0.0,0.0,0.00012247,0.0,0.0,0.0,0.00195653,0.0,0.000319225,0.000164705,0.0,0.0,0.0,0.0,0.0,0.0,0.000832045,0.000532399,0.0,0.00178927,0.00219723,0.0,2.50158e-07,1.78163e-07,0.00334874,0.0,0.0,1.95372e-06,0.0,0.0,0.0,4.70963e-10,0.0,0.0,0.0,0.0,0.0,0.0,0.0,0.0,0.0,0.0,0.0,0.0,0.0,0.0,0.0,0.0,0.0,0.0,0.0,0.0,0.0,0.0,0.0,0.0,0.0
0.00348008,0.000569925,0.00307486,0.000123027,0.0,0.000121545,4.3321e-05,1.93658e-07,2.61878e-06,0.0,0.00210605,0.000428587,0.000831195,0.000164892,1.68691e-05,0.0,0.000191974,5.65375e-05,1.49709e-07,5.65833e-06,0.00361673,2.05929e-05,5.78915e-07,5.88738e-05,0.0,0.0,0.0,0.0,0.0,0.0,0.0,0.0,0.0,0.0,0.0,0.0,0.0,0.0,0.0,0.0,0.0,0.0,0.0,0.0,0.0,0.000284141,0.0,0.0,0.000409917,0.0,0.0,0.0,0.0,7.10534e-05,3.24e-05,0.000376361,0.0,0.0,0.0,0.000122423,0.0,0.0,0.0,0.00195667,0.0,0.000319177,0.000164373,0.0,0.0,0.0,0.0,0.0,0.0,0.000831877,0.000532492,0.0,0.00178855,0.00219736,0.0,2.50158e-07,1.78164e-07,0.00334982,0.0,0.0,1.95741e-06,0.0,0.0,0.0,4.70522e-10,0.0,0.0,0.0,0.0,0.0,0.0,0.0,0.0,0.0,0.0,0.0,0.0,0.0,0.0,0.0,0.0,0.0,0.0,0.0,0.0,0.0,0.0,0.0,0.0,0.0
0.00348012,0.000570015,0.00307917,0.000123092,0.0,0.000121062,4.36166e-05,2.87394e-07,2.42783e-06,0.0,0.00210223,0.000429585,0.000829686,0.000164566,1.76024e-05,0.0,0.0001914,5.59612e-05,1.49709e-07,5.65833e-06,0.00361694,2.04561e-05,6.72203e-07,5.82871e-05,0.0,0.0,0.0,0.0,0.0,0.0,0.0,0.0,0.0,0.0,0.0,0.0,0.0,0.0,0.0,0.0,0.0,0.0,0.0,0.0,0.0,0.000283882,0.0,0.0,0.00040983,0.0,0.0,0.0,0.0,7.11726e-05,3.24134e-05,0.000376146,0.0,0.0,0.0,0.000122427,0.0,0.0,0.0,0.00195647,0.0,0.00031915,0.000164539,0.0,0.0,0.0,0.0,0.0,0.0,0.000832089,0.00053248,0.0,0.0017885,0.00219751,0.0,2.50158e-07,1.78163e-07,0.00335067,0.0,0.0,1.95722e-06,0.0,0.0,0.0,4.71553e-10,0.0,0.0,0.0,0.0,0.0,0.0,0.0,0.0,0.0,0.0,0.0,0.0,0.0,0.0,0.0,0.0,0.0,0.0,0.0,0.0,0.0,0.0,0.0,0.0,0.0
0.00347952,0.000570706,0.00307254,0.000123298,0.0,0.000119075,4.35108e-05,1.93658e-07,2.61878e-06,0.0,0.00210746,0.000428482,0.00083101,0.000164579,1.7171e-05,0.0,0.000191612,5.65375e-05,1.49709e-07,5.66354e-06,0.00361579,2.0615e-05,6.80904e-07,5.84083e-05,0.0,0.0,0.0,0.0,0.0,0.0,0.0,0.0,0.0,0.0,0.0,0.0,0.0,0.0,0.0,0.0,0.0,0.0,0.0,0.0,0.0,0.000284276,0.0,0.0,0.000410066,0.0,0.0,0.0,0.0,7.11706e-05,3.24e-05,0.000376402,0.0,0.0,0.0,0.000122438,0.0,0.0,0.0,0.00195645,0.0,0.000319225,0.000164373,0.0,0.0,0.0,0.0,0.0,0.0,0.000831669,0.000532451,0.0,0.00178891,0.00219813,2.15808e-07,2.50158e-07,1.79356e-07,0.00334943,0.0,0.0,1.95391e-06,0.0,0.0,0.0,4.71026e-10,0.0,0.0,0.0,0.0,0.0,0.0,0.0,0.0,0.0,0.0,0.0,0.0,0.0,0.0,0.0,0.0,0.0,0.0,0.0,0.0,0.0,0.0,0.0,0.0,0.0
0.00383462,0.00323018,0.00306663,0.000123271,0.0,0.000121225,4.33384e-05,2.87394e-07,2.40509e-06,0.0,0.00209559,0.000426741,0.000825683,0.000162902,1.7027e-05,0.0,0.000190739,5.59606e-05,1.49709e-07,5.64909e-06,0.00361531,2.02976e-05,6.73724e-07,5.8567e-05,0.0,0.0,0.0,0.0,0.0,0.0,0.0,0.0,0.0,0.0,0.0,0.0,0.0,0.0,0.0,0.0,0.0,0.0,0.0,0.0,0.0,0.000283867,0.0,0.0,0.000410166,0.0,0.0,0.0,0.0,7.10329e-05,3.24e-05,0.00037633,0.0,0.0,0.0,0.000122639,0.0,0.0,0.0,0.00195716,0.0,0.000319297,0.000164539,0.0,0.0,0.0,0.0,0.0,0.0,0.000832581,0.000532263,0.0,0.00178844,0.00219766,0.0,2.50158e-07,1.78156e-07,0.00334875,0.0,0.0,1.94339e-06,0.0,0.0,0.0,4.68872e-10,0.0,0.0,0.0,0.0,0.0,0.0,0.0,0.0,0.0,0.0,0.0,0.0,0.0,0.0,0.0,0.0,0.0,0.0,0.0,0.0,0.0,0.0,0.0,0.0,0.0
0.00383354,0.00322903,0.00306473,0.000123035,0.0,0.000122221,4.30613e-05,1.93658e-07,2.42783e-06,0.0,0.00209579,0.000427518,0.000829172,0.000163821,1.70461e-05,0.0,0.00019121,5.59874e-05,1.49709e-07,5.65833e-06,0.00361702,2.04561e-05,6.74521e-07,5.84398e-05,0.0,0.0,0.0,0.0,0.0,0.0,0.0,0.0,0.0,0.0,0.0,0.0,0.0,0.0,0.0,0.0,0.0,0.0,0.0,0.0,0.0,0.000284141,0.0,0.0,0.000410073,0.0,0.0,0.0,0.0,7.11445e-05,3.24e-05,0.000376245,0.0,0.0,0.0,0.000122423,0.0,0.0,0.0,0.00195637,0.0,0.000319059,0.000164539,0.0,0.0,0.0,0.0,0.0,0.0,0.000831889,0.000532478,0.0,0.00178991,0.00219803,0.0,2.50158e-07,1.78172e-07,0.00335116,0.0,0.0,1.95391e-06,0.0,0.0,0.0,4.69392e-10,0.0,0.0,0.0,0.0,0.0,0.0,0.0,0.0,0.0,0.0,0.0,0.0,0.0,0.0,0.0,0.0,0.0,0.0,0.0,0.0,0.0,0.0,0.0,0.0,0.0
0.0038327,0.00323095,0.00306694,0.00012307,0.0,0.000118491,4.31093e-05,2.87394e-07,2.61878e-06,0.0,0.00209674,0.000427336,0.00082666,0.000163783,1.74152e-05,0.0,0.000190612,5.61594e-05,1.49709e-07,5.65833e-06,0.00361468,2.04237e-05,6.78414e-07,5.82922e-05,0.0,0.0,0.0,0.0,0.0,0.0,0.0,0.0,0.0,0.0,0.0,0.0,0.0,0.0,0.0,0.0,0.0,0.0,0.0,0.0,0.0,0.000284141,0.0,0.0,0.000409904,0.0,0.0,0.0,0.0,7.11319e-05,3.24e-05,0.000376132,0.0,0.0,0.0,0.000122638,0.0,0.0,0.0,0.00195675,0.0,0.000319268,0.000164506,0.0,0.0,0.0,0.0,0.0,0.0,0.000832263,0.000532311,0.0,0.00178839,0.00219762,0.0,2.50158e-07,1.78156e-07,0.00334947,0.0,0.0,1.95722e-06,0.0,0.0,0.0,4.71013e-10,0.0,0.0,0.0,0.0,0.0,0.0,0.0,0.0,0.0,0.0,0.0,0.0,0.0,0.0,0.0,0.0,0.0,0.0,0.0,0.0,0.0,0.0,0.0,0.0,0.0
0.00383302,0.00322851,0.00306585,0.000122947,0.0,0.000121295,4.36183e-05,0.0,2.61878e-06,0.0,0.00209647,0.000426302,0.000826362,0.000163748,1.71405e-05,0.0,0.000191593,5.65362e-05,1.49709e-07,5.69404e-06,0.00361564,2.05131e-05,5.67921e-07,5.8251e-05,0.0,0.0,0.0,0.0,0.0,0.0,0.0,0.0,0.0,0.0,0.0,0.0,0.0,0.0,0.0,0.0,0.0,0.0,0.0,0.0,0.0,0.000284141,0.0,0.0,0.000410027,0.0,0.0,0.0,0.0,7.11052e-05,3.24e-05,0.000376284,0.0,0.0,0.0,0.000122515,0.0,0.0,0.0,0.00195681,0.0,0.000319365,0.000164539,0.0,0.0,0.0,0.0,0.0,0.0,0.000832164,0.000532365,0.0,0.00178859,0.00219784,0.0,2.50158e-07,1.78156e-07,0.00335023,0.0,0.0,1.95391e-06,0.0,0.0,0.0,4.69409e-10,0.0,0.0,0.0,0.0,0.0,0.0,0.0,0.0,0.0,0.0,0.0,0.0,0.0,0.0,0.0,0.0,0.0,0.0,0.0,0.0,0.0,0.0,0.0,0.0,0.0
0.00383384,0.00323039,0.00306537,0.000123372,0.0,0.000119532,4.34421e-05,2.87394e-07,2.42783e-06,0.0,0.00209632,0.000428132,0.000827062,0.000162911,1.71274e-05,0.0,0.000190529,5.57637e-05,0.0,5.65833e-06,0.00361506,2.04785e-05,6.78481e-07,5.844e-05,0.0,0.0,0.0,0.0,0.0,0.0,0.0,0.0,0.0,0.0,0.0,0.0,0.0,0.0,0.0,0.0,0.0,0.0,0.0,0.0,0.0,0.000284192,0.0,0.0,0.000409935,0.0,0.0,0.0,0.0,7.10963e-05,3.23535e-05,0.000376059,0.0,0.0,0.0,0.000122518,0.0,0.0,0.0,0.00195595,0.0,0.000319135,0.000164539,0.0,0.0,0.0,0.0,0.0,0.0,0.000832815,0.000532521,0.0,0.00178887,0.00219869,0.0,2.50158e-07,1.78164e-07,0.00335048,0.0,0.0,1.94339e-06,0.0,0.0,0.0,4.68852e-10,0.0,0.0,0.0,0.0,0.0,0.0,0.0,0.0,0.0,0.0,0.0,0.0,0.0,0.0,0.0,0.0,0.0,0.0,0.0,0.0,0.0,0.0,0.0,0.0,0.0
0.00383344,0.00323018,0.00306526,0.000122782,0.0,0.00011954,4.31291e-05,1.93658e-07,2.61878e-06,0.0,0.00209674,0.000426285,0.000826233,0.000163747,1.68434e-05,0.0,0.000190811,5.59574e-05,1.49709e-07,5.65833e-06,0.00361668,2.04215e-05,6.74521e-07,5.83948e-05,0.0,0.0,0.0,0.0,0.0,0.0,0.0,0.0,0.0,0.0,0.0,0.0,0.0,0.0,0.0,0.0,0.0,0.0,0.0,0.0,0.0,0.000283691,0.0,0.0,0.000410192,0.0,0.0,0.0,0.0,7.11665e-05,3.24e-05,0.000376584,0.0,0.0,0.0,0.000122638,0.0,0.0,0.0,0.00195702,0.0,0.000319151,0.000164539,0.0,0.0,0.0,0.0,0.0,0.0,0.000831355,0.000532221,0.0,0.00178925,0.00219736,0.0,2.52764e-07,1.78164e-07,0.00335047,0.0,0.0,1.93988e-06,0.0,0.0,0.0,4.71028e-10,0.0,0.0,0.0,0.0,0.0,0.0,0.0,0.0,0.0,0.0,0.0,0.0,0.0,0.0,0.0,0.0,0.0,0.0,0.0,0.0,0.0,0.0,0.0,0.0,0.0
0.00383263,0.00322976,0.00306819,0.000123058,0.0,0.000122712,4.36284e-05,2.87394e-07,2.42783e-06,0.0,0.00209519,0.000427716,0.000828108,0.000163503,1.75175e-05,0.0,0.000191408,5.63387e-05,1.49709e-07,5.65833e-06,0.00361583,2.04414e-05,6.78481e-07,5.83157e-05,0.0,0.0,0.0,0.0,0.0,0.0,0.0,0.0,0.0,0.0,0.0,0.0,0.0,0.0,0.0,0.0,0.0,0.0,0.0,0.0,0.0,0.000284276,0.0,0.0,0.000409979,0.0,0.0,0.0,0.0,7.10991e-05,3.24e-05,0.00037618,0.0,0.0,0.0,0.000122427,0.0,0.0,0.0,0.0019567,0.0,0.000319219,0.000164373,0.0,0.0,0.0,0.0,0.0,0.0,0.000832948,0.000532347,0.0,0.00178941,0.0021979,0.0,2.50158e-07,1.78163e-07,0.00334984,0.0,0.0,1.95391e-06,0.0,0.0,0.0,4.67762e-10,0.0,0.0,0.0,0.0,0.0,0.0,0.0,0.0,0.0,0.0,0.0,0.0,0.0,0.0,0.0,0.0,0.0,0.0,0.0,0.0,0.0,0.0,0.0,0.0,0.0
0.00383362,0.00323061,0.003063,0.000122947,0.0,0.000120545,4.33085e-05,1.93658e-07,2.61878e-06,0.0,0.00209552,0.000426016,0.000827133,0.000163153,1.70705e-05,0.0,0.0001907,5.57637e-05,1.49709e-07,5.65833e-06,0.00361516,2.03587e-05,5.74198e-07,5.81059e-05,0.0,0.0,0.0,0.0,0.0,0.0,0.0,0.0,0.0,0.0,0.0,0.0,0.0,0.0,0.0,0.0,0.0,0.0,0.0,0.0,0.0,0.000283922,0.0,0.0,0.000410154,0.0,0.0,0.0,0.0,7.1118e-05,3.24e-05,0.000376139,0.0,0.0,0.0,0.000122515,0.0,0.0,0.0,0.0019565,0.0,0.000319346,0.000164705,0.0,0.0,0.0,0.0,0.0,0.0,0.000831884,0.000532406,0.0,0.00178867,0.00219783,0.0,2.50158e-07,1.78157e-07,0.00334961,0.0,0.0,1.95722e-06,0.0,0.0,0.0,4.71034e-10,0.0,0.0,0.0,0.0,0.0,0.0,0.0,0.0,0.0,0.0,0.0,0.0,0.0,0.0,0.0,0.0,0.0,0.0,0.0,0.0,0.0,0.0,0.0,0.0,0.0
0.00383344,0.00322892,0.00306568,0.000122861,0.0,0.000118902,4.29665e-05,2.87394e-07,2.61878e-06,0.0,0.00209644,0.000428244,0.000827149,0.000163745,1.68425e-05,0.0,0.000191236,5.65806e-05,1.49709e-07,5.66303e-06,0.00361497,2.04707e-05,6.72203e-07,5.87326e-05,0.0,0.0,0.0,0.0,0.0,0.0,0.0,0.0,0.0,0.0,0.0,0.0,0.0,0.0,0.0,0.0,0.0,0.0,0.0,0.0,0.0,0.000284276,0.0,0.0,0.000409794,0.0,0.0,0.0,0.0,7.10803e-05,3.24e-05,0.000376155,0.0,0.0,0.0,0.000122578,0.0,0.0,0.0,0.00195667,0.0,0.000319098,0.000164373,0.0,0.0,0.0,0.0,0.0,0.0,0.00083184,0.000532581,0.0,0.00178933,0.00219783,2.15808e-07,2.50158e-07,1.78154e-07,0.00335013,0.0,0.0,1.93988e-06,0.0,0.0,0.0,4.69392e-10,0.0,0.0,0.0,0.0,0.0,0.0,0.0,0.0,0.0,0.0,0.0,0.0,0.0,0.0,0.0,0.0,0.0,0.0,0.0,0.0,0.0,0.0,0.0,0.0,0.0
0.00383368,0.00323009,0.00306651,0.000123256,0.0,0.000122279,4.40028e-05,1.93658e-07,2.42783e-06,0.0,0.00209488,0.000427106,0.000826947,0.000163522,1.7154e-05,0.0,0.000190918,5.57637e-05,1.49709e-07,5.65883e-06,0.00361635,2.05494e-05,6.80798e-07,5.81643e-05,0.0,0.0,0.0,0.0,0.0,0.0,0.0,0.0,0.0,0.0,0.0,0.0,0.0,0.0,0.0,0.0,0.0,0.0,0.0,0.0,0.0,0.000283951,0.0,0.0,0.000410107,0.0,0.0,0.0,0.0,7.11129e-05,3.24e-05,0.000376059,0.0,0.0,0.0,0.000122518,0.0,0.0,0.0,0.00195631,0.0,0.00031914,0.000164539,0.0,0.0,0.0,0.0,0.0,0.0,0.000832193,0.000532133,0.0,0.00178852,0.00219843,0.0,2.50158e-07,1.78166e-07,0.00335049,0.0,0.0,1.95741e-06,0.0,0.0,0.0,4.70502e-10,0.0,0.0,0.0,0.0,0.0,0.0,0.0,0.0,0.0,0.0,0.0,0.0,0.0,0.0,0.0,0.0,0.0,0.0,0.0,0.0,0.0,0.0,0.0,0.0,0.0
0.0,0.0,0.0,1.70452e-19,0.0,0.00142585,3.24844e-05,2.69265e-06,1.8095e-06,0.0,0.0,0.0,0.0,0.0,0.0,0.0,0.0,0.0,0.0,0.0,3.65376e-08,0.0,0.0,0.0,0.0,0.0,0.0,0.0,0.0,0.0,0.0,0.0,0.0,0.0,0.0,0.0,0.0,0.0,0.0,0.0,0.0,0.0,0.0,0.0,0.0,0.000192121,0.0,0.0,0.00106324,0.0,0.0,0.0,0.0,0.000264858,0.000147868,0.00132016,0.0,0.0,0.0,0.000327155,0.0,0.0,0.0,0.00579706,0.0,0.00046576,0.0,0.0,0.0,0.0,0.0,0.0,0.0,0.000515594,0.00209674,0.0,0.00195957,0.00306758,2.15808e-07,1.53743e-07,4.96853e-07,0.00544179,0.0,0.0,0.0,0.0,0.0,0.0,0.0,0.0,0.0,0.0,0.0,0.0,0.0,0.0,0.0,0.0,0.0,0.0,0.0,0.0,0.0,0.0,0.0,0.0,0.0,0.0,0.0,0.0,0.0,0.0,0.0,0.0
0.0,0.0,0.0,3.62631e-19,0.0,0.00142878,3.2166e-05,2.69265e-06,1.8095e-06,0.0,0.0,0.0,0.0,0.0,0.0,0.0,0.0,0.0,0.0,0.0,2.81868e-11,0.0,0.0,0.0,0.0,0.0,0.0,0.0,0.0,0.0,0.0,0.0,0.0,0.0,0.0,0.0,0.0,0.0,0.0,0.0,0.0,0.0,0.0,0.0,0.0,0.000192069,0.0,0.0,0.00106307,0.0,0.0,0.0,0.0,0.000264886,0.000147868,0.00132021,0.0,0.0,0.0,0.000327098,0.0,0.0,0.0,0.00579717,0.0,0.000465702,0.0,0.0,0.0,0.0,0.0,0.0,0.0,0.000515772,0.00209676,0.0,0.00195976,0.00306746,2.15808e-07,1.56349e-07,4.95654e-07,0.00544193,0.0,0.0,0.0,0.0,0.0,0.0,0.0,0.0,0.0,0.0,0.0,0.0,0.0,0.0,0.0,0.0,0.0,0.0,0.0,0.0,0.0,0.0,0.0,0.0,0.0,0.0,0.0,0.0,0.0,0.0,0.0,0.0
0.0,0.0,0.0,0.0,0.0,0.00142856,3.20169e-05,2.69265e-06,1.8095e-06,0.0,0.0,0.0,0.0,0.0,0.0,0.0,0.0,0.0,0.0,0.0,2.97801e-11,0.0,0.0,0.0,0.0,0.0,0.0,0.0,0.0,0.0,0.0,0.0,0.0,0.0,0.0,0.0,0.0,0.0,0.0,0.0,0.0,0.0,0.0,0.0,0.0,0.000192121,0.0,0.0,0.00106327,0.0,0.0,0.0,0.0,0.000264801,0.000147855,0.00131967,0.0,0.0,0.0,0.000327158,0.0,0.0,0.0,0.00579669,0.0,0.000465742,0.0,0.0,0.0,0.0,0.0,0.0,0.0,0.000515771,0.00209689,0.0,0.00195966,0.00306727,2.15808e-07,1.56349e-07,4.95655e-07,0.00544237,0.0,0.0,0.0,0.0,0.0,0.0,0.0,0.0,0.0,0.0,0.0,0.0,0.0,0.0,0.0,0.0,0.0,0.0,0.0,0.0,0.0,0.0,0.0,0.0,0.0,0.0,0.0,0.0,0.0,0.0,0.0,0.0
0.0,0.0,0.0,3.5114e-19,0.0,0.00142937,3.27628e-05,2.88631e-06,2.02319e-06,0.0,0.0,0.0,0.0,0.0,0.0,0.0,0.0,0.0,0.0,0.0,2.81868e-11,0.0,0.0,0.0,0.0,0.0,0.0,0.0,0.0,0.0,0.0,0.0,0.0,0.0,0.0,0.0,0.0,0.0,0.0,0.0,0.0,0.0,0.0,0.0,0.0,0.000192245,0.0,0.0,0.00106319,0.0,0.0,0.0,0.0,0.00026484,0.000147915,0.00132013,0.0,0.0,0.0,0.000327155,0.0,0.0,0.0,0.00579737,0.0,0.000465778,0.0,0.0,0.0,0.0,0.0,0.0,0.0,0.000515595,0.00209671,0.0,0.00195962,0.00306762,4.31616e-07,1.53743e-07,4.95653e-07,0.00544257,0.0,0.0,0.0,0.0,0.0,0.0,0.0,0.0,0.0,0.0,0.0,0.0,0.0,0.0,0.0,0.0,0.0,0.0,0.0,0.0,0.0,0.0,0.0,0.0,0.0,0.0,0.0,0.0,0.0,0.0,0.0,0.0
0.0,0.0,0.0,3.3343e-07,0.0,0.00142787,3.33842e-05,2.69265e-06,1.61855e-06,0.0,0.0,0.0,0.0,0.0,0.0,0.0,0.0,0.0,0.0,0.0,2.92284e-11,0.0,0.0,0.0,0.0,0.0,0.0,0.0,0.0,0.0,0.0,0.0,0.0,0.0,0.0,0.0,0.0,0.0,0.0,0.0,0.0,0.0,0.0,0.0,0.0,0.000192205,0.0,0.0,0.00106315,0.0,0.0,0.0,0.0,0.000264874,0.000147855,0.00131962,0.0,0.0,0.0,0.000327067,0.0,0.0,0.0,0.0057969,0.0,0.000465624,0.0,0.0,0.0,0.0,0.0,0.0,0.0,0.000515594,0.0020968,0.0,0.0019598,0.00306741,2.15808e-07,1.56349e-07,4.95655e-07,0.00544218,0.0,0.0,0.0,0.0,0.0,0.0,0.0,0.0,0.0,0.0,0.0,0.0,0.0,0.0,0.0,0.0,0.0,0.0,0.0,0.0,0.0,0.0,0.0,0.0,0.0,0.0,0.0,0.0,0.0,0.0,0.0,0.0
0.0,0.0,0.0,4.05398e-19,0.0,0.0014271,3.18689e-05,2.69265e-06,1.8095e-06,0.0,0.0,0.0,0.0,0.0,0.0,0.0,0.0,0.0,0.0,0.0,2.81868e-11,0.0,0.0,0.0,0.0,0.0,0.0,0.0,0.0,0.0,0.0,0.0,0.0,0.0,0.0,0.0,0.0,0.0,0.0,0.0,0.0,0.0,0.0,0.0,0.0,0.000192121,0.0,0.0,0.00106325,0.0,0.0,0.0,0.0,0.000264862,0.000147868,0.00131982,0.0,0.0,0.0,0.000327275,0.0,0.0,0.0,0.00579683,0.0,0.000465821,0.0,0.0,0.0,0.0,0.0,0.0,0.0,0.000515948,0.00209687,0.0,0.00195992,0.00306736,2.15808e-07,1.53743e-07,4.96853e-07,0.00544168,0.0,0.0,0.0,0.0,0.0,0.0,0.0,0.0,0.0,0.0,0.0,0.0,0.0,0.0,0.0,0.0,0.0,0.0,0.0,0.0,0.0,0.0,0.0,0.0,0.0,0.0,0.0,0.0,0.0,0.0,0.0,0.0
0.0,0.0,0.0,0.0,0.0,0.00143031,3.27657e-05,2.69265e-06,2.02319e-06,0.0,0.0,0.0,0.0,0.0,0.0,0.0,0.0,0.0,0.0,0.0,2.81868e-11,0.0,0.0,0.0,0.0,0.0,0.0,0.0,0.0,0.0,0.0,0.0,0.0,0.0,0.0,0.0,0.0,0.0,0.0,0.0,0.0,0.0,0.0,0.0,0.0,0.000191985,0.0,0.0,0.00106315,0.0,0.0,0.0,0.0,0.000264858,0.000147868,0.00131992,0.0,0.0,0.0,0.000327158,0.0,0.0,0.0,0.00579697,0.0,0.000465704,0.0,0.0,0.0,0.0,0.0,0.0,0.0,0.000515595,0.0020966,0.0,0.00195975,0.00306733,4.31616e-07,1.56349e-07,4.95655e-07,0.00544227,0.0,0.0,0.0,0.0,0.0,0.0,0.0,0.0,0.0,0.0,0.0,0.0,0.0,0.0,0.0,0.0,0.0,0.0,0.0,0.0,0.0,0.0,0.0,0.0,0.0,0.0,0.0,0.0,0.0,0.0,0.0,0.0
0.0,0.0,0.0,3.5114e-19,0.0,0.00142694,3.18109e-05,2.69265e-06,1.8095e-06,0.0,0.0,0.0,0.0,0.0,0.0,0.0,0.0,0.0,0.0,0.0,2.92284e-11,0.0,0.0,0.0,0.0,0.0,0.0,0.0,0.0,0.0,0.0,0.0,0.0,0.0,0.0,0.0,0.0,0.0,0.0,0.0,0.0,0.0,0.0,0.0,0.0,0.000192205,0.0,0.0,0.00106318,0.0,0.0,0.0,0.0,0.000264819,0.000147855,0.00132007,0.0,0.0,0.0,0.000327067,0.0,0.0,0.0,0.00579663,0.0,0.000465721,0.0,0.0,0.0,0.0,0.0,0.0,0.0,0.000515594,0.00209678,0.0,0.00195975,0.00306771,2.15808e-07,1.56349e-07,4.95648e-07,0.00544182,0.0,0.0,0.0,0.0,0.0,0.0,0.0,0.0,0.0,0.0,0.0,0.0,0.0,0.0,0.0,0.0,0.0,0.0,0.0,0.0,0.0,0.0,0.0,0.0,0.0,0.0,0.0,0.0,0.0,0.0,0.0,0.0
0.0,0.0,0.0,4.65401e-19,0.0,0.00142944,3.3132e-05,2.69265e-06,1.8095e-06,0.0,0.0,0.0,0.0,0.0,0.0,0.0,0.0,0.0,0.0,0.0,2.81868e-11,0.0,0.0,0.0,0.0,0.0,0.0,0.0,0.0,0.0,0.0,0.0,0.0,0.0,0.0,0.0,0.0,0.0,0.0,0.0,0.0,0.0,0.0,0.0,0.0,0.000192245,0.0,0.0,0.00106318,0.0,0.0,0.0,0.0,0.00026484,0.000147868,0.00131972,0.0,0.0,0.0,0.000327155,0.0,0.0,0.0,0.00579756,0.0,0.000465737,0.0,0.0,0.0,0.0,0.0,0.0,0.0,0.000515772,0.00209678,0.0,0.0019597,0.0030673,2.15808e-07,1.53743e-07,4.9566e-07,0.00544271,0.0,0.0,0.0,0.0,0.0,0.0,0.0,0.0,0.0,0.0,0.0,0.0,0.0,0.0,0.0,0.0,0.0,0.0,0.0,0.0,0.0,0.0,0.0,0.0,0.0,0.0,0.0,0.0,0.0,0.0,0.0,0.0
0.0,0.0,0.0,0.0,0.0,0.00142773,3.15427e-05,2.59892e-06,2.02319e-06,0.0,0.0,0.0,0.0,0.0,0.0,0.0,0.0,0.0,0.0,0.0,2.97801e-11,0.0,0.0,0.0,0.0,0.0,0.0,0.0,0.0,0.0,0.0,0.0,0.0,0.0,0.0,0.0,0.0,0.0,0.0,0.0,0.0,0.0,0.0,0.0,0.0,0.000192121,0.0,0.0,0.00106306,0.0,0.0,0.0,0.0,0.00026486,0.000147902,0.00131987,0.0,0.0,0.0,0.000327098,0.0,0.0,0.0,0.00579659,0.0,0.000465741,0.0,0.0,0.0,0.0,0.0,0.0,0.0,0.000515771,0.00209682,0.0,0.00195953,0.0030674,2.15808e-07,1.56349e-07,4.95655e-07,0.00544161,0.0,0.0,0.0,0.0,0.0,0.0,0.0,0.0,0.0,0.0,0.0,0.0,0.0,0.0,0.0,0.0,0.0,0.0,0.0,0.0,0.0,0.0,0.0,0.0,0.0,0.0,0.0,0.0,0.0,0.0,0.0,0.0
0.0,0.0,0.0,5.97731e-19,0.0,0.00206303,4.85984e-05,3.94215e-06,2.61878e-06,0.0,0.0,0.0,0.0,0.0,0.0,0.0,0.0,0.0,0.0,0.0,0.0,0.0,0.0,0.0,0.0,0.0,0.0,0.0,0.0,0.0,0.0,0.0,0.0,0.0,0.0,0.0,0.0,0.0,0.0,0.0,0.0,0.0,0.0,0.0,0.0,0.000150592,0.0,0.0,0.000907512,0.0,0.0,0.0,0.0,0.000226528,0.000128242,0.00112411,0.0,0.0,0.0,0.000280944,0.0,0.0,0.0,0.0049677,0.0,0.000402065,0.0,0.0,0.0,0.0,0.0,0.0,0.0,0.00044398,0.00180095,0.0,0.00164608,0.00261361,4.31616e-07,8.33859e-08,4.14249e-07,0.00467495,0.0,0.0,0.0,0.0,0.0,0.0,0.0,0.0,0.0,0.0,0.0,0.0,0.0,0.0,0.0,0.0,0.0,0.0,0.0,0.0,0.0,0.0,0.0,0.0,0.0,0.0,0.0,0.0,0.0,0.0,0.0,0.0
0.0,0.0,0.0,2.58237e-19,0.0,0.00205949,4.84995e-05,3.84841e-06,2.83246e-06,0.0,0.0,0.0,0.0,0.0,0.0,0.0,0.0,0.0,0.0,0.0,0.0,0.0,0.0,0.0,0.0,0.0,0.0,0.0,0.0,0.0,0.0,0.0,0.0,0.0,0.0,0.0,0.0,0.0,0.0,0.0,0.0,0.0,0.0,0.0,0.0,0.000150643,0.0,0.0,0.000907527,0.0,0.0,0.0,0.0,0.000226588,0.000128275,0.00112359,0.0,0.0,0.0,0.000280852,0.0,0.0,0.0,0.00496718,0.0,0.000402099,0.0,0.0,0.0,0.0,0.0,0.0,0.0,0.000444159,0.00180108,0.0,0.00164641,0.00261371,4.31616e-07,8.07801e-08,4.13051e-07,0.00467427,0.0,0.0,0.0,0.0,0.0,0.0,0.0,0.0,0.0,0.0,0.0,0.0,0.0,0.0,0.0,0.0,0.0,0.0,0.0,0.0,0.0,0.0,0.0,0.0,0.0,0.0,0.0,0.0,0.0,0.0,0.0,0.0
0.0,0.0,0.0,8.92213e-19,0.0,0.00206255,4.87408e-05,3.94215e-06,2.61878e-06,0.0,0.0,0.0,0.0,0.0,0.0,0.0,0.0,0.0,0.0,0.0,0.0,0.0,0.0,0.0,0.0,0.0,0.0,0.0,0.0,0.0,0.0,0.0,0.0,0.0,0.0,0.0,0.0,0.0,0.0,0.0,0.0,0.0,0.0,0.0,0.0,0.000150508,0.0,0.0,0.000907414,0.0,0.0,0.0,0.0,0.000226562,0.000128229,0.00112387,0.0,0.0,0.0,0.000280763,0.0,0.0,0.0,0.00496759,0.0,0.000402107,0.0,0.0,0.0,0.0,0.0,0.0,0.0,0.000444157,0.00180116,0.0,0.00164705,0.00261376,4.31616e-07,8.33859e-08,4.13051e-07,0.00467454,0.0,0.0,0.0,0.0,0.0,0.0,0.0,0.0,0.0,0.0,0.0,0.0,0.0,0.0,0.0,0.0,0.0,0.0,0.0,0.0,0.0,0.0,0.0,0.0,0.0,0.0,0.0,0.0,0.0,0.0,0.0,0.0
0.0,0.0,0.0,9.06577e-20,0.0,0.00206345,4.91017e-05,3.84841e-06,3.02341e-06,0.0,0.0,0.0,0.0,0.0,0.0,0.0,0.0,0.0,0.0,0.0,0.0,0.0,0.0,0.0,0.0,0.0,0.0,0.0,0.0,0.0,0.0,0.0,0.0,0.0,0.0,0.0,0.0,0.0,0.0,0.0,0.0,0.0,0.0,0.0,0.0,0.000150851,0.0,0.0,0.000907515,0.0,0.0,0.0,0.0,0.00022659,0.000128275,0.00112399,0.0,0.0,0.0,0.000280972,0.0,0.0,0.0,0.00496746,0.0,0.000402141,0.0,0.0,0.0,0.0,0.0,0.0,0.0,0.000444159,0.00180098,0.0,0.00164605,0.00261377,4.31616e-07,8.33859e-08,4.13048e-07,0.0046739,0.0,0.0,0.0,0.0,0.0,0.0,0.0,0.0,0.0,0.0,0.0,0.0,0.0,0.0,0.0,0.0,0.0,0.0,0.0,0.0,0.0,0.0,0.0,0.0,0.0,0.0,0.0,0.0,0.0,0.0,0.0,0.0
0.0,0.0,0.0,1.7557e-19,0.0,0.00206192,4.7904e-05,4.13581e-06,2.61878e-06,0.0,0.0,0.0,0.0,0.0,0.0,0.0,0.0,0.0,0.0,0.0,0.0,0.0,0.0,0.0,0.0,0.0,0.0,0.0,0.0,0.0,0.0,0.0,0.0,0.0,0.0,0.0,0.0,0.0,0.0,0.0,0.0,0.0,0.0,0.0,0.0,0.000150508,0.0,0.0,0.00090743,0.0,0.0,0.0,0.0,0.0002265,0.000128242,0.00112358,0.0,0.0,0.0,0.000280852,0.0,0.0,0.0,0.0049674,0.0,0.000402096,0.0,0.0,0.0,0.0,0.0,0.0,0.0,0.00044398,0.00180109,0.0,0.00164644,0.00261352,4.31616e-07,8.07801e-08,4.13052e-07,0.00467417,0.0,0.0,0.0,0.0,0.0,0.0,0.0,0.0,0.0,0.0,0.0,0.0,0.0,0.0,0.0,0.0,0.0,0.0,0.0,0.0,0.0,0.0,0.0,0.0,0.0,0.0,0.0,0.0,0.0,0.0,0.0,0.0
0.0,0.0,0.0,1.81315e-19,0.0,0.00206256,4.8373e-05,3.84841e-06,2.83246e-06,0.0,0.0,0.0,0.0,0.0,0.0,0.0,0.0,0.0,0.0,0.0,0.0,0.0,0.0,0.0,0.0,0.0,0.0,0.0,0.0,0.0,0.0,0.0,0.0,0.0,0.0,0.0,0.0,0.0,0.0,0.0,0.0,0.0,0.0,0.0,0.0,0.000150643,0.0,0.0,0.000907429,0.0,0.0,0.0,0.0,0.00022658,0.000128275,0.00112375,0.0,0.0,0.0,0.000280763,0.0,0.0,0.0,0.00496781,0.0,0.000402065,0.0,0.0,0.0,0.0,0.0,0.0,0.0,0.000443982,0.00180105,0.0,0.00164654,0.0026136,2.15808e-07,8.33859e-08,4.14249e-07,0.00467441,0.0,0.0,0.0,0.0,0.0,0.0,0.0,0.0,0.0,0.0,0.0,0.0,0.0,0.0,0.0,0.0,0.0,0.0,0.0,0.0,0.0,0.0,0.0,0.0,0.0,0.0,0.0,0.0,0.0,0.0,0.0,0.0
0.0,0.0,0.0,2.09042e-07,0.0,0.00206214,4.85261e-05,3.94215e-06,2.61878e-06,0.0,0.0,0.0,0.0,0.0,0.0,0.0,0.0,0.0,0.0,0.0,0.0,0.0,0.0,0.0,0.0,0.0,0.0,0.0,0.0,0.0,0.0,0.0,0.0,0.0,0.0,0.0,0.0,0.0,0.0,0.0,0.0,0.0,0.0,0.0,0.0,0.000150592,0.0,0.0,0.000907458,0.0,0.0,0.0,0.0,0.000226592,0.000128229,0.00112383,0.0,0.0,0.0,0.000280852,0.0,0.0,0.0,0.00496743,0.0,0.00040212,0.0,0.0,0.0,0.0,0.0,0.0,0.0,0.000444334,0.00180088,0.0,0.00164612,0.00261393,4.31616e-07,8.33859e-08,4.13051e-07,0.00467437,0.0,0.0,0.0,0.0,0.0,0.0,0.0,0.0,0.0,0.0,0.0,0.0,0.0,0.0,0.0,0.0,0.0,0.0,0.0,0.0,0.0,0.0,0.0,0.0,0.0,0.0,0.0,0.0,0.0,0.0,0.0,0.0
0.0,0.0,0.0,2.72441e-19,0.0,0.00206168,4.80658e-05,3.84841e-06,2.80972e-06,0.0,0.0,0.0,0.0,0.0,0.0,0.0,0.0,0.0,0.0,0.0,0.0,0.0,0.0,0.0,0.0,0.0,0.0,0.0,0.0,0.0,0.0,0.0,0.0,0.0,0.0,0.0,0.0,0.0,0.0,0.0,0.0,0.0,0.0,0.0,0.0,0.000150643,0.0,0.0,0.000907412,0.0,0.0,0.0,0.0,0.000226578,0.000128275,0.00112401,0.0,0.0,0.0,0.000281033,0.0,0.0,0.0,0.00496712,0.0,0.000402117,0.0,0.0,0.0,0.0,0.0,0.0,0.0,0.000443804,0.00180113,0.0,0.00164621,0.00261375,4.31616e-07,8.07801e-08,4.13049e-07,0.0046742,0.0,0.0,0.0,0.0,0.0,0.0,0.0,0.0,0.0,0.0,0.0,0.0,0.0,0.0,0.0,0.0,0.0,0.0,0.0,0.0,0.0,0.0,0.0,0.0,0.0,0.0,0.0,0.0,0.0,0.0,0.0,0.0
0.0,0.0,0.0,2.89204e-19,0.0,0.00206031,4.88674e-05,3.94215e-06,2.83246e-06,0.0,0.0,0.0,0.0,0.0,0.0,0.0,0.0,0.0,0.0,0.0,0.0,0.0,0.0,0.0,0.0,0.0,0.0,0.0,0.0,0.0,0.0,0.0,0.0,0.0,0.0,0.0,0.0,0.0,0.0,0.0,0.0,0.0,0.0,0.0,0.0,0.000150632,0.0,0.0,0.000907437,0.0,0.0,0.0,0.0,0.000226572,0.000128242,0.00112396,0.0,0.0,0.0,0.000280884,0.0,0.0,0.0,0.00496739,0.0,0.000402031,0.0,0.0,0.0,0.0,0.0,0.0,0.0,0.000444157,0.00180117,0.0,0.00164624,0.00261383,4.31616e-07,8.33859e-08,4.13051e-07,0.00467435,0.0,0.0,0.0,0.0,0.0,0.0,0.0,0.0,0.0,0.0,0.0,0.0,0.0,0.0,0.0,0.0,0.0,0.0,0.0,0.0,0.0,0.0,0.0,0.0,0.0,0.0,0.0,0.0,0.0,0.0,0.0,0.0
0.0,0.0,0.0,9.06577e-20,0.0,0.00206342,4.84658e-05,3.94215e-06,2.61878e-06,0.0,0.0,0.0,0.0,0.0,0.0,0.0,0.0,0.0,0.0,0.0,0.0,0.0,0.0,0.0,0.0,0.0,0.0,0.0,0.0,0.0,0.0,0.0,0.0,0.0,0.0,0.0,0.0,0.0,0.0,0.0,0.0,0.0,0.0,0.0,0.0,0.000150727,0.0,0.0,0.000907556,0.0,0.0,0.0,0.0,0.000226528,0.000128275,0.00112355,0.0,0.0,0.0,0.000280763,0.0,0.0,0.0,0.00496762,0.0,0.000402102,0.0,0.0,0.0,0.0,0.0,0.0,0.0,0.000444159,0.00180092,0.0,0.00164664,0.00261363,4.31616e-07,8.33859e-08,4.13049e-07,0.00467417,0.0,0.0,0.0,0.0,0.0,0.0,0.0,0.0,0.0,0.0,0.0,0.0,0.0,0.0,0.0,0.0,0.0,0.0,0.0,0.0,0.0,0.0,0.0,0.0,0.0,0.0,0.0,0.0,0.0,0.0,0.0,0.0
0.0,0.0,0.0,1.7557e-19,0.0,0.00269737,6.47514e-05,5.09791e-06,3.83269e-06,0.0,0.0,0.0,0.0,0.0,0.0,0.0,0.0,0.0,0.0,0.0,0.0,0.0,0.0,0.0,0.0,0.0,0.0,0.0,0.0,0.0,0.0,0.0,0.0,0.0,0.0,0.0,0.0,0.0,0.0,0.0,0.0,0.0,0.0,0.0,0.0,0.000112494,0.0,0.0,0.000765612,0.0,0.0,0.0,0.0,0.000191684,0.000110433,0.000945192,0.0,0.0,0.0,0.000238762,0.0,0.0,0.0,0.00421258,0.0,0.000344294,0.0,0.0,0.0,0.0,0.0,0.0,0.0,0.000378717,0.00153214,0.0,0.00136071,0.00220158,4.31616e-07,1.56349e-08,3.38944e-07,0.00397599,0.0,0.0,0.0,0.0,0.0,0.0,0.0,0.0,0.0,0.0,0.0,0.0,0.0,0.0,0.0,0.0,0.0,1.13081e-07,0.0,0.0,0.0,0.0,0.0,0.0,0.0,0.0,0.0,0.0,0.0,0.0,0.0,0.0
0.0,0.0,0.0,1.58806e-19,0.0,0.00269551,6.45227e-05,5.09791e-06,3.64174e-06,0.0,0.0,0.0,0.0,0.0,0.0,0.0,0.0,0.0,0.0,0.0,0.0,0.0,0.0,0.0,0.0,0.0,0.0,0.0,0.0,0.0,0.0,0.0,0.0,0.0,0.0,0.0,0.0,0.0,0.0,0.0,0.0,0.0,0.0,0.0,0.0,0.000112753,0.0,0.0,0.00076565,0.0,0.0,0.0,0.0,0.00019174,0.000110387,0.000945361,0.0,0.0,0.0,0.000238793,0.0,0.0,0.0,0.00421263,0.0,0.000344242,0.0,0.0,0.0,0.0,0.0,0.0,0.0,0.00037907,0.00153182,0.0,0.00136098,0.00220186,6.47424e-07,1.56349e-08,3.37728e-07,0.0039751,0.0,0.0,0.0,0.0,0.0,0.0,0.0,0.0,0.0,0.0,0.0,0.0,0.0,0.0,0.0,0.0,0.0,0.0,0.0,0.0,0.0,0.0,0.0,0.0,0.0,0.0,0.0,0.0,0.0,0.0,0.0,0.0
0.0,0.0,0.0,1.31012e-07,0.0,0.00269704,6.48621e-05,5.09791e-06,3.619e-06,0.0,0.0,0.0,0.0,0.0,0.0,0.0,0.0,0.0,0.0,0.0,0.0,0.0,0.0,0.0,0.0,0.0,0.0,0.0,0.0,0.0,0.0,0.0,0.0,0.0,0.0,0.0,0.0,0.0,0.0,0.0,0.0,0.0,0.0,0.0,0.0,0.000112837,0.0,0.0,0.000765746,0.0,0.0,0.0,0.0,0.000191696,0.000110433,0.00094514,0.0,0.0,0.0,0.000238704,0.0,0.0,0.0,0.00421243,0.0,0.000344177,0.0,0.0,0.0,0.0,0.0,0.0,0.0,0.000378719,0.00153205,0.0,0.00136084,0.00220166,4.31616e-07,1.56349e-08,3.37742e-07,0.00397573,0.0,0.0,0.0,0.0,0.0,0.0,0.0,0.0,0.0,0.0,0.0,0.0,0.0,0.0,0.0,0.0,0.0,0.0,0.0,0.0,0.0,0.0,0.0,0.0,0.0,0.0,0.0,0.0,0.0,0.0,0.0,0.0
0.0,0.0,0.0,6.94137e-19,0.0,0.00269436,6.40778e-05,5.09791e-06,3.83269e-06,0.0,0.0,0.0,0.0,0.0,0.0,0.0,0.0,0.0,0.0,0.0,0.0,0.0,0.0,0.0,0.0,0.0,0.0,0.0,0.0,0.0,0.0,0.0,0.0,0.0,0.0,0.0,0.0,0.0,0.0,0.0,0.0,0.0,0.0,0.0,0.0,0.000112494,0.0,0.0,0.000765611,0.0,0.0,0.0,0.0,0.000191738,0.000110433,0.000945461,0.0,0.0,0.0,0.000238885,0.0,0.0,0.0,0.00421283,0.0,0.000344246,0.0,0.0,0.0,0.0,0.0,0.0,0.0,0.00037907,0.00153173,0.0,0.00136063,0.0022017,6.47424e-07,1.56349e-08,3.37736e-07,0.00397543,0.0,0.0,0.0,0.0,0.0,0.0,0.0,0.0,0.0,0.0,0.0,0.0,0.0,0.0,0.0,0.0,0.0,0.0,0.0,0.0,0.0,0.0,0.0,0.0,0.0,0.0,0.0,0.0,0.0,0.0,0.0,0.0
0.0,0.0,0.0,1.42043e-20,0.0,0.00269617,6.46415e-05,5.09791e-06,3.42805e-06,0.0,0.0,0.0,0.0,0.0,0.0,0.0,0.0,0.0,0.0,0.0,0.0,0.0,0.0,0.0,0.0,0.0,0.0,0.0,0.0,0.0,0.0,0.0,0.0,0.0,0.0,0.0,0.0,0.0,0.0,0.0,0.0,0.0,0.0,0.0,0.0,0.000112837,0.0,0.0,0.000765816,0.0,0.0,0.0,0.0,0.000191652,0.000110447,0.000945393,0.0,0.0,0.0,0.000238673,0.0,0.0,0.0,0.00421229,0.0,0.000344242,0.0,0.0,0.0,0.0,0.0,0.0,0.0,0.000378896,0.00153207,0.0,0.00136119,0.00220164,4.31616e-07,1.56349e-08,3.38935e-07,0.00397593,0.0,0.0,0.0,0.0,0.0,0.0,0.0,0.0,0.0,0.0,0.0,0.0,0.0,0.0,0.0,0.0,0.0,4.59359e-20,0.0,0.0,0.0,0.0,0.0,0.0,0.0,0.0,0.0,0.0,0.0,0.0,0.0,0.0
0.0,0.0,0.0,3.40054e-07,0.0,0.00269457,6.4978e-05,5.09791e-06,3.83269e-06,0.0,0.0,0.0,0.0,0.0,0.0,0.0,0.0,0.0,0.0,0.0,0.0,0.0,0.0,0.0,0.0,0.0,0.0,0.0,0.0,0.0,0.0,0.0,0.0,0.0,0.0,0.0,0.0,0.0,0.0,0.0,0.0,0.0,0.0,0.0,0.0,0.000112494,0.0,0.0,0.000765692,0.0,0.0,0.0,0.0,0.000191748,0.000110387,0.000945537,0.0,0.0,0.0,0.000238704,0.0,0.0,0.0,0.00421265,0.0,0.000344237,0.0,0.0,0.0,0.0,0.0,0.0,0.0,0.00037907,0.00153196,0.0,0.00136061,0.00220216,4.31616e-07,1.56349e-08,3.37742e-07,0.00397532,0.0,0.0,0.0,0.0,0.0,0.0,0.0,0.0,0.0,0.0,0.0,0.0,0.0,0.0,0.0,0.0,0.0,0.0,0.0,0.0,0.0,0.0,0.0,0.0,0.0,0.0,0.0,0.0,0.0,0.0,0.0,0.0
0.0,0.0,0.0,0.0,0.0,0.00269673,6.42828e-05,5.09791e-06,3.83269e-06,0.0,0.0,0.0,0.0,0.0,0.0,0.0,0.0,0.0,0.0,0.0,0.0,0.0,0.0,0.0,0.0,0.0,0.0,0.0,0.0,0.0,0.0,0.0,0.0,0.0,0.0,0.0,0.0,0.0,0.0,0.0,0.0,0.0,0.0,0.0,0.0,0.000112837,0.0,0.0,0.0007657,0.0,0.0,0.0,0.0,0.000191756,0.000110433,0.000945071,0.0,0.0,0.0,0.000238793,0.0,0.0,0.0,0.00421245,0.0,0.000344154,0.0,0.0,0.0,0.0,0.0,0.0,0.0,0.000378894,0.00153199,0.0,0.00136096,0.00220173,6.47424e-07,1.56349e-08,3.37736e-07,0.00397625,0.0,0.0,0.0,0.0,0.0,0.0,0.0,0.0,0.0,0.0,0.0,0.0,0.0,0.0,0.0,0.0,0.0,0.0,0.0,0.0,0.0,0.0,0.0,0.0,0.0,0.0,0.0,0.0,0.0,0.0,0.0,0.0
0.0,0.0,0.0,4.8569e-19,0.0,0.00269655,6.36701e-05,5.19165e-06,3.42805e-06,0.0,0.0,0.0,0.0,0.0,0.0,0.0,0.0,0.0,0.0,0.0,0.0,0.0,0.0,0.0,0.0,0.0,0.0,0.0,0.0,0.0,0.0,0.0,0.0,0.0,0.0,0.0,0.0,0.0,0.0,0.0,0.0,0.0,0.0,0.0,0.0,0.000112629,0.0,0.0,0.000765789,0.0,0.0,0.0,0.0,0.000191678,0.000110433,0.000945302,0.0,0.0,0.0,0.000238885,0.0,0.0,0.0,0.00421271,0.0,0.000344294,0.0,0.0,0.0,0.0,0.0,0.0,0.0,0.000378717,0.00153209,0.0,0.00136045,0.00220148,4.31616e-07,1.56349e-08,3.37736e-07,0.00397456,0.0,0.0,0.0,0.0,0.0,0.0,0.0,0.0,0.0,0.0,0.0,0.0,0.0,0.0,0.0,0.0,0.0,0.0,0.0,0.0,0.0,0.0,0.0,0.0,0.0,0.0,0.0,0.0,0.0,0.0,0.0,0.0
0.0,0.0,0.0,2.13064e-19,0.0,0.00269623,6.55362e-05,5.09791e-06,3.83269e-06,0.0,0.0,0.0,0.0,0.0,0.0,0.0,0.0,0.0,0.0,0.0,0.0,0.0,0.0,0.0,0.0,0.0,0.0,0.0,0.0,0.0,0.0,0.0,0.0,0.0,0.0,0.0,0.0,0.0,0.0,0.0,0.0,0.0,0.0,0.0,0.0,0.000112702,0.0,0.0,0.000765725,0.0,0.0,0.0,0.0,0.000191742,0.000110433,0.000945293,0.0,0.0,0.0,0.000238704,0.0,0.0,0.0,0.00421257,0.0,0.000344232,0.0,0.0,0.0,0.0,0.0,0.0,0.0,0.000378894,0.00153191,0.0,0.00136121,0.00220173,6.47424e-07,1.56349e-08,3.38935e-07,0.00397546,0.0,0.0,0.0,0.0,0.0,0.0,0.0,0.0,0.0,0.0,0.0,0.0,0.0,0.0,0.0,0.0,0.0,0.0,0.0,0.0,0.0,0.0,0.0,0.0,0.0,0.0,0.0,0.0,0.0,0.0,0.0,0.0
0.0,0.0,0.0,6.30295e-19,0.0,0.00269611,6.45473e-05,5.09791e-06,3.619e-06,0.0,0.0,0.0,0.0,0.0,0.0,0.0,0.0,0.0,0.0,0.0,0.0,0.0,0.0,0.0,0.0,0.0,0.0,0.0,0.0,0.0,0.0,0.0,0.0,0.0,0.0,0.0,0.0,0.0,0.0,0.0,0.0,0.0,0.0,0.0,0.0,0.000112629,0.0,0.0,0.000765527,0.0,0.0,0.0,0.0,0.00019167,0.000110387,0.000945275,0.0,0.0,0.0,0.000238762,0.0,0.0,0.0,0.0042123,0.0,0.000344186,0.0,0.0,0.0,0.0,0.0,0.0,0.0,0.00037907,0.0015319,0.0,0.00136037,0.00220184,4.31616e-07,1.56349e-08,3.37736e-07,0.00397578,0.0,0.0,0.0,0.0,0.0,0.0,0.0,0.0,0.0,0.0,0.0,0.0,0.0,0.0,0.0,0.0,0.0,0.0,0.0,0.0,0.0,0.0,0.0,0.0,0.0,0.0,0.0,0.0,0.0,0.0,0.0,0.0
0.0,0.0,0.0,0.0,0.0,0.00158633,0.000157581,2.88631e-06,9.28393e-06,0.0,0.0,0.0,0.0,0.0,0.0,0.0,0.0,0.0,0.0,0.0,0.0,9.25624e-12,0.0,0.0,0.0,0.0,0.0,0.0,0.0,0.0,0.0,0.0,0.0,0.0,0.0,0.0,0.0,0.0,0.0,0.0,0.0,0.0,0.0,0.0,0.0,2.53209e-05,0.0,0.0,0.000286266,0.0,0.0,0.0,0.0,7.35803e-05,4.88434e-05,0.000343732,0.0,0.0,0.0,9.53161e-05,0.0,0.0,0.0,0.00164738,0.0,0.000145632,0.0,0.0,0.0,0.0,0.0,0.0,0.0,0.000156117,0.000614956,0.0,0.000429442,0.000836329,2.15808e-07,0.0,8.98177e-08,0.00159493,0.0,0.0,0.0,0.0,0.0,0.0,3.48758e-06,0.0,7.22205e-06,2.17038e-12,0.0,0.0,0.0,0.0,0.0,0.0,0.0,0.0,0.0,0.0,0.0,0.0,0.0,0.0,0.0,0.0,0.0,0.0,0.0,0.0,0.0,0.0
0.0,0.0,0.0,0.0,0.0,0.00158693,0.000159583,2.98005e-06,9.07024e-06,0.0,0.0,0.0,0.0,0.0,0.0,0.0,0.0,0.0,0.0,0.0,0.0,9.80073e-12,0.0,0.0,0.0,0.0,0.0,0.0,0.0,0.0,0.0,0.0,0.0,0.0,0.0,0.0,0.0,0.0,0.0,0.0,0.0,0.0,0.0,0.0,0.0,2.51131e-05,0.0,0.0,0.000286428,0.0,0.0,0.0,0.0,7.35027e-05,4.88299e-05,0.000344134,0.0,0.0,0.0,9.53736e-05,0.0,0.0,0.0,0.00164713,0.0,0.000145614,0.0,0.0,0.0,0.0,0.0,0.0,0.0,0.000156115,0.000614535,0.0,0.000428574,0.000835926,4.31616e-07,0.0,8.98103e-08,0.00159455,0.0,0.0,0.0,0.0,0.0,0.0,3.51319e-06,0.0,7.34462e-06,2.71486e-12,0.0,0.0,0.0,0.0,0.0,0.0,0.0,0.0,0.0,0.0,0.0,0.0,0.0,0.0,0.0,0.0,0.0,0.0,0.0,0.0,0.0,0.0
0.0,0.0,0.0,0.0,0.0,0.00158598,0.000159759,3.07997e-06,9.28393e-06,0.0,0.0,0.0,0.0,0.0,0.0,0.0,0.0,0.0,0.0,0.0,0.0,9.25624e-12,0.0,0.0,0.0,0.0,0.0,0.0,0.0,0.0,0.0,0.0,0.0,0.0,0.0,0.0,0.0,0.0,0.0,0.0,0.0,0.0,0.0,0.0,0.0,2.5197e-05,0.0,0.0,0.000286286,0.0,0.0,0.0,0.0,7.35803e-05,4.87969e-05,0.000343937,0.0,0.0,0.0,9.53767e-05,0.0,0.0,0.0,0.00164756,0.0,0.000145612,0.0,0.0,0.0,0.0,0.0,0.0,0.0,0.000156117,0.000614703,0.0,0.000429147,0.00083616,2.15808e-07,0.0,8.98177e-08,0.00159475,0.0,0.0,0.0,0.0,0.0,0.0,3.42135e-06,0.0,7.43425e-06,2.1729e-12,0.0,0.0,0.0,0.0,0.0,0.0,0.0,0.0,0.0,0.0,0.0,0.0,0.0,0.0,0.0,0.0,0.0,0.0,0.0,0.0,0.0,0.0
0.0,0.0,0.0,0.0,0.0,0.00158653,0.000156995,2.98005e-06,9.07024e-06,0.0,0.0,0.0,0.0,0.0,0.0,0.0,0.0,0.0,0.0,0.0,0.0,9.25624e-12,0.0,0.0,0.0,0.0,0.0,0.0,0.0,0.0,0.0,0.0,0.0,0.0,0.0,0.0,0.0,0.0,0.0,0.0,0.0,0.0,0.0,0.0,0.0,2.5237e-05,0.0,0.0,0.000286313,0.0,0.0,0.0,0.0,7.35047e-05,4.88299e-05,0.000343761,0.0,0.0,0.0,9.52848e-05,0.0,0.0,0.0,0.0016473,0.0,0.000145594,0.0,0.0,0.0,0.0,0.0,0.0,0.0,0.000156115,0.000614691,0.0,0.000429315,0.000836474,4.31616e-07,0.0,8.98103e-08,0.00159478,0.0,0.0,0.0,0.0,0.0,0.0,3.69649e-06,0.0,7.20942e-06,2.71486e-12,0.0,0.0,0.0,0.0,0.0,0.0,0.0,0.0,0.0,0.0,0.0,0.0,0.0,0.0,0.0,0.0,0.0,0.0,0.0,0.0,0.0,0.0
0.0,0.0,0.0,0.0,0.0,0.00158575,0.000159457,2.88631e-06,9.28393e-06,0.0,0.0,0.0,0.0,0.0,0.0,0.0,0.0,0.0,0.0,0.0,0.0,9.80073e-12,0.0,0.0,0.0,0.0,0.0,0.0,0.0,0.0,0.0,0.0,0.0,0.0,0.0,0.0,0.0,0.0,0.0,0.0,0.0,0.0,0.0,0.0,0.0,2.5197e-05,0.0,0.0,0.000286289,0.0,0.0,0.0,0.0,7.35803e-05,4.87969e-05,0.00034404,0.0,0.0,0.0,9.54049e-05,0.0,0.0,0.0,0.00164728,0.0,0.000145682,0.0,0.0,0.0,0.0,0.0,0.0,0.0,0.000156117,0.000615041,0.0,0.000428827,0.000836057,2.15808e-07,0.0,8.98089e-08,0.00159517,0.0,0.0,0.0,0.0,0.0,0.0,3.42134e-06,0.0,7.35248e-06,2.71486e-12,0.0,0.0,0.0,0.0,0.0,0.0,0.0,0.0,0.0,0.0,0.0,0.0,0.0,0.0,0.0,0.0,0.0,0.0,0.0,0.0,0.0,0.0
0.0,0.0,0.0,0.0,0.0,0.00158419,0.00015813,3.1737e-06,9.07024e-06,0.0,0.0,0.0,0.0,0.0,0.0,0.0,0.0,0.0,0.0,0.0,0.0,9.25624e-12,0.0,0.0,0.0,0.0,0.0,0.0,0.0,0.0,0.0,0.0,0.0,0.0,0.0,0.0,0.0,0.0,0.0,0.0,0.0,0.0,0.0,0.0,0.0,2.51131e-05,0.0,0.0,0.000286249,0.0,0.0,0.0,0.0,7.36129e-05,4.88299e-05,0.000344029,0.0,0.0,0.0,9.52848e-05,0.0,0.0,0.0,0.00164704,0.0,0.000145628,0.0,0.0,0.0,0.0,0.0,0.0,0.0,0.000156115,0.000614753,0.0,0.000429273,0.000835988,4.31616e-07,0.0,8.9819e-08,0.00159412,0.0,0.0,0.0,0.0,0.0,0.0,3.48718e-06,0.0,7.16078e-06,2.17038e-12,0.0,0.0,0.0,0.0,0.0,0.0,0.0,0.0,0.0,0.0,0.0,0.0,0.0,0.0,0.0,0.0,0.0,0.0,0.0,0.0,0.0,0.0
0.0,0.0,0.0,0.0,0.0,0.00158725,0.000159015,2.98005e-06,9.28393e-06,0.0,0.0,0.0,0.0,0.0,0.0,0.0,0.0,0.0,0.0,0.0,0.0,9.80073e-12,0.0,0.0,0.0,0.0,0.0,0.0,0.0,0.0,0.0,0.0,0.0,0.0,0.0,0.0,0.0,0.0,0.0,0.0,0.0,0.0,0.0,0.0,0.0,2.53209e-05,0.0,0.0,0.000286388,0.0,0.0,0.0,0.0,7.35088e-05,4.88434e-05,0.000343851,0.0,0.0,0.0,9.52848e-05,0.0,0.0,0.0,0.00164766,0.0,0.000145529,0.0,0.0,0.0,0.0,0.0,0.0,0.0,0.000156292,0.000614671,0.0,0.000428982,0.000836595,2.15808e-07,0.0,8.98103e-08,0.00159496,0.0,0.0,0.0,0.0,0.0,0.0,3.5136e-06,0.0,7.52964e-06,2.71486e-12,0.0,0.0,0.0,0.0,0.0,0.0,0.0,0.0,0.0,0.0,0.0,0.0,0.0,0.0,0.0,0.0,0.0,0.0,0.0,0.0,0.0,0.0
0.0,0.0,0.0,0.0,0.0,0.00158643,0.000159609,2.88631e-06,9.26119e-06,0.0,0.0,0.0,0.0,0.0,0.0,0.0,0.0,0.0,0.0,0.0,0.0,9.25624e-12,0.0,0.0,0.0,0.0,0.0,0.0,0.0,0.0,0.0,0.0,0.0,0.0,0.0,0.0,0.0,0.0,0.0,0.0,0.0,0.0,0.0,0.0,0.0,2.51131e-05,0.0,0.0,0.000286346,0.0,0.0,0.0,0.0,7.35101e-05,4.87834e-05,0.000343979,0.0,0.0,0.0,9.53736e-05,0.0,0.0,0.0,0.00164707,0.0,0.000145668,0.0,0.0,0.0,0.0,0.0,0.0,0.0,0.000155762,0.000614818,0.0,0.000428636,0.000836106,2.15808e-07,0.0,8.98103e-08,0.00159443,0.0,0.0,0.0,0.0,0.0,0.0,3.51279e-06,0.0,7.2357e-06,2.1729e-12,0.0,0.0,0.0,0.0,0.0,0.0,0.0,0.0,0.0,0.0,0.0,0.0,0.0,0.0,0.0,0.0,0.0,0.0,0.0,0.0,0.0,0.0
0.0,0.0,0.0,0.0,0.0,0.00158844,0.000157968,3.1737e-06,9.28393e-06,0.0,0.0,0.0,0.0,0.0,0.0,0.0,0.0,0.0,0.0,0.0,0.0,9.25624e-12,0.0,0.0,0.0,0.0,0.0,0.0,0.0,0.0,0.0,0.0,0.0,0.0,0.0,0.0,0.0,0.0,0.0,0.0,0.0,0.0,0.0,0.0,0.0,2.5197e-05,0.0,0.0,0.000286305,0.0,0.0,0.0,0.0,7.35047e-05,4.88434e-05,0.00034395,0.0,0.0,0.0,9.5408e-05,0.0,0.0,0.0,0.00164721,0.0,0.00014561,0.0,0.0,0.0,0.0,0.0,0.0,0.0,0.000156292,0.000614746,0.0,0.000429438,0.000836275,4.31616e-07,0.0,8.98177e-08,0.00159531,0.0,0.0,0.0,0.0,0.0,0.0,3.51319e-06,0.0,7.45474e-06,2.71486e-12,0.0,0.0,0.0,0.0,0.0,0.0,0.0,0.0,0.0,0.0,0.0,0.0,0.0,0.0,0.0,0.0,0.0,0.0,0.0,0.0,0.0,0.0
0.0,0.0,0.0,0.0,0.0,0.00158508,0.000158488,2.88631e-06,9.28393e-06,0.0,0.0,0.0,0.0,0.0,0.0,0.0,0.0,0.0,0.0,0.0,0.0,9.80073e-12,0.0,0.0,0.0,0.0,0.0,0.0,0.0,0.0,0.0,0.0,0.0,0.0,0.0,0.0,0.0,0.0,0.0,0.0,0.0,0.0,0.0,0.0,0.0,2.5237e-05,0.0,0.0,0.000286379,0.0,0.0,0.0,0.0,7.35604e-05,4.88299e-05,0.000343724,0.0,0.0,0.0,9.53736e-05,0.0,0.0,0.0,0.00164753,0.0,0.00014562,0.0,0.0,0.0,0.0,0.0,0.0,0.0,0.000155939,0.000614671,0.0,0.000429024,0.000835801,2.15808e-07,0.0,8.98103e-08,0.00159472,0.0,0.0,0.0,0.0,0.0,0.0,3.42135e-06,0.0,7.28134e-06,2.17038e-12,0.0,0.0,0.0,0.0,0.0,0.0,0.0,0.0,0.0,0.0,0.0,0.0,0.0,0.0,0.0,0.0,0.0,0.0,0.0,0.0,0.0,0.0
0.0,0.0,0.0,0.00311408,0.0,0.00121502,9.85444e-05,5.44978e-06,5.67042e-06,1.23044e-05,0.0,0.0,0.0,0.0,0.0,0.0,9.22548e-06,4.72516e-05,0.0,0.0,2.51049e-05,1.10186e-10,0.0,0.0,0.0,0.0,0.0,0.0,0.0,0.0,0.0,0.0,0.0,0.0,0.0,0.0,0.0,0.0,0.0,0.0,0.0,0.0,0.0,0.0,0.0,3.10077e-05,0.0,0.0,4.0705e-06,0.0,0.0,0.0,0.0,4.17053e-06,3.87485e-05,0.0,0.0,0.0,0.0,0.0,0.0,0.0,0.0,5.72712e-05,0.0,5.85772e-05,0.0,0.0,0.0,0.0,0.0,0.0,0.0,3.01046e-06,0.000101702,0.0,0.000230077,0.00016484,2.79892e-06,0.0,7.98809e-10,0.000261644,4.87428e-11,3.51039e-10,0.0,0.0,0.0,0.0,2.2992e-05,0.0,3.95376e-05,1.41138e-11,0.0,0.0,0.0,0.0,0.0,0.0,0.0,0.0,0.0,0.0,0.0,0.0,0.0,0.0,0.0,0.0,0.0,0.0,0.0,0.0,0.0,0.0
0.0,0.0,0.0,0.00311484,0.0,0.00121266,9.84901e-05,5.25612e-06,5.67043e-06,1.23044e-05,0.0,0.0,0.0,0.0,0.0,0.0,9.22548e-06,4.72512e-05,0.0,0.0,2.50271e-05,1.10682e-10,0.0,0.0,0.0,0.0,0.0,0.0,0.0,0.0,0.0,0.0,0.0,0.0,0.0,0.0,0.0,0.0,0.0,0.0,0.0,0.0,0.0,0.0,0.0,3.10077e-05,0.0,0.0,4.0705e-06,0.0,0.0,0.0,0.0,4.18645e-06,3.8795e-05,0.0,0.0,0.0,0.0,0.0,0.0,0.0,0.0,5.72188e-05,0.0,5.8651e-05,0.0,0.0,0.0,0.0,0.0,0.0,0.0,3.18755e-06,0.000101662,0.0,0.000230088,0.000164505,2.79892e-06,0.0,7.98809e-10,0.000262006,4.83257e-11,3.51031e-10,0.0,0.0,0.0,0.0,2.25853e-05,0.0,3.98432e-05,1.41138e-11,0.0,0.0,0.0,0.0,0.0,0.0,0.0,0.0,0.0,0.0,0.0,0.0,0.0,0.0,0.0,0.0,0.0,0.0,0.0,0.0,0.0,0.0
0.0,0.0,0.0,0.00311369,0.0,0.00121777,9.79603e-05,5.44978e-06,5.47945e-06,1.25739e-05,0.0,0.0,0.0,0.0,0.0,0.0,9.22548e-06,4.74944e-05,0.0,0.0,2.50271e-05,1.10138e-10,0.0,0.0,0.0,0.0,0.0,0.0,0.0,0.0,0.0,0.0,0.0,0.0,0.0,0.0,0.0,0.0,0.0,0.0,0.0,0.0,0.0,0.0,0.0,3.08723e-05,0.0,0.0,4.0705e-06,0.0,0.0,0.0,0.0,4.17053e-06,3.87485e-05,0.0,0.0,0.0,0.0,0.0,0.0,0.0,0.0,5.72372e-05,0.0,5.85887e-05,0.0,0.0,0.0,0.0,0.0,0.0,0.0,3.01046e-06,0.000101759,0.0,0.000230077,0.000164896,2.78888e-06,0.0,7.98809e-10,0.000261242,4.87388e-11,3.51504e-10,0.0,0.0,0.0,0.0,2.30177e-05,0.0,3.95858e-05,1.35718e-11,0.0,0.0,0.0,0.0,0.0,0.0,0.0,0.0,0.0,0.0,0.0,0.0,0.0,0.0,0.0,0.0,0.0,0.0,0.0,0.0,0.0,0.0
0.0,0.0,0.0,0.00311367,0.0,0.00121304,9.83051e-05,5.25612e-06,5.88411e-06,1.23044e-05,0.0,0.0,0.0,0.0,0.0,0.0,9.22548e-06,4.72516e-05,0.0,0.0,2.50271e-05,1.10682e-10,0.0,0.0,0.0,0.0,0.0,0.0,0.0,0.0,0.0,0.0,0.0,0.0,0.0,0.0,0.0,0.0,0.0,0.0,0.0,0.0,0.0,0.0,0.0,3.10077e-05,0.0,0.0,4.0705e-06,0.0,0.0,0.0,0.0,4.18645e-06,3.8795e-05,0.0,0.0,0.0,0.0,0.0,0.0,0.0,0.0,5.71753e-05,0.0,5.86321e-05,0.0,0.0,0.0,0.0,0.0,0.0,0.0,3.01046e-06,0.00010177,0.0,0.000230077,0.000164565,3.01473e-06,0.0,7.98809e-10,0.000261789,4.87428e-11,3.51512e-10,0.0,0.0,0.0,0.0,2.28341e-05,0.0,3.9344e-05,1.41138e-11,0.0,0.0,0.0,0.0,0.0,0.0,0.0,0.0,0.0,0.0,0.0,0.0,0.0,0.0,0.0,0.0,0.0,0.0,0.0,0.0,0.0,0.0
0.0,0.0,0.0,0.00311304,0.0,0.00121517,9.80958e-05,5.25612e-06,5.67042e-06,1.24617e-05,0.0,0.0,0.0,0.0,0.0,0.0,9.15814e-06,4.74336e-05,0.0,0.0,2.51049e-05,1.10682e-10,0.0,0.0,0.0,0.0,0.0,0.0,0.0,0.0,0.0,0.0,0.0,0.0,0.0,0.0,0.0,0.0,0.0,0.0,0.0,0.0,0.0,0.0,0.0,3.08723e-05,0.0,0.0,4.0705e-06,0.0,0.0,0.0,0.0,4.17053e-06,3.87816e-05,0.0,0.0,0.0,0.0,0.0,0.0,0.0,0.0,5.72983e-05,0.0,5.85394e-05,0.0,0.0,0.0,0.0,0.0,0.0,0.0,3.18755e-06,0.000101857,0.0,0.000230088,0.00016479,2.79892e-06,0.0,7.91412e-10,0.000262106,4.83257e-11,3.51504e-10,0.0,0.0,0.0,0.0,2.28347e-05,0.0,3.99237e-05,1.41138e-11,0.0,0.0,0.0,0.0,0.0,0.0,0.0,0.0,0.0,0.0,0.0,0.0,0.0,0.0,0.0,0.0,0.0,0.0,0.0,0.0,0.0,0.0
0.0,0.0,0.0,0.00311395,0.0,0.00121347,9.85973e-05,5.44978e-06,5.67043e-06,1.23044e-05,0.0,0.0,0.0,0.0,0.0,0.0,9.22548e-06,4.73121e-05,0.0,0.0,2.50271e-05,1.10682e-10,0.0,0.0,0.0,0.0,0.0,0.0,0.0,0.0,0.0,0.0,0.0,0.0,0.0,0.0,0.0,0.0,0.0,0.0,0.0,0.0,0.0,0.0,0.0,3.10077e-05,0.0,0.0,4.0705e-06,0.0,0.0,0.0,0.0,4.17053e-06,3.87485e-05,0.0,0.0,0.0,0.0,0.0,0.0,0.0,0.0,5.72041e-05,0.0,5.85887e-05,0.0,0.0,0.0,0.0,0.0,0.0,0.0,3.01046e-06,0.000101662,0.0,0.000230077,0.000164732,2.79892e-06,0.0,7.98809e-10,0.000261692,4.87388e-11,3.51512e-10,0.0,0.0,0.0,0.0,2.27426e-05,0.0,3.93666e-05,1.35718e-11,0.0,0.0,0.0,0.0,0.0,0.0,0.0,0.0,0.0,0.0,0.0,0.0,0.0,0.0,0.0,0.0,0.0,0.0,0.0,0.0,0.0,0.0
0.0,0.0,0.0,0.00311335,0.0,0.0012132,9.74974e-05,5.25612e-06,5.88411e-06,1.24617e-05,0.0,0.0,0.0,0.0,0.0,0.0,9.22548e-06,4.72295e-05,0.0,0.0,2.50271e-05,1.10682e-10,0.0,0.0,0.0,0.0,0.0,0.0,0.0,0.0,0.0,0.0,0.0,0.0,0.0,0.0,0.0,0.0,0.0,0.0,0.0,0.0,0.0,0.0,0.0,3.10077e-05,0.0,0.0,4.0705e-06,0.0,0.0,0.0,0.0,4.18645e-06,3.8795e-05,0.0,0.0,0.0,0.0,0.0,0.0,0.0,0.0,5.72318e-05,0.0,5.86321e-05,0.0,0.0,0.0,0.0,0.0,0.0,0.0,3.01046e-06,0.000101702,0.0,0.000230077,0.000164608,2.78888e-06,0.0,7.98809e-10,0.000262143,4.87428e-11,3.51031e-10,0.0,0.0,0.0,0.0,2.27686e-05,0.0,3.96538e-05,1.41138e-11,0.0,0.0,0.0,0.0,0.0,0.0,0.0,0.0,0.0,0.0,0.0,0.0,0.0,0.0,0.0,0.0,0.0,0.0,0.0,0.0,0.0,0.0
0.0,0.0,0.0,0.0031138,0.0,0.00121592,9.9497e-05,5.44978e-06,5.6704e-06,1.24166e-05,0.0,0.0,0.0,0.0,0.0,0.0,9.22548e-06,4.75112e-05,0.0,0.0,2.51049e-05,1.10186e-10,0.0,0.0,0.0,0.0,0.0,0.0,0.0,0.0,0.0,0.0,0.0,0.0,0.0,0.0,0.0,0.0,0.0,0.0,0.0,0.0,0.0,0.0,0.0,3.10077e-05,0.0,0.0,4.0705e-06,0.0,0.0,0.0,0.0,4.17053e-06,3.8795e-05,0.0,0.0,0.0,0.0,0.0,0.0,0.0,0.0,5.72041e-05,0.0,5.85394e-05,0.0,0.0,0.0,0.0,0.0,0.0,0.0,3.18755e-06,0.000101662,0.0,0.000230416,0.000164768,2.79892e-06,0.0,7.98809e-10,0.000261666,4.83257e-11,3.51985e-10,0.0,0.0,0.0,0.0,2.2992e-05,0.0,3.94981e-05,1.35693e-11,0.0,0.0,0.0,0.0,0.0,0.0,0.0,0.0,0.0,0.0,0.0,0.0,0.0,0.0,0.0,0.0,0.0,0.0,0.0,0.0,0.0,0.0
0.0,0.0,0.0,0.00311464,0.0,0.00121404,9.79542e-05,5.25612e-06,5.67043e-06,1.24617e-05,0.0,0.0,0.0,0.0,0.0,0.0,9.22548e-06,4.70525e-05,0.0,0.0,2.50271e-05,1.10682e-10,0.0,0.0,0.0,0.0,0.0,0.0,0.0,0.0,0.0,0.0,0.0,0.0,0.0,0.0,0.0,0.0,0.0,0.0,0.0,0.0,0.0,0.0,0.0,3.08723e-05,0.0,0.0,4.0705e-06,0.0,0.0,0.0,0.0,4.18645e-06,3.87485e-05,0.0,0.0,0.0,0.0,0.0,0.0,0.0,0.0,5.72519e-05,0.0,5.85887e-05,0.0,0.0,0.0,0.0,0.0,0.0,0.0,3.01046e-06,0.000101724,0.0,0.000229886,0.000164696,2.79892e-06,0.0,7.98809e-10,0.000261761,4.87388e-11,3.51031e-10,0.0,0.0,0.0,0.0,2.27682e-05,0.0,3.97269e-05,1.41138e-11,0.0,0.0,0.0,0.0,0.0,0.0,0.0,0.0,0.0,0.0,0.0,0.0,0.0,0.0,0.0,0.0,0.0,0.0,0.0,0.0,0.0,0.0
0.0,0.0,0.0,0.00311327,0.0,0.00121407,9.81405e-05,5.44978e-06,5.88412e-06,1.23044e-05,0.0,0.0,0.0,0.0,0.0,0.0,9.22548e-06,4.76204e-05,0.0,0.0,2.50271e-05,1.10682e-10,0.0,0.0,0.0,0.0,0.0,0.0,0.0,0.0,0.0,0.0,0.0,0.0,0.0,0.0,0.0,0.0,0.0,0.0,0.0,0.0,0.0,0.0,0.0,3.10077e-05,0.0,0.0,4.0705e-06,0.0,0.0,0.0,0.0,4.17053e-06,3.87816e-05,0.0,0.0,0.0,0.0,0.0,0.0,0.0,0.0,5.72712e-05,0.0,5.86321e-05,0.0,0.0,0.0,0.0,0.0,0.0,0.0,3.01046e-06,0.000101805,0.0,0.000230077,0.000164793,2.78888e-06,0.0,7.91412e-10,0.000261722,4.87428e-11,3.51985e-10,0.0,0.0,0.0,0.0,2.28348e-05,0.0,3.93626e-05,1.35718e-11,0.0,0.0,0.0,0.0,0.0,0.0,0.0,0.0,0.0,0.0,0.0,0.0,0.0,0.0,0.0,0.0,0.0,0.0,0.0,0.0,0.0,0.0
0.000122986,0.000168645,0.0,0.0074548,0.0,0.0,0.0,1.67115e-05,1.89534e-06,8.18369e-05,0.0,0.0,0.0,0.0,0.0,0.0,3.99661e-05,0.000204634,0.0,0.0,5.51841e-05,2.41332e-10,0.0,0.0,0.000167494,0.00508389,2.30792e-11,0.0,0.0,0.0,0.0,0.0,0.0,0.0,0.0,0.0,0.0,0.0,0.0,0.0,0.0,0.0,0.0,0.0,0.0,0.000446781,0.0,0.0,0.000395356,0.0,0.0,0.0,0.0,0.0,2.61765e-05,0.0,0.0,0.0,0.0,0.000240504,0.0,0.0,0.0,0.0013006,0.0,0.000500838,0.000348495,0.0,0.0,0.0,0.0,0.0,0.0,0.0018776,4.03115e-06,0.0,0.00329326,0.00340474,6.89612e-06,2.41032e-06,0.0,0.00525085,1.65985e-10,7.91207e-10,0.0,0.0,0.0,0.0,4.19991e-05,0.0,7.49803e-05,1.18455e-10,3.21788e-06,5.32969e-10,7.3076e-07,0.0,4.2738e-06,5.66558e-05,0.000303236,0.000902027,2.06963e-05,2.44574e-05,0.0,0.0,8.82904e-05,8.67488e-05,0.0,0.000240822,4.44838e-08,3.74986e-06,9.3891e-08,3.60558e-07,6.48384e-05,0.0
0.000121945,0.000166181,0.0,0.00745563,0.0,0.0,0.0,1.64347e-05,1.97468e-06,8.16333e-05,0.0,0.0,0.0,0.0,0.0,0.0,3.99661e-05,0.000205036,0.0,0.0,5.51841e-05,2.41332e-10,0.0,0.0,0.000167674,0.00508613,2.25533e-11,0.0,0.0,0.0,0.0,0.0,0.0,0.0,0.0,0.0,0.0,0.0,0.0,0.0,0.0,0.0,0.0,0.0,0.0,0.000446455,0.0,0.0,0.000395229,0.0,0.0,0.0,0.0,0.0,2.61166e-05,0.0,0.0,0.0,0.0,0.000240459,0.0,0.0,0.0,0.0013004,0.0,0.000500732,0.000348793,0.0,0.0,0.0,0.0,0.0,0.0,0.00187797,4.11856e-06,0.0,0.00329387,0.00340522,6.89612e-06,2.41306e-06,0.0,0.00525115,1.65969e-10,7.90252e-10,0.0,0.0,0.0,0.0,4.21831e-05,0.0,7.50883e-05,1.17916e-10,3.26338e-06,5.3447e-10,6.33609e-07,0.0,4.27088e-06,5.68402e-05,0.00030358,0.000903452,2.06271e-05,2.42557e-05,0.0,0.0,8.7329e-05,8.63408e-05,0.0,0.000240837,4.55043e-08,3.81869e-06,9.73816e-08,3.54668e-07,6.48074e-05,0.0
0.000122221,0.000167534,0.0,0.00745439,0.0,0.0,0.0,1.67115e-05,1.97465e-06,8.16796e-05,0.0,0.0,0.0,0.0,0.0,0.0,4.00334e-05,0.000204081,0.0,0.0,5.52618e-05,2.41332e-10,0.0,0.0,0.000167198,0.00508629,2.30792e-11,0.0,0.0,0.0,0.0,0.0,0.0,0.0,0.0,0.0,0.0,0.0,0.0,0.0,0.0,0.0,0.0,0.0,0.0,0.000446455,0.0,0.0,0.000395332,0.0,0.0,0.0,0.0,0.0,2.61631e-05,0.0,0.0,0.0,0.0,0.000240427,0.0,0.0,0.0,0.00130035,0.0,0.000500938,0.000348495,0.0,0.0,0.0,0.0,0.0,0.0,0.00187757,4.03354e-06,0.0,0.00329275,0.00340428,6.89612e-06,2.41032e-06,0.0,0.00525136,1.65973e-10,7.91679e-10,0.0,0.0,0.0,0.0,4.21566e-05,0.0,7.5379e-05,1.16267e-10,3.28342e-06,5.33483e-10,6.2374e-07,0.0,4.21184e-06,5.72128e-05,0.000303685,0.000903121,2.05763e-05,2.41134e-05,0.0,0.0,8.82881e-05,8.63455e-05,0.0,0.000241043,4.55031e-08,3.90469e-06,9.58944e-08,3.51216e-07,6.45579e-05,0.0
0.000121567,0.00016697,0.0,0.00745491,0.0,0.0,0.0,1.64347e-05,1.89535e-06,8.16783e-05,0.0,0.0,0.0,0.0,0.0,0.0,3.99661e-05,0.000204833,0.0,0.0,5.51841e-05,2.41332e-10,0.0,0.0,0.000167703,0.00508674,2.35993e-11,0.0,0.0,0.0,0.0,0.0,0.0,0.0,0.0,0.0,0.0,0.0,0.0,0.0,0.0,0.0,0.0,0.0,0.0,0.000446591,0.0,0.0,0.000395485,0.0,0.0,0.0,0.0,0.0,2.61166e-05,0.0,0.0,0.0,0.0,0.000240519,0.0,0.0,0.0,0.00130047,0.0,0.000500838,0.000348661,0.0,0.0,0.0,0.0,0.0,0.0,0.00187717,4.11856e-06,0.0,0.00329358,0.00340453,6.90616e-06,2.41032e-06,0.0,0.00525057,1.65556e-10,7.91207e-10,0.0,0.0,0.0,0.0,4.21831e-05,0.0,7.48158e-05,1.17379e-10,3.26339e-06,5.32936e-10,6.33616e-07,1.02073e-07,4.27088e-06,5.66163e-05,0.00030378,0.000903768,2.05923e-05,2.40941e-05,0.0,0.0,8.78387e-05,8.6907e-05,0.0,0.000241041,4.48421e-08,3.82931e-06,9.38993e-08,3.60559e-07,6.46983e-05,0.0
0.000123194,0.000168382,0.0,0.00745396,0.0,0.0,0.0,1.67115e-05,1.89368e-06,8.17918e-05,0.0,0.0,0.0,0.0,0.0,0.0,3.99661e-05,0.000204654,0.0,0.0,5.51841e-05,2.41332e-10,0.0,0.0,0.000167745,0.00508547,2.20167e-11,0.0,0.0,0.0,0.0,0.0,0.0,0.0,0.0,0.0,0.0,0.0,0.0,0.0,0.0,0.0,0.0,0.0,0.0,0.000446645,0.0,0.0,0.000395372,0.0,0.0,0.0,0.0,0.0,2.61631e-05,0.0,0.0,0.0,0.0,0.000240504,0.0,0.0,0.0,0.00130064,0.0,0.000500894,0.000348495,0.0,0.0,0.0,0.0,0.0,0.0,0.00187794,4.03158e-06,0.0,0.00329421,0.00340487,6.89612e-06,2.41306e-06,0.0,0.00525081,1.65985e-10,7.91207e-10,0.0,0.0,0.0,0.0,4.20909e-05,0.0,7.52369e-05,1.16848e-10,3.28343e-06,5.34506e-10,7.11297e-07,0.0,4.2738e-06,5.68603e-05,0.00030424,0.000902331,2.04698e-05,2.38602e-05,0.0,0.0,8.80426e-05,8.65162e-05,0.0,0.000241029,4.55037e-08,3.83102e-06,9.53892e-08,3.60567e-07,6.48541e-05,0.0
0.000121538,0.000167838,0.0,0.00745459,0.0,0.0,0.0,1.64347e-05,1.97469e-06,8.15211e-05,0.0,0.0,0.0,0.0,0.0,0.0,4.00334e-05,0.000204829,0.0,0.0,5.51841e-05,2.41332e-10,0.0,0.0,0.000167647,0.00508654,2.30792e-11,0.0,0.0,0.0,0.0,0.0,0.0,0.0,0.0,0.0,0.0,0.0,0.0,0.0,0.0,0.0,0.0,0.0,0.0,0.000446591,0.0,0.0,0.000395283,0.0,0.0,0.0,0.0,0.0,2.61166e-05,0.0,0.0,0.0,0.0,0.000240459,0.0,0.0,0.0,0.00130023,0.0,0.000500719,0.000348661,0.0,0.0,0.0,0.0,0.0,0.0,0.00187813,4.11813e-06,0.0,0.00329331,0.00340467,6.89612e-06,2.41032e-06,0.0,0.00525179,1.65973e-10,7.91679e-10,0.0,0.0,0.0,0.0,4.20912e-05,0.0,7.47501e-05,1.18455e-10,3.21996e-06,5.32968e-10,6.43204e-07,0.0,4.26942e-06,5.62888e-05,0.000302724,0.000903857,2.07273e-05,2.45861e-05,0.0,0.0,8.80911e-05,8.6659e-05,0.0,0.00024047,4.44844e-08,3.82588e-06,9.38982e-08,3.5466e-07,6.4442e-05,0.0
0.000122753,0.000167237,0.0,0.00745617,0.0,0.0,0.0,1.67115e-05,1.89535e-06,8.18369e-05,0.0,0.0,0.0,0.0,0.0,0.0,3.99661e-05,0.00020445,0.0,0.0,5.51841e-05,2.41332e-10,0.0,0.0,0.000167206,0.00508466,2.25533e-11,0.0,0.0,0.0,0.0,0.0,0.0,0.0,0.0,0.0,0.0,0.0,0.0,0.0,0.0,0.0,0.0,0.0,0.0,0.000446591,0.0,0.0,0.000395441,0.0,0.0,0.0,0.0,0.0,2.61765e-05,0.0,0.0,0.0,0.0,0.000240427,0.0,0.0,0.0,0.00130067,0.0,0.000500889,0.000348462,0.0,0.0,0.0,0.0,0.0,0.0,0.00187744,4.03158e-06,0.0,0.00329329,0.00340481,6.89612e-06,2.41306e-06,0.0,0.00525085,1.65556e-10,7.91207e-10,0.0,0.0,0.0,0.0,4.21571e-05,0.0,7.51921e-05,1.17335e-10,3.21787e-06,5.33466e-10,6.14146e-07,1.02073e-07,4.27526e-06,5.68544e-05,0.000304542,0.000901462,2.05788e-05,2.40313e-05,0.0,0.0,8.74104e-05,8.65006e-05,0.0,0.000240887,4.55031e-08,3.89751e-06,9.58909e-08,3.51226e-07,6.46657e-05,0.0
0.000122006,0.000166989,0.0,0.00745552,0.0,0.0,0.0,1.63393e-05,1.97465e-06,8.16333e-05,0.0,0.0,0.0,0.0,0.0,0.0,3.99661e-05,0.000204468,0.0,0.0,5.52618e-05,2.41332e-10,0.0,0.0,0.000167563,0.00508691,2.30792e-11,0.0,0.0,0.0,0.0,0.0,0.0,0.0,0.0,0.0,0.0,0.0,0.0,0.0,0.0,0.0,0.0,0.0,0.0,0.000446591,0.0,0.0,0.000395258,0.0,0.0,0.0,0.0,0.0,2.61631e-05,0.0,0.0,0.0,0.0,0.000240427,0.0,0.0,0.0,0.00130053,0.0,0.000500886,0.000348661,0.0,0.0,0.0,0.0,0.0,0.0,0.00187778,4.12095e-06,0.0,0.00329363,0.00340438,6.89612e-06,2.41032e-06,0.0,0.00525089,1.65969e-10,7.91207e-10,0.0,0.0,0.0,0.0,4.20912e-05,0.0,7.51411e-05,1.16848e-10,3.26339e-06,5.33462e-10,6.43221e-07,0.0,4.21038e-06,5.68133e-05,0.000303318,0.000904379,2.06537e-05,2.43138e-05,0.0,0.0,8.85446e-05,8.70099e-05,0.0,0.000241072,4.55037e-08,3.82587e-06,9.43881e-08,3.60558e-07,6.4749e-05,0.0
0.000122993,0.000167941,0.0,0.00745427,0.0,0.0,0.0,1.67115e-05,1.97468e-06,8.16796e-05,0.0,0.0,0.0,0.0,0.0,0.0,3.99661e-05,0.000204833,0.0,0.0,5.51841e-05,2.41332e-10,0.0,0.0,0.000167627,0.00508561,2.25533e-11,0.0,0.0,0.0,0.0,0.0,0.0,0.0,0.0,0.0,0.0,0.0,0.0,0.0,0.0,0.0,0.0,0.0,0.0,0.000446645,0.0,0.0,0.000395465,0.0,0.0,0.0,0.0,0.0,2.61166e-05,0.0,0.0,0.0,0.0,0.000240688,0.0,0.0,0.0,0.00130036,0.0,0.000500894,0.000348495,0.0,0.0,0.0,0.0,0.0,0.0,0.00187747,4.03115e-06,0.0,0.00329404,0.00340512,6.89612e-06,2.41306e-06,0.0,0.0052506,1.66402e-10,7.91679e-10,0.0,0.0,0.0,0.0,4.20909e-05,0.0,7.51842e-05,1.17916e-10,3.28343e-06,5.32931e-10,7.51909e-07,0.0,4.27234e-06,5.69858e-05,0.000303737,0.000901641,2.06706e-05,2.38693e-05,0.0,0.0,8.78018e-05,8.62303e-05,0.0,0.000241335,4.48421e-08,3.83157e-06,9.48989e-08,2.75419e-07,6.49238e-05,0.0
0.000121622,0.000166398,0.0,0.00745392,0.0,0.0,0.0,1.64347e-05,1.89535e-06,8.16783e-05,0.0,0.0,0.0,0.0,0.0,0.0,4.00334e-05,0.000204373,0.0,0.0,5.51841e-05,2.41332e-10,0.0,0.0,0.000167147,0.0050844,2.30792e-11,0.0,0.0,0.0,0.0,0.0,0.0,0.0,0.0,0.0,0.0,0.0,0.0,0.0,0.0,0.0,0.0,0.0,0.0,0.000446591,0.0,0.0,0.000395258,0.0,0.0,0.0,0.0,0.0,2.61631e-05,0.0,0.0,0.0,0.0,0.000240459,0.0,0.0,0.0,0.00130053,0.0,0.000500832,0.000348661,0.0,0.0,0.0,0.0,0.0,0.0,0.00187793,4.11856e-06,0.0,0.00329368,0.0034045,6.89612e-06,2.41032e-06,0.0,0.00525193,1.65556e-10,7.90734e-10,0.0,0.0,0.0,0.0,4.20912e-05,0.0,7.52258e-05,1.17374e-10,3.28343e-06,5.35013e-10,6.33605e-07,1.02073e-07,4.27088e-06,5.67404e-05,0.000304224,0.000904487,2.05171e-05,2.39833e-05,0.0,0.0,8.81613e-05,8.6657e-05,0.0,0.000240044,4.55031e-08,3.82931e-06,9.58886e-08,4.30463e-07,6.45776e-05,0.0
0.00110129,0.00126065,0.000119675,0.00663047,0.0,0.0,0.0,1.56044e-05,3.56314e-06,7.80476e-05,3.20262e-05,5.47883e-06,2.09369e-05,2.88928e-07,0.0,0.0,3.95244e-05,0.000190554,0.0,4.56281e-07,0.000192769,1.2564e-06,0.0,3.18609e-06,0.00034272,0.0103964,6.15014e-05,0.0,0.000301828,0.000388448,0.0058633,0.000413585,0.000796696,4.31768e-05,9.19545e-06,0.000794445,1.9799e-06,0.00054327,0.000462637,0.0,0.0,0.0,2.77344e-06,1.30237e-05,7.68971e-06,0.000138032,0.0,8.4294e-07,0.00012211,0.0,0.0,5.83484e-05,1.23177e-05,0.0,6.51012e-06,0.0,0.0,4.36224e-06,0.0,7.43181e-05,0.0,0.0,0.0,0.000401877,2.06782e-05,0.00015013,0.000107716,4.56633e-06,0.000161146,9.92669e-07,0.0,0.000176697,0.000204867,0.000580161,1.1545e-08,0.0,0.00101648,0.00104716,0.000112329,7.45009e-07,0.0,0.00160525,6.97003e-05,7.09936e-10,4.53659e-05,0.0,0.0,0.0,3.98522e-05,1.63338e-06,7.18197e-05,1.59372e-10,1.04234e-05,7.72439e-10,9.16586e-07,1.02073e-07,8.74461e-06,0.000116436,0.000566105,0.00158944,4.24832e-05,5.75148e-05,0.0,0.0,0.000178297,0.000198204,2.09263e-06,0.000441571,9.55966e-07,9.10905e-06,3.1484e-07,3.61945e-06,9.43807e-05,0.0
0.00110096,0.00125897,0.000118074,0.00662835,0.0,0.0,0.0,1.56044e-05,3.56316e-06,7.81598e-05,3.33742e-05,5.45983e-06,2.06481e-05,5.77855e-07,0.0,0.0,3.96072e-05,0.000190294,0.0,4.37771e-07,0.000193571,1.32301e-06,0.0,3.29279e-06,0.000342138,0.010395,6.12384e-05,0.0,0.000303044,0.00038903,0.00586768,0.000414354,0.000795981,4.39747e-05,9.36066e-06,0.000792915,1.9799e-06,0.00054357,0.000462281,0.0,0.0,0.0,2.46181e-06,1.26745e-05,7.44848e-06,0.000137842,0.0,6.74656e-07,0.00012223,0.0,0.0,5.81523e-05,1.28004e-05,0.0,6.50814e-06,0.0,0.0,4.68891e-06,0.0,7.42413e-05,0.0,0.0,0.0,0.000401326,2.10027e-05,0.000150345,0.000107683,4.41808e-06,0.000161196,8.4084e-07,0.0,0.000176007,0.000204825,0.000580444,1.19726e-08,0.0,0.00101728,0.00104751,0.000111572,7.45009e-07,0.0,0.00160402,7.01586e-05,7.09455e-10,4.50435e-05,0.0,0.0,0.0,3.98463e-05,1.82165e-06,7.22255e-05,1.59427e-10,1.08264e-05,7.76553e-10,9.75067e-07,0.0,8.69322e-06,0.000115916,0.000567292,0.00158989,4.24904e-05,5.70843e-05,0.0,0.0,0.000178547,0.000198199,2.23214e-06,0.000440231,9.46607e-07,9.04485e-06,3.09357e-07,3.59714e-06,9.4176e-05,0.0
0.00110139,0.0012595,0.000118861,0.00662982,0.0,0.0,0.0,1.53276e-05,3.56316e-06,7.82048e-05,3.33559e-05,5.28497e-06,2.09369e-05,2.88928e-07,0.0,0.0,3.95244e-05,0.000190277,0.0,4.82752e-07,0.000192446,1.29773e-06,0.0,3.14396e-06,0.000342565,0.010393,6.16155e-05,0.0,0.000302607,0.000391324,0.00586154,0.000413493,0.00079539,4.36426e-05,9.61631e-06,0.000794059,1.9799e-06,0.000545406,0.000462027,0.0,0.0,0.0,2.56686e-06,1.26749e-05,7.37177e-06,0.000138167,0.0,6.74656e-07,0.000122091,0.0,0.0,5.84522e-05,1.25746e-05,0.0,6.42556e-06,0.0,0.0,4.25951e-06,0.0,7.43181e-05,0.0,0.0,0.0,0.00040187,2.06842e-05,0.000150073,0.000107716,4.49163e-06,0.000161508,1.00275e-06,0.0,0.000175887,0.000204651,0.000580411,1.1545e-08,0.0,0.00101676,0.00104741,0.000111886,7.45009e-07,0.0,0.0016057,6.94791e-05,7.09455e-10,4.53233e-05,0.0,0.0,0.0,3.97603e-05,1.93455e-06,7.16838e-05,1.58876e-10,1.04004e-05,7.73962e-10,9.47602e-07,1.02073e-07,8.63649e-06,0.000115985,0.000566428,0.00159117,4.21237e-05,5.73844e-05,0.0,0.0,0.000178282,0.000197481,2.23214e-06,0.000440325,9.20957e-07,9.1231e-06,3.08866e-07,3.63597e-06,9.45593e-05,0.0
0.00110169,0.00126035,0.000119565,0.00662889,0.0,0.0,0.0,1.56044e-05,3.48218e-06,7.80476e-05,3.31083e-05,5.45983e-06,2.06492e-05,2.88928e-07,0.0,0.0,3.95965e-05,0.000190476,0.0,4.47512e-07,0.000192948,1.3543e-06,0.0,3.17622e-06,0.000341954,0.0103965,6.16846e-05,0.0,0.000302055,0.000389851,0.00586045,0.000413391,0.000796145,4.32913e-05,9.33761e-06,0.000794226,1.9799e-06,0.000541907,0.000462832,0.0,0.0,0.0,2.61376e-06,1.26786e-05,7.4524e-06,0.000137706,0.0,6.74656e-07,0.000122156,0.0,0.0,5.87305e-05,1.23127e-05,0.0,6.26466e-06,0.0,0.0,4.45544e-06,0.0,7.42579e-05,0.0,0.0,0.0,0.000401633,2.09967e-05,0.000150445,0.00010755,4.26257e-06,0.000161894,9.52115e-07,0.0,0.000175935,0.000204607,0.000580433,1.19726e-08,0.0,0.0010181,0.00104758,0.000111708,7.45009e-07,0.0,0.00160452,7.01169e-05,7.09922e-10,4.51563e-05,0.0,0.0,0.0,3.97292e-05,1.75808e-06,7.19767e-05,1.58832e-10,1.08961e-05,7.76054e-10,9.06983e-07,1.02073e-07,8.69322e-06,0.000115919,0.00056765,0.00158948,4.25819e-05,5.72781e-05,0.0,0.0,0.000179027,0.000198392,2.09263e-06,0.000441067,9.45494e-07,9.03422e-06,3.08359e-07,3.65008e-06,9.42518e-05,0.0
0.00110072,0.00126107,0.000120387,0.00662989,0.0,0.0,0.0,1.52322e-05,3.64245e-06,7.80476e-05,3.28648e-05,5.46484e-06,2.12496e-05,2.88928e-07,0.0,0.0,3.95244e-05,0.000190739,0.0,4.82752e-07,0.000191681,1.26489e-06,0.0,3.26792e-06,0.000341977,0.0103948,6.1449e-05,0.0,0.000303829,0.000388758,0.00586646,0.000414625,0.000797049,4.38598e-05,9.54386e-06,0.000794513,1.9799e-06,0.000543743,0.000464118,0.0,0.0,0.0,2.6684e-06,1.28493e-05,7.68164e-06,0.000138167,0.0,7.58798e-07,0.00012218,0.0,0.0,5.86064e-05,1.26488e-05,0.0,6.37905e-06,0.0,0.0,4.30038e-06,0.0,7.43181e-05,0.0,0.0,0.0,0.000401541,2.0868e-05,0.000150185,0.000107849,4.49163e-06,0.000160758,9.6214e-07,0.0,0.0001752,0.000204456,0.000580441,1.1545e-08,0.0,0.00101685,0.00104759,0.000111683,7.45009e-07,0.0,0.00160565,6.99283e-05,7.09928e-10,4.49056e-05,0.0,0.0,0.0,3.99693e-05,1.72422e-06,7.25107e-05,1.59952e-10,1.05353e-05,7.73949e-10,1.02529e-06,1.02073e-07,8.74752e-06,0.000116599,0.00056598,0.0015903,4.24302e-05,5.67326e-05,0.0,0.0,0.000178834,0.000197576,2.23214e-06,0.000440048,9.15688e-07,9.10824e-06,3.10349e-07,3.58779e-06,9.41595e-05,0.0
0.00110133,0.0012592,0.000120326,0.00662907,0.0,0.0,0.0,1.56044e-05,3.56315e-06,7.82048e-05,3.27262e-05,5.45983e-06,2.04062e-05,5.77855e-07,0.0,0.0,3.95244e-05,0.000190107,0.0,4.47007e-07,0.000194179,1.31243e-06,0.0,3.03056e-06,0.000342532,0.0103944,6.1341e-05,0.0,0.000302712,0.000391399,0.00586229,0.000413025,0.000795841,4.37502e-05,9.28127e-06,0.000791606,1.9799e-06,0.000542932,0.000460875,0.0,0.0,0.0,2.36027e-06,1.25039e-05,7.56591e-06,0.000137896,0.0,5.90007e-07,0.000122086,0.0,0.0,5.82148e-05,1.23115e-05,0.0,6.47405e-06,0.0,0.0,4.30111e-06,0.0,7.42413e-05,0.0,0.0,0.0,0.000401834,2.08188e-05,0.000150229,0.000107716,4.49163e-06,0.00016196,1.00275e-06,0.0,0.000176177,0.000205467,0.00058025,1.19726e-08,0.0,0.00101676,0.00104706,0.000112068,7.45009e-07,0.0,0.00160437,6.97061e-05,7.10395e-10,4.51331e-05,0.0,0.0,0.0,3.97292e-05,1.71753e-06,7.20464e-05,1.58885e-10,1.06714e-05,7.7553e-10,9.06981e-07,1.02073e-07,8.63502e-06,0.000116056,0.00056707,0.00158943,4.23787e-05,5.74376e-05,0.0,0.0,0.00017894,0.000198664,2.23214e-06,0.000441242,9.38137e-07,9.03077e-06,3.10848e-07,3.73047e-06,9.44859e-05,0.0
0.00110189,0.00125846,0.000118759,0.00662944,0.0,0.0,0.0,1.56044e-05,3.56316e-06,7.80476e-05,3.33318e-05,5.47883e-06,2.09144e-05,2.88928e-07,0.0,0.0,3.94575e-05,0.000190459,0.0,4.47045e-07,0.000191984,1.35933e-06,0.0,3.22285e-06,0.000342113,0.0103942,6.15742e-05,0.0,0.000302479,0.000388953,0.00586326,0.000414366,0.000793796,4.38597e-05,9.08203e-06,0.000793023,1.9799e-06,0.000542487,0.000463799,0.0,0.0,0.0,2.56686e-06,1.28493e-05,7.25844e-06,0.000137977,0.0,7.58798e-07,0.00012216,0.0,0.0,5.82721e-05,1.25731e-05,0.0,6.42556e-06,0.0,0.0,4.43357e-06,0.0,7.43181e-05,0.0,0.0,0.0,0.000401766,2.06337e-05,0.000150289,0.00010755,4.4266e-06,0.000161017,8.4084e-07,0.0,0.00017588,0.000204346,0.000580427,1.1545e-08,0.0,0.0010171,0.00104689,0.000112439,7.45009e-07,0.0,0.00160517,7.00723e-05,7.09914e-10,4.55134e-05,0.0,0.0,0.0,3.98515e-05,1.86422e-06,7.16693e-05,1.58835e-10,1.05988e-05,7.75006e-10,9.47607e-07,1.02073e-07,8.69176e-06,0.000115924,0.000567689,0.0015914,4.22934e-05,5.68397e-05,0.0,0.0,0.000178019,0.000197601,2.16239e-06,0.000440704,9.1569e-07,8.99141e-06,3.09359e-07,3.50854e-06,9.43071e-05,0.0
0.00110013,0.00126118,0.000118089,0.00662951,0.0,0.0,0.0,1.53276e-05,3.56315e-06,7.81598e-05,3.2632e-05,5.45983e-06,2.08715e-05,2.88928e-07,0.0,0.0,3.9596e-05,0.000190481,0.0,4.91988e-07,0.000194194,1.29773e-06,0.0,3.21427e-06,0.000342488,0.0103928,6.15441e-05,0.0,0.000302932,0.000390782,0.00586463,0.00041297,0.000796555,4.31841e-05,9.60157e-06,0.000794662,1.9799e-06,0.000545015,0.000462175,0.0,0.0,0.0,2.6684e-06,1.28493e-05,7.87989e-06,0.000138032,0.0,6.74656e-07,0.000122022,0.0,0.0,5.84346e-05,1.24661e-05,0.0,6.35979e-06,0.0,0.0,4.46158e-06,0.0,7.43497e-05,0.0,0.0,0.0,0.000401468,2.06842e-05,0.000150186,0.000107849,4.49163e-06,0.000161742,9.52115e-07,0.0,0.000176565,0.000204594,0.000580676,1.19726e-08,0.0,0.00101744,0.0010477,0.000110756,7.45009e-07,0.0,0.00160526,7.03195e-05,7.08523e-10,4.48785e-05,0.0,0.0,0.0,3.9821e-05,1.8257e-06,7.2104e-05,1.59413e-10,1.06714e-05,7.75497e-10,9.75061e-07,1.02073e-07,8.69176e-06,0.000116459,0.000566644,0.00158952,4.26833e-05,5.73393e-05,0.0,0.0,0.000179157,0.000198412,2.16239e-06,0.000440826,9.45893e-07,9.04484e-06,3.0836e-07,3.61354e-06,9.43593e-05,0.0
0.00110183,0.00126072,0.000120061,0.00663017,0.0,0.0,0.0,1.56044e-05,3.48217e-06,7.82048e-05,3.38766e-05,5.28497e-06,2.07136e-05,2.88928e-07,0.0,0.0,3.96746e-05,0.000190294,0.0,4.37771e-07,0.000192063,1.32301e-06,0.0,3.23583e-06,0.000342034,0.0103953,6.18319e-05,0.0,0.00030254,0.000390515,0.0058631,0.000414184,0.000797387,4.39753e-05,9.18085e-06,0.000796353,1.9799e-06,0.00054233,0.000462881,0.0,0.0,0.0,2.36027e-06,1.25039e-05,7.36127e-06,0.000137842,0.0,6.74656e-07,0.000122179,0.0,0.0,5.86054e-05,1.2832e-05,0.0,6.42556e-06,0.0,0.0,4.41067e-06,0.0,7.43181e-05,0.0,0.0,0.0,0.000401903,2.10027e-05,0.000150184,0.00010755,4.32861e-06,0.000161171,9.45978e-07,0.0,0.000175743,0.000205052,0.000580055,1.1545e-08,0.0,0.00101726,0.00104773,0.00011178,7.45009e-07,0.0,0.00160429,6.91521e-05,7.10395e-10,4.52575e-05,0.0,0.0,0.0,3.98522e-05,1.59285e-06,7.21677e-05,1.59952e-10,1.04234e-05,7.7243e-10,9.16584e-07,1.02073e-07,8.74607e-06,0.000116091,0.000566972,0.00158955,4.22381e-05,5.74669e-05,0.0,0.0,0.000178545,0.000198218,2.23214e-06,0.000440597,9.45534e-07,9.0342e-06,3.12857e-07,3.73047e-06,9.42841e-05,0.0
0.00110092,0.00126082,0.000119519,0.00662732,0.0,0.0,0.0,1.56044e-05,3.56315e-06,7.80476e-05,3.19094e-05,5.45983e-06,2.06071e-05,5.77855e-07,0.0,0.0,3.95244e-05,0.000190736,0.0,4.56786e-07,0.000193189,1.30178e-06,0.0,3.17418e-06,0.000342399,0.0103963,6.11008e-05,0.0,0.000303088,0.000389119,0.00586502,0.000413799,0.000796067,4.341e-05,9.38714e-06,0.000792562,1.9799e-06,0.000543799,0.000463109,0.0,0.0,0.0,2.56686e-06,1.28493e-05,7.83086e-06,0.000137896,0.0,6.74656e-07,0.000122319,0.0,0.0,5.81737e-05,1.23897e-05,0.0,6.27321e-06,0.0,0.0,4.53996e-06,0.0,7.42413e-05,0.0,0.0,0.0,0.000401598,2.06842e-05,0.000150235,0.000107716,4.57485e-06,0.000160987,8.0965e-07,0.0,0.000176332,0.000204493,0.000579941,1.19726e-08,0.0,0.00101691,0.00104726,0.000112363,7.45009e-07,0.0,0.00160476,7.01393e-05,7.09455e-10,4.50326e-05,0.0,0.0,0.0,3.97544e-05,1.8257e-06,7.19595e-05,1.57803e-10,1.07357e-05,7.77073e-10,9.47608e-07,1.02073e-07,8.63648e-06,0.00011604,0.000567029,0.00159136,4.25506e-05,5.70055e-05,0.0,0.0,0.000178673,0.000197626,2.16239e-06,0.000440763,9.07231e-07,9.10481e-06,3.10348e-07,3.50854e-06,9.43153e-05,0.0
0.00109873,0.0012545,0.000117245,0.00648415,0.0,0.0,0.0,1.49554e-05,3.16376e-06,7.54139e-05,3.28425e-05,5.28497e-06,2.04009e-05,2.88928e-07,0.0,0.0,3.83153e-05,0.000184259,0.0,4.73478e-07,0.000190255,1.29772e-06,0.0,3.1836e-06,0.000337929,0.0102793,6.12901e-05,0.0,0.000302791,0.000388861,0.00584583,0.000412942,0.000793134,4.35161e-05,9.36419e-06,0.000792528,1.9799e-06,0.000540262,0.000459643,0.0,0.0,0.0,2.9693e-06,1.25042e-05,7.2602e-06,0.000136107,0.0,6.74149e-07,0.000120271,0.0,0.0,5.73804e-05,1.24961e-05,0.0,6.24574e-06,0.0,0.0,4.2242e-06,0.0,7.31494e-05,0.0,0.0,0.0,0.000395686,2.08188e-05,0.000148,0.000106159,4.32634e-06,0.000159803,8.97612e-07,0.0,0.000173918,0.000203098,0.000572809,1.06899e-08,0.0,0.00100218,0.00103207,0.000110653,7.36792e-07,0.0,0.00158235,6.90555e-05,6.96074e-10,4.46952e-05,0.0,0.0,0.0,3.97607e-05,1.63392e-06,7.20525e-05,1.58832e-10,1.05804e-05,7.71371e-10,9.74947e-07,1.02073e-07,8.69176e-06,0.000115618,0.000564619,0.00158353,4.2053e-05,5.68075e-05,0.0,0.0,0.000177414,0.000197298,2.16239e-06,0.000438192,9.46553e-07,9.03413e-06,3.08349e-07,3.64532e-06,9.39204e-05,0.0
0.00109914,0.0012562,0.000117997,0.00648287,0.0,0.0,0.0,1.50508e-05,3.08278e-06,7.52554e-05,3.22489e-05,5.28497e-06,2.09198e-05,2.88928e-07,0.0,0.0,3.8305e-05,0.00018472,0.0,4.56281e-07,0.00019087,1.323e-06,0.0,3.21426e-06,0.000338999,0.0102805,6.15439e-05,0.0,0.000301673,0.000390235,0.00584808,0.000413028,0.000796218,4.341e-05,9.16898e-06,0.000789912,1.9799e-06,0.000544106,0.000462061,0.0,0.0,0.0,2.56686e-06,1.26745e-05,7.61086e-06,0.000135972,0.0,6.74656e-07,0.000120369,0.0,0.0,5.76235e-05,1.20004e-05,0.0,6.14587e-06,0.0,0.0,4.01399e-06,0.0,7.32729e-05,0.0,0.0,0.0,0.000396105,2.03212e-05,0.000148052,0.000106159,4.25289e-06,0.000159415,1.07449e-06,0.0,0.000174738,0.000202892,0.000571606,1.11174e-08,0.0,0.00100235,0.00103232,0.000111294,7.34053e-07,0.0,0.00158175,6.96875e-05,6.95134e-10,4.4974e-05,0.0,0.0,0.0,3.95971e-05,1.7002e-06,7.19818e-05,1.58293e-10,1.04004e-05,7.71374e-10,9.47481e-07,0.0,8.62833e-06,0.00011551,0.000563905,0.00158379,4.22577e-05,5.70658e-05,0.0,0.0,0.00017803,0.000196886,2.16239e-06,0.000439174,9.14669e-07,9.04421e-06,3.08341e-07,3.64073e-06,9.41913e-05,0.0
0.00109887,0.00125942,0.000119234,0.00648077,0.0,0.0,0.0,1.47741e-05,3.16209e-06,7.55248e-05,3.2518e-05,5.28497e-06,2.06653e-05,2.88928e-07,0.0,0.0,3.81656e-05,0.000184256,0.0,4.37771e-07,0.000190578,1.28511e-06,0.0,3.00723e-06,0.000338269,0.0102789,6.15764e-05,0.0,0.000302717,0.000387889,0.00585078,0.000413373,0.000792824,4.39825e-05,9.40028e-06,0.000791895,1.9799e-06,0.000539851,0.000461569,0.0,0.0,0.0,2.46181e-06,1.28493e-05,7.53453e-06,0.000135972,0.0,6.74656e-07,0.00012041,0.0,0.0,5.77217e-05,1.22352e-05,0.0,6.09067e-06,0.0,0.0,4.1663e-06,0.0,7.31494e-05,0.0,0.0,0.0,0.000395777,2.06842e-05,0.000148105,0.000106159,4.40956e-06,0.000159484,9.52115e-07,0.0,0.000174329,0.000202347,0.00057179,1.11174e-08,0.0,0.00100278,0.0010321,0.000111117,7.34053e-07,0.0,0.00158048,6.94806e-05,6.94675e-10,4.49429e-05,0.0,0.0,0.0,3.96941e-05,1.82466e-06,7.15229e-05,1.59413e-10,1.06259e-05,7.73437e-10,9.06871e-07,1.02073e-07,8.62979e-06,0.000115844,0.000564817,0.00158308,4.22322e-05,5.69851e-05,0.0,0.0,0.000178011,0.000196676,2.16239e-06,0.000438563,9.05496e-07,8.8961e-06,3.08843e-07,3.59713e-06,9.4012e-05,0.0
0.00109912,0.00125521,0.000116631,0.00648466,0.0,0.0,0.0,1.49554e-05,3.16374e-06,7.52554e-05,3.23691e-05,5.45983e-06,2.03416e-05,2.88928e-07,0.0,0.0,3.83046e-05,0.000184516,0.0,4.47045e-07,0.000190684,1.25429e-06,0.0,3.17682e-06,0.000338561,0.0102785,6.07037e-05,0.0,0.000301857,0.000389442,0.00584861,0.000412882,0.000793839,4.29514e-05,9.38389e-06,0.000790821,1.9799e-06,0.000543832,0.000461636,0.0,0.0,0.0,2.56686e-06,1.26786e-05,7.36463e-06,0.000136107,0.0,6.74656e-07,0.0001203,0.0,0.0,5.74521e-05,1.24191e-05,0.0,6.34176e-06,0.0,0.0,4.56794e-06,0.0,7.32729e-05,0.0,0.0,0.0,0.000395889,2.0272e-05,0.000147946,0.000106159,4.49163e-06,0.000159229,8.95343e-07,0.0,0.000173897,0.000202819,0.000572599,1.06899e-08,0.0,0.00100244,0.00103258,0.000110017,7.34053e-07,0.0,0.00158258,6.94047e-05,6.95601e-10,4.50308e-05,0.0,0.0,0.0,3.97295e-05,1.55133e-06,7.19379e-05,1.58309e-10,1.06714e-05,7.72385e-10,9.74952e-07,1.02073e-07,8.63126e-06,0.000115566,0.00056435,0.00158439,4.20957e-05,5.69038e-05,0.0,0.0,0.000178105,0.000197297,2.16239e-06,0.000438773,9.47571e-07,9.09755e-06,3.08347e-07,3.64188e-06,9.38764e-05,0.0
0.0010976,0.00125872,0.000118671,0.00648286,0.0,0.0,0.0,1.50508e-05,3.0828e-06,7.54139e-05,3.12747e-05,5.28497e-06,2.0532e-05,2.88928e-07,0.0,0.0,3.81656e-05,0.000184824,0.0,4.82715e-07,0.000189443,1.323e-06,0.0,3.06667e-06,0.000338548,0.010281,6.16481e-05,0.0,0.000301445,0.000388722,0.00585123,0.000412925,0.000795955,4.39747e-05,9.33594e-06,0.000792284,1.9799e-06,0.000542716,0.000461849,0.0,0.0,0.0,2.56686e-06,1.26745e-05,7.59851e-06,0.000135972,0.0,5.05865e-07,0.000120474,0.0,0.0,5.74558e-05,1.20452e-05,0.0,6.04416e-06,0.0,0.0,4.01121e-06,0.0,7.32413e-05,0.0,0.0,0.0,0.000395694,2.06842e-05,0.000148106,0.000106159,4.23686e-06,0.000159953,9.48247e-07,0.0,0.000174762,0.000203354,0.000571622,1.11174e-08,0.0,0.00100231,0.00103194,0.000111268,7.34053e-07,0.0,0.00158195,6.96843e-05,6.95134e-10,4.46758e-05,0.0,0.0,0.0,3.97544e-05,1.59083e-06,7.19368e-05,1.58327e-10,1.04004e-05,7.71903e-10,9.47476e-07,1.02073e-07,8.69029e-06,0.000115611,0.000563854,0.00158386,4.22778e-05,5.69763e-05,0.0,0.0,0.000177258,0.000196487,2.16239e-06,0.000438692,9.06199e-07,9.04074e-06,3.04345e-07,3.5343e-06,9.39342e-05,0.0
0.00109976,0.00125747,0.000117964,0.00648345,0.0,0.0,0.0,1.50508e-05,3.24304e-06,7.52554e-05,3.33494e-05,5.28497e-06,2.06093e-05,2.88928e-07,0.0,0.0,3.85328e-05,0.000184337,0.0,4.47045e-07,0.00019079,1.3305e-06,0.0,3.2227e-06,0.000338579,0.0102776,6.13578e-05,0.0,0.000302721,0.000388349,0.00585186,0.000412735,0.0007942,4.341e-05,9.22305e-06,0.000792611,1.9799e-06,0.000541267,0.000459977,0.0,0.0,0.0,2.46181e-06,1.25042e-05,7.54579e-06,0.000135972,0.0,7.58798e-07,0.00012037,0.0,0.0,5.76968e-05,1.22357e-05,0.0,6.19238e-06,0.0,0.0,4.37521e-06,0.0,7.32413e-05,0.0,0.0,0.0,0.000395995,2.03212e-05,0.000148051,0.000106159,4.4084e-06,0.000159,8.95343e-07,0.0,0.000174441,0.000202767,0.000571756,1.11174e-08,0.0,0.00100236,0.00103267,0.000111039,7.34053e-07,0.0,0.00158193,6.91626e-05,6.95615e-10,4.49168e-05,0.0,0.0,0.0,3.98521e-05,1.91135e-06,7.19405e-05,1.58835e-10,1.06455e-05,7.72406e-10,9.06866e-07,1.02073e-07,8.6298e-06,0.000115548,0.00056527,0.00158274,4.22578e-05,5.69286e-05,0.0,0.0,0.000178159,0.000197001,2.16239e-06,0.000438428,9.45851e-07,9.03362e-06,3.0835e-07,3.62942e-06,9.41744e-05,0.0
0.00109869,0.00125593,0.000117238,0.00648074,0.0,0.0,0.0,1.49554e-05,3.08279e-06,7.55248e-05,3.2683e-05,5.45983e-06,2.01408e-05,2.88928e-07,0.0,0.0,3.82372e-05,0.000184975,0.0,4.47007e-07,0.000190233,1.29477e-06,0.0,2.94585e-06,0.000337955,0.0102803,6.14488e-05,0.0,0.000302972,0.000389646,0.00584544,0.000413191,0.000793445,4.32913e-05,9.12149e-06,0.000790466,1.9799e-06,0.00054122,0.000463377,0.0,0.0,0.0,2.56686e-06,1.28493e-05,7.35778e-06,0.000135646,0.0,6.74656e-07,0.000120339,0.0,0.0,5.73274e-05,1.25719e-05,0.0,6.00862e-06,0.0,0.0,4.16425e-06,0.0,7.3181e-05,0.0,0.0,0.0,0.000396028,2.0641e-05,0.000148057,0.000105993,4.17934e-06,0.000159412,9.52115e-07,0.0,0.000174357,0.000202257,0.000572268,1.11174e-08,0.0,0.00100266,0.00103173,0.000110768,7.34053e-07,0.0,0.00158075,6.93182e-05,6.95607e-10,4.46778e-05,0.0,0.0,0.0,3.9689e-05,1.59083e-06,7.17093e-05,1.58835e-10,1.05131e-05,7.72923e-10,1.03504e-06,1.02073e-07,8.62979e-06,0.000115354,0.00056423,0.00158402,4.20934e-05,5.68331e-05,0.0,0.0,0.000177902,0.000197261,2.16239e-06,0.000439194,9.14668e-07,8.90959e-06,3.08341e-07,3.60303e-06,9.42937e-05,0.0
0.00109848,0.0012575,0.000118152,0.00648432,0.0,0.0,0.0,1.50508e-05,3.08277e-06,7.52554e-05,3.18008e-05,5.28497e-06,2.08672e-05,2.88928e-07,0.0,0.0,3.81656e-05,0.000184443,0.0,4.47045e-07,0.00019,1.26841e-06,0.0,3.25888e-06,0.000339003,0.0102815,6.1504e-05,0.0,0.000301556,0.000389135,0.00584898,0.000412931,0.000794396,4.36348e-05,9.56607e-06,0.00079094,1.9799e-06,0.000543056,0.000460841,0.0,0.0,0.0,2.56686e-06,1.25039e-05,7.74678e-06,0.000136107,0.0,6.74656e-07,0.00012037,0.0,0.0,5.78543e-05,1.20004e-05,0.0,6.19923e-06,0.0,0.0,4.22496e-06,0.0,7.32413e-05,0.0,0.0,0.0,0.000395854,2.03212e-05,0.000148151,0.000106159,4.48311e-06,0.000159453,6.61049e-07,0.0,0.000174572,0.000203375,0.000571716,1.06899e-08,0.0,0.00100234,0.00103277,0.000110948,7.34053e-07,0.0,0.00158218,6.92689e-05,6.95615e-10,4.49829e-05,0.0,0.0,0.0,3.96688e-05,1.63444e-06,7.20284e-05,1.58345e-10,1.03996e-05,7.71374e-10,8.87405e-07,1.02073e-07,8.62687e-06,0.000116,0.000564633,0.00158422,4.23237e-05,5.6668e-05,0.0,0.0,0.000177581,0.000196236,2.16239e-06,0.00043852,9.01287e-07,9.01637e-06,3.08344e-07,3.63598e-06,9.37811e-05,0.0
0.00109882,0.00125703,0.000116988,0.00648203,0.0,0.0,0.0,1.50508e-05,3.16377e-06,7.54139e-05,3.22667e-05,5.28497e-06,2.03449e-05,2.88928e-07,0.0,0.0,3.83826e-05,0.000184902,0.0,4.73983e-07,0.000191643,1.30889e-06,0.0,3.16965e-06,0.000338202,0.0102774,6.09443e-05,0.0,0.000301329,0.000388702,0.00584941,0.00041283,0.000794127,4.4093e-05,9.21959e-06,0.000793545,1.9799e-06,0.000541112,0.00046159,0.0,0.0,0.0,2.9693e-06,1.28493e-05,7.49183e-06,0.000135972,0.0,5.90007e-07,0.000120404,0.0,0.0,5.77504e-05,1.22358e-05,0.0,6.2553e-06,0.0,0.0,4.20801e-06,0.0,7.31494e-05,0.0,0.0,0.0,0.00039561,2.08188e-05,0.000148101,0.000106159,4.32634e-06,0.000159069,8.97612e-07,0.0,0.000173996,0.000203039,0.000572255,1.11174e-08,0.0,0.00100215,0.00103259,0.000110394,7.34053e-07,0.0,0.00158158,6.96298e-05,6.95134e-10,4.47928e-05,0.0,0.0,0.0,3.95715e-05,1.78411e-06,7.17418e-05,1.58835e-10,1.06468e-05,7.71368e-10,9.94406e-07,1.02073e-07,8.63649e-06,0.000115544,0.000564218,0.00158264,4.22255e-05,5.69475e-05,0.0,0.0,0.000177738,0.000197335,2.16239e-06,0.000438274,9.46512e-07,9.11188e-06,3.06856e-07,3.5343e-06,9.41724e-05,0.0
0.00109854,0.00125708,0.000117633,0.00648131,0.0,0.0,0.0,1.50508e-05,3.16207e-06,7.53676e-05,3.31904e-05,5.45983e-06,2.07103e-05,2.88928e-07,0.0,0.0,3.83874e-05,0.000184261,0.0,4.56281e-07,0.000189213,1.29419e-06,0.0,3.22205e-06,0.000338408,0.0102789,6.16166e-05,0.0,0.000302131,0.000389565,0.00585024,0.000413079,0.000794589,4.2841e-05,9.33444e-06,0.000790235,1.9799e-06,0.000541752,0.000462244,0.0,0.0,0.0,2.36027e-06,1.26786e-05,7.45557e-06,0.000136107,0.0,6.74656e-07,0.000120369,0.0,0.0,5.7649e-05,1.22357e-05,0.0,6.19238e-06,0.0,0.0,4.24578e-06,0.0,7.3181e-05,0.0,0.0,0.0,0.000396104,2.03212e-05,0.000148057,0.000106159,4.4939e-06,0.000159876,8.95343e-07,0.0,0.00017426,0.000202106,0.000571304,1.11174e-08,0.0,0.00100284,0.00103175,0.000111285,7.34053e-07,0.0,0.00158221,6.94102e-05,6.94661e-10,4.49595e-05,0.0,0.0,0.0,3.9821e-05,1.63444e-06,7.1903e-05,1.58868e-10,1.04898e-05,7.72947e-10,9.4749e-07,1.02073e-07,8.7508e-06,0.000115533,0.000563666,0.00158415,4.21926e-05,5.75264e-05,0.0,0.0,0.000178035,0.000196851,2.16239e-06,0.00043915,8.87296e-07,8.90442e-06,3.09346e-07,3.67294e-06,9.39147e-05,0.0
