6.86843e-20,0.0,2.17541e-20,0.0,0.0,5.61974e-22,4.01403e-22,0.0,0.0,0.0,1.7664e-20,1.21967e-21,3.76752e-21,1.01255e-21,9.58169e-22,0.0,6.81789e-22,0.0,0.0,4.72681e-22,1.12445e-19,1.35522e-20,5.78927e-22,1.46859e-20,0.0,0.0,0.0,0.0,0.0,0.0,0.0,0.0,0.0,0.0,0.0,0.0,0.0,0.0,0.0,0.0,0.0,0.0,0.0,0.0,0.0,0.0,0.0,0.0,6.67816e-21,0.0,0.0,0.0,0.0,0.0,0.0,5.04843e-21,0.0,0.0,0.0,1.26548e-21,0.0,0.0,0.0,3.48471e-20,0.0,0.0,0.0,0.0,0.0,0.0,0.0,0.0,0.0,0.0,1.10145e-20,0.0,4.89286e-21,1.70866e-20,0.0,6.60634e-22,0.0,2.5695e-20,0.0,0.0,2.38087e-22,0.0,0.0,0.0,1.05108e-21,0.0,0.0,0.0,0.0,0.0,0.0,0.0,0.0,0.0,0.0,0.0,0.0,0.0,0.0,0.0,0.0,0.0,0.0,0.0,0.0,0.0,0.0,0.0,0.0,0.0
6.85914e-20,0.0,2.18057e-20,0.0,0.0,4.54634e-22,5.49848e-22,0.0,0.0,0.0,1.65403e-20,1.21967e-21,3.74916e-21,1.01255e-21,1.22547e-21,0.0,7.01254e-22,0.0,0.0,4.72681e-22,1.12356e-19,1.35442e-20,5.78927e-22,1.46847e-20,0.0,0.0,0.0,0.0,0.0,0.0,0.0,0.0,0.0,0.0,0.0,0.0,0.0,0.0,0.0,0.0,0.0,0.0,0.0,0.0,0.0,0.0,0.0,0.0,6.68483e-21,0.0,0.0,0.0,0.0,0.0,0.0,5.06264e-21,0.0,0.0,0.0,1.35587e-21,0.0,0.0,0.0,3.48588e-20,0.0,0.0,0.0,0.0,0.0,0.0,0.0,0.0,0.0,0.0,1.09713e-20,0.0,4.87369e-21,1.70726e-20,0.0,6.60634e-22,0.0,2.56648e-20,0.0,0.0,2.38087e-22,0.0,0.0,0.0,1.039e-21,0.0,0.0,0.0,0.0,0.0,0.0,0.0,0.0,0.0,0.0,0.0,0.0,0.0,0.0,0.0,0.0,0.0,0.0,0.0,0.0,0.0,0.0,0.0,0.0,0.0
6.84804e-20,0.0,2.1784e-20,0.0,0.0,7.70752e-22,4.01403e-22,0.0,0.0,0.0,1.73919e-20,1.21006e-21,3.75802e-21,1.01255e-21,8.21288e-22,0.0,6.91535e-22,0.0,0.0,4.72681e-22,1.12425e-19,1.35814e-20,5.78927e-22,1.46855e-20,0.0,0.0,0.0,0.0,0.0,0.0,0.0,0.0,0.0,0.0,0.0,0.0,0.0,0.0,0.0,0.0,0.0,0.0,0.0,0.0,0.0,0.0,0.0,0.0,6.67141e-21,0.0,0.0,0.0,0.0,0.0,0.0,5.04843e-21,0.0,0.0,0.0,1.26548e-21,0.0,0.0,0.0,3.48341e-20,0.0,0.0,0.0,0.0,0.0,0.0,0.0,0.0,0.0,0.0,1.10145e-20,0.0,4.89286e-21,1.70796e-20,0.0,6.60634e-22,0.0,2.571e-20,0.0,0.0,2.46297e-22,0.0,0.0,0.0,1.05108e-21,0.0,0.0,0.0,0.0,0.0,0.0,0.0,0.0,0.0,0.0,0.0,0.0,0.0,0.0,0.0,0.0,0.0,0.0,0.0,0.0,0.0,0.0,0.0,0.0,0.0
6.83245e-20,0.0,2.16571e-20,0.0,0.0,4.88413e-22,5.58258e-22,0.0,0.0,0.0,1.56361e-20,1.21967e-21,3.75863e-21,1.01255e-21,1.22547e-21,0.0,7.01254e-22,0.0,0.0,4.72681e-22,1.12478e-19,1.35124e-20,5.78927e-22,1.4677e-20,0.0,0.0,0.0,0.0,0.0,0.0,0.0,0.0,0.0,0.0,0.0,0.0,0.0,0.0,0.0,0.0,0.0,0.0,0.0,0.0,0.0,0.0,0.0,0.0,6.67141e-21,0.0,0.0,0.0,0.0,0.0,0.0,5.0555e-21,0.0,0.0,0.0,1.26548e-21,0.0,0.0,0.0,3.48597e-20,0.0,0.0,0.0,0.0,0.0,0.0,0.0,0.0,0.0,0.0,1.09866e-20,0.0,4.88544e-21,1.70796e-20,0.0,6.60634e-22,0.0,2.56724e-20,0.0,0.0,2.38087e-22,0.0,0.0,0.0,1.05108e-21,0.0,0.0,0.0,0.0,0.0,0.0,0.0,0.0,0.0,0.0,0.0,0.0,0.0,0.0,0.0,0.0,0.0,0.0,0.0,0.0,0.0,0.0,0.0,0.0,0.0
6.86185e-20,0.0,2.18335e-20,0.0,0.0,7.95503e-22,3.92784e-22,0.0,0.0,0.0,1.86548e-20,1.21007e-21,3.76752e-21,1.01255e-21,9.58169e-22,0.0,6.81789e-22,0.0,0.0,4.63388e-22,1.12361e-19,1.36013e-20,5.89083e-22,1.46947e-20,0.0,0.0,0.0,0.0,0.0,0.0,0.0,0.0,0.0,0.0,0.0,0.0,0.0,0.0,0.0,0.0,0.0,0.0,0.0,0.0,0.0,0.0,0.0,0.0,6.67816e-21,0.0,0.0,0.0,0.0,0.0,0.0,5.05556e-21,0.0,0.0,0.0,1.35587e-21,0.0,0.0,0.0,3.48268e-20,0.0,0.0,0.0,0.0,0.0,0.0,0.0,0.0,0.0,0.0,1.10145e-20,0.0,4.89286e-21,1.70867e-20,0.0,6.60634e-22,0.0,2.5695e-20,0.0,0.0,2.38087e-22,0.0,0.0,0.0,1.039e-21,0.0,0.0,0.0,0.0,0.0,0.0,0.0,0.0,0.0,0.0,0.0,0.0,0.0,0.0,0.0,0.0,0.0,0.0,0.0,0.0,0.0,0.0,0.0,0.0,0.0
6.41343e-20,1.37488e-21,2.1845e-20,0.0,0.0,5.66115e-22,5.33504e-22,0.0,0.0,0.0,1.55349e-20,1.20021e-21,3.73015e-21,1.01255e-21,1.22547e-21,0.0,6.81789e-22,0.0,0.0,4.63426e-22,1.1233e-19,1.34772e-20,5.6877e-22,1.46414e-20,0.0,0.0,0.0,0.0,0.0,0.0,0.0,0.0,0.0,0.0,0.0,0.0,0.0,0.0,0.0,0.0,0.0,0.0,0.0,0.0,0.0,0.0,0.0,0.0,6.68483e-21,0.0,0.0,0.0,0.0,0.0,0.0,5.0555e-21,0.0,0.0,0.0,1.26548e-21,0.0,0.0,0.0,3.48799e-20,0.0,0.0,0.0,0.0,0.0,0.0,0.0,0.0,0.0,0.0,1.09713e-20,0.0,4.88111e-21,1.70725e-20,0.0,6.60634e-22,0.0,2.56649e-20,0.0,0.0,2.38087e-22,0.0,0.0,0.0,1.05108e-21,0.0,0.0,0.0,0.0,0.0,0.0,0.0,0.0,0.0,0.0,0.0,0.0,0.0,0.0,0.0,0.0,0.0,0.0,0.0,0.0,0.0,0.0,0.0,0.0,0.0
6.43108e-20,1.38287e-21,2.16535e-20,0.0,0.0,5.37798e-22,4.17957e-22,0.0,0.0,0.0,1.59653e-20,1.21967e-21,3.75834e-21,1.00178e-21,9.58169e-22,0.0,6.81789e-22,0.0,0.0,4.72681e-22,1.12513e-19,1.34951e-20,5.78927e-22,1.46408e-20,0.0,0.0,0.0,0.0,0.0,0.0,0.0,0.0,0.0,0.0,0.0,0.0,0.0,0.0,0.0,0.0,0.0,0.0,0.0,0.0,0.0,0.0,0.0,0.0,6.68483e-21,0.0,0.0,0.0,0.0,0.0,0.0,5.05556e-21,0.0,0.0,0.0,1.26548e-21,0.0,0.0,0.0,3.48265e-20,0.0,0.0,0.0,0.0,0.0,0.0,0.0,0.0,0.0,0.0,1.10145e-20,0.0,4.88544e-21,1.70937e-20,0.0,6.60634e-22,0.0,2.56874e-20,0.0,0.0,2.38087e-22,0.0,0.0,0.0,1.039e-21,0.0,0.0,0.0,0.0,0.0,0.0,0.0,0.0,0.0,0.0,0.0,0.0,0.0,0.0,0.0,0.0,0.0,0.0,0.0,0.0,0.0,0.0,0.0,0.0,0.0
6.43087e-20,1.38287e-21,2.15762e-20,0.0,0.0,6.80098e-22,5.33293e-22,0.0,0.0,0.0,1.55554e-20,1.20047e-21,3.73933e-21,1.01255e-21,1.22547e-21,0.0,6.91535e-22,0.0,0.0,4.72681e-22,1.13454e-19,1.35652e-20,5.78927e-22,1.46413e-20,0.0,0.0,0.0,0.0,0.0,0.0,0.0,0.0,0.0,0.0,0.0,0.0,0.0,0.0,0.0,0.0,0.0,0.0,0.0,0.0,0.0,0.0,0.0,0.0,6.67816e-21,0.0,0.0,0.0,0.0,0.0,0.0,5.04843e-21,0.0,0.0,0.0,1.35587e-21,0.0,0.0,0.0,3.48603e-20,0.0,0.0,0.0,0.0,0.0,0.0,0.0,0.0,0.0,0.0,1.10221e-20,0.0,4.89286e-21,1.70866e-20,0.0,6.60634e-22,0.0,2.56951e-20,0.0,0.0,2.38087e-22,0.0,0.0,0.0,1.05108e-21,0.0,0.0,0.0,0.0,0.0,0.0,0.0,0.0,0.0,0.0,0.0,0.0,0.0,0.0,0.0,0.0,0.0,0.0,0.0,0.0,0.0,0.0,0.0,0.0,0.0
6.4013e-20,1.38287e-21,2.18282e-20,0.0,0.0,5.25276e-22,3.9194e-22,0.0,0.0,0.0,1.77534e-20,1.20021e-21,3.74913e-21,1.01255e-21,8.21288e-22,0.0,6.91507e-22,0.0,0.0,4.72681e-22,1.12407e-19,1.34861e-20,5.78927e-22,1.46594e-20,0.0,0.0,0.0,0.0,0.0,0.0,0.0,0.0,0.0,0.0,0.0,0.0,0.0,0.0,0.0,0.0,0.0,0.0,0.0,0.0,0.0,0.0,0.0,0.0,6.67809e-21,0.0,0.0,0.0,0.0,0.0,0.0,5.0555e-21,0.0,0.0,0.0,1.26548e-21,0.0,0.0,0.0,3.48394e-20,0.0,0.0,0.0,0.0,0.0,0.0,0.0,0.0,0.0,0.0,1.09562e-20,0.0,4.88544e-21,1.70728e-20,0.0,6.60634e-22,0.0,2.56722e-20,0.0,0.0,2.38087e-22,0.0,0.0,0.0,1.039e-21,0.0,0.0,0.0,0.0,0.0,0.0,0.0,0.0,0.0,0.0,0.0,0.0,0.0,0.0,0.0,0.0,0.0,0.0,0.0,0.0,0.0,0.0,0.0,0.0,0.0
6.43382e-20,1.38287e-21,2.15127e-20,0.0,0.0,5.55308e-22,5.50059e-22,0.0,0.0,0.0,1.62517e-20,1.21967e-21,3.7394e-21,1.00178e-21,1.22547e-21,0.0,6.81789e-22,0.0,0.0,4.72681e-22,1.12432e-19,1.34425e-20,5.78927e-22,1.46585e-20,0.0,0.0,0.0,0.0,0.0,0.0,0.0,0.0,0.0,0.0,0.0,0.0,0.0,0.0,0.0,0.0,0.0,0.0,0.0,0.0,0.0,0.0,0.0,0.0,6.67816e-21,0.0,0.0,0.0,0.0,0.0,0.0,5.04843e-21,0.0,0.0,0.0,1.26548e-21,0.0,0.0,0.0,3.48542e-20,0.0,0.0,0.0,0.0,0.0,0.0,0.0,0.0,0.0,0.0,1.10221e-20,0.0,4.89286e-21,1.70865e-20,0.0,6.60634e-22,0.0,2.571e-20,0.0,0.0,2.38087e-22,0.0,0.0,0.0,1.039e-21,0.0,0.0,0.0,0.0,0.0,0.0,0.0,0.0,0.0,0.0,0.0,0.0,0.0,0.0,0.0,0.0,0.0,0.0,0.0,0.0,0.0,0.0,0.0,0.0,0.0
6.40974e-20,1.38287e-21,2.14608e-20,0.0,0.0,4.21372e-22,4.01191e-22,0.0,0.0,0.0,1.74301e-20,1.19061e-21,3.74913e-21,1.01255e-21,9.58169e-22,0.0,6.81789e-22,0.0,0.0,4.72681e-22,1.12367e-19,1.34852e-20,5.78927e-22,1.46241e-20,0.0,0.0,0.0,0.0,0.0,0.0,0.0,0.0,0.0,0.0,0.0,0.0,0.0,0.0,0.0,0.0,0.0,0.0,0.0,0.0,0.0,0.0,0.0,0.0,6.68483e-21,0.0,0.0,0.0,0.0,0.0,0.0,5.06264e-21,0.0,0.0,0.0,1.35587e-21,0.0,0.0,0.0,3.48467e-20,0.0,0.0,0.0,0.0,0.0,0.0,0.0,0.0,0.0,0.0,1.0979e-20,0.0,4.87369e-21,1.70797e-20,0.0,6.67516e-22,0.0,2.56722e-20,0.0,0.0,2.38087e-22,0.0,0.0,0.0,1.05108e-21,0.0,0.0,0.0,0.0,0.0,0.0,0.0,0.0,0.0,0.0,0.0,0.0,0.0,0.0,0.0,0.0,0.0,0.0,0.0,0.0,0.0,0.0,0.0,0.0,0.0
6.40065e-20,1.38287e-21,2.15959e-20,0.0,0.0,5.81924e-22,5.50059e-22,0.0,0.0,0.0,1.55469e-20,1.21967e-21,3.73933e-21,1.01255e-21,1.22547e-21,0.0,6.81789e-22,0.0,0.0,4.72681e-22,1.12434e-19,1.35701e-20,5.78927e-22,1.46493e-20,0.0,0.0,0.0,0.0,0.0,0.0,0.0,0.0,0.0,0.0,0.0,0.0,0.0,0.0,0.0,0.0,0.0,0.0,0.0,0.0,0.0,0.0,0.0,0.0,6.67816e-21,0.0,0.0,0.0,0.0,0.0,0.0,5.04843e-21,0.0,0.0,0.0,1.26548e-21,0.0,0.0,0.0,3.48463e-20,0.0,0.0,0.0,0.0,0.0,0.0,0.0,0.0,0.0,0.0,1.09993e-20,0.0,4.89286e-21,1.70867e-20,0.0,6.60634e-22,0.0,2.5695e-20,0.0,0.0,2.38087e-22,0.0,0.0,0.0,1.039e-21,0.0,0.0,0.0,0.0,0.0,0.0,0.0,0.0,0.0,0.0,0.0,0.0,0.0,0.0,0.0,0.0,0.0,0.0,0.0,0.0,0.0,0.0,0.0,0.0,0.0
6.42629e-20,1.37488e-21,2.16121e-20,0.0,0.0,4.91954e-22,3.92995e-22,0.0,0.0,0.0,1.86993e-20,1.19061e-21,3.75834e-21,1.01255e-21,9.58169e-22,0.0,6.91535e-22,0.0,0.0,4.72681e-22,1.12396e-19,1.35105e-20,5.78927e-22,1.46772e-20,0.0,0.0,0.0,0.0,0.0,0.0,0.0,0.0,0.0,0.0,0.0,0.0,0.0,0.0,0.0,0.0,0.0,0.0,0.0,0.0,0.0,0.0,0.0,0.0,6.68483e-21,0.0,0.0,0.0,0.0,0.0,0.0,5.04843e-21,0.0,0.0,0.0,1.26548e-21,0.0,0.0,0.0,3.48534e-20,0.0,0.0,0.0,0.0,0.0,0.0,0.0,0.0,0.0,0.0,1.09866e-20,0.0,4.89286e-21,1.70799e-20,0.0,6.60634e-22,0.0,2.568e-20,0.0,0.0,2.38087e-22,0.0,0.0,0.0,1.05108e-21,0.0,0.0,0.0,0.0,0.0,0.0,0.0,0.0,0.0,0.0,0.0,0.0,0.0,0.0,0.0,0.0,0.0,0.0,0.0,0.0,0.0,0.0,0.0,0.0,0.0
6.43897e-20,1.38287e-21,2.18452e-20,0.0,0.0,6.7423e-22,5.41491e-22,0.0,0.0,0.0,1.5409e-20,1.21007e-21,3.73966e-21,1.00178e-21,1.08859e-21,0.0,6.91507e-22,0.0,0.0,4.63388e-22,1.12289e-19,1.34954e-20,5.78927e-22,1.46324e-20,0.0,0.0,0.0,0.0,0.0,0.0,0.0,0.0,0.0,0.0,0.0,0.0,0.0,0.0,0.0,0.0,0.0,0.0,0.0,0.0,0.0,0.0,0.0,0.0,6.67816e-21,0.0,0.0,0.0,0.0,0.0,0.0,5.0555e-21,0.0,0.0,0.0,1.35587e-21,0.0,0.0,0.0,3.48328e-20,0.0,0.0,0.0,0.0,0.0,0.0,0.0,0.0,0.0,0.0,1.10145e-20,0.0,4.88544e-21,1.70865e-20,0.0,6.60634e-22,0.0,2.56948e-20,0.0,0.0,2.38087e-22,0.0,0.0,0.0,1.039e-21,0.0,0.0,0.0,0.0,0.0,0.0,0.0,0.0,0.0,0.0,0.0,0.0,0.0,0.0,0.0,0.0,0.0,0.0,0.0,0.0,0.0,0.0,0.0,0.0,0.0
6.40102e-20,1.38287e-21,2.19435e-20,0.0,0.0,9.15512e-22,4.09759e-22,0.0,0.0,0.0,1.81043e-20,1.21004e-21,3.73962e-21,1.01255e-21,9.58169e-22,0.0,6.81789e-22,0.0,0.0,4.72681e-22,1.12426e-19,1.35191e-20,5.78927e-22,1.46418e-20,0.0,0.0,0.0,0.0,0.0,0.0,0.0,0.0,0.0,0.0,0.0,0.0,0.0,0.0,0.0,0.0,0.0,0.0,0.0,0.0,0.0,0.0,0.0,0.0,6.68483e-21,0.0,0.0,0.0,0.0,0.0,0.0,5.04843e-21,0.0,0.0,0.0,1.26548e-21,0.0,0.0,0.0,3.48605e-20,0.0,0.0,0.0,0.0,0.0,0.0,0.0,0.0,0.0,0.0,1.10068e-20,0.0,4.89286e-21,1.70866e-20,0.0,6.60634e-22,0.0,2.568e-20,0.0,0.0,2.46297e-22,0.0,0.0,0.0,1.05108e-21,0.0,0.0,0.0,0.0,0.0,0.0,0.0,0.0,0.0,0.0,0.0,0.0,0.0,0.0,0.0,0.0,0.0,0.0,0.0,0.0,0.0,0.0,0.0,0.0,0.0
0.0,0.0,0.0,0.0,0.0,6.75185e-21,4.32653e-22,0.0,0.0,0.0,0.0,0.0,0.0,0.0,0.0,0.0,0.0,0.0,0.0,0.0,9.69038e-24,0.0,0.0,0.0,0.0,0.0,0.0,0.0,0.0,0.0,0.0,0.0,0.0,0.0,0.0,0.0,0.0,0.0,0.0,0.0,0.0,0.0,0.0,0.0,0.0,0.0,0.0,0.0,0.0,0.0,0.0,0.0,0.0,0.0,0.0,1.63562e-20,0.0,0.0,0.0,4.06762e-21,0.0,0.0,0.0,1.06296e-19,0.0,0.0,0.0,0.0,0.0,0.0,0.0,0.0,0.0,0.0,4.17297e-20,0.0,0.0,1.73353e-20,0.0,4.06015e-22,0.0,5.62306e-20,0.0,0.0,0.0,0.0,0.0,0.0,0.0,0.0,0.0,0.0,0.0,0.0,0.0,0.0,0.0,0.0,0.0,0.0,0.0,0.0,0.0,0.0,0.0,0.0,0.0,0.0,0.0,0.0,0.0,0.0,0.0,0.0
0.0,0.0,0.0,0.0,0.0,6.92688e-21,2.92564e-22,0.0,0.0,0.0,0.0,0.0,0.0,0.0,0.0,0.0,0.0,0.0,0.0,0.0,0.0,0.0,0.0,0.0,0.0,0.0,0.0,0.0,0.0,0.0,0.0,0.0,0.0,0.0,0.0,0.0,0.0,0.0,0.0,0.0,0.0,0.0,0.0,0.0,0.0,0.0,0.0,0.0,0.0,0.0,0.0,0.0,0.0,0.0,0.0,1.63491e-20,0.0,0.0,0.0,4.15801e-21,0.0,0.0,0.0,1.06283e-19,0.0,0.0,0.0,0.0,0.0,0.0,0.0,0.0,0.0,0.0,4.17803e-20,0.0,0.0,1.73424e-20,0.0,4.12896e-22,0.0,5.62156e-20,0.0,0.0,0.0,0.0,0.0,0.0,0.0,0.0,0.0,0.0,0.0,0.0,0.0,0.0,0.0,0.0,0.0,0.0,0.0,0.0,0.0,0.0,0.0,0.0,0.0,0.0,0.0,0.0,0.0,0.0,0.0,0.0
0.0,0.0,0.0,0.0,0.0,7.01541e-21,3.09963e-22,0.0,0.0,0.0,0.0,0.0,0.0,0.0,0.0,0.0,0.0,0.0,0.0,0.0,0.0,0.0,0.0,0.0,0.0,0.0,0.0,0.0,0.0,0.0,0.0,0.0,0.0,0.0,0.0,0.0,0.0,0.0,0.0,0.0,0.0,0.0,0.0,0.0,0.0,0.0,0.0,0.0,0.0,0.0,0.0,0.0,0.0,0.0,0.0,1.63491e-20,0.0,0.0,0.0,4.06762e-21,0.0,0.0,0.0,1.06303e-19,0.0,0.0,0.0,0.0,0.0,0.0,0.0,0.0,0.0,0.0,4.17297e-20,0.0,0.0,1.73425e-20,0.0,4.12896e-22,0.0,5.6238e-20,0.0,0.0,0.0,0.0,0.0,0.0,0.0,0.0,0.0,0.0,0.0,0.0,0.0,0.0,0.0,0.0,0.0,0.0,0.0,0.0,0.0,0.0,0.0,0.0,0.0,0.0,0.0,0.0,0.0,0.0,0.0,0.0
0.0,0.0,0.0,0.0,0.0,6.90758e-21,4.24454e-22,0.0,0.0,0.0,0.0,0.0,0.0,0.0,0.0,0.0,0.0,0.0,0.0,0.0,0.0,0.0,0.0,0.0,0.0,0.0,0.0,0.0,0.0,0.0,0.0,0.0,0.0,0.0,0.0,0.0,0.0,0.0,0.0,0.0,0.0,0.0,0.0,0.0,0.0,0.0,0.0,0.0,0.0,0.0,0.0,0.0,0.0,0.0,0.0,1.63562e-20,0.0,0.0,0.0,4.06762e-21,0.0,0.0,0.0,1.06308e-19,0.0,0.0,0.0,0.0,0.0,0.0,0.0,0.0,0.0,0.0,4.17728e-20,0.0,0.0,1.73424e-20,0.0,4.06015e-22,0.0,5.62231e-20,0.0,0.0,0.0,0.0,0.0,0.0,0.0,0.0,0.0,0.0,0.0,0.0,0.0,0.0,0.0,0.0,0.0,0.0,0.0,0.0,0.0,0.0,0.0,0.0,0.0,0.0,0.0,0.0,0.0,0.0,0.0,0.0
0.0,0.0,0.0,0.0,0.0,7.12096e-21,3.09119e-22,0.0,0.0,0.0,0.0,0.0,0.0,0.0,0.0,0.0,0.0,0.0,0.0,0.0,0.0,0.0,0.0,0.0,0.0,0.0,0.0,0.0,0.0,0.0,0.0,0.0,0.0,0.0,0.0,0.0,0.0,0.0,0.0,0.0,0.0,0.0,0.0,0.0,0.0,0.0,0.0,0.0,0.0,0.0,0.0,0.0,0.0,0.0,0.0,1.63491e-20,0.0,0.0,0.0,4.06762e-21,0.0,0.0,0.0,1.0629e-19,0.0,0.0,0.0,0.0,0.0,0.0,0.0,0.0,0.0,0.0,4.17449e-20,0.0,0.0,1.73282e-20,0.0,4.12896e-22,0.0,5.62231e-20,0.0,0.0,0.0,0.0,0.0,0.0,0.0,0.0,0.0,0.0,0.0,0.0,0.0,0.0,0.0,0.0,0.0,0.0,0.0,0.0,0.0,0.0,0.0,0.0,0.0,0.0,0.0,0.0,0.0,0.0,0.0,0.0
0.0,0.0,0.0,0.0,0.0,6.82956e-21,2.84103e-22,0.0,0.0,0.0,0.0,0.0,0.0,0.0,0.0,0.0,0.0,0.0,0.0,0.0,0.0,0.0,0.0,0.0,0.0,0.0,0.0,0.0,0.0,0.0,0.0,0.0,0.0,0.0,0.0,0.0,0.0,0.0,0.0,0.0,0.0,0.0,0.0,0.0,0.0,0.0,0.0,0.0,0.0,0.0,0.0,0.0,0.0,0.0,0.0,1.63419e-20,0.0,0.0,0.0,4.15801e-21,0.0,0.0,0.0,1.06297e-19,0.0,0.0,0.0,0.0,0.0,0.0,0.0,0.0,0.0,0.0,4.17728e-20,0.0,0.0,1.73425e-20,0.0,4.06015e-22,0.0,5.62231e-20,0.0,0.0,0.0,0.0,0.0,0.0,0.0,0.0,0.0,0.0,0.0,0.0,0.0,0.0,0.0,0.0,0.0,0.0,0.0,0.0,0.0,0.0,0.0,0.0,0.0,0.0,0.0,0.0,0.0,0.0,0.0,0.0
0.0,0.0,0.0,0.0,0.0,6.8753e-21,4.24508e-22,0.0,0.0,0.0,0.0,0.0,0.0,0.0,0.0,0.0,0.0,0.0,0.0,0.0,0.0,0.0,0.0,0.0,0.0,0.0,0.0,0.0,0.0,0.0,0.0,0.0,0.0,0.0,0.0,0.0,0.0,0.0,0.0,0.0,0.0,0.0,0.0,0.0,0.0,0.0,0.0,0.0,0.0,0.0,0.0,0.0,0.0,0.0,0.0,1.63491e-20,0.0,0.0,0.0,4.06762e-21,0.0,0.0,0.0,1.06289e-19,0.0,0.0,0.0,0.0,0.0,0.0,0.0,0.0,0.0,0.0,4.17373e-20,0.0,0.0,1.73424e-20,0.0,4.12896e-22,0.0,5.62156e-20,0.0,0.0,0.0,0.0,0.0,0.0,0.0,0.0,0.0,0.0,0.0,0.0,0.0,0.0,0.0,0.0,0.0,0.0,0.0,0.0,0.0,0.0,0.0,0.0,0.0,0.0,0.0,0.0,0.0,0.0,0.0,0.0
0.0,0.0,0.0,0.0,0.0,6.99345e-21,3.00709e-22,0.0,0.0,0.0,0.0,0.0,0.0,0.0,0.0,0.0,0.0,0.0,0.0,0.0,0.0,0.0,0.0,0.0,0.0,0.0,0.0,0.0,0.0,0.0,0.0,0.0,0.0,0.0,0.0,0.0,0.0,0.0,0.0,0.0,0.0,0.0,0.0,0.0,0.0,0.0,0.0,0.0,0.0,0.0,0.0,0.0,0.0,0.0,0.0,1.63562e-20,0.0,0.0,0.0,4.06762e-21,0.0,0.0,0.0,1.06276e-19,0.0,0.0,0.0,0.0,0.0,0.0,0.0,0.0,0.0,0.0,4.17651e-20,0.0,0.0,1.73424e-20,0.0,4.12896e-22,0.0,5.62231e-20,0.0,0.0,0.0,0.0,0.0,0.0,0.0,0.0,0.0,0.0,0.0,0.0,0.0,0.0,0.0,0.0,0.0,0.0,0.0,0.0,0.0,0.0,0.0,0.0,0.0,0.0,0.0,0.0,0.0,0.0,0.0,0.0
0.0,0.0,0.0,0.0,0.0,7.1481e-21,4.50472e-22,0.0,0.0,0.0,0.0,0.0,0.0,0.0,0.0,0.0,0.0,0.0,0.0,0.0,0.0,0.0,0.0,0.0,0.0,0.0,0.0,0.0,0.0,0.0,0.0,0.0,0.0,0.0,0.0,0.0,0.0,0.0,0.0,0.0,0.0,0.0,0.0,0.0,0.0,0.0,0.0,0.0,0.0,0.0,0.0,0.0,0.0,0.0,0.0,1.63491e-20,0.0,0.0,0.0,4.06762e-21,0.0,0.0,0.0,1.06322e-19,0.0,0.0,0.0,0.0,0.0,0.0,0.0,0.0,0.0,0.0,4.17373e-20,0.0,0.0,1.73353e-20,0.0,4.06015e-22,0.0,5.62306e-20,0.0,0.0,0.0,0.0,0.0,0.0,0.0,0.0,0.0,0.0,0.0,0.0,0.0,0.0,0.0,0.0,0.0,0.0,0.0,0.0,0.0,0.0,0.0,0.0,0.0,0.0,0.0,0.0,0.0,0.0,0.0,0.0
0.0,0.0,0.0,0.0,0.0,6.91444e-21,2.758e-22,0.0,0.0,0.0,0.0,0.0,0.0,0.0,0.0,0.0,0.0,0.0,0.0,0.0,0.0,0.0,0.0,0.0,0.0,0.0,0.0,0.0,0.0,0.0,0.0,0.0,0.0,0.0,0.0,0.0,0.0,0.0,0.0,0.0,0.0,0.0,0.0,0.0,0.0,0.0,0.0,0.0,0.0,0.0,0.0,0.0,0.0,0.0,0.0,1.63491e-20,0.0,0.0,0.0,4.15801e-21,0.0,0.0,0.0,1.06289e-19,0.0,0.0,0.0,0.0,0.0,0.0,0.0,0.0,0.0,0.0,4.17652e-20,0.0,0.0,1.73424e-20,0.0,4.12896e-22,0.0,5.6223e-20,0.0,0.0,0.0,0.0,0.0,0.0,0.0,0.0,0.0,0.0,0.0,0.0,0.0,0.0,0.0,0.0,0.0,0.0,0.0,0.0,0.0,0.0,0.0,0.0,0.0,0.0,0.0,0.0,0.0,0.0,0.0,0.0
0.0,0.0,0.0,0.0,0.0,9.75199e-21,4.51116e-22,0.0,0.0,0.0,0.0,0.0,0.0,0.0,0.0,0.0,0.0,0.0,0.0,0.0,0.0,0.0,0.0,0.0,0.0,0.0,0.0,0.0,0.0,0.0,0.0,0.0,0.0,0.0,0.0,0.0,0.0,0.0,0.0,0.0,0.0,0.0,0.0,0.0,0.0,0.0,0.0,0.0,0.0,0.0,0.0,0.0,0.0,0.0,0.0,1.38279e-20,0.0,0.0,0.0,3.43488e-21,0.0,0.0,0.0,9.09487e-20,0.0,0.0,0.0,0.0,0.0,0.0,0.0,0.0,0.0,0.0,3.57527e-20,0.0,0.0,1.45477e-20,0.0,2.20211e-22,0.0,4.84769e-20,0.0,0.0,0.0,0.0,0.0,0.0,0.0,0.0,0.0,0.0,0.0,0.0,0.0,0.0,0.0,0.0,0.0,0.0,0.0,0.0,0.0,0.0,0.0,0.0,0.0,0.0,0.0,0.0,0.0,0.0,0.0,0.0
0.0,0.0,0.0,0.0,0.0,1.02443e-20,5.83166e-22,0.0,0.0,0.0,0.0,0.0,0.0,0.0,0.0,0.0,0.0,0.0,0.0,0.0,0.0,0.0,0.0,0.0,0.0,0.0,0.0,0.0,0.0,0.0,0.0,0.0,0.0,0.0,0.0,0.0,0.0,0.0,0.0,0.0,0.0,0.0,0.0,0.0,0.0,0.0,0.0,0.0,0.0,0.0,0.0,0.0,0.0,0.0,0.0,1.38207e-20,0.0,0.0,0.0,3.43488e-21,0.0,0.0,0.0,9.09606e-20,0.0,0.0,0.0,0.0,0.0,0.0,0.0,0.0,0.0,0.0,3.57883e-20,0.0,0.0,1.45476e-20,0.0,2.1333e-22,0.0,4.84994e-20,0.0,0.0,0.0,0.0,0.0,0.0,0.0,0.0,0.0,0.0,0.0,0.0,0.0,0.0,0.0,0.0,0.0,0.0,0.0,0.0,0.0,0.0,0.0,0.0,0.0,0.0,0.0,0.0,0.0,0.0,0.0,0.0
0.0,0.0,0.0,0.0,0.0,1.00793e-20,4.42708e-22,0.0,0.0,0.0,0.0,0.0,0.0,0.0,0.0,0.0,0.0,0.0,0.0,0.0,0.0,0.0,0.0,0.0,0.0,0.0,0.0,0.0,0.0,0.0,0.0,0.0,0.0,0.0,0.0,0.0,0.0,0.0,0.0,0.0,0.0,0.0,0.0,0.0,0.0,0.0,0.0,0.0,0.0,0.0,0.0,0.0,0.0,0.0,0.0,1.38278e-20,0.0,0.0,0.0,3.43488e-21,0.0,0.0,0.0,9.09424e-20,0.0,0.0,0.0,0.0,0.0,0.0,0.0,0.0,0.0,0.0,3.57376e-20,0.0,0.0,1.45548e-20,0.0,2.20211e-22,0.0,4.84843e-20,0.0,0.0,0.0,0.0,0.0,0.0,0.0,0.0,0.0,0.0,0.0,0.0,0.0,0.0,0.0,0.0,0.0,0.0,0.0,0.0,0.0,0.0,0.0,0.0,0.0,0.0,0.0,0.0,0.0,0.0,0.0,0.0
0.0,0.0,0.0,0.0,0.0,1.00565e-20,5.84273e-22,0.0,0.0,0.0,0.0,0.0,0.0,0.0,0.0,0.0,0.0,0.0,0.0,0.0,0.0,0.0,0.0,0.0,0.0,0.0,0.0,0.0,0.0,0.0,0.0,0.0,0.0,0.0,0.0,0.0,0.0,0.0,0.0,0.0,0.0,0.0,0.0,0.0,0.0,0.0,0.0,0.0,0.0,0.0,0.0,0.0,0.0,0.0,0.0,1.38278e-20,0.0,0.0,0.0,3.52527e-21,0.0,0.0,0.0,9.09685e-20,0.0,0.0,0.0,0.0,0.0,0.0,0.0,0.0,0.0,0.0,3.57882e-20,0.0,0.0,1.45476e-20,0.0,2.20211e-22,0.0,4.84768e-20,0.0,0.0,0.0,0.0,0.0,0.0,0.0,0.0,0.0,0.0,0.0,0.0,0.0,0.0,0.0,0.0,0.0,0.0,0.0,0.0,0.0,0.0,0.0,0.0,0.0,0.0,0.0,0.0,0.0,0.0,0.0,0.0
0.0,0.0,0.0,0.0,0.0,1.01586e-20,5.7481e-22,0.0,0.0,0.0,0.0,0.0,0.0,0.0,0.0,0.0,0.0,0.0,0.0,0.0,0.0,0.0,0.0,0.0,0.0,0.0,0.0,0.0,0.0,0.0,0.0,0.0,0.0,0.0,0.0,0.0,0.0,0.0,0.0,0.0,0.0,0.0,0.0,0.0,0.0,0.0,0.0,0.0,0.0,0.0,0.0,0.0,0.0,0.0,0.0,1.38278e-20,0.0,0.0,0.0,3.43488e-21,0.0,0.0,0.0,9.09606e-20,0.0,0.0,0.0,0.0,0.0,0.0,0.0,0.0,0.0,0.0,3.57959e-20,0.0,0.0,1.45548e-20,0.0,2.1333e-22,0.0,4.84769e-20,0.0,0.0,0.0,0.0,0.0,0.0,0.0,0.0,0.0,0.0,0.0,0.0,0.0,0.0,0.0,0.0,0.0,0.0,0.0,0.0,0.0,0.0,0.0,0.0,0.0,0.0,0.0,0.0,0.0,0.0,0.0,0.0
0.0,0.0,0.0,0.0,0.0,9.70528e-21,4.42708e-22,0.0,0.0,0.0,0.0,0.0,0.0,0.0,0.0,0.0,0.0,0.0,0.0,0.0,0.0,0.0,0.0,0.0,0.0,0.0,0.0,0.0,0.0,0.0,0.0,0.0,0.0,0.0,0.0,0.0,0.0,0.0,0.0,0.0,0.0,0.0,0.0,0.0,0.0,0.0,0.0,0.0,0.0,0.0,0.0,0.0,0.0,0.0,0.0,1.38207e-20,0.0,0.0,0.0,3.43488e-21,0.0,0.0,0.0,9.09484e-20,0.0,0.0,0.0,0.0,0.0,0.0,0.0,0.0,0.0,0.0,3.57452e-20,0.0,0.0,1.45548e-20,0.0,2.20211e-22,0.0,4.84918e-20,0.0,0.0,0.0,0.0,0.0,0.0,0.0,0.0,0.0,0.0,0.0,0.0,0.0,0.0,0.0,0.0,0.0,0.0,0.0,0.0,0.0,0.0,0.0,0.0,0.0,0.0,0.0,0.0,0.0,0.0,0.0,0.0
0.0,0.0,0.0,0.0,0.0,1.03037e-20,5.83166e-22,0.0,0.0,0.0,0.0,0.0,0.0,0.0,0.0,0.0,0.0,0.0,0.0,0.0,0.0,0.0,0.0,0.0,0.0,0.0,0.0,0.0,0.0,0.0,0.0,0.0,0.0,0.0,0.0,0.0,0.0,0.0,0.0,0.0,0.0,0.0,0.0,0.0,0.0,0.0,0.0,0.0,0.0,0.0,0.0,0.0,0.0,0.0,0.0,1.38278e-20,0.0,0.0,0.0,3.43488e-21,0.0,0.0,0.0,9.09552e-20,0.0,0.0,0.0,0.0,0.0,0.0,0.0,0.0,0.0,0.0,3.57807e-20,0.0,0.0,1.45406e-20,0.0,2.20211e-22,0.0,4.84844e-20,0.0,0.0,0.0,0.0,0.0,0.0,0.0,0.0,0.0,0.0,0.0,0.0,0.0,0.0,0.0,0.0,0.0,0.0,0.0,0.0,0.0,0.0,0.0,0.0,0.0,0.0,0.0,0.0,0.0,0.0,0.0,0.0
0.0,0.0,0.0,0.0,0.0,1.00972e-20,4.3451e-22,0.0,0.0,0.0,0.0,0.0,0.0,0.0,0.0,0.0,0.0,0.0,0.0,0.0,0.0,0.0,0.0,0.0,0.0,0.0,0.0,0.0,0.0,0.0,0.0,0.0,0.0,0.0,0.0,0.0,0.0,0.0,0.0,0.0,0.0,0.0,0.0,0.0,0.0,0.0,0.0,0.0,0.0,0.0,0.0,0.0,0.0,0.0,0.0,1.38278e-20,0.0,0.0,0.0,3.43488e-21,0.0,0.0,0.0,9.0961e-20,0.0,0.0,0.0,0.0,0.0,0.0,0.0,0.0,0.0,0.0,3.57452e-20,0.0,0.0,1.45548e-20,0.0,2.1333e-22,0.0,4.84843e-20,0.0,0.0,0.0,0.0,0.0,0.0,0.0,0.0,0.0,0.0,0.0,0.0,0.0,0.0,0.0,0.0,0.0,0.0,0.0,0.0,0.0,0.0,0.0,0.0,0.0,0.0,0.0,0.0,0.0,0.0,0.0,0.0
0.0,0.0,0.0,0.0,0.0,1.00284e-20,5.92472e-22,0.0,0.0,0.0,0.0,0.0,0.0,0.0,0.0,0.0,0.0,0.0,0.0,0.0,0.0,0.0,0.0,0.0,0.0,0.0,0.0,0.0,0.0,0.0,0.0,0.0,0.0,0.0,0.0,0.0,0.0,0.0,0.0,0.0,0.0,0.0,0.0,0.0,0.0,0.0,0.0,0.0,0.0,0.0,0.0,0.0,0.0,0.0,0.0,1.38278e-20,0.0,0.0,0.0,3.52527e-21,0.0,0.0,0.0,9.09421e-20,0.0,0.0,0.0,0.0,0.0,0.0,0.0,0.0,0.0,0.0,3.57883e-20,0.0,0.0,1.45476e-20,0.0,2.20211e-22,0.0,4.84768e-20,0.0,0.0,0.0,0.0,0.0,0.0,0.0,0.0,0.0,0.0,0.0,0.0,0.0,0.0,0.0,0.0,0.0,0.0,0.0,0.0,0.0,0.0,0.0,0.0,0.0,0.0,0.0,0.0,0.0,0.0,0.0,0.0
0.0,0.0,0.0,0.0,0.0,9.77738e-21,4.42708e-22,0.0,0.0,0.0,0.0,0.0,0.0,0.0,0.0,0.0,0.0,0.0,0.0,0.0,0.0,0.0,0.0,0.0,0.0,0.0,0.0,0.0,0.0,0.0,0.0,0.0,0.0,0.0,0.0,0.0,0.0,0.0,0.0,0.0,0.0,0.0,0.0,0.0,0.0,0.0,0.0,0.0,0.0,0.0,0.0,0.0,0.0,0.0,0.0,1.38207e-20,0.0,0.0,0.0,3.43488e-21,0.0,0.0,0.0,9.09559e-20,0.0,0.0,0.0,0.0,0.0,0.0,0.0,0.0,0.0,0.0,3.57807e-20,0.0,0.0,1.45476e-20,0.0,2.20211e-22,0.0,4.84843e-20,0.0,0.0,0.0,0.0,0.0,0.0,0.0,0.0,0.0,0.0,0.0,0.0,0.0,0.0,0.0,0.0,0.0,0.0,0.0,0.0,0.0,0.0,0.0,0.0,0.0,0.0,0.0,0.0,0.0,0.0,0.0,0.0
0.0,0.0,0.0,0.0,0.0,1.33554e-20,7.25166e-22,0.0,0.0,0.0,0.0,0.0,0.0,0.0,0.0,0.0,0.0,0.0,0.0,0.0,0.0,0.0,0.0,0.0,0.0,0.0,0.0,0.0,0.0,0.0,0.0,0.0,0.0,0.0,0.0,0.0,0.0,0.0,0.0,0.0,0.0,0.0,0.0,0.0,0.0,0.0,0.0,0.0,0.0,0.0,0.0,0.0,0.0,0.0,0.0,1.15273e-20,0.0,0.0,0.0,2.80214e-21,0.0,0.0,0.0,7.70069e-20,0.0,0.0,0.0,0.0,0.0,0.0,0.0,0.0,0.0,0.0,3.03075e-20,0.0,0.0,1.20089e-20,0.0,4.12896e-23,0.0,4.14444e-20,0.0,0.0,0.0,0.0,0.0,0.0,0.0,0.0,0.0,0.0,0.0,0.0,0.0,0.0,0.0,0.0,0.0,0.0,0.0,0.0,0.0,0.0,0.0,0.0,0.0,0.0,0.0,0.0,0.0,0.0,0.0,0.0
0.0,0.0,0.0,0.0,0.0,1.31474e-20,7.25374e-22,0.0,0.0,0.0,0.0,0.0,0.0,0.0,0.0,0.0,0.0,0.0,0.0,0.0,0.0,0.0,0.0,0.0,0.0,0.0,0.0,0.0,0.0,0.0,0.0,0.0,0.0,0.0,0.0,0.0,0.0,0.0,0.0,0.0,0.0,0.0,0.0,0.0,0.0,0.0,0.0,0.0,0.0,0.0,0.0,0.0,0.0,0.0,0.0,1.15273e-20,0.0,0.0,0.0,2.89253e-21,0.0,0.0,0.0,7.69814e-20,0.0,0.0,0.0,0.0,0.0,0.0,0.0,0.0,0.0,0.0,3.0343e-20,0.0,0.0,1.2016e-20,0.0,4.12896e-23,0.0,4.14443e-20,0.0,0.0,0.0,0.0,0.0,0.0,0.0,0.0,0.0,0.0,0.0,0.0,0.0,0.0,0.0,0.0,0.0,0.0,0.0,0.0,0.0,0.0,0.0,0.0,0.0,0.0,0.0,0.0,0.0,0.0,0.0,0.0
0.0,0.0,0.0,0.0,0.0,1.30439e-20,5.85764e-22,0.0,0.0,0.0,0.0,0.0,0.0,0.0,0.0,0.0,0.0,0.0,0.0,0.0,0.0,0.0,0.0,0.0,0.0,0.0,0.0,0.0,0.0,0.0,0.0,0.0,0.0,0.0,0.0,0.0,0.0,0.0,0.0,0.0,0.0,0.0,0.0,0.0,0.0,0.0,0.0,0.0,0.0,0.0,0.0,0.0,0.0,0.0,0.0,1.15273e-20,0.0,0.0,0.0,2.89253e-21,0.0,0.0,0.0,7.6989e-20,0.0,0.0,0.0,0.0,0.0,0.0,0.0,0.0,0.0,0.0,3.02999e-20,0.0,0.0,1.2009e-20,0.0,4.12896e-23,0.0,4.14369e-20,0.0,0.0,0.0,0.0,0.0,0.0,0.0,0.0,0.0,0.0,0.0,0.0,0.0,0.0,0.0,0.0,0.0,0.0,0.0,0.0,0.0,0.0,0.0,0.0,0.0,0.0,0.0,0.0,0.0,0.0,0.0,0.0
0.0,0.0,0.0,0.0,0.0,1.33406e-20,7.41718e-22,0.0,0.0,0.0,0.0,0.0,0.0,0.0,0.0,0.0,0.0,0.0,0.0,0.0,0.0,0.0,0.0,0.0,0.0,0.0,0.0,0.0,0.0,0.0,0.0,0.0,0.0,0.0,0.0,0.0,0.0,0.0,0.0,0.0,0.0,0.0,0.0,0.0,0.0,0.0,0.0,0.0,0.0,0.0,0.0,0.0,0.0,0.0,0.0,1.15273e-20,0.0,0.0,0.0,2.89253e-21,0.0,0.0,0.0,7.69942e-20,0.0,0.0,0.0,0.0,0.0,0.0,0.0,0.0,0.0,0.0,3.03354e-20,0.0,0.0,1.20018e-20,0.0,4.12896e-23,0.0,4.14369e-20,0.0,0.0,0.0,0.0,0.0,0.0,0.0,0.0,0.0,0.0,0.0,0.0,0.0,0.0,0.0,0.0,0.0,0.0,0.0,0.0,0.0,0.0,0.0,0.0,0.0,0.0,0.0,0.0,0.0,0.0,0.0,0.0
0.0,0.0,0.0,0.0,0.0,1.30007e-20,7.08611e-22,0.0,0.0,0.0,0.0,0.0,0.0,0.0,0.0,0.0,0.0,0.0,0.0,0.0,0.0,0.0,0.0,0.0,0.0,0.0,0.0,0.0,0.0,0.0,0.0,0.0,0.0,0.0,0.0,0.0,0.0,0.0,0.0,0.0,0.0,0.0,0.0,0.0,0.0,0.0,0.0,0.0,0.0,0.0,0.0,0.0,0.0,0.0,0.0,1.15273e-20,0.0,0.0,0.0,2.80214e-21,0.0,0.0,0.0,7.70014e-20,0.0,0.0,0.0,0.0,0.0,0.0,0.0,0.0,0.0,0.0,3.03354e-20,0.0,0.0,1.20089e-20,0.0,4.12896e-23,0.0,4.14518e-20,0.0,0.0,0.0,0.0,0.0,0.0,0.0,0.0,0.0,0.0,0.0,0.0,0.0,0.0,0.0,0.0,0.0,0.0,0.0,0.0,0.0,0.0,0.0,0.0,0.0,0.0,0.0,0.0,0.0,0.0,0.0,0.0
0.0,0.0,0.0,0.0,0.0,1.31844e-20,6.02527e-22,0.0,0.0,0.0,0.0,0.0,0.0,0.0,0.0,0.0,0.0,0.0,0.0,0.0,0.0,0.0,0.0,0.0,0.0,0.0,0.0,0.0,0.0,0.0,0.0,0.0,0.0,0.0,0.0,0.0,0.0,0.0,0.0,0.0,0.0,0.0,0.0,0.0,0.0,0.0,0.0,0.0,0.0,0.0,0.0,0.0,0.0,0.0,0.0,1.15345e-20,0.0,0.0,0.0,2.89253e-21,0.0,0.0,0.0,7.6982e-20,0.0,0.0,0.0,0.0,0.0,0.0,0.0,0.0,0.0,0.0,3.02924e-20,0.0,0.0,1.20089e-20,0.0,4.12896e-23,0.0,4.14369e-20,0.0,0.0,0.0,0.0,0.0,0.0,0.0,0.0,0.0,0.0,0.0,0.0,0.0,0.0,0.0,0.0,0.0,0.0,0.0,0.0,0.0,0.0,0.0,0.0,0.0,0.0,0.0,0.0,0.0,0.0,0.0,0.0
0.0,0.0,0.0,0.0,0.0,1.29528e-20,7.25217e-22,0.0,0.0,0.0,0.0,0.0,0.0,0.0,0.0,0.0,0.0,0.0,0.0,0.0,0.0,0.0,0.0,0.0,0.0,0.0,0.0,0.0,0.0,0.0,0.0,0.0,0.0,0.0,0.0,0.0,0.0,0.0,0.0,0.0,0.0,0.0,0.0,0.0,0.0,0.0,0.0,0.0,0.0,0.0,0.0,0.0,0.0,0.0,0.0,1.15273e-20,0.0,0.0,0.0,2.89253e-21,0.0,0.0,0.0,7.69809e-20,0.0,0.0,0.0,0.0,0.0,0.0,0.0,0.0,0.0,0.0,3.0343e-20,0.0,0.0,1.2016e-20,0.0,4.12896e-23,0.0,4.14443e-20,0.0,0.0,0.0,0.0,0.0,0.0,0.0,0.0,0.0,0.0,0.0,0.0,0.0,0.0,0.0,0.0,0.0,0.0,0.0,0.0,0.0,0.0,0.0,0.0,0.0,0.0,0.0,0.0,0.0,0.0,0.0,0.0
0.0,0.0,0.0,0.0,0.0,1.33478e-20,7.33519e-22,0.0,0.0,0.0,0.0,0.0,0.0,0.0,0.0,0.0,0.0,0.0,0.0,0.0,0.0,0.0,0.0,0.0,0.0,0.0,0.0,0.0,0.0,0.0,0.0,0.0,0.0,0.0,0.0,0.0,0.0,0.0,0.0,0.0,0.0,0.0,0.0,0.0,0.0,0.0,0.0,0.0,0.0,0.0,0.0,0.0,0.0,0.0,0.0,1.15202e-20,0.0,0.0,0.0,2.89253e-21,0.0,0.0,0.0,7.70153e-20,0.0,0.0,0.0,0.0,0.0,0.0,0.0,0.0,0.0,0.0,3.03075e-20,0.0,0.0,1.20018e-20,0.0,4.12896e-23,0.0,4.14443e-20,0.0,0.0,0.0,0.0,0.0,0.0,0.0,0.0,0.0,0.0,0.0,0.0,0.0,0.0,0.0,0.0,0.0,0.0,0.0,0.0,0.0,0.0,0.0,0.0,0.0,0.0,0.0,0.0,0.0,0.0,0.0,0.0
0.0,0.0,0.0,0.0,0.0,1.30109e-20,7.17018e-22,0.0,0.0,0.0,0.0,0.0,0.0,0.0,0.0,0.0,0.0,0.0,0.0,0.0,0.0,0.0,0.0,0.0,0.0,0.0,0.0,0.0,0.0,0.0,0.0,0.0,0.0,0.0,0.0,0.0,0.0,0.0,0.0,0.0,0.0,0.0,0.0,0.0,0.0,0.0,0.0,0.0,0.0,0.0,0.0,0.0,0.0,0.0,0.0,1.15345e-20,0.0,0.0,0.0,2.89253e-21,0.0,0.0,0.0,7.70006e-20,0.0,0.0,0.0,0.0,0.0,0.0,0.0,0.0,0.0,0.0,3.03354e-20,0.0,0.0,1.20088e-20,0.0,4.12896e-23,0.0,4.14369e-20,0.0,0.0,0.0,0.0,0.0,0.0,0.0,0.0,0.0,0.0,0.0,0.0,0.0,0.0,0.0,0.0,0.0,0.0,0.0,0.0,0.0,0.0,0.0,0.0,0.0,0.0,0.0,0.0,0.0,0.0,0.0,0.0
0.0,0.0,0.0,0.0,0.0,1.30137e-20,6.02318e-22,0.0,0.0,0.0,0.0,0.0,0.0,0.0,0.0,0.0,0.0,0.0,0.0,0.0,0.0,0.0,0.0,0.0,0.0,0.0,0.0,0.0,0.0,0.0,0.0,0.0,0.0,0.0,0.0,0.0,0.0,0.0,0.0,0.0,0.0,0.0,0.0,0.0,0.0,0.0,0.0,0.0,0.0,0.0,0.0,0.0,0.0,0.0,0.0,1.15273e-20,0.0,0.0,0.0,2.80214e-21,0.0,0.0,0.0,7.69819e-20,0.0,0.0,0.0,0.0,0.0,0.0,0.0,0.0,0.0,0.0,3.03277e-20,0.0,0.0,1.20018e-20,0.0,4.12896e-23,0.0,4.14443e-20,0.0,0.0,0.0,0.0,0.0,0.0,0.0,0.0,0.0,0.0,0.0,0.0,0.0,0.0,0.0,0.0,0.0,0.0,0.0,0.0,0.0,0.0,0.0,0.0,0.0,0.0,0.0,0.0,0.0,0.0,0.0,0.0
0.0,0.0,0.0,0.0,0.0,8.02108e-21,1.73469e-21,0.0,0.0,0.0,0.0,0.0,0.0,0.0,0.0,0.0,0.0,0.0,0.0,0.0,0.0,0.0,0.0,0.0,0.0,0.0,0.0,0.0,0.0,0.0,0.0,0.0,0.0,0.0,0.0,0.0,0.0,0.0,0.0,0.0,0.0,0.0,0.0,0.0,0.0,0.0,0.0,0.0,0.0,0.0,0.0,0.0,0.0,0.0,0.0,3.82797e-21,0.0,0.0,0.0,9.94308e-22,0.0,0.0,0.0,2.9629e-20,0.0,0.0,0.0,0.0,0.0,0.0,0.0,0.0,0.0,0.0,1.1813e-20,0.0,0.0,4.11896e-21,0.0,0.0,0.0,1.73258e-20,0.0,0.0,0.0,0.0,0.0,0.0,3.92144e-21,0.0,1.02618e-20,0.0,0.0,0.0,0.0,0.0,0.0,0.0,0.0,0.0,0.0,0.0,0.0,0.0,0.0,0.0,0.0,0.0,0.0,0.0,0.0,0.0,0.0,0.0
0.0,0.0,0.0,0.0,0.0,7.53258e-21,1.75215e-21,0.0,0.0,0.0,0.0,0.0,0.0,0.0,0.0,0.0,0.0,0.0,0.0,0.0,0.0,0.0,0.0,0.0,0.0,0.0,0.0,0.0,0.0,0.0,0.0,0.0,0.0,0.0,0.0,0.0,0.0,0.0,0.0,0.0,0.0,0.0,0.0,0.0,0.0,0.0,0.0,0.0,0.0,0.0,0.0,0.0,0.0,0.0,0.0,3.83511e-21,0.0,0.0,0.0,9.03916e-22,0.0,0.0,0.0,2.96281e-20,0.0,0.0,0.0,0.0,0.0,0.0,0.0,0.0,0.0,0.0,1.18129e-20,0.0,0.0,4.11189e-21,0.0,0.0,0.0,1.73184e-20,0.0,0.0,0.0,0.0,0.0,0.0,3.87182e-21,0.0,1.04589e-20,0.0,0.0,0.0,0.0,0.0,0.0,0.0,0.0,0.0,0.0,0.0,0.0,0.0,0.0,0.0,0.0,0.0,0.0,0.0,0.0,0.0,0.0,0.0
0.0,0.0,0.0,0.0,0.0,7.74141e-21,1.7522e-21,0.0,0.0,0.0,0.0,0.0,0.0,0.0,0.0,0.0,0.0,0.0,0.0,0.0,0.0,0.0,0.0,0.0,0.0,0.0,0.0,0.0,0.0,0.0,0.0,0.0,0.0,0.0,0.0,0.0,0.0,0.0,0.0,0.0,0.0,0.0,0.0,0.0,0.0,0.0,0.0,0.0,0.0,0.0,0.0,0.0,0.0,0.0,0.0,3.84218e-21,0.0,0.0,0.0,9.03916e-22,0.0,0.0,0.0,2.96287e-20,0.0,0.0,0.0,0.0,0.0,0.0,0.0,0.0,0.0,0.0,1.18409e-20,0.0,0.0,4.11189e-21,0.0,0.0,0.0,1.73108e-20,0.0,0.0,0.0,0.0,0.0,0.0,3.90831e-21,0.0,1.01907e-20,0.0,0.0,0.0,0.0,0.0,0.0,0.0,0.0,0.0,0.0,0.0,0.0,0.0,0.0,0.0,0.0,0.0,0.0,0.0,0.0,0.0,0.0,0.0
0.0,0.0,0.0,0.0,0.0,7.79646e-21,1.60344e-21,0.0,0.0,0.0,0.0,0.0,0.0,0.0,0.0,0.0,0.0,0.0,0.0,0.0,0.0,0.0,0.0,0.0,0.0,0.0,0.0,0.0,0.0,0.0,0.0,0.0,0.0,0.0,0.0,0.0,0.0,0.0,0.0,0.0,0.0,0.0,0.0,0.0,0.0,0.0,0.0,0.0,0.0,0.0,0.0,0.0,0.0,0.0,0.0,3.82797e-21,0.0,0.0,0.0,9.03916e-22,0.0,0.0,0.0,2.96346e-20,0.0,0.0,0.0,0.0,0.0,0.0,0.0,0.0,0.0,0.0,1.18129e-20,0.0,0.0,4.11896e-21,0.0,0.0,0.0,1.73183e-20,0.0,0.0,0.0,0.0,0.0,0.0,3.86492e-21,0.0,1.04244e-20,0.0,0.0,0.0,0.0,0.0,0.0,0.0,0.0,0.0,0.0,0.0,0.0,0.0,0.0,0.0,0.0,0.0,0.0,0.0,0.0,0.0,0.0,0.0
0.0,0.0,0.0,0.0,0.0,7.75857e-21,1.75125e-21,0.0,0.0,0.0,0.0,0.0,0.0,0.0,0.0,0.0,0.0,0.0,0.0,0.0,0.0,0.0,0.0,0.0,0.0,0.0,0.0,0.0,0.0,0.0,0.0,0.0,0.0,0.0,0.0,0.0,0.0,0.0,0.0,0.0,0.0,0.0,0.0,0.0,0.0,0.0,0.0,0.0,0.0,0.0,0.0,0.0,0.0,0.0,0.0,3.84218e-21,0.0,0.0,0.0,9.94308e-22,0.0,0.0,0.0,2.96359e-20,0.0,0.0,0.0,0.0,0.0,0.0,0.0,0.0,0.0,0.0,1.1813e-20,0.0,0.0,4.11189e-21,0.0,0.0,0.0,1.73183e-20,0.0,0.0,0.0,0.0,0.0,0.0,3.90646e-21,0.0,1.01772e-20,0.0,0.0,0.0,0.0,0.0,0.0,0.0,0.0,0.0,0.0,0.0,0.0,0.0,0.0,0.0,0.0,0.0,0.0,0.0,0.0,0.0,0.0,0.0
0.0,0.0,0.0,0.0,0.0,7.46829e-21,1.7522e-21,0.0,0.0,0.0,0.0,0.0,0.0,0.0,0.0,0.0,0.0,0.0,0.0,0.0,0.0,0.0,0.0,0.0,0.0,0.0,0.0,0.0,0.0,0.0,0.0,0.0,0.0,0.0,0.0,0.0,0.0,0.0,0.0,0.0,0.0,0.0,0.0,0.0,0.0,0.0,0.0,0.0,0.0,0.0,0.0,0.0,0.0,0.0,0.0,3.84224e-21,0.0,0.0,0.0,9.03916e-22,0.0,0.0,0.0,2.96351e-20,0.0,0.0,0.0,0.0,0.0,0.0,0.0,0.0,0.0,0.0,1.18408e-20,0.0,0.0,4.11189e-21,0.0,0.0,0.0,1.73108e-20,0.0,0.0,0.0,0.0,0.0,0.0,3.88364e-21,0.0,1.03407e-20,0.0,0.0,0.0,0.0,0.0,0.0,0.0,0.0,0.0,0.0,0.0,0.0,0.0,0.0,0.0,0.0,0.0,0.0,0.0,0.0,0.0,0.0,0.0
0.0,0.0,0.0,0.0,0.0,8.04666e-21,1.76029e-21,0.0,0.0,0.0,0.0,0.0,0.0,0.0,0.0,0.0,0.0,0.0,0.0,0.0,0.0,0.0,0.0,0.0,0.0,0.0,0.0,0.0,0.0,0.0,0.0,0.0,0.0,0.0,0.0,0.0,0.0,0.0,0.0,0.0,0.0,0.0,0.0,0.0,0.0,0.0,0.0,0.0,0.0,0.0,0.0,0.0,0.0,0.0,0.0,3.82797e-21,0.0,0.0,0.0,9.03916e-22,0.0,0.0,0.0,2.96408e-20,0.0,0.0,0.0,0.0,0.0,0.0,0.0,0.0,0.0,0.0,1.1813e-20,0.0,0.0,4.11896e-21,0.0,0.0,0.0,1.73258e-20,0.0,0.0,0.0,0.0,0.0,0.0,3.90389e-21,0.0,1.04816e-20,0.0,0.0,0.0,0.0,0.0,0.0,0.0,0.0,0.0,0.0,0.0,0.0,0.0,0.0,0.0,0.0,0.0,0.0,0.0,0.0,0.0,0.0,0.0
0.0,0.0,0.0,0.0,0.0,7.53259e-21,1.744e-21,0.0,0.0,0.0,0.0,0.0,0.0,0.0,0.0,0.0,0.0,0.0,0.0,0.0,0.0,0.0,0.0,0.0,0.0,0.0,0.0,0.0,0.0,0.0,0.0,0.0,0.0,0.0,0.0,0.0,0.0,0.0,0.0,0.0,0.0,0.0,0.0,0.0,0.0,0.0,0.0,0.0,0.0,0.0,0.0,0.0,0.0,0.0,0.0,3.84218e-21,0.0,0.0,0.0,9.03916e-22,0.0,0.0,0.0,2.96417e-20,0.0,0.0,0.0,0.0,0.0,0.0,0.0,0.0,0.0,0.0,1.18408e-20,0.0,0.0,4.11189e-21,0.0,0.0,0.0,1.73108e-20,0.0,0.0,0.0,0.0,0.0,0.0,3.89797e-21,0.0,1.01854e-20,0.0,0.0,0.0,0.0,0.0,0.0,0.0,0.0,0.0,0.0,0.0,0.0,0.0,0.0,0.0,0.0,0.0,0.0,0.0,0.0,0.0,0.0,0.0
0.0,0.0,0.0,0.0,0.0,8.06811e-21,1.61053e-21,0.0,0.0,0.0,0.0,0.0,0.0,0.0,0.0,0.0,0.0,0.0,0.0,0.0,0.0,0.0,0.0,0.0,0.0,0.0,0.0,0.0,0.0,0.0,0.0,0.0,0.0,0.0,0.0,0.0,0.0,0.0,0.0,0.0,0.0,0.0,0.0,0.0,0.0,0.0,0.0,0.0,0.0,0.0,0.0,0.0,0.0,0.0,0.0,3.83511e-21,0.0,0.0,0.0,9.94308e-22,0.0,0.0,0.0,2.96021e-20,0.0,0.0,0.0,0.0,0.0,0.0,0.0,0.0,0.0,0.0,1.1813e-20,0.0,0.0,4.11896e-21,0.0,0.0,0.0,1.73184e-20,0.0,0.0,0.0,0.0,0.0,0.0,3.86246e-21,0.0,1.03381e-20,0.0,0.0,0.0,0.0,0.0,0.0,0.0,0.0,0.0,0.0,0.0,0.0,0.0,0.0,0.0,0.0,0.0,0.0,0.0,0.0,0.0,0.0,0.0
0.0,0.0,0.0,0.0,0.0,7.49624e-21,1.75236e-21,0.0,0.0,0.0,0.0,0.0,0.0,0.0,0.0,0.0,0.0,0.0,0.0,0.0,0.0,0.0,0.0,0.0,0.0,0.0,0.0,0.0,0.0,0.0,0.0,0.0,0.0,0.0,0.0,0.0,0.0,0.0,0.0,0.0,0.0,0.0,0.0,0.0,0.0,0.0,0.0,0.0,0.0,0.0,0.0,0.0,0.0,0.0,0.0,3.83504e-21,0.0,0.0,0.0,9.03916e-22,0.0,0.0,0.0,2.96418e-20,0.0,0.0,0.0,0.0,0.0,0.0,0.0,0.0,0.0,0.0,1.18053e-20,0.0,0.0,4.10475e-21,0.0,0.0,0.0,1.73259e-20,0.0,0.0,0.0,0.0,0.0,0.0,3.92045e-21,0.0,1.02988e-20,0.0,0.0,0.0,0.0,0.0,0.0,0.0,0.0,0.0,0.0,0.0,0.0,0.0,0.0,0.0,0.0,0.0,0.0,0.0,0.0,0.0,0.0,0.0
0.0,0.0,0.0,1.93761e-19,0.0,5.93851e-21,1.05179e-21,0.0,1.79188e-20,0.0,0.0,0.0,0.0,0.0,0.0,0.0,0.0,0.0,0.0,0.0,0.0,0.0,0.0,0.0,0.0,0.0,0.0,0.0,0.0,0.0,0.0,0.0,0.0,0.0,0.0,0.0,0.0,0.0,0.0,0.0,0.0,0.0,0.0,0.0,0.0,0.0,0.0,0.0,0.0,0.0,0.0,0.0,0.0,0.0,0.0,0.0,0.0,0.0,0.0,0.0,0.0,0.0,0.0,0.0,0.0,0.0,0.0,0.0,0.0,0.0,0.0,0.0,0.0,0.0,8.93609e-22,0.0,0.0,0.0,0.0,0.0,0.0,5.58383e-21,0.0,0.0,0.0,0.0,0.0,0.0,2.79737e-20,0.0,5.46511e-20,0.0,0.0,0.0,0.0,0.0,0.0,0.0,0.0,0.0,0.0,0.0,0.0,0.0,0.0,0.0,0.0,0.0,0.0,0.0,0.0,0.0,0.0,0.0
0.0,0.0,0.0,1.93804e-19,0.0,5.94433e-21,1.03423e-21,0.0,1.79491e-20,0.0,0.0,0.0,0.0,0.0,0.0,0.0,0.0,0.0,0.0,0.0,0.0,0.0,0.0,0.0,0.0,0.0,0.0,0.0,0.0,0.0,0.0,0.0,0.0,0.0,0.0,0.0,0.0,0.0,0.0,0.0,0.0,0.0,0.0,0.0,0.0,0.0,0.0,0.0,0.0,0.0,0.0,0.0,0.0,0.0,0.0,0.0,0.0,0.0,0.0,0.0,0.0,0.0,0.0,0.0,0.0,0.0,0.0,0.0,0.0,0.0,0.0,0.0,0.0,0.0,8.86036e-22,0.0,0.0,0.0,0.0,0.0,0.0,5.59141e-21,0.0,0.0,0.0,0.0,0.0,0.0,2.8076e-20,0.0,5.46853e-20,0.0,0.0,0.0,0.0,0.0,0.0,0.0,0.0,0.0,0.0,0.0,0.0,0.0,0.0,0.0,0.0,0.0,0.0,0.0,0.0,0.0,0.0,0.0
0.0,0.0,0.0,1.9372e-19,0.0,5.90999e-21,1.06829e-21,0.0,1.79112e-20,0.0,0.0,0.0,0.0,0.0,0.0,0.0,0.0,0.0,0.0,0.0,0.0,0.0,0.0,0.0,0.0,0.0,0.0,0.0,0.0,0.0,0.0,0.0,0.0,0.0,0.0,0.0,0.0,0.0,0.0,0.0,0.0,0.0,0.0,0.0,0.0,0.0,0.0,0.0,0.0,0.0,0.0,0.0,0.0,0.0,0.0,0.0,0.0,0.0,0.0,0.0,0.0,0.0,0.0,0.0,0.0,0.0,0.0,0.0,0.0,0.0,0.0,0.0,0.0,0.0,8.93609e-22,0.0,0.0,0.0,0.0,0.0,0.0,5.58383e-21,0.0,0.0,0.0,0.0,0.0,0.0,2.80073e-20,0.0,5.49014e-20,0.0,0.0,0.0,0.0,0.0,0.0,0.0,0.0,0.0,0.0,0.0,0.0,0.0,0.0,0.0,0.0,0.0,0.0,0.0,0.0,0.0,0.0,0.0
0.0,0.0,0.0,1.93805e-19,0.0,5.95733e-21,1.17479e-21,0.0,1.79112e-20,0.0,0.0,0.0,0.0,0.0,0.0,0.0,0.0,0.0,0.0,0.0,0.0,0.0,0.0,0.0,0.0,0.0,0.0,0.0,0.0,0.0,0.0,0.0,0.0,0.0,0.0,0.0,0.0,0.0,0.0,0.0,0.0,0.0,0.0,0.0,0.0,0.0,0.0,0.0,0.0,0.0,0.0,0.0,0.0,0.0,0.0,0.0,0.0,0.0,0.0,0.0,0.0,0.0,0.0,0.0,0.0,0.0,0.0,0.0,0.0,0.0,0.0,0.0,0.0,0.0,8.86036e-22,0.0,0.0,0.0,0.0,0.0,0.0,5.59141e-21,0.0,0.0,0.0,0.0,0.0,0.0,2.79825e-20,0.0,5.4817e-20,0.0,0.0,0.0,0.0,0.0,0.0,0.0,0.0,0.0,0.0,0.0,0.0,0.0,0.0,0.0,0.0,0.0,0.0,0.0,0.0,0.0,0.0,0.0
0.0,0.0,0.0,1.93762e-19,0.0,5.89668e-21,1.04375e-21,0.0,1.79339e-20,0.0,0.0,0.0,0.0,0.0,0.0,0.0,0.0,0.0,0.0,0.0,0.0,0.0,0.0,0.0,0.0,0.0,0.0,0.0,0.0,0.0,0.0,0.0,0.0,0.0,0.0,0.0,0.0,0.0,0.0,0.0,0.0,0.0,0.0,0.0,0.0,0.0,0.0,0.0,0.0,0.0,0.0,0.0,0.0,0.0,0.0,0.0,0.0,0.0,0.0,0.0,0.0,0.0,0.0,0.0,0.0,0.0,0.0,0.0,0.0,0.0,0.0,0.0,0.0,0.0,8.93609e-22,0.0,0.0,0.0,0.0,0.0,0.0,5.60638e-21,0.0,0.0,0.0,0.0,0.0,0.0,2.80288e-20,0.0,5.48753e-20,0.0,0.0,0.0,0.0,0.0,0.0,0.0,0.0,0.0,0.0,0.0,0.0,0.0,0.0,0.0,0.0,0.0,0.0,0.0,0.0,0.0,0.0,0.0
0.0,0.0,0.0,1.93728e-19,0.0,5.77198e-21,1.05173e-21,0.0,1.79263e-20,0.0,0.0,0.0,0.0,0.0,0.0,0.0,0.0,0.0,0.0,0.0,0.0,0.0,0.0,0.0,0.0,0.0,0.0,0.0,0.0,0.0,0.0,0.0,0.0,0.0,0.0,0.0,0.0,0.0,0.0,0.0,0.0,0.0,0.0,0.0,0.0,0.0,0.0,0.0,0.0,0.0,0.0,0.0,0.0,0.0,0.0,0.0,0.0,0.0,0.0,0.0,0.0,0.0,0.0,0.0,0.0,0.0,0.0,0.0,0.0,0.0,0.0,0.0,0.0,0.0,8.86036e-22,0.0,0.0,0.0,0.0,0.0,0.0,5.58383e-21,0.0,0.0,0.0,0.0,0.0,0.0,2.80575e-20,0.0,5.45191e-20,0.0,0.0,0.0,0.0,0.0,0.0,0.0,0.0,0.0,0.0,0.0,0.0,0.0,0.0,0.0,0.0,0.0,0.0,0.0,0.0,0.0,0.0,0.0
0.0,0.0,0.0,1.93804e-19,0.0,5.85975e-21,1.05078e-21,0.0,1.79334e-20,0.0,0.0,0.0,0.0,0.0,0.0,0.0,0.0,0.0,0.0,0.0,0.0,0.0,0.0,0.0,0.0,0.0,0.0,0.0,0.0,0.0,0.0,0.0,0.0,0.0,0.0,0.0,0.0,0.0,0.0,0.0,0.0,0.0,0.0,0.0,0.0,0.0,0.0,0.0,0.0,0.0,0.0,0.0,0.0,0.0,0.0,0.0,0.0,0.0,0.0,0.0,0.0,0.0,0.0,0.0,0.0,0.0,0.0,0.0,0.0,0.0,0.0,0.0,0.0,0.0,8.93609e-22,0.0,0.0,0.0,0.0,0.0,0.0,5.59141e-21,0.0,0.0,0.0,0.0,0.0,0.0,2.8016e-20,0.0,5.49165e-20,0.0,0.0,0.0,0.0,0.0,0.0,0.0,0.0,0.0,0.0,0.0,0.0,0.0,0.0,0.0,0.0,0.0,0.0,0.0,0.0,0.0,0.0,0.0
0.0,0.0,0.0,1.9376e-19,0.0,5.93195e-21,1.06014e-21,0.0,1.79114e-20,0.0,0.0,0.0,0.0,0.0,0.0,0.0,0.0,0.0,0.0,0.0,0.0,0.0,0.0,0.0,0.0,0.0,0.0,0.0,0.0,0.0,0.0,0.0,0.0,0.0,0.0,0.0,0.0,0.0,0.0,0.0,0.0,0.0,0.0,0.0,0.0,0.0,0.0,0.0,0.0,0.0,0.0,0.0,0.0,0.0,0.0,0.0,0.0,0.0,0.0,0.0,0.0,0.0,0.0,0.0,0.0,0.0,0.0,0.0,0.0,0.0,0.0,0.0,0.0,0.0,8.86036e-22,0.0,0.0,0.0,0.0,0.0,0.0,5.58383e-21,0.0,0.0,0.0,0.0,0.0,0.0,2.79811e-20,0.0,5.48699e-20,0.0,0.0,0.0,0.0,0.0,0.0,0.0,0.0,0.0,0.0,0.0,0.0,0.0,0.0,0.0,0.0,0.0,0.0,0.0,0.0,0.0,0.0,0.0
0.0,0.0,0.0,1.93707e-19,0.0,5.9147e-21,1.04359e-21,0.0,1.79263e-20,0.0,0.0,0.0,0.0,0.0,0.0,0.0,0.0,0.0,0.0,0.0,0.0,0.0,0.0,0.0,0.0,0.0,0.0,0.0,0.0,0.0,0.0,0.0,0.0,0.0,0.0,0.0,0.0,0.0,0.0,0.0,0.0,0.0,0.0,0.0,0.0,0.0,0.0,0.0,0.0,0.0,0.0,0.0,0.0,0.0,0.0,0.0,0.0,0.0,0.0,0.0,0.0,0.0,0.0,0.0,0.0,0.0,0.0,0.0,0.0,0.0,0.0,0.0,0.0,0.0,8.93609e-22,0.0,0.0,0.0,0.0,0.0,0.0,5.59141e-21,0.0,0.0,0.0,0.0,0.0,0.0,2.80162e-20,0.0,5.48778e-20,0.0,0.0,0.0,0.0,0.0,0.0,0.0,0.0,0.0,0.0,0.0,0.0,0.0,0.0,0.0,0.0,0.0,0.0,0.0,0.0,0.0,0.0,0.0
0.0,0.0,0.0,1.93817e-19,0.0,5.92824e-21,1.04243e-21,0.0,1.79341e-20,0.0,0.0,0.0,0.0,0.0,0.0,0.0,0.0,0.0,0.0,0.0,0.0,0.0,0.0,0.0,0.0,0.0,0.0,0.0,0.0,0.0,0.0,0.0,0.0,0.0,0.0,0.0,0.0,0.0,0.0,0.0,0.0,0.0,0.0,0.0,0.0,0.0,0.0,0.0,0.0,0.0,0.0,0.0,0.0,0.0,0.0,0.0,0.0,0.0,0.0,0.0,0.0,0.0,0.0,0.0,0.0,0.0,0.0,0.0,0.0,0.0,0.0,0.0,0.0,0.0,8.86036e-22,0.0,0.0,0.0,0.0,0.0,0.0,5.59141e-21,0.0,0.0,0.0,0.0,0.0,0.0,2.80405e-20,0.0,5.44514e-20,0.0,0.0,0.0,0.0,0.0,0.0,0.0,0.0,0.0,0.0,0.0,0.0,0.0,0.0,0.0,0.0,0.0,0.0,0.0,0.0,0.0,0.0,0.0
1.2455e-21,2.47088e-22,0.0,4.52513e-19,0.0,0.0,0.0,0.0,3.95854e-20,0.0,0.0,0.0,0.0,0.0,0.0,0.0,0.0,0.0,0.0,0.0,0.0,0.0,0.0,0.0,8.78041e-22,1.2535e-20,0.0,0.0,0.0,0.0,0.0,0.0,0.0,0.0,0.0,0.0,0.0,0.0,0.0,0.0,0.0,0.0,0.0,0.0,0.0,0.0,0.0,0.0,1.77211e-20,0.0,0.0,0.0,0.0,0.0,0.0,0.0,0.0,0.0,0.0,0.0,0.0,0.0,0.0,1.81228e-20,0.0,0.0,0.0,0.0,0.0,0.0,0.0,0.0,0.0,0.0,0.0,0.0,1.1199e-20,2.50389e-20,0.0,0.0,0.0,3.19686e-20,0.0,0.0,0.0,0.0,0.0,0.0,5.55818e-20,0.0,9.99246e-20,6.30421e-22,5.91414e-21,1.77242e-22,3.67082e-20,0.0,0.0,1.06535e-20,3.05932e-21,2.26022e-21,5.95941e-21,0.0,0.0,0.0,6.87854e-22,1.53343e-21,0.0,2.41137e-22,0.0,3.68971e-20,0.0,1.88048e-22,6.75453e-21,0.0
1.56711e-21,2.36856e-22,0.0,4.52431e-19,0.0,0.0,0.0,0.0,3.95781e-20,0.0,0.0,0.0,0.0,0.0,0.0,0.0,0.0,0.0,0.0,0.0,0.0,0.0,0.0,0.0,8.86404e-22,1.23658e-20,0.0,0.0,0.0,0.0,0.0,0.0,0.0,0.0,0.0,0.0,0.0,0.0,0.0,0.0,0.0,0.0,0.0,0.0,0.0,0.0,0.0,0.0,1.77145e-20,0.0,0.0,0.0,0.0,0.0,0.0,0.0,0.0,0.0,0.0,0.0,0.0,0.0,0.0,1.81228e-20,0.0,0.0,0.0,0.0,0.0,0.0,0.0,0.0,0.0,0.0,0.0,0.0,1.1199e-20,2.5046e-20,0.0,0.0,0.0,3.19685e-20,0.0,0.0,0.0,0.0,0.0,0.0,5.55997e-20,0.0,9.97224e-20,6.30421e-22,6.0729e-21,1.77242e-22,3.67544e-20,0.0,0.0,1.06044e-20,3.02016e-21,2.26007e-21,5.96964e-21,0.0,0.0,0.0,4.66416e-22,1.5237e-21,0.0,2.3108e-22,0.0,3.68991e-20,0.0,1.70149e-22,6.71722e-21,0.0
1.23672e-21,2.47088e-22,0.0,4.5254e-19,0.0,0.0,0.0,0.0,3.9586e-20,0.0,0.0,0.0,0.0,0.0,0.0,0.0,0.0,0.0,0.0,0.0,0.0,0.0,0.0,0.0,8.78041e-22,1.23707e-20,0.0,0.0,0.0,0.0,0.0,0.0,0.0,0.0,0.0,0.0,0.0,0.0,0.0,0.0,0.0,0.0,0.0,0.0,0.0,0.0,0.0,0.0,1.77144e-20,0.0,0.0,0.0,0.0,0.0,0.0,0.0,0.0,0.0,0.0,0.0,0.0,0.0,0.0,1.81162e-20,0.0,0.0,0.0,0.0,0.0,0.0,0.0,0.0,0.0,0.0,0.0,0.0,1.11798e-20,2.5039e-20,0.0,0.0,0.0,3.19762e-20,0.0,0.0,0.0,0.0,0.0,0.0,5.55474e-20,0.0,9.93554e-20,6.20253e-22,6.05409e-21,1.77242e-22,3.66648e-20,0.0,0.0,1.06241e-20,3.05931e-21,2.27409e-21,5.96956e-21,0.0,0.0,0.0,7.51188e-22,1.51351e-21,0.0,2.3108e-22,0.0,3.69876e-20,0.0,1.97019e-22,6.71355e-21,0.0
1.22806e-21,1.70402e-22,0.0,4.52439e-19,0.0,0.0,0.0,0.0,3.95855e-20,0.0,0.0,0.0,0.0,0.0,0.0,0.0,0.0,0.0,0.0,0.0,0.0,0.0,0.0,0.0,8.78041e-22,1.23658e-20,0.0,0.0,0.0,0.0,0.0,0.0,0.0,0.0,0.0,0.0,0.0,0.0,0.0,0.0,0.0,0.0,0.0,0.0,0.0,0.0,0.0,0.0,1.77279e-20,0.0,0.0,0.0,0.0,0.0,0.0,0.0,0.0,0.0,0.0,0.0,0.0,0.0,0.0,1.81228e-20,0.0,0.0,0.0,0.0,0.0,0.0,0.0,0.0,0.0,0.0,0.0,0.0,1.1199e-20,2.5032e-20,0.0,0.0,0.0,3.19534e-20,0.0,0.0,0.0,0.0,0.0,0.0,5.55558e-20,0.0,9.93688e-20,6.30421e-22,5.96724e-21,1.85653e-22,3.67525e-20,0.0,0.0,1.06338e-20,3.04941e-21,2.30044e-21,5.97978e-21,0.0,0.0,0.0,6.87854e-22,1.58257e-21,0.0,2.41137e-22,0.0,3.68651e-20,0.0,1.7912e-22,6.73575e-21,0.0
1.57648e-21,2.42126e-22,0.0,4.52509e-19,0.0,0.0,0.0,0.0,3.96011e-20,0.0,0.0,0.0,0.0,0.0,0.0,0.0,0.0,0.0,0.0,0.0,0.0,0.0,0.0,0.0,8.86404e-22,1.23768e-20,0.0,0.0,0.0,0.0,0.0,0.0,0.0,0.0,0.0,0.0,0.0,0.0,0.0,0.0,0.0,0.0,0.0,0.0,0.0,0.0,0.0,0.0,1.77077e-20,0.0,0.0,0.0,0.0,0.0,0.0,0.0,0.0,0.0,0.0,0.0,0.0,0.0,0.0,1.81228e-20,0.0,0.0,0.0,0.0,0.0,0.0,0.0,0.0,0.0,0.0,0.0,0.0,1.11872e-20,2.5046e-20,0.0,0.0,0.0,3.19761e-20,0.0,0.0,0.0,0.0,0.0,0.0,5.5579e-20,0.0,9.99234e-20,6.30421e-22,6.06411e-21,1.77242e-22,3.673e-20,0.0,0.0,1.06143e-20,3.04939e-21,2.26007e-21,5.94925e-21,0.0,0.0,0.0,7.36399e-22,1.53343e-21,0.0,2.4112e-22,0.0,3.69358e-20,0.0,1.88048e-22,6.74124e-21,0.0
1.2452e-21,2.47088e-22,0.0,4.52457e-19,0.0,0.0,0.0,0.0,3.95782e-20,0.0,0.0,0.0,0.0,0.0,0.0,0.0,0.0,0.0,0.0,0.0,0.0,0.0,0.0,0.0,8.78041e-22,1.24022e-20,0.0,0.0,0.0,0.0,0.0,0.0,0.0,0.0,0.0,0.0,0.0,0.0,0.0,0.0,0.0,0.0,0.0,0.0,0.0,0.0,0.0,0.0,1.77279e-20,0.0,0.0,0.0,0.0,0.0,0.0,0.0,0.0,0.0,0.0,0.0,0.0,0.0,0.0,1.81095e-20,0.0,0.0,0.0,0.0,0.0,0.0,0.0,0.0,0.0,0.0,0.0,0.0,1.1199e-20,2.50389e-20,0.0,0.0,0.0,3.19837e-20,0.0,0.0,0.0,0.0,0.0,0.0,5.56357e-20,0.0,9.96828e-20,6.30421e-22,5.96773e-21,1.6878e-22,3.67234e-20,0.0,0.0,1.06728e-20,3.35802e-21,2.29817e-21,5.96959e-21,0.0,0.0,0.0,6.87854e-22,1.53613e-21,0.0,2.41137e-22,0.0,3.68677e-20,0.0,1.7912e-22,6.71336e-21,0.0
1.23674e-21,2.36856e-22,0.0,4.52508e-19,0.0,0.0,0.0,0.0,3.95784e-20,0.0,0.0,0.0,0.0,0.0,0.0,0.0,0.0,0.0,0.0,0.0,0.0,0.0,0.0,0.0,8.78041e-22,1.2545e-20,0.0,0.0,0.0,0.0,0.0,0.0,0.0,0.0,0.0,0.0,0.0,0.0,0.0,0.0,0.0,0.0,0.0,0.0,0.0,0.0,0.0,0.0,1.77077e-20,0.0,0.0,0.0,0.0,0.0,0.0,0.0,0.0,0.0,0.0,0.0,0.0,0.0,0.0,1.81228e-20,0.0,0.0,0.0,0.0,0.0,0.0,0.0,0.0,0.0,0.0,0.0,0.0,1.11915e-20,2.5046e-20,0.0,0.0,0.0,3.19685e-20,0.0,0.0,0.0,0.0,0.0,0.0,5.55464e-20,0.0,9.93359e-20,6.20253e-22,5.99792e-21,1.77242e-22,3.66471e-20,0.0,0.0,1.05948e-20,3.04941e-21,2.23599e-21,5.97975e-21,0.0,0.0,0.0,7.51188e-22,1.51351e-21,0.0,2.3108e-22,0.0,3.68869e-20,0.0,1.97019e-22,6.76358e-21,0.0
1.58491e-21,1.70402e-22,0.0,4.52463e-19,0.0,0.0,0.0,0.0,3.95855e-20,0.0,0.0,0.0,0.0,0.0,0.0,0.0,0.0,0.0,0.0,0.0,0.0,0.0,0.0,0.0,8.86404e-22,1.23881e-20,0.0,0.0,0.0,0.0,0.0,0.0,0.0,0.0,0.0,0.0,0.0,0.0,0.0,0.0,0.0,0.0,0.0,0.0,0.0,0.0,0.0,0.0,1.77211e-20,0.0,0.0,0.0,0.0,0.0,0.0,0.0,0.0,0.0,0.0,0.0,0.0,0.0,0.0,1.81228e-20,0.0,0.0,0.0,0.0,0.0,0.0,0.0,0.0,0.0,0.0,0.0,0.0,1.11872e-20,2.5039e-20,0.0,0.0,0.0,3.19611e-20,0.0,0.0,0.0,0.0,0.0,0.0,5.55834e-20,0.0,9.94975e-20,6.30421e-22,6.07217e-21,1.77242e-22,3.67387e-20,0.0,0.0,1.06437e-20,3.03994e-21,2.27031e-21,5.94929e-21,0.0,0.0,0.0,7.36399e-22,1.60249e-21,0.0,2.3108e-22,0.0,3.6906e-20,0.0,1.70149e-22,6.68948e-21,0.0
1.20789e-21,2.47088e-22,0.0,4.52496e-19,0.0,0.0,0.0,0.0,3.9578e-20,0.0,0.0,0.0,0.0,0.0,0.0,0.0,0.0,0.0,0.0,0.0,0.0,0.0,0.0,0.0,8.78041e-22,1.23429e-20,0.0,0.0,0.0,0.0,0.0,0.0,0.0,0.0,0.0,0.0,0.0,0.0,0.0,0.0,0.0,0.0,0.0,0.0,0.0,0.0,0.0,0.0,1.77145e-20,0.0,0.0,0.0,0.0,0.0,0.0,0.0,0.0,0.0,0.0,0.0,0.0,0.0,0.0,1.81162e-20,0.0,0.0,0.0,0.0,0.0,0.0,0.0,0.0,0.0,0.0,0.0,0.0,1.1199e-20,2.5032e-20,0.0,0.0,0.0,3.1976e-20,0.0,0.0,0.0,0.0,0.0,0.0,5.56053e-20,0.0,9.97943e-20,6.30421e-22,5.96799e-21,1.85653e-22,3.67469e-20,0.0,0.0,1.06142e-20,3.05908e-21,2.29817e-21,5.95935e-21,0.0,0.0,0.0,6.87854e-22,1.51351e-21,0.0,2.41137e-22,0.0,3.68712e-20,0.0,1.97019e-22,6.73216e-21,0.0
1.25892e-21,2.50119e-22,0.0,4.52478e-19,0.0,0.0,0.0,0.0,3.95935e-20,0.0,0.0,0.0,0.0,0.0,0.0,0.0,0.0,0.0,0.0,0.0,0.0,0.0,0.0,0.0,8.78041e-22,1.25185e-20,0.0,0.0,0.0,0.0,0.0,0.0,0.0,0.0,0.0,0.0,0.0,0.0,0.0,0.0,0.0,0.0,0.0,0.0,0.0,0.0,0.0,0.0,1.77211e-20,0.0,0.0,0.0,0.0,0.0,0.0,0.0,0.0,0.0,0.0,0.0,0.0,0.0,0.0,1.81228e-20,0.0,0.0,0.0,0.0,0.0,0.0,0.0,0.0,0.0,0.0,0.0,0.0,1.1199e-20,2.5046e-20,0.0,0.0,0.0,3.19686e-20,0.0,0.0,0.0,0.0,0.0,0.0,5.56015e-20,0.0,9.98368e-20,6.30421e-22,6.07233e-21,1.77242e-22,3.66814e-20,0.0,0.0,1.06535e-20,3.04944e-21,2.25e-21,5.9797e-21,0.0,0.0,0.0,7.51188e-22,1.5237e-21,0.0,2.3108e-22,0.0,3.69602e-20,0.0,1.70149e-22,6.75415e-21,0.0
1.30481e-20,1.70871e-21,1.66429e-21,4.00271e-19,0.0,0.0,0.0,0.0,3.47438e-20,0.0,8.22786e-22,0.0,0.0,1.07718e-23,0.0,0.0,0.0,0.0,0.0,1.66928e-22,1.78285e-21,2.34718e-21,0.0,2.78966e-21,1.37142e-21,3.59523e-20,1.329e-21,0.0,8.62103e-21,3.11678e-21,1.44556e-20,4.25694e-21,2.60071e-21,7.17228e-22,0.0,6.12833e-21,0.0,2.71146e-21,2.77142e-21,0.0,0.0,0.0,1.91964e-22,0.0,7.93094e-22,0.0,0.0,0.0,5.47695e-21,0.0,0.0,5.65155e-22,2.88851e-22,0.0,1.37915e-21,0.0,0.0,8.79707e-23,0.0,0.0,0.0,0.0,0.0,5.60563e-21,5.89029e-22,0.0,0.0,2.09313e-22,1.44652e-21,5.02994e-22,0.0,1.18284e-21,8.7587e-22,0.0,0.0,0.0,3.45178e-21,7.73486e-21,1.588e-21,0.0,0.0,9.24658e-21,5.20025e-21,0.0,3.88473e-21,0.0,0.0,0.0,5.57301e-20,3.58813e-22,9.27222e-20,9.0496e-22,9.30787e-21,2.53195e-22,5.81347e-20,0.0,0.0,1.6844e-20,5.22187e-21,4.65996e-21,8.90398e-21,0.0,0.0,0.0,1.04471e-21,2.94333e-21,0.0,8.43945e-22,0.0,5.49191e-20,0.0,5.48403e-22,9.90262e-21,0.0
1.26737e-20,1.64002e-21,1.70393e-21,4.00268e-19,0.0,0.0,0.0,0.0,3.47208e-20,0.0,6.95274e-22,0.0,0.0,2.15436e-23,0.0,0.0,0.0,0.0,0.0,1.48381e-22,1.80555e-21,2.24956e-21,0.0,2.78877e-21,1.37142e-21,3.5824e-20,1.33323e-21,0.0,8.16152e-21,3.07765e-21,1.44452e-20,4.49692e-21,2.62119e-21,7.47964e-22,0.0,6.16887e-21,0.0,3.00451e-21,2.73047e-21,0.0,0.0,0.0,1.91964e-22,0.0,1.21615e-21,0.0,0.0,0.0,5.47021e-21,0.0,0.0,5.55816e-22,2.81218e-22,0.0,0.0,0.0,0.0,1.75941e-22,0.0,0.0,0.0,0.0,0.0,5.58554e-21,5.89029e-22,0.0,0.0,2.21626e-22,1.43307e-21,0.0,0.0,1.1871e-21,8.7587e-22,0.0,0.0,0.0,3.46353e-21,7.72791e-21,1.47732e-21,0.0,0.0,9.23162e-21,5.21846e-21,0.0,3.92196e-21,0.0,0.0,0.0,5.58445e-20,0.0,9.32945e-20,9.15128e-22,9.40557e-21,2.53195e-22,5.81282e-20,0.0,0.0,1.68443e-20,5.54922e-21,4.66195e-21,8.89377e-21,0.0,0.0,0.0,1.25136e-21,2.93584e-21,0.0,8.43962e-22,0.0,5.50692e-20,0.0,2.7763e-22,9.91052e-21,0.0
1.27556e-20,1.70871e-21,1.49569e-21,4.00215e-19,0.0,0.0,0.0,0.0,3.47589e-20,0.0,9.53324e-22,0.0,0.0,1.07718e-23,0.0,0.0,0.0,0.0,0.0,1.57674e-22,1.79362e-21,2.31284e-21,0.0,2.81608e-21,1.37142e-21,3.58643e-20,1.34921e-21,0.0,8.6978e-21,3.10737e-21,1.43436e-20,4.28435e-21,2.61095e-21,7.37719e-22,0.0,6.1903e-21,0.0,2.94498e-21,2.73047e-21,0.0,0.0,0.0,1.91964e-22,0.0,1.14681e-21,0.0,0.0,0.0,5.47028e-21,0.0,0.0,5.69818e-22,2.88791e-22,0.0,0.0,0.0,0.0,4.09808e-22,0.0,0.0,0.0,0.0,0.0,5.60563e-21,5.89029e-22,0.0,0.0,2.21626e-22,1.43826e-21,5.02994e-22,0.0,1.193e-21,8.7587e-22,0.0,0.0,0.0,3.45178e-21,7.74887e-21,1.49249e-21,0.0,0.0,9.24658e-21,5.25656e-21,0.0,3.8941e-21,0.0,0.0,0.0,5.57541e-20,0.0,9.35146e-20,9.15128e-22,9.33434e-21,2.61607e-22,5.80736e-20,0.0,0.0,1.68439e-20,5.24165e-21,4.684e-21,8.89379e-21,0.0,0.0,0.0,1.31469e-21,2.94333e-21,0.0,8.43945e-22,0.0,5.49935e-20,0.0,2.68658e-22,9.90662e-21,0.0
1.26926e-20,1.64305e-21,1.72162e-21,4.00317e-19,0.0,0.0,0.0,0.0,3.47287e-20,0.0,8.33001e-22,0.0,0.0,1.07718e-23,0.0,0.0,0.0,0.0,0.0,1.57636e-22,1.7734e-21,2.28039e-21,0.0,2.78936e-21,1.37142e-21,3.58661e-20,1.38272e-21,0.0,7.9345e-21,3.08756e-21,1.43838e-20,4.65779e-21,2.63145e-21,7.27475e-22,0.0,6.11711e-21,0.0,2.98403e-21,2.74071e-21,0.0,0.0,0.0,2.19387e-22,0.0,1.30876e-21,0.0,0.0,0.0,5.47021e-21,0.0,0.0,5.6069e-22,2.81218e-22,0.0,0.0,0.0,0.0,1.75941e-22,0.0,0.0,0.0,0.0,0.0,5.59895e-21,5.89029e-22,0.0,0.0,2.21626e-22,1.45193e-21,5.02994e-22,0.0,1.18284e-21,9.69012e-22,0.0,0.0,0.0,3.46353e-21,7.73486e-21,1.45392e-21,0.0,0.0,9.23913e-21,5.17116e-21,0.0,3.91444e-21,0.0,0.0,0.0,5.58356e-20,0.0,9.27978e-20,9.0496e-22,9.22969e-21,2.61657e-22,5.81349e-20,0.0,0.0,1.6854e-20,5.24146e-21,4.67429e-21,8.88356e-21,0.0,0.0,0.0,1.31469e-21,2.89688e-21,0.0,8.43945e-22,0.0,5.5051e-20,0.0,5.39432e-22,9.93434e-21,0.0
1.29749e-20,1.70871e-21,1.64292e-21,4.00303e-19,0.0,0.0,0.0,0.0,3.47363e-20,0.0,6.7483e-22,0.0,0.0,1.07718e-23,0.0,0.0,0.0,0.0,0.0,1.57674e-22,1.79714e-21,2.24876e-21,0.0,2.80634e-21,1.37142e-21,3.59115e-20,1.31483e-21,0.0,8.86604e-21,3.06776e-21,1.44764e-20,4.31738e-21,2.60071e-21,7.47964e-22,0.0,6.32321e-21,0.0,2.95523e-21,2.78161e-21,0.0,0.0,0.0,1.91964e-22,0.0,1.09192e-21,0.0,0.0,0.0,5.48369e-21,0.0,0.0,5.75419e-22,2.81218e-22,0.0,0.0,0.0,0.0,1.75941e-22,0.0,0.0,0.0,0.0,0.0,5.59221e-21,5.89029e-22,0.0,0.0,2.21626e-22,1.43291e-21,0.0,0.0,1.1871e-21,9.76122e-22,0.0,0.0,0.0,3.45178e-21,7.73486e-21,1.49622e-21,0.0,0.0,9.23907e-21,5.26909e-21,0.0,3.90231e-21,0.0,0.0,0.0,5.5778e-20,0.0,9.31957e-20,9.15128e-22,9.20764e-21,2.61607e-22,5.8128e-20,0.0,0.0,1.68345e-20,5.54007e-21,4.67172e-21,8.88356e-21,0.0,0.0,0.0,1.04471e-21,2.92341e-21,0.0,8.33905e-22,0.0,5.49583e-20,0.0,2.86601e-22,9.88793e-21,0.0
1.27363e-20,1.70871e-21,1.71773e-21,4.00223e-19,0.0,0.0,0.0,0.0,3.47205e-20,0.0,8.22773e-22,0.0,0.0,2.15436e-23,0.0,0.0,0.0,0.0,0.0,1.57636e-22,1.78637e-21,2.26445e-21,0.0,2.81618e-21,1.37142e-21,3.5889e-20,1.33825e-21,0.0,7.93447e-21,3.11702e-21,1.4316e-20,4.27899e-21,2.59047e-21,7.27472e-22,0.0,6.15945e-21,0.0,2.99424e-21,2.7407e-21,0.0,0.0,0.0,1.91964e-22,0.0,9.1732e-22,0.0,0.0,0.0,5.47021e-21,0.0,0.0,5.51153e-22,2.81218e-22,0.0,0.0,0.0,0.0,1.75941e-22,0.0,0.0,0.0,0.0,0.0,5.59895e-21,5.89029e-22,0.0,0.0,2.21626e-22,1.42547e-21,5.02994e-22,0.0,1.18284e-21,8.7587e-22,0.0,0.0,0.0,3.46353e-21,7.72791e-21,1.53068e-21,0.0,0.0,9.22417e-21,5.17891e-21,0.0,3.90544e-21,0.0,0.0,0.0,5.57884e-20,0.0,9.2898e-20,9.15128e-22,9.32635e-21,2.53195e-22,5.80898e-20,0.0,0.0,1.68442e-20,5.24089e-21,4.68448e-21,8.89377e-21,0.0,0.0,0.0,1.31469e-21,2.95575e-21,0.0,8.54002e-22,0.0,5.50026e-20,0.0,2.7763e-22,9.94348e-21,0.0
1.277e-20,1.64002e-21,1.72162e-21,4.00261e-19,0.0,0.0,0.0,0.0,3.47437e-20,0.0,3.17566e-21,0.0,0.0,1.07718e-23,0.0,0.0,0.0,0.0,0.0,1.57674e-22,1.79392e-21,2.288e-21,0.0,2.79829e-21,1.37142e-21,3.59956e-20,1.36124e-21,0.0,8.85776e-21,3.08702e-21,1.44044e-20,4.20867e-21,2.60071e-21,7.37722e-22,0.0,6.19003e-21,0.0,2.99427e-21,2.73049e-21,0.0,0.0,0.0,1.91964e-22,0.0,1.14681e-21,0.0,0.0,0.0,5.47028e-21,0.0,0.0,5.69818e-22,2.81218e-22,0.0,1.37915e-21,0.0,0.0,8.79707e-23,0.0,0.0,0.0,0.0,0.0,5.59888e-21,5.89029e-22,0.0,0.0,2.21626e-22,1.44133e-21,0.0,0.0,1.18223e-21,8.7587e-22,0.0,0.0,0.0,3.45178e-21,7.74186e-21,1.53463e-21,0.0,0.0,9.24658e-21,5.2396e-21,0.0,3.853e-21,0.0,0.0,0.0,5.58325e-20,0.0,9.33915e-20,9.0496e-22,9.3963e-21,2.53195e-22,5.81111e-20,0.0,0.0,1.6854e-20,5.21196e-21,4.63747e-21,8.91414e-21,0.0,0.0,0.0,1.31469e-21,2.92341e-21,0.0,8.43945e-22,0.0,5.50605e-20,0.0,2.68658e-22,9.88797e-21,0.0
1.29166e-20,1.71174e-21,1.6328e-21,4.00252e-19,0.0,0.0,0.0,0.0,3.47513e-20,0.0,6.7483e-22,0.0,0.0,1.07718e-23,0.0,0.0,0.0,0.0,0.0,1.66928e-22,1.79244e-21,2.34051e-21,0.0,2.78891e-21,1.37142e-21,3.56661e-20,1.33799e-21,0.0,7.92565e-21,3.10746e-21,1.44458e-20,4.50226e-21,2.62123e-21,7.37717e-22,0.0,6.09698e-21,0.0,2.93474e-21,2.74071e-21,0.0,0.0,0.0,1.91964e-22,0.0,1.5527e-21,0.0,0.0,0.0,5.47021e-21,0.0,0.0,5.55816e-22,2.88791e-22,0.0,0.0,0.0,0.0,1.75941e-22,0.0,0.0,0.0,0.0,0.0,5.59228e-21,5.73109e-22,0.0,0.0,2.21626e-22,1.43826e-21,5.02994e-22,0.0,1.1925e-21,9.69012e-22,0.0,0.0,0.0,3.46353e-21,7.74186e-21,1.49249e-21,0.0,0.0,9.23913e-21,5.24954e-21,0.0,3.9148e-21,0.0,0.0,0.0,5.58134e-20,0.0,9.3389e-20,9.15128e-22,9.31676e-21,2.70068e-22,5.80633e-20,0.0,0.0,1.68343e-20,5.55971e-21,4.68426e-21,8.87334e-21,0.0,0.0,0.0,1.26615e-21,2.89688e-21,0.0,8.33905e-22,0.0,5.50198e-20,0.0,5.39432e-22,9.94366e-21,0.0
1.27724e-20,1.63202e-21,1.70393e-21,4.00294e-19,0.0,0.0,0.0,0.0,3.47211e-20,0.0,8.33001e-22,0.0,0.0,1.07718e-23,0.0,0.0,0.0,0.0,0.0,1.48381e-22,1.78646e-21,2.24571e-21,0.0,2.80713e-21,1.37142e-21,3.59391e-20,1.34771e-21,0.0,8.86647e-21,3.07784e-21,1.43536e-20,4.21151e-21,2.60071e-21,7.37719e-22,0.0,6.21396e-21,0.0,3.0045e-21,2.7714e-21,0.0,0.0,0.0,1.91964e-22,0.0,8.4798e-22,0.0,0.0,0.0,5.47695e-21,0.0,0.0,5.69818e-22,2.81218e-22,0.0,0.0,0.0,0.0,4.97779e-22,0.0,0.0,0.0,0.0,0.0,5.60563e-21,5.89029e-22,0.0,0.0,2.09313e-22,1.44367e-21,0.0,0.0,1.18284e-21,9.66767e-22,0.0,0.0,0.0,3.45178e-21,7.73486e-21,1.3889e-21,0.0,0.0,9.23156e-21,5.16422e-21,0.0,3.90128e-21,0.0,0.0,0.0,5.58101e-20,0.0,9.27836e-20,9.15128e-22,9.17277e-21,2.53195e-22,5.81243e-20,0.0,0.0,1.68539e-20,5.23177e-21,4.65391e-21,8.90398e-21,0.0,0.0,0.0,1.04471e-21,2.94333e-21,0.0,8.33905e-22,0.0,5.49362e-20,0.0,2.7763e-22,9.87853e-21,0.0
1.25523e-20,1.7167e-21,1.65049e-21,4.0023e-19,0.0,0.0,0.0,0.0,3.47439e-20,0.0,6.7483e-22,0.0,0.0,2.15436e-23,0.0,0.0,0.0,0.0,0.0,1.66928e-22,1.77747e-21,2.28293e-21,0.0,2.82464e-21,1.37142e-21,3.60518e-20,1.35009e-21,0.0,7.95899e-21,3.07745e-21,1.44752e-20,4.5795e-21,2.59047e-21,7.27472e-22,0.0,6.16588e-21,0.0,3.16832e-21,2.7407e-21,0.0,0.0,0.0,1.91964e-22,0.0,1.25936e-21,0.0,0.0,0.0,5.48369e-21,0.0,0.0,5.64981e-22,2.81218e-22,0.0,0.0,0.0,0.0,1.75941e-22,0.0,0.0,0.0,0.0,0.0,5.59888e-21,5.89029e-22,0.0,0.0,2.21626e-22,1.43291e-21,5.02994e-22,0.0,1.19273e-21,8.7587e-22,0.0,0.0,0.0,3.46353e-21,7.72791e-21,1.51808e-21,0.0,0.0,9.23913e-21,5.2471e-21,0.0,3.89325e-21,0.0,0.0,0.0,5.57277e-20,0.0,9.3243e-20,9.15128e-22,9.3784e-21,2.53195e-22,5.81391e-20,0.0,0.0,1.6864e-20,5.25084e-21,4.70216e-21,8.904e-21,0.0,0.0,0.0,1.31469e-21,2.93584e-21,0.0,8.64042e-22,0.0,5.51277e-20,0.0,2.86601e-22,9.92548e-21,0.0
1.28088e-20,1.70871e-21,1.56682e-21,3.9168e-19,0.0,0.0,0.0,0.0,3.40075e-20,0.0,9.63539e-22,0.0,0.0,1.07718e-23,0.0,0.0,0.0,0.0,0.0,1.48381e-22,1.76384e-21,2.2552e-21,0.0,2.78895e-21,1.35469e-21,3.54473e-20,1.34024e-21,0.0,8.88324e-21,3.09772e-21,1.43539e-20,4.2834e-21,2.61096e-21,7.37719e-22,0.0,6.11764e-21,0.0,2.99425e-21,2.74071e-21,0.0,0.0,0.0,2.19387e-22,0.0,8.04771e-22,0.0,0.0,0.0,5.38958e-21,0.0,0.0,5.45552e-22,2.81218e-22,0.0,0.0,0.0,0.0,8.79707e-23,0.0,0.0,0.0,0.0,0.0,5.51859e-21,5.89029e-22,0.0,0.0,2.21626e-22,1.4408e-21,5.02994e-22,0.0,1.16693e-21,8.7587e-22,0.0,0.0,0.0,3.40601e-21,7.62332e-21,1.54723e-21,0.0,0.0,9.1111e-21,5.16454e-21,0.0,3.88298e-21,0.0,0.0,0.0,5.57188e-20,0.0,9.32743e-20,9.0496e-22,9.20353e-21,2.61607e-22,5.78626e-20,0.0,0.0,1.67755e-20,5.21185e-21,4.64389e-21,8.85298e-21,0.0,0.0,0.0,1.31469e-21,2.94333e-21,0.0,8.33905e-22,0.0,5.47238e-20,0.0,2.7763e-22,9.85995e-21,0.0
1.309e-20,1.63505e-21,1.6328e-21,3.9155e-19,0.0,0.0,0.0,0.0,3.4038e-20,0.0,8.22786e-22,0.0,0.0,1.07718e-23,0.0,0.0,0.0,0.0,0.0,1.66928e-22,1.79513e-21,2.23979e-21,0.0,2.76274e-21,1.36305e-21,3.5528e-20,1.3498e-21,0.0,7.90845e-21,3.08726e-21,1.43112e-20,4.41144e-21,2.60071e-21,7.27472e-22,0.0,6.16278e-21,0.0,2.99427e-21,2.71003e-21,0.0,0.0,0.0,1.91964e-22,0.0,1.20447e-21,0.0,0.0,0.0,5.39632e-21,0.0,0.0,5.51153e-22,2.73585e-22,0.0,0.0,0.0,0.0,1.75941e-22,0.0,0.0,0.0,0.0,0.0,5.51185e-21,5.73109e-22,0.0,0.0,2.21626e-22,1.41442e-21,0.0,0.0,1.17743e-21,9.64673e-22,0.0,0.0,0.0,3.41034e-21,7.62326e-21,1.43913e-21,0.0,0.0,9.10365e-21,5.18136e-21,0.0,3.87519e-21,0.0,0.0,0.0,5.56801e-20,0.0,9.27797e-20,9.0496e-22,9.12747e-21,2.53195e-22,5.79187e-20,0.0,0.0,1.67565e-20,5.52057e-21,4.62741e-21,8.85301e-21,0.0,0.0,0.0,1.2999e-21,2.85435e-21,0.0,8.33905e-22,0.0,5.49072e-20,0.0,5.21533e-22,9.91999e-21,0.0
1.24496e-20,1.7167e-21,1.71142e-21,3.91612e-19,0.0,0.0,0.0,0.0,3.40453e-20,0.0,6.85046e-22,0.0,0.0,1.07718e-23,0.0,0.0,0.0,0.0,0.0,1.48381e-22,1.77284e-21,2.27034e-21,0.0,2.78906e-21,1.35469e-21,3.51785e-20,1.34774e-21,0.0,8.10982e-21,3.06833e-21,1.44246e-20,4.2603e-21,2.61096e-21,7.47966e-22,0.0,6.19645e-21,0.0,2.93477e-21,2.74071e-21,0.0,0.0,0.0,1.91964e-22,0.0,1.49504e-21,0.0,0.0,0.0,5.38958e-21,0.0,0.0,5.64981e-22,2.73645e-22,0.0,1.37915e-21,0.0,0.0,1.75941e-22,0.0,0.0,0.0,0.0,0.0,5.51859e-21,5.89029e-22,0.0,0.0,2.09313e-22,1.41235e-21,5.02994e-22,0.0,1.18284e-21,8.62687e-22,0.0,0.0,0.0,3.41034e-21,7.63727e-21,1.41076e-21,0.0,0.0,9.10365e-21,5.20549e-21,0.0,3.87709e-21,0.0,0.0,0.0,5.5642e-20,0.0,9.28728e-20,9.15128e-22,9.35822e-21,2.61657e-22,5.79048e-20,0.0,0.0,1.6815e-20,5.21185e-21,4.64382e-21,8.86323e-21,0.0,0.0,0.0,1.04471e-21,2.93584e-21,0.0,8.33905e-22,0.0,5.47394e-20,0.0,2.7763e-22,9.86599e-21,0.0
1.28597e-20,1.63202e-21,1.6328e-21,3.91609e-19,0.0,0.0,0.0,0.0,3.40307e-20,0.0,8.12558e-22,0.0,0.0,1.07718e-23,0.0,0.0,0.0,0.0,0.0,1.57674e-22,1.76832e-21,2.24003e-21,0.0,2.78931e-21,1.36305e-21,3.558e-20,1.31925e-21,0.0,8.66343e-21,3.08726e-21,1.43846e-20,4.33339e-21,2.60071e-21,7.17228e-22,0.0,6.02383e-21,0.0,3.00448e-21,2.76117e-21,0.0,0.0,0.0,1.91964e-22,0.0,9.60529e-22,0.0,0.0,0.0,5.39632e-21,0.0,0.0,5.40678e-22,2.81218e-22,0.0,0.0,0.0,0.0,4.97779e-22,0.0,0.0,0.0,0.0,0.0,5.51852e-21,5.73109e-22,0.0,0.0,2.21626e-22,1.42013e-21,0.0,0.0,1.16693e-21,9.62428e-22,0.0,0.0,0.0,3.39859e-21,7.62326e-21,1.53068e-21,0.0,0.0,9.11133e-21,5.19106e-21,0.0,3.89865e-21,0.0,0.0,0.0,5.56359e-20,0.0,9.26859e-20,9.0496e-22,9.29881e-21,2.61607e-22,5.7873e-20,0.0,0.0,1.67855e-20,5.23152e-21,4.66426e-21,8.88362e-21,0.0,0.0,0.0,1.26615e-21,2.94333e-21,0.0,8.33905e-22,0.0,5.48785e-20,0.0,2.7763e-22,9.86921e-21,0.0
1.27984e-20,1.69848e-21,1.37944e-21,3.91577e-19,0.0,0.0,0.0,0.0,3.40453e-20,0.0,8.12558e-22,0.0,0.0,1.07718e-23,0.0,0.0,0.0,0.0,0.0,1.57636e-22,1.75879e-21,2.3282e-21,0.0,2.77085e-21,1.35469e-21,3.54703e-20,1.35902e-21,0.0,7.90732e-21,3.09754e-21,1.43331e-20,4.35974e-21,2.59047e-21,7.47964e-22,0.0,6.20551e-21,0.0,2.93477e-21,2.7407e-21,0.0,0.0,0.0,1.91964e-22,0.0,1.1036e-21,0.0,0.0,0.0,5.39632e-21,0.0,0.0,5.55816e-22,2.73585e-22,0.0,0.0,0.0,0.0,8.79707e-23,0.0,0.0,0.0,0.0,0.0,5.51191e-21,5.89029e-22,0.0,0.0,2.09313e-22,1.43254e-21,5.02994e-22,0.0,1.17743e-21,8.7587e-22,0.0,0.0,0.0,3.41776e-21,7.61631e-21,1.49622e-21,0.0,0.0,9.10365e-21,5.17602e-21,0.0,3.83368e-21,0.0,0.0,0.0,5.56657e-20,0.0,9.32424e-20,9.15128e-22,9.31612e-21,2.53195e-22,5.78928e-20,0.0,0.0,1.67759e-20,5.52022e-21,4.6616e-21,8.83257e-21,0.0,0.0,0.0,1.31469e-21,2.91322e-21,0.0,8.33905e-22,0.0,5.48256e-20,0.0,5.39432e-22,9.89249e-21,0.0
1.27389e-20,1.70871e-21,1.6017e-21,3.91597e-19,0.0,0.0,0.0,0.0,3.40379e-20,0.0,8.3604e-22,0.0,0.0,1.07718e-23,0.0,0.0,0.0,0.0,0.0,1.57674e-22,1.78302e-21,2.23979e-21,0.0,2.78087e-21,1.36305e-21,3.55484e-20,1.3296e-21,0.0,8.87661e-21,3.09694e-21,1.43672e-20,4.55888e-21,2.61096e-21,7.27472e-22,0.0,6.18981e-21,0.0,2.98403e-21,2.74072e-21,0.0,0.0,0.0,1.91964e-22,0.0,1.09192e-21,0.0,0.0,0.0,5.39632e-21,0.0,0.0,5.60318e-22,2.81218e-22,0.0,0.0,0.0,0.0,1.75941e-22,0.0,0.0,0.0,0.0,0.0,5.51852e-21,5.73109e-22,0.0,0.0,2.21626e-22,1.40958e-21,0.0,0.0,1.18223e-21,9.69012e-22,0.0,0.0,0.0,3.39859e-21,7.62332e-21,1.53326e-21,0.0,0.0,9.09613e-21,5.16235e-21,0.0,3.87072e-21,0.0,0.0,0.0,5.56427e-20,0.0,9.30851e-20,9.0496e-22,9.19929e-21,2.53195e-22,5.78693e-20,0.0,0.0,1.67857e-20,5.20227e-21,4.63382e-21,8.86324e-21,0.0,0.0,0.0,1.31469e-21,2.84279e-21,0.0,8.43945e-22,0.0,5.48152e-20,0.0,2.7763e-22,9.89328e-21,0.0
1.28147e-20,1.65328e-21,1.71142e-21,3.91588e-19,0.0,0.0,0.0,0.0,3.40454e-20,0.0,8.12558e-22,0.0,0.0,1.07718e-23,0.0,0.0,0.0,0.0,0.0,1.57636e-22,1.75903e-21,2.27034e-21,0.0,2.77987e-21,1.35469e-21,3.50804e-20,1.34469e-21,0.0,7.95144e-21,3.05844e-21,1.43518e-20,4.32363e-21,2.59047e-21,7.27475e-22,0.0,6.08131e-21,0.0,2.92454e-21,2.73045e-21,0.0,0.0,0.0,1.91964e-22,0.0,1.30876e-21,0.0,0.0,0.0,5.38958e-21,0.0,0.0,5.50215e-22,2.81218e-22,0.0,0.0,0.0,0.0,1.75941e-22,0.0,0.0,0.0,0.0,0.0,5.52526e-21,5.89029e-22,0.0,0.0,2.21626e-22,1.41761e-21,5.02994e-22,0.0,1.16693e-21,8.71531e-22,0.0,0.0,0.0,3.41034e-21,7.62326e-21,1.33318e-21,0.0,0.0,9.1111e-21,5.23555e-21,0.0,3.87547e-21,0.0,0.0,0.0,5.57515e-20,0.0,9.2649e-20,9.0496e-22,9.18199e-21,2.61607e-22,5.79268e-20,0.0,0.0,1.67855e-20,5.22154e-21,4.58944e-21,8.87334e-21,0.0,0.0,0.0,1.02992e-21,2.93584e-21,0.0,8.33905e-22,0.0,5.48357e-20,0.0,2.7763e-22,9.86022e-21,0.0
1.24701e-20,1.69848e-21,1.6466e-21,3.91636e-19,0.0,0.0,0.0,0.0,3.40228e-20,0.0,6.85046e-22,0.0,0.0,1.07718e-23,0.0,0.0,0.0,0.0,0.0,1.57674e-22,1.78447e-21,2.25882e-21,0.0,2.79816e-21,1.36305e-21,3.57175e-20,1.34564e-21,0.0,8.83794e-21,3.08723e-21,1.44413e-20,4.17157e-21,2.62121e-21,7.37717e-22,0.0,6.1958e-21,0.0,2.99427e-21,2.74071e-21,0.0,0.0,0.0,1.91964e-22,0.0,1.14681e-21,0.0,0.0,0.0,5.39632e-21,0.0,0.0,5.51115e-22,2.73585e-22,0.0,0.0,0.0,0.0,8.79707e-23,0.0,0.0,0.0,0.0,0.0,5.50517e-21,5.73109e-22,0.0,0.0,2.09313e-22,1.42022e-21,0.0,0.0,1.17743e-21,8.7587e-22,0.0,0.0,0.0,3.41034e-21,7.62326e-21,1.53068e-21,0.0,0.0,9.10365e-21,5.1611e-21,0.0,3.90057e-21,0.0,0.0,0.0,5.56044e-20,0.0,9.30953e-20,9.15128e-22,9.28974e-21,2.53195e-22,5.7891e-20,0.0,0.0,1.68051e-20,5.54031e-21,4.68187e-21,8.86321e-21,0.0,0.0,0.0,1.31469e-21,2.94333e-21,0.0,8.33905e-22,0.0,5.48905e-20,0.0,2.7763e-22,9.89784e-21,0.0
1.30942e-20,1.63202e-21,1.56682e-21,3.91564e-19,0.0,0.0,0.0,0.0,3.4068e-20,0.0,8.12558e-22,0.0,0.0,1.07718e-23,0.0,0.0,0.0,0.0,0.0,1.48381e-22,1.76427e-21,2.25384e-21,0.0,2.76244e-21,1.35469e-21,3.52923e-20,1.3374e-21,0.0,7.935e-21,3.07842e-21,1.43626e-20,4.50931e-21,2.58024e-21,7.47966e-22,0.0,6.13829e-21,0.0,2.98403e-21,2.75094e-21,0.0,0.0,0.0,2.19387e-22,0.0,1.25388e-21,0.0,0.0,0.0,5.39632e-21,0.0,0.0,5.60318e-22,2.73645e-22,0.0,1.37915e-21,0.0,0.0,4.97779e-22,0.0,0.0,0.0,0.0,0.0,5.52526e-21,5.89029e-22,0.0,0.0,2.21626e-22,1.4272e-21,5.02994e-22,0.0,1.17743e-21,9.66767e-22,0.0,0.0,0.0,3.40601e-21,7.63033e-21,1.47732e-21,0.0,0.0,9.09637e-21,5.19082e-21,0.0,3.87495e-21,0.0,0.0,0.0,5.56987e-20,0.0,9.29973e-20,9.0496e-22,9.2079e-21,2.61657e-22,5.79426e-20,0.0,0.0,1.67468e-20,5.21146e-21,4.65412e-21,8.8632e-21,0.0,0.0,0.0,1.26615e-21,2.85435e-21,0.0,8.33905e-22,0.0,5.47588e-20,0.0,5.39432e-22,9.86042e-21,0.0
1.279e-20,1.70871e-21,1.6328e-21,3.91601e-19,0.0,0.0,0.0,0.0,3.40078e-20,0.0,9.73767e-22,0.0,0.0,1.07718e-23,0.0,0.0,0.0,0.0,0.0,1.66928e-22,1.78652e-21,2.24732e-21,0.0,2.80713e-21,1.36305e-21,3.56562e-20,1.32458e-21,0.0,8.82172e-21,3.08725e-21,1.43411e-20,4.24328e-21,2.59047e-21,7.17228e-22,0.0,6.09202e-21,0.0,2.94499e-21,2.72026e-21,0.0,0.0,0.0,1.91964e-22,0.0,1.14681e-21,0.0,0.0,0.0,5.39632e-21,0.0,0.0,5.55816e-22,2.81218e-22,0.0,0.0,0.0,0.0,1.75941e-22,0.0,0.0,0.0,0.0,0.0,5.51859e-21,5.73109e-22,0.0,0.0,2.21626e-22,1.4272e-21,0.0,0.0,1.17771e-21,8.58348e-22,0.0,0.0,0.0,3.41034e-21,7.62326e-21,1.53326e-21,0.0,0.0,9.11861e-21,5.21071e-21,0.0,3.86814e-21,0.0,0.0,0.0,5.56198e-20,0.0,9.30161e-20,9.15128e-22,9.28986e-21,2.53195e-22,5.78745e-20,0.0,0.0,1.68149e-20,5.20227e-21,4.64369e-21,8.85303e-21,0.0,0.0,0.0,1.31469e-21,2.95575e-21,0.0,8.33905e-22,0.0,5.48698e-20,0.0,2.68658e-22,9.86022e-21,0.0
