0.0,0.0,2.05016e-05,0.212396,0.0,0.0,0.0,0.0,0.0,0.0,0.00184738,0.0,0.0,4.16602e-05,0.000176937,0.0,9.74691e-05,0.000482259,0.0,0.0,0.0,0.0,0.0,0.0,0.0,0.0,0.0439113,0.0,0.0,0.143136,0.428631,0.0,0.0467621,0.0113548,0.0,0.0581497,0.0,0.0,0.0,0.0,2.52151e-19,0.0,0.000458127,3.16237e-05,0.000128625,0.0,0.0,0.0,0.0,0.0,0.0,0.0,0.0,0.0,0.0,0.0,0.0,0.0,0.0,0.0,0.0,0.0,0.0,0.0,0.0,0.0,0.0,0.0,0.0,0.0,0.0,0.0,0.0,0.0,0.0,0.0,0.0,0.0,0.0,0.0,0.0,0.0,0.0,0.0,0.0,0.0,0.0,0.0,0.0,0.0,0.0,0.0,0.0,0.0,0.0,0.00121533,0.0738791,0.436409,0.244059,0.111941,0.0264864,0.014336,0.00133727,0.0,0.00854649,0.021092,0.0,0.0100416,0.0,0.282213,0.0,0.0,0.0,0.0
0.0,0.0,2.18839e-05,0.211839,0.0,0.0,0.0,0.0,0.0,0.0,0.0018509,0.0,0.0,4.1946e-05,0.000177376,0.0,9.79152e-05,0.000480832,0.0,0.0,0.0,0.0,0.0,0.0,0.0,0.0,0.0437841,0.0,0.0,0.142842,0.427891,0.0,0.0462295,0.0112869,0.0,0.0580854,0.0,0.0,0.0,0.0,2.48811e-19,0.0,0.000452359,3.11911e-05,0.000126913,0.0,0.0,0.0,0.0,0.0,0.0,0.0,0.0,0.0,0.0,0.0,0.0,0.0,0.0,0.0,0.0,0.0,0.0,0.0,0.0,0.0,0.0,0.0,0.0,0.0,0.0,0.0,0.0,0.0,0.0,0.0,0.0,0.0,0.0,0.0,0.0,0.0,0.0,0.0,0.0,0.0,0.0,0.0,0.0,0.0,0.0,0.0,0.0,0.0,0.0,0.00121408,0.0740338,0.436761,0.243899,0.111852,0.0257678,0.0136629,0.00132802,0.0,0.0084925,0.0210689,0.0,0.0100358,0.0,0.28255,0.0,0.0,0.0,0.0
0.0,0.0,2.33486e-05,0.211283,0.0,0.0,0.0,0.0,0.0,0.0,0.00185462,0.0,0.0,4.22726e-05,0.000177856,0.0,9.83207e-05,0.000479405,0.0,0.0,0.0,0.0,0.0,0.0,0.0,0.0,0.0436566,0.0,0.0,0.142547,0.427148,0.0,0.0456963,0.0112183,0.0,0.0580206,0.0,0.0,0.0,0.0,2.45483e-19,0.0,0.000446592,3.07977e-05,0.00012524,0.0,0.0,0.0,0.0,0.0,0.0,0.0,0.0,0.0,0.0,0.0,0.0,0.0,0.0,0.0,0.0,0.0,0.0,0.0,0.0,0.0,0.0,0.0,0.0,0.0,0.0,0.0,0.0,0.0,0.0,0.0,0.0,0.0,0.0,0.0,0.0,0.0,0.0,0.0,0.0,0.0,0.0,0.0,0.0,0.0,0.0,0.0,0.0,0.0,0.0,0.00121295,0.0741894,0.437115,0.243737,0.111763,0.0250492,0.0129898,0.00131881,0.0,0.00843848,0.0210458,0.0,0.0100297,0.0,0.282886,0.0,0.0,0.0,0.0
0.0,0.0,2.47719e-05,0.210726,0.0,0.0,0.0,0.0,0.0,0.0,0.00185822,0.0,0.0,4.25177e-05,0.000178415,0.0,9.88073e-05,0.000478264,0.0,0.0,0.0,0.0,0.0,0.0,0.0,0.0,0.0435295,0.0,0.0,0.142253,0.426407,0.0,0.045164,0.0111503,0.0,0.057956,0.0,0.0,0.0,0.0,2.42133e-19,0.0,0.000440906,3.03651e-05,0.000123528,0.0,0.0,0.0,0.0,0.0,0.0,0.0,0.0,0.0,0.0,0.0,0.0,0.0,0.0,0.0,0.0,0.0,0.0,0.0,0.0,0.0,0.0,0.0,0.0,0.0,0.0,0.0,0.0,0.0,0.0,0.0,0.0,0.0,0.0,0.0,0.0,0.0,0.0,0.0,0.0,0.0,0.0,0.0,0.0,0.0,0.0,0.0,0.0,0.0,0.0,0.00121174,0.0743439,0.437468,0.243576,0.111674,0.0243309,0.0123166,0.00130947,0.0,0.00838453,0.0210226,0.0,0.0100238,0.0,0.283094,0.0,0.0,0.0,0.0
0.0,0.0,2.62366e-05,0.21017,0.0,0.0,0.0,0.0,0.0,0.0,0.00186186,0.0,0.0,4.28444e-05,0.000178853,0.0,9.92939e-05,0.000476837,0.0,0.0,0.0,0.0,0.0,0.0,0.0,0.0,0.043402,0.0,0.0,0.141958,0.425665,0.0,0.0446311,0.0110818,0.0,0.0578911,0.0,0.0,0.0,0.0,2.38783e-19,0.0,0.000435138,2.99717e-05,0.000121816,0.0,0.0,0.0,0.0,0.0,0.0,0.0,0.0,0.0,0.0,0.0,0.0,0.0,0.0,0.0,0.0,0.0,0.0,0.0,0.0,0.0,0.0,0.0,0.0,0.0,0.0,0.0,0.0,0.0,0.0,0.0,0.0,0.0,0.0,0.0,0.0,0.0,0.0,0.0,0.0,0.0,0.0,0.0,0.0,0.0,0.0,0.0,0.0,0.0,0.0,0.00121057,0.0744995,0.437825,0.243415,0.111584,0.0236125,0.0116437,0.0013003,0.0,0.00833054,0.0209991,0.0,0.0100177,0.0,0.283256,0.0,0.0,0.0,0.0
0.0,0.0,2.76604e-05,0.209614,0.0,0.0,0.0,0.0,0.0,0.0,0.00186562,0.0,0.0,4.31301e-05,0.000179374,0.0,9.96993e-05,0.00047541,0.0,0.0,0.0,0.0,0.0,0.0,0.0,0.0,0.0432751,0.0,0.0,0.141664,0.424924,0.0,0.0440985,0.0110132,0.0,0.0578262,0.0,0.0,0.0,0.0,2.35443e-19,0.0,0.000429371,2.95391e-05,0.000120104,0.0,0.0,0.0,0.0,0.0,0.0,0.0,0.0,0.0,0.0,0.0,0.0,0.0,0.0,0.0,0.0,0.0,0.0,0.0,0.0,0.0,0.0,0.0,0.0,0.0,0.0,0.0,0.0,0.0,0.0,0.0,0.0,0.0,0.0,0.0,0.0,0.0,0.0,0.0,0.0,0.0,0.0,0.0,0.0,0.0,0.0,0.0,0.0,0.0,0.0,0.00120941,0.0746554,0.438224,0.243254,0.111495,0.0228942,0.0109706,0.00129105,0.0,0.00827644,0.0209759,0.0,0.0100119,0.0,0.283417,0.0,0.0,0.0,0.0
0.0,0.0,2.90429e-05,0.209056,0.0,0.0,0.0,0.0,0.0,0.0,0.00186926,0.0,0.0,4.3416e-05,0.000179813,0.0,0.000100186,0.000474269,0.0,0.0,0.0,0.0,0.0,0.0,0.0,0.0,0.0431477,0.0,0.0,0.141369,0.42418,0.0,0.0435659,0.0109452,0.0,0.0577616,0.0,0.0,0.0,0.0,2.32114e-19,0.0,0.000423644,2.91064e-05,0.000118392,0.0,0.0,0.0,0.0,0.0,0.0,0.0,0.0,0.0,0.0,0.0,0.0,0.0,0.0,0.0,0.0,0.0,0.0,0.0,0.0,0.0,0.0,0.0,0.0,0.0,0.0,0.0,0.0,0.0,0.0,0.0,0.0,0.0,0.0,0.0,0.0,0.0,0.0,0.0,0.0,0.0,0.0,0.0,0.0,0.0,0.0,0.0,0.0,0.0,0.0,0.00120824,0.0750146,0.439036,0.243094,0.111405,0.0221759,0.0102974,0.00128184,0.0,0.00822245,0.0209527,0.0,0.0100061,0.0,0.283583,0.0,0.0,0.0,0.0
0.0,0.0,3.05477e-05,0.2085,0.0,0.0,0.0,0.0,0.0,0.0,0.00187303,0.0,0.0,4.37019e-05,0.000180372,0.0,0.000100591,0.000472842,0.0,0.0,0.0,0.0,0.0,0.0,0.0,0.0,0.0430205,0.0,0.0,0.141075,0.42344,0.0,0.0430327,0.0108766,0.0,0.0576967,0.0,0.0,0.0,0.0,2.28764e-19,0.0,0.000417917,2.87131e-05,0.000116719,0.0,0.0,0.0,0.0,0.0,0.0,0.0,0.0,0.0,0.0,0.0,0.0,0.0,0.0,0.0,0.0,0.0,0.0,0.0,0.0,0.0,0.0,0.0,0.0,0.0,0.0,0.0,0.0,0.0,0.0,0.0,0.0,0.0,0.0,0.0,0.0,0.0,0.0,0.0,0.0,0.0,0.0,0.0,0.0,0.0,0.0,0.0,0.0,0.0,0.0,0.00120707,0.0753755,0.439644,0.242932,0.111316,0.0214576,0.00962433,0.00127255,0.0,0.00816842,0.0209294,0.0,0.00999998,0.0,0.283749,0.0,0.0,0.0,0.0
0.0,0.0,3.20122e-05,0.207943,0.0,0.0,0.0,0.0,0.0,0.0,0.00187654,0.0,0.0,4.40285e-05,0.000180811,0.0,0.000101118,0.000471415,0.0,0.0,0.0,0.0,0.0,0.0,0.0,0.0,0.042893,0.0,0.0,0.14078,0.422697,0.0,0.0425001,0.0108087,0.0,0.0576318,0.0,0.0,0.0,0.0,2.25424e-19,0.0,0.000412149,2.82804e-05,0.000115007,0.0,0.0,0.0,0.0,0.0,0.0,0.0,0.0,0.0,0.0,0.0,0.0,0.0,0.0,0.0,0.0,0.0,0.0,0.0,0.0,0.0,0.0,0.0,0.0,0.0,0.0,0.0,0.0,0.0,0.0,0.0,0.0,0.0,0.0,0.0,0.0,0.0,0.0,0.0,0.0,0.0,0.0,0.0,0.0,0.0,0.0,0.0,0.0,0.0,0.0,0.00120586,0.0757365,0.440255,0.242772,0.111227,0.0207387,0.00895109,0.00126334,0.0,0.00811443,0.020906,0.0,0.0099945,0.0,0.283914,0.0,0.0,0.0,0.0
0.0,0.0,3.35173e-05,0.207386,0.0,0.0,0.0,0.0,0.0,0.0,0.00188022,0.0,0.0,4.43551e-05,0.000181331,0.0,0.000101565,0.000469988,0.0,0.0,0.0,0.0,0.0,0.0,0.0,0.0,0.0427656,0.0,0.0,0.140486,0.421955,0.0,0.0419672,0.0107401,0.0,0.0575678,0.0,0.0,0.0,0.0,2.22086e-19,0.0,0.000406422,2.78478e-05,0.000113296,0.0,0.0,0.0,0.0,0.0,0.0,0.0,0.0,0.0,0.0,0.0,0.0,0.0,0.0,0.0,0.0,0.0,0.0,0.0,0.0,0.0,0.0,0.0,0.0,0.0,0.0,0.0,0.0,0.0,0.0,0.0,0.0,0.0,0.0,0.0,0.0,0.0,0.0,0.0,0.0,0.0,0.0,0.0,0.0,0.0,0.0,0.0,0.0,0.0,0.0,0.00120469,0.0760986,0.440869,0.24261,0.111138,0.0200204,0.00827801,0.00125412,0.0,0.00806037,0.0208829,0.0,0.00998838,0.0,0.28408,0.0,0.0,0.0,0.0
0.0,0.0,3.49004e-05,0.20683,0.0,0.0,0.0,0.0,0.0,0.0,0.00188382,0.0,0.0,4.46e-05,0.000181849,0.0,0.00010197,0.000468847,0.0,0.0,0.0,0.0,0.0,0.0,0.0,0.0,0.0426381,0.0,0.0,0.140192,0.421213,0.0,0.0414346,0.0106718,0.0,0.0575027,0.0,0.0,0.0,0.0,2.18746e-19,0.0,0.000400655,2.74544e-05,0.000111584,0.0,0.0,0.0,0.0,0.0,0.0,0.0,0.0,0.0,0.0,0.0,0.0,0.0,0.0,0.0,0.0,0.0,0.0,0.0,0.0,0.0,0.0,0.0,0.0,0.0,0.0,0.0,0.0,0.0,0.0,0.0,0.0,0.0,0.0,0.0,0.0,0.0,0.0,0.0,0.0,0.0,0.0,0.0,0.0,0.0,0.0,0.0,0.0,0.0,0.0,0.00120348,0.0764607,0.441488,0.242449,0.111049,0.0193023,0.0076051,0.00124491,0.0,0.0080063,0.0208596,0.0,0.00998256,0.0,0.284247,0.0,0.0,0.0,0.0
0.0,0.0,3.62425e-05,0.206272,0.0,0.0,0.0,0.0,0.0,0.0,0.00188759,0.0,0.0,4.48859e-05,0.000182289,0.0,0.000102497,0.00046742,0.0,0.0,0.0,0.0,0.0,0.0,0.0,0.0,0.0425113,0.0,0.0,0.139898,0.420471,0.0,0.0409016,0.0106035,0.0,0.0574377,0.0,0.0,0.0,0.0,2.15396e-19,0.0,0.000394928,2.70218e-05,0.000109872,0.0,0.0,0.0,0.0,0.0,0.0,0.0,0.0,0.0,0.0,0.0,0.0,0.0,0.0,0.0,0.0,0.0,0.0,0.0,0.0,0.0,0.0,0.0,0.0,0.0,0.0,0.0,0.0,0.0,0.0,0.0,0.0,0.0,0.0,0.0,0.0,0.0,0.0,0.0,0.0,0.0,0.0,0.0,0.0,0.0,0.0,0.0,0.0,0.0,0.0,0.00120231,0.0768249,0.442109,0.242289,0.110959,0.0185837,0.00693197,0.00123558,0.0,0.00795243,0.0208361,0.0,0.00997674,0.0,0.284373,0.0,0.0,0.0,0.0
0.0,0.0,3.76254e-05,0.205716,0.0,0.0,0.0,0.0,0.0,0.0,0.00189106,0.0,0.0,4.51717e-05,0.000182809,0.0,0.000102943,0.000465993,0.0,0.0,0.0,0.0,0.0,0.0,0.0,0.0,0.0423844,0.0,0.0,0.139604,0.419729,0.0,0.0403691,0.0105349,0.0,0.0573729,0.0,0.0,0.0,0.0,2.12067e-19,0.0,0.000389161,2.65891e-05,0.00010816,0.0,0.0,0.0,0.0,0.0,0.0,0.0,0.0,0.0,0.0,0.0,0.0,0.0,0.0,0.0,0.0,0.0,0.0,0.0,0.0,0.0,0.0,0.0,0.0,0.0,0.0,0.0,0.0,0.0,0.0,0.0,0.0,0.0,0.0,0.0,0.0,0.0,0.0,0.0,0.0,0.0,0.0,0.0,0.0,0.0,0.0,0.0,0.0,0.0,0.0,0.00120114,0.0771894,0.442332,0.242127,0.11087,0.0178654,0.00625881,0.00122637,0.0,0.00789845,0.020813,0.0,0.00997065,0.0,0.284358,0.0,0.0,0.0,0.0
0.0,0.0,3.91712e-05,0.205159,0.0,0.0,0.0,0.0,0.0,0.0,0.0018947,0.0,0.0,4.54575e-05,0.000183327,0.0,0.000103389,0.000464566,0.0,0.0,0.0,0.0,0.0,0.0,0.0,0.0,0.0422563,0.0,0.0,0.139309,0.418986,0.0,0.0398362,0.010467,0.0,0.057308,0.0,0.0,0.0,0.0,2.08727e-19,0.0,0.000383434,2.61958e-05,0.000106526,0.0,0.0,0.0,0.0,0.0,0.0,0.0,0.0,0.0,0.0,0.0,0.0,0.0,0.0,0.0,0.0,0.0,0.0,0.0,0.0,0.0,0.0,0.0,0.0,0.0,0.0,0.0,0.0,0.0,0.0,0.0,0.0,0.0,0.0,0.0,0.0,0.0,0.0,0.0,0.0,0.0,0.0,0.0,0.0,0.0,0.0,0.0,0.0,0.0,0.0,0.00119997,0.0775545,0.442314,0.241967,0.110781,0.0171468,0.00558569,0.00121712,0.0,0.00784434,0.0207894,0.0,0.00996483,0.0,0.284341,0.0,0.0,0.0,0.0
0.0,0.0,4.0676e-05,0.204603,0.0,0.0,0.0,0.0,0.0,0.0,0.00189843,0.0,0.0,4.57841e-05,0.000183807,0.0,0.000103835,0.000463425,0.0,0.0,0.0,0.0,0.0,0.0,0.0,0.0,0.0421292,0.0,0.0,0.139015,0.418245,0.0,0.0393038,0.0103984,0.0,0.057244,0.0,0.0,0.0,0.0,2.05377e-19,0.0,0.000377666,2.57631e-05,0.000104775,0.0,0.0,0.0,0.0,0.0,0.0,0.0,0.0,0.0,0.0,0.0,0.0,0.0,0.0,0.0,0.0,0.0,0.0,0.0,0.0,0.0,0.0,0.0,0.0,0.0,0.0,0.0,0.0,0.0,0.0,0.0,0.0,0.0,0.0,0.0,0.0,0.0,0.0,0.0,0.0,0.0,0.0,0.0,0.0,0.0,0.0,0.0,0.0,0.0,0.0,0.00119876,0.0779207,0.442295,0.241806,0.110692,0.0164285,0.00491253,0.00120794,0.0,0.00779032,0.0207663,0.0,0.0099587,0.0,0.284314,0.0,0.0,0.0,0.0
0.0,0.0,4.1001e-05,0.202935,0.0,0.0,0.0,0.0,0.0,0.0,0.00186321,0.0,0.0,4.50488e-05,0.000180296,0.0,0.000102579,0.00045943,0.0,0.0,0.0,0.0,0.0,0.0,0.0,0.0,0.0420129,0.0,0.0,0.138746,0.417568,0.0,0.038817,0.010336,0.0,0.0571843,0.0,0.0,0.0,0.0,2.02339e-19,0.0,0.000372467,2.53698e-05,0.000103219,0.0,0.0,0.0,0.0,0.0,0.0,0.0,0.0,0.0,0.0,0.0,0.0,0.0,0.0,0.0,0.0,0.0,0.0,0.0,0.0,0.0,0.0,0.0,0.0,0.0,0.0,0.0,0.0,0.0,0.0,0.0,0.0,0.0,0.0,0.0,0.0,0.0,0.0,0.0,0.0,0.0,0.0,0.0,0.0,0.0,0.0,0.0,0.0,0.0,0.0,0.00119812,0.0783021,0.442705,0.241717,0.110642,0.0160284,0.00453753,0.00120274,0.0,0.00776028,0.0207536,0.0,0.00995566,0.0,0.284206,0.0,0.0,0.0,0.0
0.0,0.0,4.01066e-05,0.201267,0.0,0.0,0.0,0.0,0.0,0.0,0.0018242,0.0,0.0,4.3987e-05,0.000176144,0.0,0.000100795,0.00045515,0.0,0.0,0.0,0.0,0.0,0.0,0.0,0.0,0.0418968,0.0,0.0,0.138476,0.416891,0.0,0.0383308,0.010274,0.0,0.0571248,0.0,0.0,0.0,0.0,1.99279e-19,0.0,0.000367187,2.50158e-05,0.000101663,0.0,0.0,0.0,0.0,0.0,0.0,0.0,0.0,0.0,0.0,0.0,0.0,0.0,0.0,0.0,0.0,0.0,0.0,0.0,0.0,0.0,0.0,0.0,0.0,0.0,0.0,0.0,0.0,0.0,0.0,0.0,0.0,0.0,0.0,0.0,0.0,0.0,0.0,0.0,0.0,0.0,0.0,0.0,0.0,0.0,0.0,0.0,0.0,0.0,0.0,0.00119743,0.0783799,0.44265,0.241626,0.110591,0.0156284,0.00416286,0.00119765,0.0,0.00773017,0.0207404,0.0,0.00995228,0.0,0.284099,0.0,0.0,0.0,0.0
0.0,0.0,3.91708e-05,0.1996,0.0,0.0,0.0,0.0,0.0,0.0,0.00178538,0.0,0.0,4.2925e-05,0.000172234,0.0,9.91328e-05,0.000451155,0.0,0.0,0.0,0.0,0.0,0.0,0.0,0.0,0.0417803,0.0,0.0,0.138208,0.416213,0.0,0.0378445,0.0102112,0.0,0.0570661,0.0,0.0,0.0,0.0,1.96241e-19,0.0,0.000361948,2.46224e-05,0.000100106,0.0,0.0,0.0,0.0,0.0,0.0,0.0,0.0,0.0,0.0,0.0,0.0,0.0,0.0,0.0,0.0,0.0,0.0,0.0,0.0,0.0,0.0,0.0,0.0,0.0,0.0,0.0,0.0,0.0,0.0,0.0,0.0,0.0,0.0,0.0,0.0,0.0,0.0,0.0,0.0,0.0,0.0,0.0,0.0,0.0,0.0,0.0,0.0,0.0,0.0,0.00119683,0.0784577,0.442594,0.241536,0.110542,0.0152283,0.00378782,0.00119248,0.0,0.00770006,0.0207274,0.0,0.00994893,0.0,0.283991,0.0,0.0,0.0,0.0
0.0,0.0,3.81946e-05,0.197933,0.0,0.0,0.0,0.0,0.0,0.0,0.00174649,0.0,0.0,4.19041e-05,0.000168203,0.0,9.73894e-05,0.00044716,0.0,0.0,0.0,0.0,0.0,0.0,0.0,0.0,0.0416643,0.0,0.0,0.13794,0.415536,0.0,0.037358,0.0101489,0.0,0.0570073,0.0,0.0,0.0,0.0,1.93181e-19,0.0,0.000356708,2.42291e-05,9.855e-05,0.0,0.0,0.0,0.0,0.0,0.0,0.0,0.0,0.0,0.0,0.0,0.0,0.0,0.0,0.0,0.0,0.0,0.0,0.0,0.0,0.0,0.0,0.0,0.0,0.0,0.0,0.0,0.0,0.0,0.0,0.0,0.0,0.0,0.0,0.0,0.0,0.0,0.0,0.0,0.0,0.0,0.0,0.0,0.0,0.0,0.0,0.0,0.0,0.0,0.0,0.00119614,0.0785346,0.442539,0.241448,0.110493,0.0148283,0.0034129,0.00118736,0.0,0.00766999,0.0207142,0.0,0.00994589,0.0,0.283886,0.0,0.0,0.0,0.0
0.0,0.0,3.71369e-05,0.196266,0.0,0.0,0.0,0.0,0.0,0.0,0.00170743,0.0,0.0,4.08013e-05,0.000164091,0.0,9.56464e-05,0.000443164,0.0,0.0,0.0,0.0,0.0,0.0,0.0,0.0,0.0415482,0.0,0.0,0.137671,0.414858,0.0,0.036872,0.0100868,0.0,0.0569481,0.0,0.0,0.0,0.0,1.90132e-19,0.0,0.000351469,2.38358e-05,9.69549e-05,0.0,0.0,0.0,0.0,0.0,0.0,0.0,0.0,0.0,0.0,0.0,0.0,0.0,0.0,0.0,0.0,0.0,0.0,0.0,0.0,0.0,0.0,0.0,0.0,0.0,0.0,0.0,0.0,0.0,0.0,0.0,0.0,0.0,0.0,0.0,0.0,0.0,0.0,0.0,0.0,0.0,0.0,0.0,0.0,0.0,0.0,0.0,0.0,0.0,0.0,0.0011955,0.0786127,0.442484,0.241358,0.110443,0.0144279,0.00303786,0.00118215,0.0,0.00763995,0.0207015,0.0,0.0099425,0.0,0.283777,0.0,0.0,0.0,0.0
0.0,0.0,3.62421e-05,0.194599,0.0,0.0,0.0,0.0,0.0,0.0,0.00166862,0.0,0.0,3.97394e-05,0.000160141,0.0,9.39436e-05,0.000439169,0.0,0.0,0.0,0.0,0.0,0.0,0.0,0.0,0.0414319,0.0,0.0,0.137402,0.414182,0.0,0.0363858,0.0100241,0.0,0.0568884,0.0,0.0,0.0,0.0,1.87083e-19,0.0,0.000346229,2.34818e-05,9.54375e-05,0.0,0.0,0.0,0.0,0.0,0.0,0.0,0.0,0.0,0.0,0.0,0.0,0.0,0.0,0.0,0.0,0.0,0.0,0.0,0.0,0.0,0.0,0.0,0.0,0.0,0.0,0.0,0.0,0.0,0.0,0.0,0.0,0.0,0.0,0.0,0.0,0.0,0.0,0.0,0.0,0.0,0.0,0.0,0.0,0.0,0.0,0.0,0.0,0.0,0.0,0.00119485,0.0786902,0.442428,0.241268,0.110393,0.0140279,0.00266318,0.00117702,0.0,0.0076098,0.0206884,0.0,0.00993946,0.0,0.283671,0.0,0.0,0.0,0.0
0.0,0.0,3.52658e-05,0.192931,0.0,0.0,0.0,0.0,0.0,0.0,0.0016296,0.0,0.0,3.87592e-05,0.00015607,0.0,9.21599e-05,0.000435174,0.0,0.0,0.0,0.0,0.0,0.0,0.0,0.0,0.0413162,0.0,0.0,0.137134,0.413504,0.0,0.0358996,0.00996204,0.0,0.0568297,0.0,0.0,0.0,0.0,1.84024e-19,0.0,0.00034099,2.30885e-05,9.39202e-05,0.0,0.0,0.0,0.0,0.0,0.0,0.0,0.0,0.0,0.0,0.0,0.0,0.0,0.0,0.0,0.0,0.0,0.0,0.0,0.0,0.0,0.0,0.0,0.0,0.0,0.0,0.0,0.0,0.0,0.0,0.0,0.0,0.0,0.0,0.0,0.0,0.0,0.0,0.0,0.0,0.0,0.0,0.0,0.0,0.0,0.0,0.0,0.0,0.0,0.0,0.00119417,0.0787674,0.442373,0.241179,0.110344,0.0136275,0.00228818,0.0011719,0.0,0.00757977,0.0206754,0.0,0.00993611,0.0,0.283563,0.0,0.0,0.0,0.0
0.0,0.0,3.4412e-05,0.191264,0.0,0.0,0.0,0.0,0.0,0.0,0.00159075,0.0,0.0,3.76565e-05,0.000152039,0.0,9.05385e-05,0.000430894,0.0,0.0,0.0,0.0,0.0,0.0,0.0,0.0,0.0411996,0.0,0.0,0.136865,0.412827,0.0,0.035413,0.00989937,0.0,0.0567705,0.0,0.0,0.0,0.0,1.80985e-19,0.0,0.00033575,2.26951e-05,9.2325e-05,0.0,0.0,0.0,0.0,0.0,0.0,0.0,0.0,0.0,0.0,0.0,0.0,0.0,0.0,0.0,0.0,0.0,0.0,0.0,0.0,0.0,0.0,0.0,0.0,0.0,0.0,0.0,0.0,0.0,0.0,0.0,0.0,0.0,0.0,0.0,0.0,0.0,0.0,0.0,0.0,0.0,0.0,0.0,0.0,0.0,0.0,0.0,0.0,0.0,0.0,0.00119352,0.078845,0.442318,0.241088,0.110294,0.0132278,0.00191322,0.00116669,0.0,0.00754969,0.0206628,0.0,0.00993272,0.0,0.283456,0.0,0.0,0.0,0.0
0.0,0.0,3.3395e-05,0.189597,0.0,0.0,0.0,0.0,0.0,0.0,0.00155182,0.0,0.0,3.66355e-05,0.000148008,0.0,8.87142e-05,0.000426899,0.0,0.0,0.0,0.0,0.0,0.0,0.0,0.0,0.0410828,0.0,0.0,0.136597,0.412149,0.0,0.0349265,0.009837,0.0,0.0567117,0.0,0.0,0.0,0.0,1.77926e-19,0.0,0.00033047,2.23018e-05,9.07688e-05,0.0,0.0,0.0,0.0,0.0,0.0,0.0,0.0,0.0,0.0,0.0,0.0,0.0,0.0,0.0,0.0,0.0,0.0,0.0,0.0,0.0,0.0,0.0,0.0,0.0,0.0,0.0,0.0,0.0,0.0,0.0,0.0,0.0,0.0,0.0,0.0,0.0,0.0,0.0,0.0,0.0,0.0,0.0,0.0,0.0,0.0,0.0,0.0,0.0,0.0,0.00119284,0.0789234,0.44226,0.241,0.110244,0.0128274,0.00153858,0.00116156,0.0,0.00751966,0.0206499,0.0,0.00992938,0.0,0.283349,0.0,0.0,0.0,0.0
0.0,0.0,3.24592e-05,0.18793,0.0,0.0,0.0,0.0,0.0,0.0,0.00151288,0.0,0.0,3.55736e-05,0.000144017,0.0,8.70521e-05,0.000422904,0.0,0.0,0.0,0.0,0.0,0.0,0.0,0.0,0.040967,0.0,0.0,0.136328,0.411473,0.0,0.0344402,0.0097749,0.0,0.0566526,0.0,0.0,0.0,0.0,1.74886e-19,0.0,0.000325271,2.19478e-05,8.92125e-05,0.0,0.0,0.0,0.0,0.0,0.0,0.0,0.0,0.0,0.0,0.0,0.0,0.0,0.0,0.0,0.0,0.0,0.0,0.0,0.0,0.0,0.0,0.0,0.0,0.0,0.0,0.0,0.0,0.0,0.0,0.0,0.0,0.0,0.0,0.0,0.0,0.0,0.0,0.0,0.0,0.0,0.0,0.0,0.0,0.0,0.0,0.0,0.0,0.0,0.0,0.00119219,0.0790006,0.442206,0.24091,0.110194,0.0124277,0.0011635,0.00115648,0.0,0.00748955,0.0206369,0.0,0.00992599,0.0,0.283242,0.0,0.0,0.0,0.0
0.0,0.0,3.16868e-05,0.186616,0.0,0.0,0.0,0.0,0.0,0.0,0.00148093,0.0,0.0,3.47567e-05,0.000140665,0.0,8.55518e-05,0.000419765,0.0,0.0,0.0,0.0,0.0,0.0,0.0,0.0,0.0408848,0.0,0.0,0.136137,0.410993,0.0,0.0340962,0.00973054,0.0,0.0566106,0.0,0.0,0.0,0.0,1.7272e-19,0.0,0.000321535,2.16725e-05,8.80842e-05,0.0,0.0,0.0,0.0,0.0,0.0,0.0,0.0,0.0,0.0,0.0,0.0,0.0,0.0,0.0,0.0,0.0,0.0,0.0,0.0,0.0,0.0,0.0,0.0,0.0,0.0,0.0,0.0,0.0,0.0,0.0,0.0,0.0,0.0,0.0,0.0,0.0,0.0,0.0,0.0,0.0,0.0,0.0,0.0,0.0,0.0,0.0,0.0,0.0,0.0,0.00119059,0.0790071,0.442027,0.240596,0.110048,0.012297,0.00105332,0.00115356,0.0,0.00747188,0.0206083,0.0,0.00991317,0.0,0.282873,0.0,0.0,0.0,0.0
0.0,0.0,3.09137e-05,0.185301,0.0,0.0,0.0,0.0,0.0,0.0,0.00144864,0.0,0.0,3.38989e-05,0.000137312,0.0,8.4133e-05,0.000416626,0.0,0.0,0.0,0.0,0.0,0.0,0.0,0.0,0.0408026,0.0,0.0,0.135947,0.410513,0.0,0.0337519,0.00968614,0.0,0.0565682,0.0,0.0,0.0,0.0,1.70562e-19,0.0,0.000317839,2.13971e-05,8.70337e-05,0.0,0.0,0.0,0.0,0.0,0.0,0.0,0.0,0.0,0.0,0.0,0.0,0.0,0.0,0.0,0.0,0.0,0.0,0.0,0.0,0.0,0.0,0.0,0.0,0.0,0.0,0.0,0.0,0.0,0.0,0.0,0.0,0.0,0.0,0.0,0.0,0.0,0.0,0.0,0.0,0.0,0.0,0.0,0.0,0.0,0.0,0.0,0.0,0.0,0.0,0.00118896,0.0791973,0.443219,0.240281,0.109902,0.0121654,0.000943054,0.00115069,0.0,0.00745412,0.02058,0.0,0.00990031,0.0,0.282502,0.0,0.0,0.0,0.0
0.0,0.0,3.01408e-05,0.183988,0.0,0.0,0.0,0.0,0.0,0.0,0.00141653,0.0,0.0,3.30005e-05,0.000134,0.0,8.27954e-05,0.000413487,0.0,0.0,0.0,0.0,0.0,0.0,0.0,0.0,0.0407206,0.0,0.0,0.135757,0.410034,0.0,0.0334078,0.00964243,0.0,0.0565271,0.0,0.0,0.0,0.0,1.68406e-19,0.0,0.000314102,2.11218e-05,8.59054e-05,0.0,0.0,0.0,0.0,0.0,0.0,0.0,0.0,0.0,0.0,0.0,0.0,0.0,0.0,0.0,0.0,0.0,0.0,0.0,0.0,0.0,0.0,0.0,0.0,0.0,0.0,0.0,0.0,0.0,0.0,0.0,0.0,0.0,0.0,0.0,0.0,0.0,0.0,0.0,0.0,0.0,0.0,0.0,0.0,0.0,0.0,0.0,0.0,0.0,0.0,0.00118736,0.0793873,0.444409,0.239967,0.109756,0.0120341,0.000832869,0.00114781,0.0,0.00743637,0.0205513,0.0,0.00988749,0.0,0.282133,0.0,0.0,0.0,0.0
0.0,0.0,2.92867e-05,0.182673,0.0,0.0,0.0,0.0,0.0,0.0,0.00138432,0.0,0.0,3.21427e-05,0.000130767,0.0,8.13358e-05,0.000410063,0.0,0.0,0.0,0.0,0.0,0.0,0.0,0.0,0.0406384,0.0,0.0,0.135566,0.409554,0.0,0.0330638,0.00959803,0.0,0.056485,0.0,0.0,0.0,0.0,1.66248e-19,0.0,0.000310406,2.08465e-05,8.48161e-05,0.0,0.0,0.0,0.0,0.0,0.0,0.0,0.0,0.0,0.0,0.0,0.0,0.0,0.0,0.0,0.0,0.0,0.0,0.0,0.0,0.0,0.0,0.0,0.0,0.0,0.0,0.0,0.0,0.0,0.0,0.0,0.0,0.0,0.0,0.0,0.0,0.0,0.0,0.0,0.0,0.0,0.0,0.0,0.0,0.0,0.0,0.0,0.0,0.0,0.0,0.00118576,0.0795776,0.445601,0.239653,0.109609,0.0119035,0.000722605,0.00114494,0.0,0.00741869,0.0205228,0.0,0.00987494,0.0,0.281763,0.0,0.0,0.0,0.0
0.0,0.0,2.85546e-05,0.181359,0.0,0.0,0.0,0.0,0.0,0.0,0.00135225,0.0,0.0,3.12443e-05,0.000127415,0.0,7.9917e-05,0.000406924,0.0,0.0,0.0,0.0,0.0,0.0,0.0,0.0,0.0405559,0.0,0.0,0.135377,0.409074,0.0,0.0327197,0.00955429,0.0,0.056443,0.0,0.0,0.0,0.0,1.6408e-19,0.0,0.000306669,2.05712e-05,8.36878e-05,0.0,0.0,0.0,0.0,0.0,0.0,0.0,0.0,0.0,0.0,0.0,0.0,0.0,0.0,0.0,0.0,0.0,0.0,0.0,0.0,0.0,0.0,0.0,0.0,0.0,0.0,0.0,0.0,0.0,0.0,0.0,0.0,0.0,0.0,0.0,0.0,0.0,0.0,0.0,0.0,0.0,0.0,0.0,0.0,0.0,0.0,0.0,0.0,0.0,0.0,0.00118412,0.0797676,0.446792,0.239339,0.109463,0.0117722,0.000612419,0.00114206,0.0,0.0074011,0.0204947,0.0,0.00986212,0.0,0.281393,0.0,0.0,0.0,0.0
0.0,0.0,2.77e-05,0.180046,0.0,0.0,0.0,0.0,0.0,0.0,0.00132013,0.0,0.0,3.03865e-05,0.000124062,0.0,7.8498e-05,0.000403785,0.0,0.0,0.0,0.0,0.0,0.0,0.0,0.0,0.0404733,0.0,0.0,0.135186,0.408596,0.0,0.0323754,0.00950988,0.0,0.0564013,0.0,0.0,0.0,0.0,1.61934e-19,0.0,0.000302973,2.02958e-05,8.25984e-05,0.0,0.0,0.0,0.0,0.0,0.0,0.0,0.0,0.0,0.0,0.0,0.0,0.0,0.0,0.0,0.0,0.0,0.0,0.0,0.0,0.0,0.0,0.0,0.0,0.0,0.0,0.0,0.0,0.0,0.0,0.0,0.0,0.0,0.0,0.0,0.0,0.0,0.0,0.0,0.0,0.0,0.0,0.0,0.0,0.0,0.0,0.0,0.0,0.0,0.0,0.00118252,0.079957,0.447983,0.239026,0.109318,0.0116409,0.000502194,0.00113918,0.0,0.00738339,0.0204661,0.0,0.00984926,0.0,0.281024,0.0,0.0,0.0,0.0
0.0,0.0,2.69276e-05,0.178731,0.0,0.0,0.0,0.0,0.0,0.0,0.00128801,0.0,0.0,2.95697e-05,0.000120749,0.0,7.70792e-05,0.000400646,0.0,0.0,0.0,0.0,0.0,0.0,0.0,0.0,0.0403917,0.0,0.0,0.134996,0.408116,0.0,0.0320307,0.00946552,0.0,0.0563595,0.0,0.0,0.0,0.0,1.59766e-19,0.0,0.000299236,2.00598e-05,8.1509e-05,0.0,0.0,0.0,0.0,0.0,0.0,0.0,0.0,0.0,0.0,0.0,0.0,0.0,0.0,0.0,0.0,0.0,0.0,0.0,0.0,0.0,0.0,0.0,0.0,0.0,0.0,0.0,0.0,0.0,0.0,0.0,0.0,0.0,0.0,0.0,0.0,0.0,0.0,0.0,0.0,0.0,0.0,0.0,0.0,0.0,0.0,0.0,0.0,0.0,0.0,0.00118088,0.0801475,0.449172,0.238713,0.109171,0.0115105,0.00039197,0.00113631,0.0,0.00736571,0.0204377,0.0,0.0098364,0.0,0.280655,0.0,0.0,0.0,0.0
0.0,0.0,2.61954e-05,0.177417,0.0,0.0,0.0,0.0,0.0,0.0,0.00125581,0.0,0.0,2.87121e-05,0.000117396,0.0,7.56604e-05,0.000397507,0.0,0.0,0.0,0.0,0.0,0.0,0.0,0.0,0.0403095,0.0,0.0,0.134806,0.407638,0.0,0.0316867,0.00942174,0.0,0.0563175,0.0,0.0,0.0,0.0,1.57619e-19,0.0,0.000295581,1.97845e-05,8.04196e-05,0.0,0.0,0.0,0.0,0.0,0.0,0.0,0.0,0.0,0.0,0.0,0.0,0.0,0.0,0.0,0.0,0.0,0.0,0.0,0.0,0.0,0.0,0.0,0.0,0.0,0.0,0.0,0.0,0.0,0.0,0.0,0.0,0.0,0.0,0.0,0.0,0.0,0.0,0.0,0.0,0.0,0.0,0.0,0.0,0.0,0.0,0.0,0.0,0.0,0.0,0.00117929,0.0803372,0.450364,0.238398,0.109025,0.0113795,0.000281667,0.00113339,0.0,0.00734804,0.0204091,0.0,0.00982358,0.0,0.280285,0.0,0.0,0.0,0.0
0.0,0.0,2.53406e-05,0.176103,0.0,0.0,0.0,0.0,0.0,0.0,0.00122373,0.0,0.0,2.78135e-05,0.000114125,0.0,7.41602e-05,0.000394368,0.0,0.0,0.0,0.0,0.0,0.0,0.0,0.0,0.0402269,0.0,0.0,0.134616,0.407157,0.0,0.0313423,0.00937738,0.0,0.0562757,0.0,0.0,0.0,0.0,1.55452e-19,0.0,0.000291844,1.95092e-05,7.92913e-05,0.0,0.0,0.0,0.0,0.0,0.0,0.0,0.0,0.0,0.0,0.0,0.0,0.0,0.0,0.0,0.0,0.0,0.0,0.0,0.0,0.0,0.0,0.0,0.0,0.0,0.0,0.0,0.0,0.0,0.0,0.0,0.0,0.0,0.0,0.0,0.0,0.0,0.0,0.0,0.0,0.0,0.0,0.0,0.0,0.0,0.0,0.0,0.0,0.0,0.0,0.00117769,0.0805266,0.451555,0.238084,0.108879,0.0112488,0.000171443,0.00113056,0.0,0.00733036,0.020381,0.0,0.00981072,0.0,0.279915,0.0,0.0,0.0,0.0
0.0,0.0,2.45277e-05,0.174789,0.0,0.0,0.0,0.0,0.0,0.0,0.00119153,0.0,0.0,2.69559e-05,0.000110772,0.0,7.27414e-05,0.000390944,0.0,0.0,0.0,0.0,0.0,0.0,0.0,0.0,0.0401447,0.0,0.0,0.134426,0.406679,0.0,0.0309983,0.00933328,0.0,0.056234,0.0,0.0,0.0,0.0,1.53294e-19,0.0,0.000288148,1.92338e-05,7.8202e-05,0.0,0.0,0.0,0.0,0.0,0.0,0.0,0.0,0.0,0.0,0.0,0.0,0.0,0.0,0.0,0.0,0.0,0.0,0.0,0.0,0.0,0.0,0.0,0.0,0.0,0.0,0.0,0.0,0.0,0.0,0.0,0.0,0.0,0.0,0.0,0.0,0.0,0.0,0.0,0.0,0.0,0.0,0.0,0.0,0.0,0.0,0.0,0.0,0.0,0.0,0.00117605,0.0807163,0.452746,0.23777,0.108733,0.0111175,6.12573e-05,0.00112768,0.0,0.00731273,0.0203524,0.0,0.0097979,0.0,0.279545,0.0,0.0,0.0,0.0
0.0,0.0,2.39992e-05,0.173828,0.0,0.0,0.0,0.0,0.0,0.0,0.00116631,0.0,0.0,2.62614e-05,0.000108138,0.0,7.16064e-05,0.000388661,0.0,0.0,0.0,0.0,0.0,0.0,0.0,0.0,0.0400965,0.0,0.0,0.134314,0.406398,0.0,0.0307964,0.00930723,0.0,0.0562096,0.0,0.0,0.0,0.0,1.52029e-19,0.0,0.000285955,1.90765e-05,7.75406e-05,0.0,0.0,0.0,0.0,0.0,0.0,0.0,0.0,0.0,0.0,0.0,0.0,0.0,0.0,0.0,0.0,0.0,0.0,0.0,0.0,0.0,0.0,0.0,0.0,0.0,0.0,0.0,0.0,0.0,0.0,0.0,0.0,0.0,0.0,0.0,0.0,0.0,0.0,0.0,0.0,0.0,0.0,0.0,0.0,0.0,0.0,0.0,0.0,0.0,0.0,0.00117481,0.0809258,0.454167,0.237523,0.10862,0.0111058,6.12193e-05,0.00112649,0.0,0.00730502,0.0203313,0.0,0.00978782,0.0,0.279255,0.0,0.0,0.0,0.0
0.0,0.0,2.33072e-05,0.172867,0.0,0.0,0.0,0.0,0.0,0.0,0.00114088,0.0,0.0,2.55672e-05,0.000105504,0.0,7.05116e-05,0.000386378,0.0,0.0,0.0,0.0,0.0,0.0,0.0,0.0,0.0400481,0.0,0.0,0.134202,0.406114,0.0,0.0305942,0.00928145,0.0,0.056185,0.0,0.0,0.0,0.0,1.50764e-19,0.0,0.000283762,1.89192e-05,7.69181e-05,0.0,0.0,0.0,0.0,0.0,0.0,0.0,0.0,0.0,0.0,0.0,0.0,0.0,0.0,0.0,0.0,0.0,0.0,0.0,0.0,0.0,0.0,0.0,0.0,0.0,0.0,0.0,0.0,0.0,0.0,0.0,0.0,0.0,0.0,0.0,0.0,0.0,0.0,0.0,0.0,0.0,0.0,0.0,0.0,0.0,0.0,0.0,0.0,0.0,0.0,0.00117361,0.0810728,0.455197,0.237276,0.108507,0.0110941,6.11432e-05,0.00112533,0.0,0.00729751,0.0203098,0.0,0.0097774,0.0,0.278965,0.0,0.0,0.0,0.0
0.0,0.0,2.26973e-05,0.171907,0.0,0.0,0.0,0.0,0.0,0.0,0.00111558,0.0,0.0,2.49137e-05,0.00010287,0.0,6.93361e-05,0.000384095,0.0,0.0,0.0,0.0,0.0,0.0,0.0,0.0,0.0400002,0.0,0.0,0.13409,0.405835,0.0,0.0303921,0.00925572,0.0,0.0561603,0.0,0.0,0.0,0.0,1.49499e-19,0.0,0.000281609,1.87618e-05,7.62566e-05,0.0,0.0,0.0,0.0,0.0,0.0,0.0,0.0,0.0,0.0,0.0,0.0,0.0,0.0,0.0,0.0,0.0,0.0,0.0,0.0,0.0,0.0,0.0,0.0,0.0,0.0,0.0,0.0,0.0,0.0,0.0,0.0,0.0,0.0,0.0,0.0,0.0,0.0,0.0,0.0,0.0,0.0,0.0,0.0,0.0,0.0,0.0,0.0,0.0,0.0,0.00117242,0.0812207,0.456225,0.237029,0.108394,0.0110824,6.10671e-05,0.00112422,0.0,0.00728984,0.0202887,0.0,0.00976732,0.0,0.278675,0.0,0.0,0.0,0.0
0.0,0.0,2.21281e-05,0.170946,0.0,0.0,0.0,0.0,0.0,0.0,0.00109019,0.0,0.0,2.42193e-05,0.000100236,0.0,6.83227e-05,0.000381812,0.0,0.0,0.0,0.0,0.0,0.0,0.0,0.0,0.0399512,0.0,0.0,0.133979,0.405552,0.0,0.03019,0.00922963,0.0,0.0561359,0.0,0.0,0.0,0.0,1.48233e-19,0.0,0.000279416,1.86045e-05,7.55952e-05,0.0,0.0,0.0,0.0,0.0,0.0,0.0,0.0,0.0,0.0,0.0,0.0,0.0,0.0,0.0,0.0,0.0,0.0,0.0,0.0,0.0,0.0,0.0,0.0,0.0,0.0,0.0,0.0,0.0,0.0,0.0,0.0,0.0,0.0,0.0,0.0,0.0,0.0,0.0,0.0,0.0,0.0,0.0,0.0,0.0,0.0,0.0,0.0,0.0,0.0,0.00117118,0.0813679,0.457254,0.236783,0.108281,0.011071,6.1029e-05,0.00112298,0.0,0.00728229,0.0202679,0.0,0.00975724,0.0,0.278385,0.0,0.0,0.0,0.0
0.0,0.0,2.13953e-05,0.169985,0.0,0.0,0.0,0.0,0.0,0.0,0.00106481,0.0,0.0,2.35658e-05,9.76426e-05,0.0,6.7147e-05,0.000379529,0.0,0.0,0.0,0.0,0.0,0.0,0.0,0.0,0.039903,0.0,0.0,0.133867,0.405272,0.0,0.0299878,0.00920389,0.0,0.0561113,0.0,0.0,0.0,0.0,1.46957e-19,0.0,0.000277263,1.84472e-05,7.49338e-05,0.0,0.0,0.0,0.0,0.0,0.0,0.0,0.0,0.0,0.0,0.0,0.0,0.0,0.0,0.0,0.0,0.0,0.0,0.0,0.0,0.0,0.0,0.0,0.0,0.0,0.0,0.0,0.0,0.0,0.0,0.0,0.0,0.0,0.0,0.0,0.0,0.0,0.0,0.0,0.0,0.0,0.0,0.0,0.0,0.0,0.0,0.0,0.0,0.0,0.0,0.00116994,0.0815152,0.458284,0.236535,0.108168,0.0110596,6.0953e-05,0.00112183,0.0,0.00727469,0.0202471,0.0,0.00974716,0.0,0.278095,0.0,0.0,0.0,0.0
0.0,0.0,2.08264e-05,0.169024,0.0,0.0,0.0,0.0,0.0,0.0,0.00103942,0.0,0.0,2.28716e-05,9.49666e-05,0.0,6.59712e-05,0.000376961,0.0,0.0,0.0,0.0,0.0,0.0,0.0,0.0,0.0398554,0.0,0.0,0.133756,0.404991,0.0,0.0297859,0.00917784,0.0,0.0560869,0.0,0.0,0.0,0.0,1.45703e-19,0.0,0.00027507,1.82898e-05,7.43502e-05,0.0,0.0,0.0,0.0,0.0,0.0,0.0,0.0,0.0,0.0,0.0,0.0,0.0,0.0,0.0,0.0,0.0,0.0,0.0,0.0,0.0,0.0,0.0,0.0,0.0,0.0,0.0,0.0,0.0,0.0,0.0,0.0,0.0,0.0,0.0,0.0,0.0,0.0,0.0,0.0,0.0,0.0,0.0,0.0,0.0,0.0,0.0,0.0,0.0,0.0,0.00116871,0.0816625,0.459311,0.23629,0.108055,0.0110479,6.08769e-05,0.00112064,0.0,0.00726706,0.0202257,0.0,0.00973677,0.0,0.277804,0.0,0.0,0.0,0.0
0.0,0.0,2.02975e-05,0.168063,0.0,0.0,0.0,0.0,0.0,0.0,0.00101412,0.0,0.0,2.21366e-05,9.23732e-05,0.0,6.49174e-05,0.000374678,0.0,0.0,0.0,0.0,0.0,0.0,0.0,0.0,0.0398067,0.0,0.0,0.133643,0.404708,0.0,0.0295835,0.00915206,0.0,0.0560619,0.0,0.0,0.0,0.0,1.44417e-19,0.0,0.000272877,1.81325e-05,7.36888e-05,0.0,0.0,0.0,0.0,0.0,0.0,0.0,0.0,0.0,0.0,0.0,0.0,0.0,0.0,0.0,0.0,0.0,0.0,0.0,0.0,0.0,0.0,0.0,0.0,0.0,0.0,0.0,0.0,0.0,0.0,0.0,0.0,0.0,0.0,0.0,0.0,0.0,0.0,0.0,0.0,0.0,0.0,0.0,0.0,0.0,0.0,0.0,0.0,0.0,0.0,0.00116751,0.0818097,0.460339,0.236043,0.107943,0.0110368,6.08008e-05,0.00111952,0.0,0.00725951,0.0202045,0.0,0.00972665,0.0,0.277514,0.0,0.0,0.0,0.0
0.0,0.0,1.95648e-05,0.167102,0.0,0.0,0.0,0.0,0.0,0.0,0.000988653,0.0,0.0,2.14829e-05,8.97798e-05,0.0,6.37416e-05,0.000372395,0.0,0.0,0.0,0.0,0.0,0.0,0.0,0.0,0.0397585,0.0,0.0,0.133532,0.404427,0.0,0.0293816,0.00912602,0.0,0.0560372,0.0,0.0,0.0,0.0,1.43162e-19,0.0,0.000270724,1.79752e-05,7.29885e-05,0.0,0.0,0.0,0.0,0.0,0.0,0.0,0.0,0.0,0.0,0.0,0.0,0.0,0.0,0.0,0.0,0.0,0.0,0.0,0.0,0.0,0.0,0.0,0.0,0.0,0.0,0.0,0.0,0.0,0.0,0.0,0.0,0.0,0.0,0.0,0.0,0.0,0.0,0.0,0.0,0.0,0.0,0.0,0.0,0.0,0.0,0.0,0.0,0.0,0.0,0.00116627,0.0819573,0.461367,0.235795,0.107831,0.0110251,6.07627e-05,0.00111833,0.0,0.00725192,0.0201833,0.0,0.00971657,0.0,0.277225,0.0,0.0,0.0,0.0
0.0,0.0,1.89553e-05,0.166141,0.0,0.0,0.0,0.0,0.0,0.0,0.000963391,0.0,0.0,2.07887e-05,8.71455e-05,0.0,6.25659e-05,0.000370112,0.0,0.0,0.0,0.0,0.0,0.0,0.0,0.0,0.03971,0.0,0.0,0.133421,0.404145,0.0,0.0291795,0.00910024,0.0,0.0560131,0.0,0.0,0.0,0.0,1.41887e-19,0.0,0.00026849,1.77785e-05,7.2366e-05,0.0,0.0,0.0,0.0,0.0,0.0,0.0,0.0,0.0,0.0,0.0,0.0,0.0,0.0,0.0,0.0,0.0,0.0,0.0,0.0,0.0,0.0,0.0,0.0,0.0,0.0,0.0,0.0,0.0,0.0,0.0,0.0,0.0,0.0,0.0,0.0,0.0,0.0,0.0,0.0,0.0,0.0,0.0,0.0,0.0,0.0,0.0,0.0,0.0,0.0,0.00116503,0.0821037,0.462396,0.235549,0.107717,0.0110134,6.06866e-05,0.00111713,0.0,0.00724429,0.0201621,0.0,0.00970649,0.0,0.276934,0.0,0.0,0.0,0.0
0.0,0.0,1.83855e-05,0.165181,0.0,0.0,0.0,0.0,0.0,0.0,0.000937882,0.0,0.0,2.01352e-05,8.45118e-05,0.0,6.15525e-05,0.000367829,0.0,0.0,0.0,0.0,0.0,0.0,0.0,0.0,0.0396622,0.0,0.0,0.133308,0.403863,0.0,0.0289773,0.00907419,0.0,0.0559885,0.0,0.0,0.0,0.0,1.40621e-19,0.0,0.000266337,1.76212e-05,7.17435e-05,0.0,0.0,0.0,0.0,0.0,0.0,0.0,0.0,0.0,0.0,0.0,0.0,0.0,0.0,0.0,0.0,0.0,0.0,0.0,0.0,0.0,0.0,0.0,0.0,0.0,0.0,0.0,0.0,0.0,0.0,0.0,0.0,0.0,0.0,0.0,0.0,0.0,0.0,0.0,0.0,0.0,0.0,0.0,0.0,0.0,0.0,0.0,0.0,0.0,0.0,0.00116388,0.0822513,0.463425,0.235302,0.107604,0.011002,6.06105e-05,0.00111598,0.0,0.00723682,0.0201408,0.0,0.00969611,0.0,0.276644,0.0,0.0,0.0,0.0
0.0,0.0,1.81006e-05,0.165137,0.0,0.0,0.0,0.0,0.0,0.0,0.00092972,0.0,0.0,1.99309e-05,8.36735e-05,0.0,6.11471e-05,0.000367544,0.0,0.0,0.0,0.0,0.0,0.0,0.0,0.0,0.0396478,0.0,0.0,0.133276,0.403782,0.0,0.0289183,0.00906642,0.0,0.0559812,0.0,0.0,0.0,0.0,1.40258e-19,0.0,0.000265688,1.75818e-05,7.1549e-05,0.0,0.0,0.0,0.0,0.0,0.0,0.0,0.0,0.0,0.0,0.0,0.0,0.0,0.0,0.0,0.0,0.0,0.0,0.0,0.0,0.0,0.0,0.0,0.0,0.0,0.0,0.0,0.0,0.0,0.0,0.0,0.0,0.0,0.0,0.0,0.0,0.0,0.0,0.0,0.0,0.0,0.0,0.0,0.0,0.0,0.0,0.0,0.0,0.0,0.0,0.00116356,0.0824559,0.46478,0.235241,0.107577,0.010999,6.06105e-05,0.00111566,0.0,0.00723483,0.0201358,0.0,0.00969363,0.0,0.276572,0.0,0.0,0.0,0.0
0.0,0.0,1.79381e-05,0.165092,0.0,0.0,0.0,0.0,0.0,0.0,0.000921355,0.0,0.0,1.9686e-05,8.27948e-05,0.0,6.07417e-05,0.000367544,0.0,0.0,0.0,0.0,0.0,0.0,0.0,0.0,0.039634,0.0,0.0,0.133244,0.4037,0.0,0.0288589,0.00905899,0.0,0.0559738,0.0,0.0,0.0,0.0,1.39874e-19,0.0,0.000265078,1.75425e-05,7.13544e-05,0.0,0.0,0.0,0.0,0.0,0.0,0.0,0.0,0.0,0.0,0.0,0.0,0.0,0.0,0.0,0.0,0.0,0.0,0.0,0.0,0.0,0.0,0.0,0.0,0.0,0.0,0.0,0.0,0.0,0.0,0.0,0.0,0.0,0.0,0.0,0.0,0.0,0.0,0.0,0.0,0.0,0.0,0.0,0.0,0.0,0.0,0.0,0.0,0.0,0.0,0.00116324,0.0825072,0.465041,0.23518,0.107548,0.0109963,6.06105e-05,0.00111542,0.0,0.00723304,0.0201307,0.0,0.0096912,0.0,0.2765,0.0,0.0,0.0,0.0
0.0,0.0,1.76939e-05,0.165047,0.0,0.0,0.0,0.0,0.0,0.0,0.000913111,0.0,0.0,1.94e-05,8.19162e-05,0.0,6.0377e-05,0.000367544,0.0,0.0,0.0,0.0,0.0,0.0,0.0,0.0,0.0396196,0.0,0.0,0.133211,0.403617,0.0,0.0288002,0.00905122,0.0,0.0559671,0.0,0.0,0.0,0.0,1.39511e-19,0.0,0.000264428,1.75032e-05,7.11599e-05,0.0,0.0,0.0,0.0,0.0,0.0,0.0,0.0,0.0,0.0,0.0,0.0,0.0,0.0,0.0,0.0,0.0,0.0,0.0,0.0,0.0,0.0,0.0,0.0,0.0,0.0,0.0,0.0,0.0,0.0,0.0,0.0,0.0,0.0,0.0,0.0,0.0,0.0,0.0,0.0,0.0,0.0,0.0,0.0,0.0,0.0,0.0,0.0,0.0,0.0,0.00116292,0.0825585,0.465303,0.235118,0.10752,0.0109936,6.05725e-05,0.00111514,0.0,0.00723117,0.0201255,0.0,0.00968876,0.0,0.276428,0.0,0.0,0.0,0.0
0.0,0.0,1.75718e-05,0.165002,0.0,0.0,0.0,0.0,0.0,0.0,0.000904784,0.0,0.0,1.92774e-05,8.10795e-05,0.0,5.99714e-05,0.000367259,0.0,0.0,0.0,0.0,0.0,0.0,0.0,0.0,0.0396055,0.0,0.0,0.133178,0.403534,0.0,0.0287408,0.00904376,0.0,0.0559601,0.0,0.0,0.0,0.0,1.39148e-19,0.0,0.000263819,1.74638e-05,7.09654e-05,0.0,0.0,0.0,0.0,0.0,0.0,0.0,0.0,0.0,0.0,0.0,0.0,0.0,0.0,0.0,0.0,0.0,0.0,0.0,0.0,0.0,0.0,0.0,0.0,0.0,0.0,0.0,0.0,0.0,0.0,0.0,0.0,0.0,0.0,0.0,0.0,0.0,0.0,0.0,0.0,0.0,0.0,0.0,0.0,0.0,0.0,0.0,0.0,0.0,0.0,0.00116264,0.0826094,0.465564,0.235058,0.107492,0.0109906,6.05725e-05,0.00111478,0.0,0.0072293,0.0201202,0.0,0.00968629,0.0,0.276357,0.0,0.0,0.0,0.0
0.0,0.0,1.72875e-05,0.164959,0.0,0.0,0.0,0.0,0.0,0.0,0.000896336,0.0,0.0,1.89916e-05,8.01611e-05,0.0,5.96471e-05,0.000367259,0.0,0.0,0.0,0.0,0.0,0.0,0.0,0.0,0.0395908,0.0,0.0,0.133146,0.403453,0.0,0.0286818,0.00903603,0.0,0.0559525,0.0,0.0,0.0,0.0,1.38764e-19,0.0,0.000263169,1.74245e-05,7.07708e-05,0.0,0.0,0.0,0.0,0.0,0.0,0.0,0.0,0.0,0.0,0.0,0.0,0.0,0.0,0.0,0.0,0.0,0.0,0.0,0.0,0.0,0.0,0.0,0.0,0.0,0.0,0.0,0.0,0.0,0.0,0.0,0.0,0.0,0.0,0.0,0.0,0.0,0.0,0.0,0.0,0.0,0.0,0.0,0.0,0.0,0.0,0.0,0.0,0.0,0.0,0.00116232,0.0826607,0.465826,0.234997,0.107465,0.0109873,6.05344e-05,0.0011145,0.0,0.00722743,0.0201151,0.0,0.00968355,0.0,0.276285,0.0,0.0,0.0,0.0
0.0,0.0,1.71244e-05,0.164914,0.0,0.0,0.0,0.0,0.0,0.0,0.00088797,0.0,0.0,1.87465e-05,7.93228e-05,0.0,5.92822e-05,0.000367259,0.0,0.0,0.0,0.0,0.0,0.0,0.0,0.0,0.0395776,0.0,0.0,0.133112,0.403371,0.0,0.0286224,0.00902856,0.0,0.0559449,0.0,0.0,0.0,0.0,1.38401e-19,0.0,0.000262519,1.73458e-05,7.06152e-05,0.0,0.0,0.0,0.0,0.0,0.0,0.0,0.0,0.0,0.0,0.0,0.0,0.0,0.0,0.0,0.0,0.0,0.0,0.0,0.0,0.0,0.0,0.0,0.0,0.0,0.0,0.0,0.0,0.0,0.0,0.0,0.0,0.0,0.0,0.0,0.0,0.0,0.0,0.0,0.0,0.0,0.0,0.0,0.0,0.0,0.0,0.0,0.0,0.0,0.0,0.001162,0.0827114,0.466088,0.234937,0.107437,0.0109849,6.05344e-05,0.00111423,0.0,0.00722549,0.0201098,0.0,0.00968112,0.0,0.276213,0.0,0.0,0.0,0.0
0.0,0.0,1.69212e-05,0.164869,0.0,0.0,0.0,0.0,0.0,0.0,0.000879725,0.0,0.0,1.85424e-05,7.84442e-05,0.0,5.89174e-05,0.000366973,0.0,0.0,0.0,0.0,0.0,0.0,0.0,0.0,0.0395629,0.0,0.0,0.13308,0.403287,0.0,0.0285634,0.00902083,0.0,0.0559385,0.0,0.0,0.0,0.0,1.38028e-19,0.0,0.00026191,1.73065e-05,7.03818e-05,0.0,0.0,0.0,0.0,0.0,0.0,0.0,0.0,0.0,0.0,0.0,0.0,0.0,0.0,0.0,0.0,0.0,0.0,0.0,0.0,0.0,0.0,0.0,0.0,0.0,0.0,0.0,0.0,0.0,0.0,0.0,0.0,0.0,0.0,0.0,0.0,0.0,0.0,0.0,0.0,0.0,0.0,0.0,0.0,0.0,0.0,0.0,0.0,0.0,0.0,0.00116176,0.0827627,0.46635,0.234875,0.10741,0.0109822,6.05344e-05,0.00111399,0.0,0.0072237,0.0201046,0.0,0.00967864,0.0,0.276142,0.0,0.0,0.0,0.0
0.0,0.0,1.67586e-05,0.164825,0.0,0.0,0.0,0.0,0.0,0.0,0.000871318,0.0,0.0,1.82973e-05,7.76068e-05,0.0,5.85119e-05,0.000366973,0.0,0.0,0.0,0.0,0.0,0.0,0.0,0.0,0.0395485,0.0,0.0,0.133047,0.403204,0.0,0.0285043,0.00901336,0.0,0.0559309,0.0,0.0,0.0,0.0,1.37655e-19,0.0,0.00026126,1.72672e-05,7.02261e-05,0.0,0.0,0.0,0.0,0.0,0.0,0.0,0.0,0.0,0.0,0.0,0.0,0.0,0.0,0.0,0.0,0.0,0.0,0.0,0.0,0.0,0.0,0.0,0.0,0.0,0.0,0.0,0.0,0.0,0.0,0.0,0.0,0.0,0.0,0.0,0.0,0.0,0.0,0.0,0.0,0.0,0.0,0.0,0.0,0.0,0.0,0.0,0.0,0.0,0.0,0.00116144,0.0828142,0.466612,0.234814,0.107381,0.0109792,6.04964e-05,0.00111367,0.0,0.00722175,0.0200991,0.0,0.00967621,0.0,0.276071,0.0,0.0,0.0,0.0
0.0,0.0,1.65142e-05,0.164781,0.0,0.0,0.0,0.0,0.0,0.0,0.000863197,0.0,0.0,1.80931e-05,7.67685e-05,0.0,5.81472e-05,0.000366688,0.0,0.0,0.0,0.0,0.0,0.0,0.0,0.0,0.0395347,0.0,0.0,0.133015,0.403122,0.0,0.028445,0.00900559,0.0,0.0559239,0.0,0.0,0.0,0.0,1.37292e-19,0.0,0.00026057,1.72278e-05,7.00316e-05,0.0,0.0,0.0,0.0,0.0,0.0,0.0,0.0,0.0,0.0,0.0,0.0,0.0,0.0,0.0,0.0,0.0,0.0,0.0,0.0,0.0,0.0,0.0,0.0,0.0,0.0,0.0,0.0,0.0,0.0,0.0,0.0,0.0,0.0,0.0,0.0,0.0,0.0,0.0,0.0,0.0,0.0,0.0,0.0,0.0,0.0,0.0,0.0,0.0,0.0,0.00116112,0.0828652,0.466873,0.234753,0.107353,0.0109765,6.04964e-05,0.00111339,0.0,0.00721992,0.0200942,0.0,0.00967377,0.0,0.275999,0.0,0.0,0.0,0.0
0.0,0.0,1.62704e-05,0.164736,0.0,0.0,0.0,0.0,0.0,0.0,0.000854545,0.0,0.0,1.78889e-05,7.58909e-05,0.0,5.77822e-05,0.000366688,0.0,0.0,0.0,0.0,0.0,0.0,0.0,0.0,0.0395206,0.0,0.0,0.132983,0.403039,0.0,0.0283859,0.00899812,0.0,0.0559163,0.0,0.0,0.0,0.0,1.36918e-19,0.0,0.000259961,1.71885e-05,6.9876e-05,0.0,0.0,0.0,0.0,0.0,0.0,0.0,0.0,0.0,0.0,0.0,0.0,0.0,0.0,0.0,0.0,0.0,0.0,0.0,0.0,0.0,0.0,0.0,0.0,0.0,0.0,0.0,0.0,0.0,0.0,0.0,0.0,0.0,0.0,0.0,0.0,0.0,0.0,0.0,0.0,0.0,0.0,0.0,0.0,0.0,0.0,0.0,0.0,0.0,0.0,0.00116084,0.0829159,0.467135,0.234692,0.107325,0.0109732,6.04583e-05,0.00111307,0.0,0.00721798,0.0200886,0.0,0.00967134,0.0,0.275927,0.0,0.0,0.0,0.0
0.0,0.0,1.61077e-05,0.164736,0.0,0.0,0.0,0.0,0.0,0.0,0.000848994,0.0,0.0,1.77255e-05,7.52919e-05,0.0,5.75391e-05,0.000366688,0.0,0.0,0.0,0.0,0.0,0.0,0.0,0.0,0.0395112,0.0,0.0,0.13296,0.402987,0.0,0.0283464,0.00899316,0.0,0.0559123,0.0,0.0,0.0,0.0,1.3666e-19,0.0,0.000259514,1.71492e-05,6.97204e-05,0.0,0.0,0.0,0.0,0.0,0.0,0.0,0.0,0.0,0.0,0.0,0.0,0.0,0.0,0.0,0.0,0.0,0.0,0.0,0.0,0.0,0.0,0.0,0.0,0.0,0.0,0.0,0.0,0.0,0.0,0.0,0.0,0.0,0.0,0.0,0.0,0.0,0.0,0.0,0.0,0.0,0.0,0.0,0.0,0.0,0.0,0.0,0.0,0.0,0.0,0.00116072,0.0829814,0.46747,0.234672,0.107317,0.0109726,6.04583e-05,0.00111299,0.0,0.00721751,0.0200873,0.0,0.00967039,0.0,0.275905,0.0,0.0,0.0,0.0
0.0,0.0,1.60262e-05,0.164862,0.0,0.0,0.0,0.0,0.0,0.0,0.000843158,0.0,0.0,1.75622e-05,7.4693e-05,0.0,5.72958e-05,0.000373822,0.0,0.0,0.0,0.0,0.0,0.0,0.0,0.0,0.0395015,0.0,0.0,0.132938,0.402929,0.0,0.0283062,0.00898793,0.0,0.0559068,0.0,0.0,0.0,0.0,1.36421e-19,0.0,0.000259108,1.71098e-05,6.96036e-05,0.0,0.0,0.0,0.0,0.0,0.0,0.0,0.0,0.0,0.0,0.0,0.0,0.0,0.0,0.0,0.0,0.0,0.0,0.0,0.0,0.0,0.0,0.0,0.0,0.0,0.0,0.0,0.0,0.0,0.0,0.0,0.0,0.0,0.0,0.0,0.0,0.0,0.0,0.0,0.0,0.0,0.0,0.0,0.0,0.0,0.0,0.0,0.0,0.0,0.0,0.00116064,0.0830356,0.467567,0.234652,0.107308,0.0109714,6.04583e-05,0.00111291,0.0,0.00721685,0.0200856,0.0,0.00966947,0.0,0.275881,0.0,0.0,0.0,0.0
0.0,0.0,1.59041e-05,0.164988,0.0,0.0,0.0,0.0,0.0,0.0,0.000837527,0.0,0.0,1.74396e-05,7.41348e-05,0.0,5.69714e-05,0.000381241,0.0,0.0,0.0,0.0,0.0,0.0,0.0,0.0,0.0394915,0.0,0.0,0.132916,0.402875,0.0,0.0282666,0.00898297,0.0,0.0559019,0.0,0.0,0.0,0.0,1.36171e-19,0.0,0.000258661,1.70705e-05,6.94869e-05,0.0,0.0,0.0,0.0,0.0,0.0,0.0,0.0,0.0,0.0,0.0,0.0,0.0,0.0,0.0,0.0,0.0,0.0,0.0,0.0,0.0,0.0,0.0,0.0,0.0,0.0,0.0,0.0,0.0,0.0,0.0,0.0,0.0,0.0,0.0,0.0,0.0,0.0,0.0,0.0,0.0,0.0,0.0,0.0,0.0,0.0,0.0,0.0,0.0,0.0,0.00116052,0.0830905,0.467665,0.234633,0.107298,0.0109708,6.04583e-05,0.00111279,0.0,0.00721622,0.0200839,0.0,0.00966887,0.0,0.275858,0.0,0.0,0.0,0.0
0.0,0.0,1.57822e-05,0.165114,0.0,0.0,0.0,0.0,0.0,0.0,0.00083165,0.0,0.0,1.72355e-05,7.3456e-05,0.0,5.67282e-05,0.000388375,0.0,0.0,0.0,0.0,0.0,0.0,0.0,0.0,0.0394827,0.0,0.0,0.132894,0.40282,0.0,0.0282268,0.00897796,0.0,0.0558973,0.0,0.0,0.0,0.0,1.35923e-19,0.0,0.000258255,1.70312e-05,6.93313e-05,0.0,0.0,0.0,0.0,0.0,0.0,0.0,0.0,0.0,0.0,0.0,0.0,0.0,0.0,0.0,0.0,0.0,0.0,0.0,0.0,0.0,0.0,0.0,0.0,0.0,0.0,0.0,0.0,0.0,0.0,0.0,0.0,0.0,0.0,0.0,0.0,0.0,0.0,0.0,0.0,0.0,0.0,0.0,0.0,0.0,0.0,0.0,0.0,0.0,0.0,0.00116044,0.0831453,0.467761,0.234615,0.107289,0.0109699,6.04583e-05,0.00111271,0.0,0.00721556,0.0200822,0.0,0.00966795,0.0,0.275835,0.0,0.0,0.0,0.0
0.0,0.0,1.55789e-05,0.165239,0.0,0.0,0.0,0.0,0.0,0.0,0.000825813,0.0,0.0,1.71537e-05,7.28978e-05,0.0,5.64851e-05,0.000395795,0.0,0.0,0.0,0.0,0.0,0.0,0.0,0.0,0.0394733,0.0,0.0,0.132873,0.402765,0.0,0.0281875,0.00897269,0.0,0.0558922,0.0,0.0,0.0,0.0,1.35674e-19,0.0,0.000257808,1.70312e-05,6.91757e-05,0.0,0.0,0.0,0.0,0.0,0.0,0.0,0.0,0.0,0.0,0.0,0.0,0.0,0.0,0.0,0.0,0.0,0.0,0.0,0.0,0.0,0.0,0.0,0.0,0.0,0.0,0.0,0.0,0.0,0.0,0.0,0.0,0.0,0.0,0.0,0.0,0.0,0.0,0.0,0.0,0.0,0.0,0.0,0.0,0.0,0.0,0.0,0.0,0.0,0.0,0.00116032,0.0831996,0.467859,0.234595,0.107281,0.010969,6.04583e-05,0.00111259,0.0,0.00721502,0.0200806,0.0,0.00966734,0.0,0.275813,0.0,0.0,0.0,0.0
0.0,0.0,1.54572e-05,0.165365,0.0,0.0,0.0,0.0,0.0,0.0,0.000819978,0.0,0.0,1.69496e-05,7.22989e-05,0.0,5.62417e-05,0.000402929,0.0,0.0,0.0,0.0,0.0,0.0,0.0,0.0,0.0394636,0.0,0.0,0.13285,0.402707,0.0,0.0281476,0.00896777,0.0,0.0558879,0.0,0.0,0.0,0.0,1.35415e-19,0.0,0.000257402,1.69919e-05,6.90979e-05,0.0,0.0,0.0,0.0,0.0,0.0,0.0,0.0,0.0,0.0,0.0,0.0,0.0,0.0,0.0,0.0,0.0,0.0,0.0,0.0,0.0,0.0,0.0,0.0,0.0,0.0,0.0,0.0,0.0,0.0,0.0,0.0,0.0,0.0,0.0,0.0,0.0,0.0,0.0,0.0,0.0,0.0,0.0,0.0,0.0,0.0,0.0,0.0,0.0,0.0,0.00116028,0.0832539,0.467958,0.234576,0.107272,0.0109681,6.04583e-05,0.00111251,0.0,0.00721432,0.020079,0.0,0.00966643,0.0,0.27579,0.0,0.0,0.0,0.0
0.0,0.0,1.53757e-05,0.165492,0.0,0.0,0.0,0.0,0.0,0.0,0.000814182,0.0,0.0,1.67862e-05,7.17009e-05,0.0,5.60389e-05,0.000410348,0.0,0.0,0.0,0.0,0.0,0.0,0.0,0.0,0.0394545,0.0,0.0,0.132828,0.402654,0.0,0.0281081,0.00896277,0.0,0.0558831,0.0,0.0,0.0,0.0,1.35176e-19,0.0,0.000256955,1.69525e-05,6.89422e-05,0.0,0.0,0.0,0.0,0.0,0.0,0.0,0.0,0.0,0.0,0.0,0.0,0.0,0.0,0.0,0.0,0.0,0.0,0.0,0.0,0.0,0.0,0.0,0.0,0.0,0.0,0.0,0.0,0.0,0.0,0.0,0.0,0.0,0.0,0.0,0.0,0.0,0.0,0.0,0.0,0.0,0.0,0.0,0.0,0.0,0.0,0.0,0.0,0.0,0.0,0.00116016,0.083309,0.468053,0.234556,0.107264,0.0109669,6.04203e-05,0.00111243,0.0,0.00721381,0.0200769,0.0,0.00966552,0.0,0.275767,0.0,0.0,0.0,0.0
0.0,0.0,1.52128e-05,0.165618,0.0,0.0,0.0,0.0,0.0,0.0,0.000808427,0.0,0.0,1.66228e-05,7.10619e-05,0.0,5.57554e-05,0.000417482,0.0,0.0,0.0,0.0,0.0,0.0,0.0,0.0,0.0394449,0.0,0.0,0.132807,0.402599,0.0,0.0280685,0.0089575,0.0,0.0558779,0.0,0.0,0.0,0.0,1.34927e-19,0.0,0.000256549,1.69132e-05,6.88255e-05,0.0,0.0,0.0,0.0,0.0,0.0,0.0,0.0,0.0,0.0,0.0,0.0,0.0,0.0,0.0,0.0,0.0,0.0,0.0,0.0,0.0,0.0,0.0,0.0,0.0,0.0,0.0,0.0,0.0,0.0,0.0,0.0,0.0,0.0,0.0,0.0,0.0,0.0,0.0,0.0,0.0,0.0,0.0,0.0,0.0,0.0,0.0,0.0,0.0,0.0,0.00116004,0.0833633,0.46815,0.234536,0.107254,0.0109663,6.04203e-05,0.00111231,0.0,0.00721323,0.0200758,0.0,0.00966491,0.0,0.275744,0.0,0.0,0.0,0.0
0.0,0.0,1.50099e-05,0.165743,0.0,0.0,0.0,0.0,0.0,0.0,0.000802877,0.0,0.0,1.65003e-05,7.05037e-05,0.0,5.55122e-05,0.000424901,0.0,0.0,0.0,0.0,0.0,0.0,0.0,0.0,0.0394355,0.0,0.0,0.132785,0.402543,0.0,0.0280289,0.00895253,0.0,0.0558733,0.0,0.0,0.0,0.0,1.34668e-19,0.0,0.000256143,1.68739e-05,6.87088e-05,0.0,0.0,0.0,0.0,0.0,0.0,0.0,0.0,0.0,0.0,0.0,0.0,0.0,0.0,0.0,0.0,0.0,0.0,0.0,0.0,0.0,0.0,0.0,0.0,0.0,0.0,0.0,0.0,0.0,0.0,0.0,0.0,0.0,0.0,0.0,0.0,0.0,0.0,0.0,0.0,0.0,0.0,0.0,0.0,0.0,0.0,0.0,0.0,0.0,0.0,0.00115996,0.0834184,0.468248,0.234517,0.107245,0.0109651,6.04203e-05,0.00111223,0.0,0.00721264,0.0200738,0.0,0.009664,0.0,0.275721,0.0,0.0,0.0,0.0
0.0,0.0,1.48875e-05,0.165869,0.0,0.0,0.0,0.0,0.0,0.0,0.000796878,0.0,0.0,1.63777e-05,6.99041e-05,0.0,5.51877e-05,0.000432035,0.0,0.0,0.0,0.0,0.0,0.0,0.0,0.0,0.0394258,0.0,0.0,0.132763,0.402488,0.0,0.0279891,0.00894726,0.0,0.0558687,0.0,0.0,0.0,0.0,1.34429e-19,0.0,0.000255696,1.68739e-05,6.85921e-05,0.0,0.0,0.0,0.0,0.0,0.0,0.0,0.0,0.0,0.0,0.0,0.0,0.0,0.0,0.0,0.0,0.0,0.0,0.0,0.0,0.0,0.0,0.0,0.0,0.0,0.0,0.0,0.0,0.0,0.0,0.0,0.0,0.0,0.0,0.0,0.0,0.0,0.0,0.0,0.0,0.0,0.0,0.0,0.0,0.0,0.0,0.0,0.0,0.0,0.0,0.00115984,0.083473,0.468345,0.234498,0.107236,0.0109645,6.04203e-05,0.0011122,0.0,0.00721202,0.0200724,0.0,0.00966309,0.0,0.275699,0.0,0.0,0.0,0.0
0.0,0.0,1.48465e-05,0.165996,0.0,0.0,0.0,0.0,0.0,0.0,0.000793654,0.0,0.0,1.61735e-05,6.95854e-05,0.0,5.50255e-05,0.000439169,0.0,0.0,0.0,0.0,0.0,0.0,0.0,0.0,0.0394211,0.0,0.0,0.132751,0.402461,0.0,0.027969,0.00894476,0.0,0.0558657,0.0,0.0,0.0,0.0,1.34305e-19,0.0,0.000255493,1.68345e-05,6.85143e-05,0.0,0.0,0.0,0.0,0.0,0.0,0.0,0.0,0.0,0.0,0.0,0.0,0.0,0.0,0.0,0.0,0.0,0.0,0.0,0.0,0.0,0.0,0.0,0.0,0.0,0.0,0.0,0.0,0.0,0.0,0.0,0.0,0.0,0.0,0.0,0.0,0.0,0.0,0.0,0.0,0.0,0.0,0.0,0.0,0.0,0.0,0.0,0.0,0.0,0.0,0.00115984,0.0835349,0.468476,0.234498,0.107236,0.0109645,6.04203e-05,0.0011122,0.0,0.00721202,0.0200724,0.0,0.00966309,0.0,0.275699,0.0,0.0,0.0,0.0
0.0,0.0,1.47244e-05,0.166278,0.0,0.0,0.0,0.0,0.0,0.0,0.000790308,0.0,0.0,1.61327e-05,6.92265e-05,0.0,5.49446e-05,0.00045572,0.0,0.0,0.0,0.0,0.0,0.0,0.0,0.0,0.0394161,0.0,0.0,0.132741,0.402433,0.0,0.0279489,0.00894199,0.0,0.0558629,0.0,0.0,0.0,0.0,1.34181e-19,0.0,0.000255249,1.68345e-05,6.84364e-05,0.0,0.0,0.0,0.0,0.0,0.0,0.0,0.0,0.0,0.0,0.0,0.0,0.0,0.0,0.0,0.0,0.0,0.0,0.0,0.0,0.0,0.0,0.0,0.0,0.0,0.0,0.0,0.0,0.0,0.0,0.0,0.0,0.0,0.0,0.0,0.0,0.0,0.0,0.0,0.0,0.0,0.0,0.0,0.0,0.0,0.0,0.0,0.0,0.0,0.0,0.00115996,0.0836096,0.46853,0.234507,0.107239,0.0109678,6.04203e-05,0.00111235,0.0,0.00721257,0.0200755,0.0,0.00966461,0.0,0.275706,0.0,0.0,0.0,0.0
0.0,0.0,1.4684e-05,0.166562,0.0,0.0,0.0,0.0,0.0,0.0,0.00078692,0.0,0.0,1.60918e-05,6.88659e-05,0.0,5.48229e-05,0.000471986,0.0,0.0,0.0,0.0,0.0,0.0,0.0,0.0,0.0394111,0.0,0.0,0.132729,0.402404,0.0,0.0279285,0.00893949,0.0,0.0558608,0.0,0.0,0.0,0.0,1.34045e-19,0.0,0.000255046,1.67952e-05,6.83975e-05,0.0,0.0,0.0,0.0,0.0,0.0,0.0,0.0,0.0,0.0,0.0,0.0,0.0,0.0,0.0,0.0,0.0,0.0,0.0,0.0,0.0,0.0,0.0,0.0,0.0,0.0,0.0,0.0,0.0,0.0,0.0,0.0,0.0,0.0,0.0,0.0,0.0,0.0,0.0,0.0,0.0,0.0,0.0,0.0,0.0,0.0,0.0,0.0,0.0,0.0,0.00116004,0.0836857,0.468585,0.234517,0.107242,0.0109711,6.04203e-05,0.00111255,0.0,0.00721315,0.0200782,0.0,0.00966647,0.0,0.275714,0.0,0.0,0.0,0.0
0.0,0.0,1.45211e-05,0.166844,0.0,0.0,0.0,0.0,0.0,0.0,0.000783736,0.0,0.0,1.59284e-05,6.8507e-05,0.0,5.46201e-05,0.000488537,0.0,0.0,0.0,0.0,0.0,0.0,0.0,0.0,0.039407,0.0,0.0,0.132719,0.402376,0.0,0.0279084,0.00893703,0.0,0.0558584,0.0,0.0,0.0,0.0,1.33911e-19,0.0,0.000254843,1.67952e-05,6.82808e-05,0.0,0.0,0.0,0.0,0.0,0.0,0.0,0.0,0.0,0.0,0.0,0.0,0.0,0.0,0.0,0.0,0.0,0.0,0.0,0.0,0.0,0.0,0.0,0.0,0.0,0.0,0.0,0.0,0.0,0.0,0.0,0.0,0.0,0.0,0.0,0.0,0.0,0.0,0.0,0.0,0.0,0.0,0.0,0.0,0.0,0.0,0.0,0.0,0.0,0.0,0.00116008,0.0837612,0.468638,0.234527,0.107245,0.0109745,6.04203e-05,0.00111275,0.0,0.00721386,0.0200814,0.0,0.0096683,0.0,0.275722,0.0,0.0,0.0,0.0
0.0,0.0,1.44398e-05,0.167126,0.0,0.0,0.0,0.0,0.0,0.0,0.000780471,0.0,0.0,1.58876e-05,6.81883e-05,0.0,5.4458e-05,0.000504802,0.0,0.0,0.0,0.0,0.0,0.0,0.0,0.0,0.0394014,0.0,0.0,0.132707,0.402348,0.0,0.0278886,0.00893453,0.0,0.0558559,0.0,0.0,0.0,0.0,1.33797e-19,0.0,0.000254599,1.67952e-05,6.82419e-05,0.0,0.0,0.0,0.0,0.0,0.0,0.0,0.0,0.0,0.0,0.0,0.0,0.0,0.0,0.0,0.0,0.0,0.0,0.0,0.0,0.0,0.0,0.0,0.0,0.0,0.0,0.0,0.0,0.0,0.0,0.0,0.0,0.0,0.0,0.0,0.0,0.0,0.0,0.0,0.0,0.0,0.0,0.0,0.0,0.0,0.0,0.0,0.0,0.0,0.0,0.0011602,0.0838365,0.468692,0.234537,0.107247,0.0109781,6.04203e-05,0.00111295,0.0,0.0072144,0.0200839,0.0,0.00966986,0.0,0.27573,0.0,0.0,0.0,0.0
0.0,0.0,1.43992e-05,0.16741,0.0,0.0,0.0,0.0,0.0,0.0,0.000777207,0.0,0.0,1.5765e-05,6.78679e-05,0.0,5.4377e-05,0.000521068,0.0,0.0,0.0,0.0,0.0,0.0,0.0,0.0,0.039397,0.0,0.0,0.132696,0.402319,0.0,0.0278679,0.00893206,0.0,0.0558529,0.0,0.0,0.0,0.0,1.33673e-19,0.0,0.000254396,1.67559e-05,6.8203e-05,0.0,0.0,0.0,0.0,0.0,0.0,0.0,0.0,0.0,0.0,0.0,0.0,0.0,0.0,0.0,0.0,0.0,0.0,0.0,0.0,0.0,0.0,0.0,0.0,0.0,0.0,0.0,0.0,0.0,0.0,0.0,0.0,0.0,0.0,0.0,0.0,0.0,0.0,0.0,0.0,0.0,0.0,0.0,0.0,0.0,0.0,0.0,0.0,0.0,0.0,0.00116024,0.0839123,0.468745,0.234547,0.10725,0.0109811,6.04583e-05,0.00111311,0.0,0.00721503,0.0200871,0.0,0.00967138,0.0,0.275737,0.0,0.0,0.0,0.0
0.0,0.0,1.43583e-05,0.167692,0.0,0.0,0.0,0.0,0.0,0.0,0.000773982,0.0,0.0,1.56835e-05,6.75095e-05,0.0,5.42149e-05,0.000537619,0.0,0.0,0.0,0.0,0.0,0.0,0.0,0.0,0.039392,0.0,0.0,0.132685,0.402291,0.0,0.0278481,0.0089293,0.0,0.0558508,0.0,0.0,0.0,0.0,1.33537e-19,0.0,0.000254193,1.67559e-05,6.81641e-05,0.0,0.0,0.0,0.0,0.0,0.0,0.0,0.0,0.0,0.0,0.0,0.0,0.0,0.0,0.0,0.0,0.0,0.0,0.0,0.0,0.0,0.0,0.0,0.0,0.0,0.0,0.0,0.0,0.0,0.0,0.0,0.0,0.0,0.0,0.0,0.0,0.0,0.0,0.0,0.0,0.0,0.0,0.0,0.0,0.0,0.0,0.0,0.0,0.0,0.0,0.00116036,0.0839875,0.4688,0.234557,0.107252,0.0109844,6.04583e-05,0.00111331,0.0,0.00721573,0.0200898,0.0,0.00967321,0.0,0.275745,0.0,0.0,0.0,0.0
0.0,0.0,1.41551e-05,0.167975,0.0,0.0,0.0,0.0,0.0,0.0,0.000770431,0.0,0.0,1.56425e-05,6.71506e-05,0.0,5.40119e-05,0.000553884,0.0,0.0,0.0,0.0,0.0,0.0,0.0,0.0,0.0393873,0.0,0.0,0.132674,0.402264,0.0,0.0278277,0.00892675,0.0,0.0558489,0.0,0.0,0.0,0.0,1.33413e-19,0.0,0.000253949,1.67165e-05,6.80474e-05,0.0,0.0,0.0,0.0,0.0,0.0,0.0,0.0,0.0,0.0,0.0,0.0,0.0,0.0,0.0,0.0,0.0,0.0,0.0,0.0,0.0,0.0,0.0,0.0,0.0,0.0,0.0,0.0,0.0,0.0,0.0,0.0,0.0,0.0,0.0,0.0,0.0,0.0,0.0,0.0,0.0,0.0,0.0,0.0,0.0,0.0,0.0,0.0,0.0,0.0,0.0011604,0.0840631,0.468853,0.234566,0.107255,0.0109877,6.04583e-05,0.00111351,0.0,0.0072162,0.0200927,0.0,0.00967507,0.0,0.275754,0.0,0.0,0.0,0.0
0.0,0.0,1.41145e-05,0.168258,0.0,0.0,0.0,0.0,0.0,0.0,0.000767167,0.0,0.0,1.552e-05,6.68709e-05,0.0,5.38498e-05,0.00057015,0.0,0.0,0.0,0.0,0.0,0.0,0.0,0.0,0.0393823,0.0,0.0,0.132662,0.402235,0.0,0.0278079,0.00892398,0.0,0.0558465,0.0,0.0,0.0,0.0,1.33289e-19,0.0,0.000253746,1.67165e-05,6.79696e-05,0.0,0.0,0.0,0.0,0.0,0.0,0.0,0.0,0.0,0.0,0.0,0.0,0.0,0.0,0.0,0.0,0.0,0.0,0.0,0.0,0.0,0.0,0.0,0.0,0.0,0.0,0.0,0.0,0.0,0.0,0.0,0.0,0.0,0.0,0.0,0.0,0.0,0.0,0.0,0.0,0.0,0.0,0.0,0.0,0.0,0.0,0.0,0.0,0.0,0.0,0.00116052,0.0841392,0.468908,0.234576,0.107258,0.0109913,6.04583e-05,0.00111371,0.0,0.00721686,0.0200958,0.0,0.00967659,0.0,0.275763,0.0,0.0,0.0,0.0
0.0,0.0,1.4033e-05,0.16854,0.0,0.0,0.0,0.0,0.0,0.0,0.000764024,0.0,0.0,1.53975e-05,6.64718e-05,0.0,5.37689e-05,0.000586701,0.0,0.0,0.0,0.0,0.0,0.0,0.0,0.0,0.0393773,0.0,0.0,0.132652,0.402206,0.0,0.0277875,0.00892148,0.0,0.055844,0.0,0.0,0.0,0.0,1.33174e-19,0.0,0.000253543,1.67165e-05,6.79307e-05,0.0,0.0,0.0,0.0,0.0,0.0,0.0,0.0,0.0,0.0,0.0,0.0,0.0,0.0,0.0,0.0,0.0,0.0,0.0,0.0,0.0,0.0,0.0,0.0,0.0,0.0,0.0,0.0,0.0,0.0,0.0,0.0,0.0,0.0,0.0,0.0,0.0,0.0,0.0,0.0,0.0,0.0,0.0,0.0,0.0,0.0,0.0,0.0,0.0,0.0,0.0011606,0.0842144,0.468961,0.234586,0.107261,0.0109946,6.04583e-05,0.00111391,0.0,0.00721741,0.0200987,0.0,0.00967816,0.0,0.275771,0.0,0.0,0.0,0.0
0.0,0.0,1.4033e-05,0.168823,0.0,0.0,0.0,0.0,0.0,0.0,0.000764024,0.0,0.0,1.53975e-05,6.64718e-05,0.0,5.37689e-05,0.000602966,0.0,0.0,0.0,0.0,0.0,0.0,0.0,0.0,0.0393773,0.0,0.0,0.132652,0.402206,0.0,0.0277875,0.00892148,0.0,0.055844,0.0,0.0,0.0,0.0,1.33174e-19,0.0,0.000253543,1.67165e-05,6.79307e-05,0.0,0.0,0.0,0.0,0.0,0.0,0.0,0.0,0.0,0.0,0.0,0.0,0.0,0.0,0.0,0.0,0.0,0.0,0.0,0.0,0.0,0.0,0.0,0.0,0.0,0.0,0.0,0.0,0.0,0.0,0.0,0.0,0.0,0.0,0.0,0.0,0.0,0.0,0.0,0.0,0.0,0.0,0.0,0.0,0.0,0.0,0.0,0.0,0.0,0.0,0.00116068,0.08429,0.469014,0.234596,0.107264,0.0109979,6.04583e-05,0.00111411,0.0,0.00721807,0.0201018,0.0,0.00967998,0.0,0.275778,0.0,0.0,0.0,0.0
0.0,0.0,1.43994e-05,0.169078,0.0,0.0,0.0,0.0,0.0,0.0,0.000765005,0.0,0.0,1.54791e-05,6.66309e-05,0.0,5.385e-05,0.000617805,0.0,0.0,0.0,0.0,0.0,0.0,0.0,0.0,0.0393811,0.0,0.0,0.132656,0.402236,0.0,0.02779,0.00892279,0.0,0.0558471,0.0,0.0,0.0,0.0,1.33225e-19,0.0,0.000253543,1.67559e-05,6.79696e-05,0.0,0.0,0.0,0.0,0.0,0.0,0.0,0.0,0.0,0.0,0.0,0.0,0.0,0.0,0.0,0.0,0.0,0.0,0.0,0.0,0.0,0.0,0.0,0.0,0.0,0.0,0.0,0.0,0.0,0.0,0.0,0.0,0.0,0.0,0.0,0.0,0.0,0.0,0.0,0.0,0.0,0.0,0.0,0.0,0.0,0.0,0.0,0.0,0.0,0.0,0.0011608,0.0843593,0.469077,0.23461,0.107268,0.011003,6.04583e-05,0.00111435,0.0,0.00721877,0.0201063,0.0,0.00968246,0.0,0.27579,0.0,0.0,0.0,0.0
0.0,0.0,1.48065e-05,0.169333,0.0,0.0,0.0,0.0,0.0,0.0,0.000765987,0.0,0.0,1.56017e-05,6.67927e-05,0.0,5.40121e-05,0.000632644,0.0,0.0,0.0,0.0,0.0,0.0,0.0,0.0,0.039385,0.0,0.0,0.132659,0.402269,0.0,0.0277928,0.0089238,0.0,0.0558511,0.0,0.0,0.0,0.0,1.33286e-19,0.0,0.000253584,1.67559e-05,6.79696e-05,0.0,0.0,0.0,0.0,0.0,0.0,0.0,0.0,0.0,0.0,0.0,0.0,0.0,0.0,0.0,0.0,0.0,0.0,0.0,0.0,0.0,0.0,0.0,0.0,0.0,0.0,0.0,0.0,0.0,0.0,0.0,0.0,0.0,0.0,0.0,0.0,0.0,0.0,0.0,0.0,0.0,0.0,0.0,0.0,0.0,0.0,0.0,0.0,0.0,0.0,0.00116092,0.0844287,0.469143,0.234624,0.107272,0.0110075,6.04583e-05,0.00111462,0.0,0.00721971,0.0201102,0.0,0.00968493,0.0,0.2758,0.0,0.0,0.0,0.0
0.0,0.0,1.51315e-05,0.169589,0.0,0.0,0.0,0.0,0.0,0.0,0.000766846,0.0,0.0,1.56833e-05,6.69519e-05,0.0,5.41743e-05,0.000647482,0.0,0.0,0.0,0.0,0.0,0.0,0.0,0.0,0.0393886,0.0,0.0,0.132664,0.402299,0.0,0.027795,0.00892507,0.0,0.0558547,0.0,0.0,0.0,0.0,1.33348e-19,0.0,0.000253624,1.67952e-05,6.80474e-05,0.0,0.0,0.0,0.0,0.0,0.0,0.0,0.0,0.0,0.0,0.0,0.0,0.0,0.0,0.0,0.0,0.0,0.0,0.0,0.0,0.0,0.0,0.0,0.0,0.0,0.0,0.0,0.0,0.0,0.0,0.0,0.0,0.0,0.0,0.0,0.0,0.0,0.0,0.0,0.0,0.0,0.0,0.0,0.0,0.0,0.0,0.0,0.0,0.0,0.0,0.00116104,0.084498,0.469207,0.234639,0.107276,0.0110129,6.04964e-05,0.0011149,0.0,0.00722061,0.0201147,0.0,0.00968736,0.0,0.275813,0.0,0.0,0.0,0.0
0.0,0.0,1.54567e-05,0.169843,0.0,0.0,0.0,0.0,0.0,0.0,0.000767828,0.0,0.0,1.57242e-05,6.70311e-05,0.0,5.42555e-05,0.000662321,0.0,0.0,0.0,0.0,0.0,0.0,0.0,0.0,0.0393921,0.0,0.0,0.132667,0.402329,0.0,0.0277974,0.00892607,0.0,0.0558571,0.0,0.0,0.0,0.0,1.33409e-19,0.0,0.000253624,1.68345e-05,6.80863e-05,0.0,0.0,0.0,0.0,0.0,0.0,0.0,0.0,0.0,0.0,0.0,0.0,0.0,0.0,0.0,0.0,0.0,0.0,0.0,0.0,0.0,0.0,0.0,0.0,0.0,0.0,0.0,0.0,0.0,0.0,0.0,0.0,0.0,0.0,0.0,0.0,0.0,0.0,0.0,0.0,0.0,0.0,0.0,0.0,0.0,0.0,0.0,0.0,0.0,0.0,0.00116116,0.0845677,0.469271,0.234653,0.10728,0.0110177,6.04964e-05,0.00111518,0.0,0.00722146,0.0201188,0.0,0.00968984,0.0,0.275824,0.0,0.0,0.0,0.0
0.0,0.0,1.59045e-05,0.170099,0.0,0.0,0.0,0.0,0.0,0.0,0.000768931,0.0,0.0,1.58465e-05,6.71914e-05,0.0,5.44175e-05,0.00067716,0.0,0.0,0.0,0.0,0.0,0.0,0.0,0.0,0.039396,0.0,0.0,0.132671,0.40236,0.0,0.0277999,0.00892704,0.0,0.0558611,0.0,0.0,0.0,0.0,1.33471e-19,0.0,0.000253665,1.68739e-05,6.80863e-05,0.0,0.0,0.0,0.0,0.0,0.0,0.0,0.0,0.0,0.0,0.0,0.0,0.0,0.0,0.0,0.0,0.0,0.0,0.0,0.0,0.0,0.0,0.0,0.0,0.0,0.0,0.0,0.0,0.0,0.0,0.0,0.0,0.0,0.0,0.0,0.0,0.0,0.0,0.0,0.0,0.0,0.0,0.0,0.0,0.0,0.0,0.0,0.0,0.0,0.0,0.00116132,0.084637,0.469334,0.234668,0.107284,0.0110225,6.04964e-05,0.00111546,0.0,0.0072224,0.0201232,0.0,0.00969231,0.0,0.275836,0.0,0.0,0.0,0.0
0.0,0.0,1.61893e-05,0.170354,0.0,0.0,0.0,0.0,0.0,0.0,0.000769873,0.0,0.0,1.59283e-05,6.72707e-05,0.0,5.45392e-05,0.000691999,0.0,0.0,0.0,0.0,0.0,0.0,0.0,0.0,0.0393995,0.0,0.0,0.132675,0.40239,0.0,0.0278027,0.00892835,0.0,0.0558648,0.0,0.0,0.0,0.0,1.33533e-19,0.0,0.000253706,1.69132e-05,6.81641e-05,0.0,0.0,0.0,0.0,0.0,0.0,0.0,0.0,0.0,0.0,0.0,0.0,0.0,0.0,0.0,0.0,0.0,0.0,0.0,0.0,0.0,0.0,0.0,0.0,0.0,0.0,0.0,0.0,0.0,0.0,0.0,0.0,0.0,0.0,0.0,0.0,0.0,0.0,0.0,0.0,0.0,0.0,0.0,0.0,0.0,0.0,0.0,0.0,0.0,0.0,0.00116144,0.0847067,0.469399,0.234681,0.107288,0.0110273,6.04964e-05,0.00111574,0.0,0.0072233,0.0201274,0.0,0.00969475,0.0,0.275848,0.0,0.0,0.0,0.0
0.0,0.0,1.65143e-05,0.170609,0.0,0.0,0.0,0.0,0.0,0.0,0.000770813,0.0,0.0,1.60099e-05,6.73907e-05,0.0,5.46608e-05,0.000706837,0.0,0.0,0.0,0.0,0.0,0.0,0.0,0.0,0.0394034,0.0,0.0,0.132679,0.402421,0.0,0.0278042,0.008929,0.0,0.0558683,0.0,0.0,0.0,0.0,1.33583e-19,0.0,0.000253706,1.69525e-05,6.8203e-05,0.0,0.0,0.0,0.0,0.0,0.0,0.0,0.0,0.0,0.0,0.0,0.0,0.0,0.0,0.0,0.0,0.0,0.0,0.0,0.0,0.0,0.0,0.0,0.0,0.0,0.0,0.0,0.0,0.0,0.0,0.0,0.0,0.0,0.0,0.0,0.0,0.0,0.0,0.0,0.0,0.0,0.0,0.0,0.0,0.0,0.0,0.0,0.0,0.0,0.0,0.00116152,0.0847757,0.469462,0.234696,0.107292,0.0110324,6.04964e-05,0.00111602,0.0,0.00722408,0.0201315,0.0,0.00969722,0.0,0.275859,0.0,0.0,0.0,0.0
0.0,0.0,1.69211e-05,0.170864,0.0,0.0,0.0,0.0,0.0,0.0,0.000771713,0.0,0.0,1.60916e-05,6.75102e-05,0.0,5.47826e-05,0.000721676,0.0,0.0,0.0,0.0,0.0,0.0,0.0,0.0,0.0394066,0.0,0.0,0.132683,0.402452,0.0,0.027807,0.00893032,0.0,0.0558714,0.0,0.0,0.0,0.0,1.33654e-19,0.0,0.000253746,1.69919e-05,6.82419e-05,0.0,0.0,0.0,0.0,0.0,0.0,0.0,0.0,0.0,0.0,0.0,0.0,0.0,0.0,0.0,0.0,0.0,0.0,0.0,0.0,0.0,0.0,0.0,0.0,0.0,0.0,0.0,0.0,0.0,0.0,0.0,0.0,0.0,0.0,0.0,0.0,0.0,0.0,0.0,0.0,0.0,0.0,0.0,0.0,0.0,0.0,0.0,0.0,0.0,0.0,0.00116164,0.0848454,0.469527,0.234709,0.107296,0.0110372,6.04964e-05,0.0011163,0.0,0.00722494,0.020136,0.0,0.0096997,0.0,0.275871,0.0,0.0,0.0,0.0
0.0,0.0,1.72467e-05,0.17112,0.0,0.0,0.0,0.0,0.0,0.0,0.000772735,0.0,0.0,1.61731e-05,6.77101e-05,0.0,5.49042e-05,0.000736515,0.0,0.0,0.0,0.0,0.0,0.0,0.0,0.0,0.0394105,0.0,0.0,0.132686,0.402481,0.0,0.0278095,0.00893128,0.0,0.0558751,0.0,0.0,0.0,0.0,1.33716e-19,0.0,0.000253787,1.70312e-05,6.82419e-05,0.0,0.0,0.0,0.0,0.0,0.0,0.0,0.0,0.0,0.0,0.0,0.0,0.0,0.0,0.0,0.0,0.0,0.0,0.0,0.0,0.0,0.0,0.0,0.0,0.0,0.0,0.0,0.0,0.0,0.0,0.0,0.0,0.0,0.0,0.0,0.0,0.0,0.0,0.0,0.0,0.0,0.0,0.0,0.0,0.0,0.0,0.0,0.0,0.0,0.0,0.00116176,0.0849144,0.469591,0.234725,0.107299,0.0110424,6.04964e-05,0.00111661,0.0,0.00722591,0.0201408,0.0,0.00970217,0.0,0.275882,0.0,0.0,0.0,0.0
0.0,0.0,1.76126e-05,0.171374,0.0,0.0,0.0,0.0,0.0,0.0,0.000773758,0.0,0.0,1.62958e-05,6.78301e-05,0.0,5.50258e-05,0.000751354,0.0,0.0,0.0,0.0,0.0,0.0,0.0,0.0,0.0394143,0.0,0.0,0.13269,0.402513,0.0,0.027812,0.00893228,0.0,0.0558784,0.0,0.0,0.0,0.0,1.33777e-19,0.0,0.000253827,1.70312e-05,6.82808e-05,0.0,0.0,0.0,0.0,0.0,0.0,0.0,0.0,0.0,0.0,0.0,0.0,0.0,0.0,0.0,0.0,0.0,0.0,0.0,0.0,0.0,0.0,0.0,0.0,0.0,0.0,0.0,0.0,0.0,0.0,0.0,0.0,0.0,0.0,0.0,0.0,0.0,0.0,0.0,0.0,0.0,0.0,0.0,0.0,0.0,0.0,0.0,0.0,0.0,0.0,0.00116188,0.0849843,0.469655,0.234738,0.107304,0.0110472,6.05344e-05,0.00111689,0.0,0.00722661,0.0201446,0.0,0.0097043,0.0,0.275894,0.0,0.0,0.0,0.0
0.0,0.0,1.79787e-05,0.17163,0.0,0.0,0.0,0.0,0.0,0.0,0.000774575,0.0,0.0,1.63366e-05,6.79497e-05,0.0,5.51473e-05,0.000766478,0.0,0.0,0.0,0.0,0.0,0.0,0.0,0.0,0.0394176,0.0,0.0,0.132694,0.402543,0.0,0.0278145,0.00893359,0.0,0.0558814,0.0,0.0,0.0,0.0,1.33839e-19,0.0,0.000253868,1.70705e-05,6.83586e-05,0.0,0.0,0.0,0.0,0.0,0.0,0.0,0.0,0.0,0.0,0.0,0.0,0.0,0.0,0.0,0.0,0.0,0.0,0.0,0.0,0.0,0.0,0.0,0.0,0.0,0.0,0.0,0.0,0.0,0.0,0.0,0.0,0.0,0.0,0.0,0.0,0.0,0.0,0.0,0.0,0.0,0.0,0.0,0.0,0.0,0.0,0.0,0.0,0.0,0.0,0.001162,0.0850537,0.469719,0.234753,0.107307,0.0110526,6.05344e-05,0.00111717,0.0,0.00722759,0.0201491,0.0,0.00970677,0.0,0.275906,0.0,0.0,0.0,0.0
0.0,0.0,1.83449e-05,0.171886,0.0,0.0,0.0,0.0,0.0,0.0,0.000775556,0.0,0.0,1.64182e-05,6.81104e-05,0.0,5.53099e-05,0.000781316,0.0,0.0,0.0,0.0,0.0,0.0,0.0,0.0,0.0394211,0.0,0.0,0.132698,0.402574,0.0,0.0278167,0.00893456,0.0,0.0558857,0.0,0.0,0.0,0.0,1.3391e-19,0.0,0.000253868,1.71098e-05,6.83586e-05,0.0,0.0,0.0,0.0,0.0,0.0,0.0,0.0,0.0,0.0,0.0,0.0,0.0,0.0,0.0,0.0,0.0,0.0,0.0,0.0,0.0,0.0,0.0,0.0,0.0,0.0,0.0,0.0,0.0,0.0,0.0,0.0,0.0,0.0,0.0,0.0,0.0,0.0,0.0,0.0,0.0,0.0,0.0,0.0,0.0,0.0,0.0,0.0,0.0,0.0,0.00116216,0.0851233,0.469782,0.234767,0.107312,0.0110568,6.05344e-05,0.00111745,0.0,0.00722841,0.0201535,0.0,0.00970925,0.0,0.275918,0.0,0.0,0.0,0.0
0.0,0.0,1.86699e-05,0.172142,0.0,0.0,0.0,0.0,0.0,0.0,0.000776456,0.0,0.0,1.64999e-05,6.81896e-05,0.0,5.54313e-05,0.00079644,0.0,0.0,0.0,0.0,0.0,0.0,0.0,0.0,0.039425,0.0,0.0,0.132702,0.402605,0.0,0.0278195,0.00893587,0.0,0.0558884,0.0,0.0,0.0,0.0,1.33961e-19,0.0,0.000253909,1.71492e-05,6.83975e-05,0.0,0.0,0.0,0.0,0.0,0.0,0.0,0.0,0.0,0.0,0.0,0.0,0.0,0.0,0.0,0.0,0.0,0.0,0.0,0.0,0.0,0.0,0.0,0.0,0.0,0.0,0.0,0.0,0.0,0.0,0.0,0.0,0.0,0.0,0.0,0.0,0.0,0.0,0.0,0.0,0.0,0.0,0.0,0.0,0.0,0.0,0.0,0.0,0.0,0.0,0.00116228,0.0851927,0.469846,0.234782,0.107316,0.0110622,6.05344e-05,0.00111773,0.0,0.00722923,0.0201577,0.0,0.00971168,0.0,0.275929,0.0,0.0,0.0,0.0
0.0,0.0,1.90357e-05,0.172398,0.0,0.0,0.0,0.0,0.0,0.0,0.000777519,0.0,0.0,1.65814e-05,6.83891e-05,0.0,5.55935e-05,0.000811279,0.0,0.0,0.0,0.0,0.0,0.0,0.0,0.0,0.0394292,0.0,0.0,0.132706,0.402634,0.0,0.0278216,0.00893683,0.0,0.0558921,0.0,0.0,0.0,0.0,1.34022e-19,0.0,0.000253949,1.71885e-05,6.84364e-05,0.0,0.0,0.0,0.0,0.0,0.0,0.0,0.0,0.0,0.0,0.0,0.0,0.0,0.0,0.0,0.0,0.0,0.0,0.0,0.0,0.0,0.0,0.0,0.0,0.0,0.0,0.0,0.0,0.0,0.0,0.0,0.0,0.0,0.0,0.0,0.0,0.0,0.0,0.0,0.0,0.0,0.0,0.0,0.0,0.0,0.0,0.0,0.0,0.0,0.0,0.0011624,0.0852626,0.469911,0.234796,0.107319,0.011067,6.05344e-05,0.00111801,0.0,0.0072302,0.0201621,0.0,0.00971416,0.0,0.275941,0.0,0.0,0.0,0.0
0.0,0.0,1.9321e-05,0.172654,0.0,0.0,0.0,0.0,0.0,0.0,0.000778419,0.0,0.0,1.66632e-05,6.84699e-05,0.0,5.56747e-05,0.000826118,0.0,0.0,0.0,0.0,0.0,0.0,0.0,0.0,0.0394327,0.0,0.0,0.132709,0.402665,0.0,0.0278244,0.00893784,0.0,0.055896,0.0,0.0,0.0,0.0,1.34084e-19,0.0,0.000253949,1.72278e-05,6.85143e-05,0.0,0.0,0.0,0.0,0.0,0.0,0.0,0.0,0.0,0.0,0.0,0.0,0.0,0.0,0.0,0.0,0.0,0.0,0.0,0.0,0.0,0.0,0.0,0.0,0.0,0.0,0.0,0.0,0.0,0.0,0.0,0.0,0.0,0.0,0.0,0.0,0.0,0.0,0.0,0.0,0.0,0.0,0.0,0.0,0.0,0.0,0.0,0.0,0.0,0.0,0.00116252,0.085332,0.469974,0.23481,0.107324,0.0110721,6.05344e-05,0.00111829,0.0,0.00723103,0.0201659,0.0,0.00971663,0.0,0.275952,0.0,0.0,0.0,0.0
0.0,0.0,1.97686e-05,0.172909,0.0,0.0,0.0,0.0,0.0,0.0,0.000779482,0.0,0.0,1.67449e-05,6.86291e-05,0.0,5.57963e-05,0.000841242,0.0,0.0,0.0,0.0,0.0,0.0,0.0,0.0,0.0394363,0.0,0.0,0.132713,0.402697,0.0,0.0278266,0.00893911,0.0,0.0558993,0.0,0.0,0.0,0.0,1.34155e-19,0.0,0.00025399,1.72672e-05,6.85143e-05,0.0,0.0,0.0,0.0,0.0,0.0,0.0,0.0,0.0,0.0,0.0,0.0,0.0,0.0,0.0,0.0,0.0,0.0,0.0,0.0,0.0,0.0,0.0,0.0,0.0,0.0,0.0,0.0,0.0,0.0,0.0,0.0,0.0,0.0,0.0,0.0,0.0,0.0,0.0,0.0,0.0,0.0,0.0,0.0,0.0,0.0,0.0,0.0,0.0,0.0,0.00116264,0.0854016,0.470038,0.234823,0.107327,0.0110769,6.05344e-05,0.00111853,0.0,0.00723188,0.0201704,0.0,0.00971907,0.0,0.275963,0.0,0.0,0.0,0.0
0.0,0.0,2.0053e-05,0.173166,0.0,0.0,0.0,0.0,0.0,0.0,0.000780465,0.0,0.0,1.68265e-05,6.87887e-05,0.0,5.59991e-05,0.000856081,0.0,0.0,0.0,0.0,0.0,0.0,0.0,0.0,0.0394398,0.0,0.0,0.132717,0.402727,0.0,0.0278294,0.00894011,0.0,0.0559024,0.0,0.0,0.0,0.0,1.34217e-19,0.0,0.000254031,1.73065e-05,6.85532e-05,0.0,0.0,0.0,0.0,0.0,0.0,0.0,0.0,0.0,0.0,0.0,0.0,0.0,0.0,0.0,0.0,0.0,0.0,0.0,0.0,0.0,0.0,0.0,0.0,0.0,0.0,0.0,0.0,0.0,0.0,0.0,0.0,0.0,0.0,0.0,0.0,0.0,0.0,0.0,0.0,0.0,0.0,0.0,0.0,0.0,0.0,0.0,0.0,0.0,0.0,0.00116276,0.0854716,0.470102,0.234839,0.107332,0.0110817,6.05725e-05,0.0011188,0.0,0.00723282,0.0201749,0.0,0.00972154,0.0,0.275976,0.0,0.0,0.0,0.0
0.0,0.0,2.05004e-05,0.173422,0.0,0.0,0.0,0.0,0.0,0.0,0.000781568,0.0,0.0,1.69489e-05,6.88686e-05,0.0,5.60802e-05,0.000871205,0.0,0.0,0.0,0.0,0.0,0.0,0.0,0.0,0.0394437,0.0,0.0,0.132721,0.402757,0.0,0.0278316,0.00894138,0.0,0.055907,0.0,0.0,0.0,0.0,1.34278e-19,0.0,0.000254031,1.73458e-05,6.85921e-05,0.0,0.0,0.0,0.0,0.0,0.0,0.0,0.0,0.0,0.0,0.0,0.0,0.0,0.0,0.0,0.0,0.0,0.0,0.0,0.0,0.0,0.0,0.0,0.0,0.0,0.0,0.0,0.0,0.0,0.0,0.0,0.0,0.0,0.0,0.0,0.0,0.0,0.0,0.0,0.0,0.0,0.0,0.0,0.0,0.0,0.0,0.0,0.0,0.0,0.0,0.00116292,0.0855412,0.470165,0.234852,0.107335,0.0110868,6.05725e-05,0.00111908,0.0,0.0072336,0.0201793,0.0,0.00972401,0.0,0.275987,0.0,0.0,0.0,0.0
0.0,0.0,2.07447e-05,0.173678,0.0,0.0,0.0,0.0,0.0,0.0,0.000782264,0.0,0.0,1.70307e-05,6.8988e-05,0.0,5.62018e-05,0.000886044,0.0,0.0,0.0,0.0,0.0,0.0,0.0,0.0,0.0394472,0.0,0.0,0.132725,0.402788,0.0,0.0278344,0.00894239,0.0,0.0559097,0.0,0.0,0.0,0.0,1.34329e-19,0.0,0.000254112,1.73458e-05,6.8631e-05,0.0,0.0,0.0,0.0,0.0,0.0,0.0,0.0,0.0,0.0,0.0,0.0,0.0,0.0,0.0,0.0,0.0,0.0,0.0,0.0,0.0,0.0,0.0,0.0,0.0,0.0,0.0,0.0,0.0,0.0,0.0,0.0,0.0,0.0,0.0,0.0,0.0,0.0,0.0,0.0,0.0,0.0,0.0,0.0,0.0,0.0,0.0,0.0,0.0,0.0,0.00116304,0.0856117,0.47023,0.234866,0.107339,0.0110919,6.05725e-05,0.00111936,0.0,0.00723446,0.0201835,0.0,0.00972645,0.0,0.275998,0.0,0.0,0.0,0.0
