0.000927472,1.43168e-11,3.32033e-06,0.00422722,0.0,0.0,0.0,9.01874e-05,4.13983e-10,0.0,0.000177551,0.0,0.0,0.000386517,9.0803e-05,0.0,0.0,0.0,0.0,0.0,0.00061926,0.000486116,0.000180614,8.77423e-05,5.6772e-05,0.0044496,0.00263808,0.0,3.27879e-06,0.0,6.36982e-06,0.000254964,0.0,0.0,0.0,0.0,0.0,0.000518061,0.0,6.7934e-05,1.28751e-05,0.0,0.0,6.6809e-06,0.000758284,0.0,0.0,0.0,0.0,0.0,0.0,0.0,0.0,0.0,0.0,0.0,0.0,6.76092e-06,0.0,0.0,0.0,0.0,0.0,0.0,0.0,0.0,0.0,4.28878e-05,9.2355e-07,1.00207e-05,0.0,1.43843e-06,0.0,0.0,0.0,0.0,0.0,0.0,5.55134e-05,0.0,0.0,0.0,0.0,0.000170732,0.0,0.0,2.165e-05,0.0,0.000413787,0.000360136,0.00364328,3.57597e-07,0.000195431,0.000312097,0.000349876,0.000148927,0.0,0.00118048,2.53885e-05,0.000134455,0.0,0.0,0.0,0.0,0.0,0.0,0.0,0.0,0.0,6.04502e-05,0.0,0.0,0.0,0.0
0.000926401,1.40859e-11,3.36789e-06,0.00422656,0.0,0.0,0.0,9.00793e-05,4.58256e-10,0.0,0.000177331,0.0,0.0,0.000386381,9.07958e-05,0.0,0.0,0.0,0.0,0.0,0.000618964,0.000486424,0.000180843,8.79166e-05,5.67251e-05,0.00444987,0.00263759,0.0,3.29824e-06,0.0,6.41228e-06,0.000254871,0.0,0.0,0.0,0.0,0.0,0.000517253,0.0,6.7934e-05,1.28548e-05,0.0,0.0,6.65983e-06,0.000757988,0.0,0.0,0.0,0.0,0.0,0.0,0.0,0.0,0.0,0.0,0.0,0.0,6.72043e-06,0.0,0.0,0.0,0.0,0.0,0.0,0.0,0.0,0.0,4.29224e-05,9.92215e-07,1.00056e-05,0.0,1.4549e-06,0.0,0.0,0.0,0.0,0.0,0.0,5.50077e-05,0.0,0.0,0.0,0.0,0.00017095,0.0,0.0,2.165e-05,0.0,0.000412872,0.000359895,0.00364398,3.57966e-07,0.000195614,0.000311898,0.000350582,0.000149329,0.0,0.00118097,2.55303e-05,0.000134634,0.0,0.0,0.0,0.0,0.0,1.54486e-07,0.0,0.0,0.0,6.03299e-05,0.0,0.0,0.0,0.0
0.000927612,1.43168e-11,3.30949e-06,0.00422686,0.0,0.0,0.0,9.01874e-05,4.13983e-10,0.0,0.000177461,0.0,0.0,0.000386797,9.0695e-05,0.0,0.0,0.0,0.0,0.0,0.00061885,0.000486181,0.000180563,8.78629e-05,5.67886e-05,0.00444901,0.0026383,0.0,3.487e-06,0.0,6.32541e-06,0.000255039,0.0,0.0,0.0,0.0,0.0,0.000518061,0.0,6.79846e-05,1.28717e-05,0.0,0.0,6.69402e-06,0.000758235,0.0,0.0,0.0,0.0,0.0,0.0,0.0,0.0,0.0,0.0,0.0,0.0,6.76092e-06,0.0,0.0,0.0,0.0,0.0,0.0,0.0,0.0,0.0,4.28878e-05,9.40946e-07,1.00139e-05,0.0,1.39758e-06,0.0,0.0,0.0,0.0,0.0,0.0,5.58503e-05,0.0,0.0,0.0,4.4022e-11,0.000170787,0.0,0.0,2.15204e-05,0.0,0.000413661,0.000359975,0.00364345,3.57573e-07,0.000195465,0.000312211,0.000349653,0.00014877,0.0,0.00118046,2.5624e-05,0.000134415,0.0,0.0,0.0,0.0,0.0,0.0,0.0,0.0,0.0,6.04155e-05,0.0,0.0,0.0,0.0
0.000927438,1.43168e-11,3.36789e-06,0.00422656,0.0,0.0,0.0,9.00923e-05,4.32189e-10,0.0,0.000177542,0.0,0.0,0.00038645,9.07959e-05,0.0,0.0,0.0,0.0,0.0,0.000618791,0.000486969,0.000180843,8.76753e-05,5.67356e-05,0.00444951,0.00263768,0.0,3.28393e-06,0.0,6.28346e-06,0.000254832,0.0,0.0,0.0,0.0,0.0,0.000517682,0.0,6.7934e-05,1.2881e-05,0.0,0.0,6.60413e-06,0.000758038,0.0,0.0,0.0,0.0,0.0,0.0,0.0,0.0,0.0,0.0,0.0,0.0,6.76092e-06,0.0,0.0,0.0,0.0,0.0,0.0,0.0,0.0,0.0,4.28917e-05,9.60579e-07,1.00304e-05,0.0,1.44853e-06,0.0,0.0,0.0,0.0,0.0,0.0,5.52838e-05,0.0,0.0,0.0,0.0,0.00017087,0.0,0.0,2.165e-05,0.0,0.000413621,0.000360442,0.00364323,3.56529e-07,0.000195657,0.000312175,0.000349866,0.000149046,0.0,0.00118041,2.53774e-05,0.00013449,0.0,0.0,0.0,0.0,1.10027e-07,0.0,0.0,0.0,0.0,6.04502e-05,0.0,0.0,0.0,0.0
0.000927003,1.40859e-11,3.36789e-06,0.00422709,0.0,0.0,0.0,9.02209e-05,4.27016e-10,0.0,0.000177386,0.0,0.0,0.000386382,9.08029e-05,0.0,0.0,0.0,0.0,0.0,0.000619083,0.000485879,0.000180614,8.77147e-05,5.67675e-05,0.00445006,0.00263804,0.0,3.25008e-06,0.0,6.33409e-06,0.000254917,0.0,0.0,0.0,0.0,0.0,0.000517631,0.0,6.79228e-05,1.28658e-05,0.0,0.0,6.7366e-06,0.000758284,0.0,0.0,0.0,0.0,0.0,0.0,0.0,0.0,0.0,0.0,0.0,0.0,6.72043e-06,0.0,0.0,0.0,0.0,0.0,0.0,0.0,0.0,0.0,4.28878e-05,1.00277e-06,1.00076e-05,0.0,1.4253e-06,0.0,0.0,0.0,0.0,0.0,0.0,5.55507e-05,0.0,0.0,0.0,0.0,0.000170819,0.0,0.0,2.165e-05,0.0,0.000413767,0.000359953,0.00364368,3.57597e-07,0.000195374,0.000311823,0.000350334,0.000149338,0.0,0.00118106,2.53947e-05,0.000134845,0.0,0.0,0.0,0.0,0.0,0.0,0.0,0.0,0.0,6.03999e-05,0.0,0.0,0.0,0.0
2.25304e-05,0.00106175,0.000215962,0.00700542,0.0,5.66724e-06,0.0,9.47419e-06,8.91239e-06,0.0,0.00211144,0.0,0.0,0.00200962,0.00079927,0.0,1.67225e-05,0.000128687,0.0,0.0,0.00025426,0.000400223,0.0,1.34527e-06,0.0540918,0.0127466,0.00139133,1.8581e-05,4.03474e-05,0.000571545,0.00717121,0.000498615,1.23749e-05,1.11157e-05,1.49245e-11,3.50742e-06,2.15385e-09,0.000681246,9.202e-13,2.88297e-05,5.71384e-05,8.35041e-06,0.000101101,0.000175166,0.000838712,0.000160007,0.0,0.0,0.000373386,0.0,0.000445661,0.000141303,0.0,4.9792e-06,4.90011e-05,0.00159723,1.14238e-05,3.58681e-05,0.00103034,0.00165622,0.0,1.04955e-05,0.0,0.00943985,2.48581e-09,0.000299356,4.55337e-09,1.14012e-05,2.06261e-05,3.41958e-05,1.68074e-06,9.69074e-06,0.0,2.6165e-06,2.70513e-05,0.000171295,8.69522e-06,0.0,0.1453,0.000177771,0.0,1.42352e-05,0.000509773,8.74558e-05,0.0,0.0,8.99705e-05,3.60254e-05,0.0,0.000274831,0.00447618,1.33846e-06,0.000983464,0.000503511,0.0011818,0.0176591,0.000816916,0.0344043,0.0116507,0.0114359,0.00477522,0.00115849,0.00195391,0.0,0.00613647,0.012219,0.00589266,0.00657127,0.00621659,0.0167805,0.000686214,0.0,0.000461211,0.0
2.25698e-05,0.00106181,0.000216039,0.0070059,0.0,5.6843e-06,0.0,9.47419e-06,8.91239e-06,0.0,0.00211167,0.0,0.0,0.00201026,0.000799563,0.0,1.69364e-05,0.000128373,0.0,0.0,0.000254564,0.000400071,0.0,1.35666e-06,0.0540912,0.0127474,0.0013913,1.86164e-05,4.03087e-05,0.000571435,0.00717153,0.000498767,1.23647e-05,1.10162e-05,1.52061e-11,3.58433e-06,2.15351e-09,0.000681315,1.22693e-12,2.87859e-05,5.72252e-05,8.48414e-06,0.000101027,0.000175051,0.000839081,0.000160034,0.0,0.0,0.000373451,0.0,0.000445603,0.000141361,0.0,4.93929e-06,4.92395e-05,0.00159734,1.13313e-05,3.57099e-05,0.0010304,0.00165615,0.0,1.04118e-05,0.0,0.00943984,2.48581e-09,0.000299477,4.55687e-09,1.14012e-05,2.06978e-05,3.42705e-05,1.69487e-06,9.70221e-06,0.0,2.56455e-06,2.69986e-05,0.000171243,8.70092e-06,0.0,0.145301,0.000177875,0.0,1.42324e-05,0.000509707,8.7973e-05,0.0,0.0,9.01002e-05,3.59467e-05,0.0,0.000275176,0.00447574,1.33807e-06,0.000982226,0.000502773,0.00118286,0.017661,0.000816997,0.0344038,0.0116518,0.0114362,0.00477452,0.00115928,0.00195389,0.0,0.0061351,0.0122171,0.00589178,0.00657199,0.00621653,0.0167809,0.000686131,0.0,0.000461014,0.0
2.23759e-05,0.00106163,0.00021609,0.00700558,0.0,5.63057e-06,0.0,9.42647e-06,8.92145e-06,0.0,0.0021108,0.0,0.0,0.0020096,0.000799218,0.0,1.6708e-05,0.000128602,0.0,0.0,0.000254394,0.000400225,0.0,1.34039e-06,0.0540916,0.012746,0.00139146,1.8581e-05,4.02637e-05,0.000571337,0.00717147,0.000498658,1.2408e-05,1.10352e-05,1.52061e-11,3.57123e-06,2.15385e-09,0.00068124,9.202e-13,2.88992e-05,5.71897e-05,8.40065e-06,0.000101021,0.000175116,0.000839456,0.000160015,0.0,0.0,0.00037343,0.0,0.000445641,0.000141318,0.0,4.97322e-06,4.90404e-05,0.00159738,1.14242e-05,3.57501e-05,0.00103031,0.00165622,0.0,1.04536e-05,0.0,0.00943986,2.4689e-09,0.000299311,4.55687e-09,1.13461e-05,2.06578e-05,3.42683e-05,1.68731e-06,9.74761e-06,0.0,2.57192e-06,2.69434e-05,0.000171316,8.68145e-06,0.0,0.145302,0.000177767,0.0,1.42632e-05,0.000509905,8.74368e-05,0.0,0.0,8.99705e-05,3.60254e-05,0.0,0.000274312,0.00447601,1.33807e-06,0.000982489,0.000503692,0.00118242,0.017659,0.000816941,0.0344073,0.0116507,0.0114351,0.00477586,0.00116014,0.0019551,0.0,0.00613507,0.0122166,0.00589292,0.00657112,0.0062171,0.016781,0.000686455,0.0,0.000461733,0.0
2.25698e-05,0.00106183,0.000215858,0.00700631,0.0,5.66724e-06,0.0,9.47419e-06,8.91239e-06,0.0,0.00211135,0.0,0.0,0.00200987,0.000799415,0.0,1.68311e-05,0.000128533,0.0,0.0,0.000254365,0.000400339,0.0,1.34527e-06,0.0540907,0.0127482,0.00139119,1.86164e-05,4.03087e-05,0.000571545,0.00717097,0.000498692,1.23546e-05,1.10163e-05,1.52061e-11,3.40794e-06,2.15385e-09,0.000681223,9.202e-13,2.87051e-05,5.71918e-05,8.48414e-06,0.000101118,0.000175035,0.000839246,0.000160016,0.0,0.0,0.000373451,0.0,0.000445603,0.000141324,0.0,4.9615e-06,4.91078e-05,0.00159727,1.13936e-05,3.57467e-05,0.00103042,0.00165618,0.0,1.04536e-05,0.0,0.00943981,2.48581e-09,0.000299383,4.55687e-09,1.14012e-05,2.0639e-05,3.42312e-05,1.6883e-06,9.7135e-06,0.0,2.61157e-06,2.69432e-05,0.000171243,8.68986e-06,0.0,0.145303,0.000177771,0.0,1.42324e-05,0.000509642,8.76906e-05,0.0,0.0,9.01002e-05,3.60581e-05,0.0,0.000275067,0.00447587,1.33845e-06,0.000982376,0.000503146,0.00118224,0.0176593,0.000816759,0.0344024,0.0116515,0.0114357,0.00477601,0.00115952,0.00195408,0.0,0.00613583,0.0122184,0.00589229,0.00657186,0.0062171,0.0167825,0.00068592,0.0,0.000461076,0.0
2.25301e-05,0.00106176,0.000216202,0.00700532,0.0,5.6843e-06,0.0,9.47419e-06,8.95315e-06,0.0,0.00211099,0.0,0.0,0.00200963,0.000799468,0.0,1.66091e-05,0.000128687,0.0,0.0,0.00025464,0.000400104,0.0,1.34527e-06,0.0540907,0.0127463,0.00139106,1.8581e-05,4.03088e-05,0.000571611,0.00717149,0.000498826,1.23978e-05,1.11157e-05,1.49245e-11,3.50865e-06,2.15385e-09,0.000681461,1.22693e-12,2.89104e-05,5.71618e-05,8.40065e-06,0.000101015,0.000175126,0.000839133,0.00016003,0.0,0.0,0.000373443,0.0,0.000445618,0.000141234,0.0,4.96141e-06,4.90713e-05,0.00159726,1.13616e-05,3.58313e-05,0.00103029,0.00165629,0.0,1.04955e-05,0.0,0.00944054,2.48581e-09,0.000299341,4.55337e-09,1.14012e-05,2.06849e-05,3.42779e-05,1.68731e-06,9.72106e-06,0.0,2.56699e-06,2.70677e-05,0.00017128,8.69521e-06,0.0,0.145302,0.000177771,0.0,1.42352e-05,0.000509579,8.77648e-05,0.0,0.0,8.99705e-05,3.59635e-05,0.0,0.000274434,0.00447588,1.33809e-06,0.000982665,0.000503503,0.00118218,0.0176603,0.00081639,0.0344018,0.0116529,0.0114353,0.00477569,0.00116024,0.00195432,0.0,0.00613521,0.0122155,0.00589299,0.0065711,0.00621769,0.0167823,0.000686354,0.0,0.000461053,0.0
2.24552e-05,0.00106165,0.00021556,0.00700636,0.0,5.66724e-06,0.0,9.47419e-06,8.91239e-06,0.0,0.00211121,0.0,0.0,0.00201014,0.000799269,0.0,1.69364e-05,0.000128452,0.0,0.0,0.000254396,0.000399993,0.0,1.35177e-06,0.0540919,0.012748,0.00139183,1.86164e-05,4.03474e-05,0.000571337,0.0071717,0.000498574,1.23647e-05,1.08989e-05,1.52061e-11,3.52091e-06,2.15358e-09,0.000681167,9.202e-13,2.88252e-05,5.71081e-05,8.48414e-06,0.000101085,0.000175086,0.000838969,0.000160024,0.0,0.0,0.00037349,0.0,0.000445623,0.000141387,0.0,4.957e-06,4.89372e-05,0.00159744,1.14562e-05,3.57052e-05,0.0010304,0.0016562,0.0,1.04536e-05,0.0,0.0094394,2.4689e-09,0.000299441,4.55337e-09,1.14012e-05,2.06714e-05,3.42822e-05,1.69487e-06,9.70267e-06,0.0,2.61157e-06,2.70194e-05,0.000171243,8.68715e-06,0.0,0.145302,0.000177879,0.0,1.42324e-05,0.000509848,8.75464e-05,0.0,0.0,8.99705e-05,3.60086e-05,0.0,0.000275189,0.00447624,1.33845e-06,0.000983032,0.000503273,0.00118229,0.0176581,0.000817536,0.0344083,0.0116505,0.0114376,0.00477558,0.00115887,0.00195414,0.0,0.00613609,0.0122195,0.00589194,0.00657197,0.00621643,0.0167835,0.000686194,0.0,0.000461364,0.0
2.25698e-05,0.00106177,0.00021633,0.00700568,0.0,5.63057e-06,0.0,9.47419e-06,8.91239e-06,0.0,0.00211087,0.0,0.0,0.0020097,0.000799152,0.0,1.64943e-05,0.000128602,0.0,0.0,0.000254264,0.000400164,0.0,1.34527e-06,0.0540908,0.0127473,0.0013914,1.8581e-05,4.02249e-05,0.000571435,0.00717149,0.000498843,1.23851e-05,1.11034e-05,1.52061e-11,3.50661e-06,2.15385e-09,0.000681047,9.202e-13,2.88063e-05,5.73002e-05,8.40065e-06,0.000101096,0.000175181,0.000839198,0.000160007,0.0,0.0,0.000373433,0.0,0.000445649,0.000141294,0.0,4.95551e-06,4.90477e-05,0.00159729,1.13936e-05,3.58268e-05,0.00103032,0.00165625,0.0,1.04536e-05,0.0,0.00944008,2.48581e-09,0.000299303,4.56036e-09,1.14012e-05,2.0682e-05,3.424e-05,1.68074e-06,9.67846e-06,0.0,2.56455e-06,2.69203e-05,0.000171312,8.68146e-06,0.0,0.145303,0.000177667,0.0,1.43392e-05,0.000509891,8.76695e-05,0.0,0.0,9.01002e-05,3.60305e-05,0.0,0.000274776,0.00447554,1.33807e-06,0.000982379,0.000502907,0.0011818,0.0176606,0.00081669,0.0344025,0.0116532,0.0114356,0.00477604,0.00115962,0.00195436,0.0,0.00613416,0.0122166,0.00589279,0.00657172,0.00621571,0.0167815,0.000685821,0.0,0.000461486,0.0
2.24905e-05,0.00106176,0.000216001,0.00700542,0.0,5.6843e-06,0.0,9.42647e-06,8.92145e-06,0.0,0.00211197,0.0,0.0,0.00200979,0.000799448,0.0,1.69391e-05,0.000128691,0.0,0.0,0.000254634,0.000400236,0.0,1.329e-06,0.0540918,0.0127466,0.00139162,1.86164e-05,4.03474e-05,0.000571545,0.00717077,0.000498707,1.23647e-05,1.10163e-05,1.49245e-11,3.45711e-06,2.15385e-09,0.000680854,1.22693e-12,2.88093e-05,5.72892e-05,8.4339e-06,0.000101097,0.000175038,0.000839132,0.000160006,0.0,0.0,0.000373435,0.0,0.000445609,0.0001413,0.0,4.96149e-06,4.91655e-05,0.0015973,1.13616e-05,3.56699e-05,0.00103039,0.00165619,0.0,1.04118e-05,0.0,0.00943991,2.48581e-09,0.000299466,4.55337e-09,1.13461e-05,2.06405e-05,3.42332e-05,1.69487e-06,9.71043e-06,0.0,2.57192e-06,2.70194e-05,0.0001713,8.70362e-06,0.0,0.145303,0.000177875,0.0,1.42324e-05,0.000509739,8.75229e-05,0.0,0.0,8.99705e-05,3.59467e-05,0.0,0.000274744,0.00447608,1.33808e-06,0.000982623,0.000503378,0.00118255,0.01766,0.000816439,0.0344044,0.0116507,0.0114329,0.00477516,0.00116065,0.0019545,0.0,0.00613612,0.0122166,0.00589166,0.00657092,0.00621731,0.0167825,0.000686203,0.0,0.000460916,0.0
2.24552e-05,0.00106173,0.000215938,0.00700576,0.0,5.66724e-06,0.0,9.47419e-06,8.91239e-06,0.0,0.00211094,0.0,0.0,0.00201004,0.000799345,0.0,1.67201e-05,0.000128364,0.0,0.0,0.000254232,0.000400511,0.0,1.35666e-06,0.0540911,0.0127468,0.00139151,1.8581e-05,4.03088e-05,0.00057136,0.00717153,0.000498783,1.23876e-05,1.10352e-05,1.52061e-11,3.53075e-06,2.15385e-09,0.000681494,9.20201e-13,2.8887e-05,5.70811e-05,8.40065e-06,0.000100928,0.000175053,0.000839104,0.000160009,0.0,0.0,0.000373501,0.0,0.000445592,0.000141391,0.0,4.94371e-06,4.90142e-05,0.00159726,1.13939e-05,3.58299e-05,0.0010304,0.00165626,0.0,1.04955e-05,0.0,0.00944033,2.4689e-09,0.000299379,4.55337e-09,1.14012e-05,2.06784e-05,3.42822e-05,1.68074e-06,9.74159e-06,0.0,2.60913e-06,2.70492e-05,0.000171243,8.69522e-06,0.0,0.145299,0.000177875,0.0,1.42632e-05,0.000509634,8.77108e-05,0.0,0.0,9.01002e-05,3.60254e-05,0.0,0.000274784,0.00447567,1.33845e-06,0.000983585,0.000503217,0.00118269,0.0176594,0.000816802,0.0344048,0.011651,0.0114381,0.00477529,0.00115942,0.00195475,0.0,0.00613501,0.0122194,0.00589274,0.00657319,0.00621599,0.0167792,0.000686261,0.0,0.000461457,0.0
2.25698e-05,0.00106177,0.000216015,0.00700615,0.0,5.66724e-06,0.0,9.47419e-06,8.91239e-06,0.0,0.00211096,0.0,0.0,0.00200976,0.000799341,0.0,1.69187e-05,0.000128691,0.0,0.0,0.000254061,0.000399843,0.0,1.35666e-06,0.054091,0.0127478,0.00139093,1.8581e-05,4.0308e-05,0.000571433,0.00717111,0.00049868,1.23876e-05,1.1004e-05,1.52061e-11,3.44836e-06,2.15351e-09,0.00068133,9.202e-13,2.87173e-05,5.72226e-05,8.48414e-06,0.000101024,0.000175104,0.000839113,0.000160015,0.0,0.0,0.000373423,0.0,0.000445608,0.000141247,0.0,4.97315e-06,4.91747e-05,0.0015974,1.14238e-05,3.57104e-05,0.00103036,0.00165629,0.0,1.04536e-05,0.0,0.00943954,2.48581e-09,0.000299375,4.55687e-09,1.14012e-05,2.06642e-05,3.42653e-05,1.69487e-06,9.6785e-06,0.0,2.57192e-06,2.69641e-05,0.000171279,8.68715e-06,0.0,0.145303,0.000177767,0.0,1.42045e-05,0.000509798,8.76373e-05,0.0,0.0,8.99705e-05,3.60581e-05,0.0,0.000275132,0.00447618,1.33807e-06,0.000982275,0.000503602,0.0011819,0.0176596,0.000817358,0.0344037,0.011651,0.0114342,0.00477562,0.00115901,0.0019538,0.0,0.00613641,0.0122167,0.00589222,0.0065706,0.00621706,0.016784,0.000686615,0.0,0.000461187,0.0
0.0,0.0,5.22621e-05,0.0128577,0.0,0.0,0.0,3.24337e-05,3.27643e-06,0.0,0.00678936,0.0,0.0,0.00188067,0.000874873,5.56018e-05,3.93958e-05,1.45411e-05,0.0,0.000611641,0.00848135,0.00118987,7.80882e-05,0.000312919,0.000229715,0.00540818,0.00255283,0.0,0.0,3.35555e-05,0.0,0.000513205,0.000186325,0.000232988,0.0,6.93601e-05,0.0,0.000744787,3.88723e-08,0.000143339,0.000240985,0.000261416,0.000259076,0.000548292,0.00109767,3.52725e-05,0.0,0.0,0.000121658,0.0,0.000116518,3.48649e-06,1.196e-05,8.04059e-06,2.67234e-06,0.000183931,0.0,2.52757e-06,0.000217708,0.00027936,0.0,5.81223e-06,0.0,0.00320362,0.0,9.23973e-05,2.46119e-09,0.0,1.68224e-07,6.44133e-05,0.0,2.86437e-06,0.0,3.23998e-07,0.0,0.0,2.46352e-06,0.0,0.0,0.0,0.0,0.0,0.0,0.000363478,7.61499e-06,0.0,0.0,0.0,0.0005745,0.000698755,0.00622652,8.19657e-07,0.000452114,0.000628817,0.000859015,0.00140113,2.55554e-05,0.00534446,0.000198821,0.000902367,0.000176648,1.1275e-05,0.0,0.0,0.000287285,0.0002975,0.00218776,1.25366e-05,0.000572204,0.00139577,0.0,0.0,0.0,0.0
0.0,0.0,5.19536e-05,0.0128574,0.0,0.0,0.0,3.24337e-05,3.29503e-06,0.0,0.00678923,0.0,0.0,0.00188077,0.000875054,5.56027e-05,3.94813e-05,1.45411e-05,0.0,0.000611823,0.00848065,0.00119037,7.78597e-05,0.000312386,0.000229601,0.00540833,0.00255348,0.0,0.0,3.32653e-05,1.03611e-07,0.000513323,0.000186459,0.000232782,0.0,6.94689e-05,0.0,0.000746266,0.0,0.00014341,0.000241056,0.000261583,0.000259271,0.000548515,0.00109652,3.52706e-05,0.0,0.0,0.000121606,0.0,0.00011642,3.5071e-06,1.20234e-05,8.04052e-06,2.67991e-06,0.000183859,0.0,2.50979e-06,0.000217694,0.000279433,0.0,5.81223e-06,0.0,0.00320296,0.0,9.22197e-05,2.46791e-09,0.0,1.68022e-07,6.44542e-05,0.0,2.89834e-06,0.0,2.76942e-07,0.0,0.0,2.44706e-06,0.0,0.0,0.0,0.0,0.0,0.0,0.000363195,7.68308e-06,0.0,0.0,0.0,0.000574203,0.00069851,0.00622524,8.1966e-07,0.00045304,0.000629097,0.000858779,0.00140145,2.52546e-05,0.00534335,0.000198635,0.000902372,0.000176351,1.12654e-05,0.0,0.0,0.000288823,0.000296778,0.00218647,1.26555e-05,0.000571662,0.00139582,0.0,0.0,0.0,0.0
0.0,0.0,5.21528e-05,0.012858,0.0,0.0,0.0,3.23872e-05,3.27646e-06,0.0,0.00679171,0.0,0.0,0.00188102,0.000874626,5.56009e-05,3.92538e-05,1.46066e-05,0.0,0.000611495,0.00848,0.00119029,7.80882e-05,0.000312653,0.00022973,0.00540881,0.0025527,0.0,0.0,3.35175e-05,0.0,0.000513355,0.000186028,0.000233274,0.0,6.93432e-05,0.0,0.000744931,0.0,0.000143415,0.000241096,0.000261682,0.000259089,0.000548094,0.00109687,3.53068e-05,0.0,0.0,0.000121589,0.0,0.000116415,3.47927e-06,1.196e-05,8.02288e-06,2.6088e-06,0.00018398,0.0,2.47213e-06,0.000217763,0.000279324,0.0,5.77041e-06,0.0,0.00320317,0.0,9.23132e-05,2.46119e-09,0.0,1.68022e-07,6.44374e-05,0.0,2.83996e-06,0.0,2.79423e-07,0.0,0.0,2.48265e-06,0.0,0.0,0.0,0.0,0.0,0.0,0.000363482,7.67475e-06,0.0,0.0,0.0,0.00057433,0.000698667,0.00622599,8.19709e-07,0.000452766,0.000628955,0.00085836,0.00140129,2.55936e-05,0.00534371,0.000198625,0.000902253,0.000176095,1.13088e-05,0.0,0.0,0.000287482,0.000297349,0.00218726,1.25545e-05,0.000572805,0.00139642,0.0,0.0,0.0,0.0
0.0,0.0,5.2147e-05,0.0128579,0.0,0.0,0.0,3.23386e-05,3.27669e-06,0.0,0.00678816,0.0,0.0,0.00188072,0.000875217,5.55286e-05,3.93956e-05,1.45411e-05,0.0,0.000612073,0.00848063,0.00119019,7.78597e-05,0.000312949,0.000229641,0.00540846,0.00255317,0.0,0.0,3.3108e-05,1.58013e-20,0.000513311,0.000186356,0.000232857,0.0,6.90787e-05,0.0,0.00074637,0.0,0.000143451,0.000240933,0.000261341,0.000259083,0.000548333,0.0010979,3.52936e-05,0.0,0.0,0.000121718,0.0,0.000116454,3.50041e-06,1.2061e-05,8.05822e-06,2.6088e-06,0.000183815,0.0,2.50979e-06,0.000217727,0.000279379,0.0,5.85404e-06,0.0,0.00320331,0.0,9.23476e-05,2.46119e-09,0.0,1.71223e-07,6.4401e-05,0.0,2.88813e-06,0.0,3.26443e-07,0.0,0.0,2.46352e-06,0.0,0.0,0.0,0.0,0.0,0.0,0.000363419,7.61499e-06,0.0,0.0,0.0,0.000574535,0.000698188,0.00622565,8.21439e-07,0.000452038,0.000628862,0.00085886,0.00140141,2.52657e-05,0.00534484,0.00019846,0.000902285,0.00017672,1.16715e-05,0.0,0.0,0.000288781,0.000297308,0.00218689,1.21962e-05,0.000572036,0.00139584,0.0,0.0,0.0,0.0
0.0,0.0,5.19544e-05,0.0128577,0.0,0.0,0.0,3.24337e-05,3.27637e-06,0.0,0.0067907,0.0,0.0,0.00188082,0.000874845,5.55298e-05,3.94756e-05,1.45411e-05,0.0,0.000611565,0.00848065,0.00119032,7.80373e-05,0.000312569,0.000229708,0.00540884,0.00255298,0.0,0.0,3.35828e-05,0.0,0.000513515,0.000186181,0.000233062,0.0,6.9438e-05,0.0,0.000746023,0.0,0.000143241,0.00024109,0.000261782,0.000259218,0.000548456,0.00109726,3.528e-05,0.0,0.0,0.000121597,0.0,0.000116398,3.47927e-06,1.196e-05,8.04059e-06,2.67991e-06,0.000183929,0.0,2.44969e-06,0.000217703,0.000279432,0.0,5.77041e-06,0.0,0.00320323,0.0,9.22776e-05,2.46791e-09,0.0,1.64862e-07,6.44523e-05,0.0,2.86993e-06,0.0,2.79423e-07,0.0,0.0,2.46082e-06,0.0,0.0,0.0,0.0,0.0,0.0,0.00036326,7.61499e-06,0.0,0.0,0.0,0.000574651,0.00069831,0.00622624,8.19686e-07,0.000452869,0.000628969,0.000858486,0.00140133,2.55941e-05,0.00534332,0.000198631,0.00090223,0.000175719,1.10394e-05,0.0,0.0,0.000287975,0.000297317,0.00218682,1.27576e-05,0.000572002,0.00139611,0.0,0.0,0.0,0.0
0.0,0.0,5.23195e-05,0.0128581,0.0,0.0,0.0,3.23872e-05,3.29521e-06,0.0,0.00678942,0.0,0.0,0.00188071,0.000874905,5.56741e-05,3.93753e-05,1.45411e-05,0.0,0.000611881,0.00848119,0.00119016,7.79106e-05,0.000312905,0.000229603,0.00540792,0.00255223,0.0,0.0,3.32427e-05,0.0,0.0005132,0.000186321,0.00023266,0.0,6.92081e-05,0.0,0.000746082,0.0,0.000143547,0.000241112,0.00026148,0.000259188,0.000548287,0.00109657,3.52579e-05,0.0,0.0,0.000121585,0.0,0.000116445,3.5071e-06,1.20492e-05,8.04052e-06,2.6088e-06,0.000183785,0.0,2.58767e-06,0.000217764,0.00027929,0.0,5.85404e-06,0.0,0.00320346,0.0,9.2276e-05,2.46119e-09,0.0,1.68022e-07,6.44448e-05,0.0,2.91423e-06,0.0,3.23998e-07,0.0,0.0,2.46889e-06,0.0,0.0,0.0,0.0,0.0,4.4022e-11,0.000363408,7.61499e-06,0.0,0.0,0.0,0.000574168,0.000698569,0.00622532,8.19693e-07,0.000452307,0.000629158,0.000858851,0.00140112,2.52541e-05,0.00534454,0.000198925,0.000902181,0.00017646,1.14621e-05,0.0,0.0,0.000288401,0.000296999,0.00218691,1.23158e-05,0.000572186,0.00139638,0.0,0.0,0.0,0.0
0.0,0.0,5.2147e-05,0.0128577,0.0,0.0,0.0,3.24337e-05,3.27643e-06,0.0,0.00679024,0.0,0.0,0.00188075,0.00087482,5.55298e-05,3.95989e-05,1.45411e-05,0.0,0.00061161,0.00848098,0.00119017,7.80373e-05,0.000312409,0.000229631,0.00540815,0.00255334,0.0,0.0,3.32653e-05,1.05024e-20,0.00051299,0.00018641,0.000233459,0.0,6.92278e-05,0.0,0.000745509,0.0,0.00014333,0.000240929,0.000261589,0.000259242,0.000548631,0.00109749,3.53081e-05,0.0,0.0,0.000121707,0.0,0.000116436,3.47257e-06,1.196e-05,8.04052e-06,2.68616e-06,0.000183908,0.0,2.43248e-06,0.000217698,0.000279505,0.0,5.77041e-06,0.0,0.00320317,0.0,9.22936e-05,2.46791e-09,0.0,1.71223e-07,6.44071e-05,0.0,2.84576e-06,0.0,2.76942e-07,0.0,0.0,2.46352e-06,0.0,0.0,0.0,0.0,0.0,0.0,0.000363404,7.65575e-06,0.0,0.0,0.0,0.000574198,0.0006987,0.00622602,8.19633e-07,0.000452809,0.00062925,0.000858321,0.00140114,2.54554e-05,0.0053437,0.00019872,0.000901902,0.000176451,1.14878e-05,0.0,0.0,0.000287332,0.000297524,0.00218718,1.26561e-05,0.00057164,0.0013959,0.0,0.0,0.0,0.0
0.0,0.0,5.19556e-05,0.0128586,0.0,0.0,0.0,3.23386e-05,3.30133e-06,0.0,0.00678967,0.0,0.0,0.00188084,0.00087483,5.56009e-05,3.93677e-05,1.46066e-05,0.0,0.000611809,0.00848009,0.00119033,7.78597e-05,0.0003128,0.000229771,0.00540888,0.00255323,0.0,0.0,3.35396e-05,1.12296e-20,0.000513574,0.000186201,0.000232906,0.0,6.94662e-05,0.0,0.000745847,0.0,0.000143236,0.000241167,0.000261574,0.000259094,0.000548398,0.00109741,3.52467e-05,0.0,0.0,0.000121627,0.0,0.000116414,3.51379e-06,1.20234e-05,8.02288e-06,2.6088e-06,0.000183792,0.0,2.50979e-06,0.000217738,0.000279328,0.0,5.85404e-06,0.0,0.00320293,0.0,9.23181e-05,2.46119e-09,0.0,1.64862e-07,6.44256e-05,0.0,2.88225e-06,0.0,2.84349e-07,0.0,0.0,2.46618e-06,0.0,0.0,0.0,0.0,0.0,0.0,0.000363275,7.68308e-06,0.0,0.0,0.0,0.000574528,0.000698049,0.00622617,8.19674e-07,0.000452447,0.000628574,0.000858822,0.00140155,2.55445e-05,0.00534557,0.000198565,0.000902187,0.000175992,1.13737e-05,0.0,0.0,0.000288464,0.000296948,0.0021868,1.23151e-05,0.000571917,0.00139573,0.0,0.0,0.0,0.0
0.0,0.0,5.23889e-05,0.0128574,0.0,0.0,0.0,3.23872e-05,3.29504e-06,0.0,0.00678963,0.0,0.0,0.00188079,0.000875056,5.56016e-05,3.94833e-05,1.45411e-05,0.0,0.000611908,0.00848086,0.00119027,7.80882e-05,0.000312829,0.000229654,0.0054081,0.00255235,0.0,0.0,3.30858e-05,0.0,0.000512968,0.0001865,0.000232839,0.0,6.93038e-05,0.0,0.000745606,0.0,0.000143502,0.000240979,0.000261684,0.000259208,0.000548177,0.00109721,3.53215e-05,0.0,0.0,0.000121645,0.0,0.000116441,3.47927e-06,1.19976e-05,8.04059e-06,2.64248e-06,0.000184062,0.0,2.48934e-06,0.00021773,0.000279346,0.0,5.77041e-06,0.0,0.00320343,0.0,9.22776e-05,2.46791e-09,0.0,1.68022e-07,6.44588e-05,0.0,2.84856e-06,0.0,3.21517e-07,0.0,0.0,2.46353e-06,0.0,0.0,0.0,0.0,0.0,0.0,0.000363372,7.60667e-06,0.0,0.0,0.0,0.000574263,0.00069884,0.00622588,8.21147e-07,0.000452746,0.000629272,0.000858739,0.00140095,2.53042e-05,0.005343,0.000198439,0.000902363,0.000176349,1.10857e-05,0.0,0.0,0.000287889,0.00029699,0.00218661,1.26561e-05,0.00057239,0.00139636,0.0,0.0,0.0,0.0
0.0,0.0,5.20694e-05,0.012858,0.0,0.0,0.0,3.24337e-05,3.2855e-06,0.0,0.00679013,0.0,0.0,0.00188084,0.000874909,5.5603e-05,3.93827e-05,1.45411e-05,0.0,0.000611669,0.00847977,0.0011898,7.78597e-05,0.000312717,0.00022961,0.00540866,0.00255361,0.0,0.0,3.35789e-05,0.0,0.000513689,0.000186116,0.000232925,0.0,6.93096e-05,0.0,0.000745034,0.0,0.000143466,0.000241118,0.000261511,0.000259029,0.000548471,0.00109704,3.52765e-05,0.0,0.0,0.000121639,0.0,0.000116404,3.49371e-06,1.19858e-05,8.05823e-06,2.64623e-06,0.000183788,0.0,2.50979e-06,0.00021771,0.000279438,0.0,5.81223e-06,0.0,0.00320292,0.0,9.22822e-05,2.46119e-09,0.0,1.74585e-07,6.44384e-05,0.0,2.86644e-06,0.0,2.76941e-07,0.0,0.0,2.46081e-06,0.0,0.0,0.0,0.0,0.0,0.0,0.00036334,7.61499e-06,0.0,0.0,0.0,0.000574154,0.000698625,0.00622589,8.1961e-07,0.000452583,0.000628672,0.000858425,0.0014014,2.55436e-05,0.005345,0.000198738,0.000901532,0.000176443,1.13753e-05,0.0,0.0,0.000287293,0.000296856,0.00218767,1.25545e-05,0.000572202,0.00139598,0.0,0.0,0.0,0.0
0.0015406,0.000113828,6.13057e-06,0.00699765,0.0,0.0,0.0,4.56028e-05,2.51889e-08,0.0,0.00250846,0.0,0.0,0.00103309,0.000842143,1.82189e-05,0.000178404,0.000113639,0.0,0.000993649,0.0114207,0.00193571,0.000239599,0.000629563,0.000113452,0.00358444,0.00103577,0.0,1.76383e-05,0.0,0.000975872,0.000120681,3.47698e-05,3.15423e-05,0.0,0.0,0.0,0.0,0.0,5.15588e-06,0.000225687,9.17921e-05,0.000269189,0.000455503,0.000585786,5.88785e-07,0.0,0.0,1.74681e-06,0.0,5.55611e-05,1.1929e-06,1.16404e-05,0.0,9.53043e-07,6.874e-06,0.0,6.8852e-06,9.97554e-05,0.000127017,0.0,3.51243e-06,0.0,0.000694193,0.0,9.45299e-06,1.0495e-10,0.0,0.0,7.15676e-05,0.0,0.0,0.0,9.75053e-06,0.0,0.0,1.95181e-07,0.0,0.0,0.0,0.0,4.36081e-05,0.0,0.000373673,1.29394e-05,0.0,6.1815e-11,0.0,0.000270355,0.000608193,0.00698503,1.48135e-06,0.00142744,0.000781659,0.00160259,0.0309717,0.00132129,0.0582906,0.0208852,0.0207596,0.00859355,0.00216401,0.00346792,0.0,0.0104472,0.024337,0.0129717,0.0122245,0.0109281,0.0308181,0.00104378,0.000473596,0.000820817,0.0
0.0015412,0.000113903,6.18541e-06,0.00699774,0.0,0.0,0.0,4.55563e-05,8.00747e-10,0.0,0.00250957,0.0,0.0,0.00103327,0.00084211,1.82198e-05,0.000178515,0.000113669,0.0,0.00099369,0.0114196,0.00193425,0.000239219,0.000629983,0.0001134,0.00358437,0.00103571,0.0,1.74693e-05,0.0,0.000975891,0.000120728,3.48359e-05,3.16351e-05,0.0,0.0,0.0,1.63847e-07,2.08611e-21,5.22067e-06,0.000225721,9.16925e-05,0.000268885,0.000455775,0.000585868,5.94317e-07,0.0,0.0,1.74677e-06,0.0,5.55823e-05,1.21404e-06,1.17038e-05,0.0,8.89507e-07,6.80322e-06,0.0,6.80732e-06,9.97127e-05,0.000126975,0.0,3.47061e-06,0.0,0.000693401,0.0,9.52557e-06,1.08448e-10,0.0,0.0,7.16392e-05,0.0,0.0,0.0,9.76847e-06,0.0,0.0,1.89825e-07,0.0,0.0,0.0,0.0,4.3612e-05,0.0,0.000373366,1.3204e-05,0.0,6.07105e-11,0.0,0.000269499,0.000608069,0.00698623,1.48101e-06,0.00142832,0.000781893,0.00160222,0.0309733,0.00132199,0.0582944,0.0208877,0.0207625,0.00859355,0.00216386,0.00346687,0.0,0.0104472,0.0243368,0.0129719,0.0122252,0.010929,0.0308178,0.00104396,0.000472038,0.000820317,0.0
0.001541,0.000113824,6.13575e-06,0.00699657,0.0,0.0,0.0,4.55412e-05,2.52123e-08,0.0,0.00250849,0.0,0.0,0.00103329,0.000842237,1.82198e-05,0.000178402,0.000113386,0.0,0.000993125,0.0114194,0.00193492,0.000239647,0.000630163,0.000113468,0.00358358,0.00103566,0.0,1.74208e-05,0.0,0.00097572,0.000120892,3.48029e-05,3.16653e-05,0.0,0.0,0.0,0.0,0.0,5.00418e-06,0.000225675,9.18493e-05,0.000269282,0.000455636,0.000586088,5.74152e-07,0.0,0.0,1.74666e-06,0.0,5.55949e-05,1.19343e-06,1.17164e-05,0.0,8.89507e-07,6.76702e-06,0.0,6.8852e-06,9.97506e-05,0.000127037,0.0,3.47061e-06,0.0,0.00069378,0.0,9.48724e-06,1.0495e-10,0.0,0.0,7.16308e-05,0.0,0.0,0.0,9.78228e-06,0.0,0.0,1.92477e-07,0.0,0.0,0.0,0.0,4.35976e-05,0.0,0.00037371,1.30206e-05,0.0,6.1807e-11,0.0,0.000270043,0.00060799,0.00698459,1.48097e-06,0.0014273,0.000781386,0.00160194,0.0309711,0.00132218,0.0582929,0.0208857,0.0207629,0.0085931,0.00216338,0.00346623,0.0,0.0104449,0.024337,0.0129724,0.0122255,0.0109283,0.0308175,0.00104367,0.000473266,0.00082092,0.0
0.00154118,0.000113985,6.13634e-06,0.00699787,0.0,0.0,0.0,4.56028e-05,7.34225e-10,0.0,0.00250853,0.0,0.0,0.00103334,0.000841998,1.81466e-05,0.000178513,0.000113923,0.0,0.000993826,0.0114194,0.00193494,0.000238918,0.000629881,0.000113409,0.00358559,0.00103563,0.0,1.77032e-05,0.0,0.000976115,0.000120794,3.48232e-05,3.16161e-05,0.0,0.0,0.0,0.0,0.0,5.11657e-06,0.000225752,9.17543e-05,0.000268945,0.000455946,0.000585632,6.03639e-07,0.0,0.0,1.75748e-06,0.0,5.55315e-05,1.22073e-06,1.16662e-05,0.0,8.89507e-07,6.85278e-06,0.0,6.8852e-06,9.97321e-05,0.000126942,0.0,3.47061e-06,0.0,0.000693918,0.0,9.57866e-06,1.0495e-10,0.0,0.0,7.16299e-05,0.0,0.0,0.0,9.74557e-06,0.0,0.0,2.31658e-07,0.0,0.0,0.0,0.0,4.36634e-05,0.0,0.000373507,1.32176e-05,0.0,6.1815e-11,0.0,0.000269736,0.000608356,0.00698559,1.48096e-06,0.0014279,0.000781449,0.00160172,0.030973,0.00132183,0.0582911,0.0208871,0.0207618,0.00859338,0.00216392,0.00346717,0.0,0.0104469,0.0243367,0.0129716,0.0122259,0.0109299,0.0308195,0.00104364,0.000472783,0.000820129,0.0
0.00154055,0.000113873,6.28561e-06,0.00699782,0.0,0.0,0.0,4.55087e-05,2.54265e-08,0.0,0.00250872,0.0,0.0,0.0010332,0.000842097,1.82198e-05,0.000178386,0.000113383,0.0,0.000993494,0.0114198,0.00193507,0.000239554,0.000629931,0.000113424,0.00358319,0.00103575,0.0,1.73762e-05,0.0,0.000976185,0.000120706,3.47927e-05,3.15177e-05,0.0,0.0,0.0,0.0,0.0,5.16712e-06,0.000225606,9.18254e-05,0.000269204,0.000455955,0.000585774,5.94323e-07,0.0,0.0,1.74677e-06,0.0,5.55777e-05,1.20012e-06,1.1678e-05,0.0,8.89507e-07,6.85297e-06,0.0,6.79011e-06,9.97385e-05,0.000127016,0.0,3.51243e-06,0.0,0.000693918,0.0,9.44354e-06,1.08448e-10,0.0,0.0,7.16479e-05,0.0,0.0,0.0,9.76602e-06,0.0,0.0,1.95182e-07,0.0,0.0,0.0,0.0,4.35817e-05,0.0,0.000373737,1.29798e-05,0.0,6.07105e-11,0.0,0.000270032,0.000607722,0.00698485,1.47952e-06,0.00142765,0.000781315,0.00160212,0.0309715,0.00132194,0.0582928,0.0208857,0.0207614,0.00859302,0.00216411,0.00346675,0.0,0.0104474,0.0243378,0.0129721,0.012226,0.0109276,0.030817,0.00104371,0.000472576,0.000821051,0.0
0.00154073,0.000113826,6.04293e-06,0.00699695,0.0,0.0,0.0,4.56028e-05,7.4757e-10,0.0,0.00250866,0.0,0.0,0.00103333,0.000842219,1.82198e-05,0.000178513,0.000113446,0.0,0.000993752,0.0114194,0.00193477,0.000239368,0.000630243,0.000113446,0.00358457,0.00103568,0.0,1.75829e-05,0.0,0.000976359,0.000120813,3.48131e-05,3.15044e-05,0.0,0.0,0.0,2.14826e-07,0.0,5.15887e-06,0.000225709,9.19186e-05,0.000268983,0.000455561,0.000586024,5.74145e-07,0.0,0.0,1.73232e-06,0.0,5.55568e-05,1.20012e-06,1.1653e-05,0.0,9.53043e-07,6.80302e-06,0.0,6.8852e-06,9.97215e-05,0.000127001,0.0,3.47061e-06,0.0,0.000693714,0.0,9.52883e-06,1.0495e-10,0.0,0.0,7.16043e-05,0.0,0.0,0.0,9.74809e-06,0.0,0.0,1.87117e-07,0.0,0.0,0.0,0.0,4.35845e-05,0.0,0.000373528,1.32113e-05,0.0,6.07105e-11,0.0,0.000269876,0.000608105,0.00698586,1.48097e-06,0.00142755,0.000781942,0.00160223,0.0309728,0.00132178,0.0582908,0.0208878,0.0207635,0.00859214,0.00216406,0.00346746,0.0,0.0104462,0.0243357,0.0129722,0.0122241,0.0109297,0.0308189,0.00104376,0.000472872,0.000820395,0.0
0.00154043,0.000114001,6.21096e-06,0.0069975,0.0,0.0,0.0,4.56028e-05,2.51945e-08,0.0,0.0025091,0.0,0.0,0.00103305,0.00084218,1.82198e-05,0.000178294,0.000113538,0.0,0.000993642,0.0114201,0.00193456,0.000239223,0.00062941,0.000113413,0.00358451,0.00103601,0.0,1.7506e-05,0.0,0.000975795,0.000120704,3.48232e-05,3.15423e-05,0.0,0.0,0.0,0.0,0.0,5.11655e-06,0.000225815,9.1546e-05,0.000269249,0.00045564,0.00058587,6.03646e-07,0.0,0.0,1.77182e-06,0.0,5.55717e-05,1.22073e-06,1.17296e-05,0.0,8.89507e-07,6.8852e-06,0.0,6.80732e-06,9.97502e-05,0.000126987,0.0,3.47061e-06,0.0,0.000693699,0.0,9.51563e-06,1.0495e-10,0.0,0.0,7.16332e-05,0.0,0.0,0.0,9.76843e-06,0.0,0.0,2.1623e-07,0.0,0.0,0.0,0.0,4.35976e-05,0.0,0.000373499,1.31311e-05,0.0,6.1807e-11,0.0,0.00027012,0.000607516,0.00698527,1.48134e-06,0.00142704,0.000781396,0.00160242,0.0309734,0.00132193,0.0582944,0.0208865,0.0207627,0.00859401,0.00216389,0.0034665,0.0,0.0104453,0.0243368,0.012972,0.0122254,0.0109273,0.0308165,0.00104366,0.000472919,0.000820837,0.0
0.00154076,0.000113865,6.10633e-06,0.0069975,0.0,0.0,0.0,4.55422e-05,7.31029e-10,0.0,0.00250808,0.0,0.0,0.0010333,0.000842211,1.81466e-05,0.000178507,0.000113514,0.0,0.000993347,0.0114192,0.00193503,0.000239168,0.000630106,0.000113389,0.00358403,0.0010354,0.0,1.75378e-05,0.0,0.000976157,0.000120758,3.48258e-05,3.15546e-05,0.0,0.0,0.0,1.2787e-21,0.0,5.11657e-06,0.000225658,9.17e-05,0.000268757,0.000455708,0.000586004,5.79456e-07,0.0,0.0,1.7361e-06,0.0,5.55425e-05,1.20012e-06,1.16404e-05,0.0,8.89507e-07,6.874e-06,0.0,6.8852e-06,9.97278e-05,0.000127004,0.0,3.47061e-06,0.0,0.000693761,0.0,9.40818e-06,1.08448e-10,0.0,0.0,7.16261e-05,0.0,0.0,0.0,9.74809e-06,0.0,0.0,1.95181e-07,0.0,0.0,0.0,0.0,4.36081e-05,0.0,0.000373628,1.30075e-05,0.0,6.1815e-11,0.0,0.000269678,0.000608024,0.00698493,1.48096e-06,0.00142858,0.000781415,0.00160171,0.0309726,0.00132176,0.0582937,0.0208863,0.0207597,0.00859428,0.00216365,0.00346674,0.0,0.0104478,0.0243376,0.0129715,0.012226,0.0109282,0.0308189,0.00104363,0.000473092,0.000820606,0.0
0.00154095,0.000113884,6.16813e-06,0.0069971,0.0,0.0,0.0,4.56028e-05,2.52608e-08,0.0,0.00250931,0.0,0.0,0.00103318,0.000842191,1.82198e-05,0.00017853,0.000113536,0.0,0.000993654,0.0114199,0.00193462,0.000239507,0.000629428,0.000113459,0.00358512,0.00103585,0.0,1.7612e-05,0.0,0.000975998,0.000120757,3.478e-05,3.16899e-05,0.0,0.0,0.0,0.0,0.0,5.06599e-06,0.000225592,9.19449e-05,0.000269262,0.000455841,0.000585811,5.89013e-07,0.0,0.0,1.75748e-06,0.0,5.56012e-05,1.20012e-06,1.17164e-05,0.0,8.89507e-07,6.78418e-06,0.0,6.8852e-06,9.97753e-05,0.000127049,0.0,3.47061e-06,0.0,0.000693617,0.0,9.56529e-06,1.0495e-10,0.0,0.0,7.16167e-05,0.0,0.0,0.0,9.78229e-06,0.0,0.0,1.87118e-07,0.0,0.0,0.0,0.0,4.36236e-05,0.0,0.000373526,1.31359e-05,0.0,6.07105e-11,0.0,0.0002698,0.00060829,0.0069855,1.48093e-06,0.00142765,0.000781696,0.0016023,0.0309724,0.00132149,0.0582903,0.0208869,0.020763,0.00859337,0.00216467,0.00346741,0.0,0.0104462,0.0243372,0.012972,0.0122248,0.0109293,0.030818,0.00104372,0.000472256,0.00082052,0.0
0.00154041,0.00011396,6.16658e-06,0.00699779,0.0,0.0,0.0,4.55087e-05,2.55366e-08,0.0,0.00250864,0.0,0.0,0.00103324,0.000842255,1.82198e-05,0.000178618,0.00011352,0.0,0.000993448,0.0114206,0.00193535,0.000239164,0.000630099,0.000113452,0.00358363,0.00103555,0.0,1.73434e-05,0.0,0.000975682,0.000120762,3.48131e-05,3.15669e-05,0.0,0.0,0.0,0.0,0.0,5.20943e-06,0.000225762,9.15959e-05,0.000269036,0.000455661,0.000585685,6.03639e-07,0.0,0.0,1.74677e-06,0.0,5.5577e-05,1.21404e-06,1.1678e-05,0.0,8.89507e-07,6.85297e-06,0.0,6.80732e-06,9.96995e-05,0.000126969,0.0,3.51243e-06,0.0,0.000693959,0.0,9.48591e-06,1.0495e-10,0.0,0.0,7.16494e-05,0.0,0.0,0.0,9.75054e-06,0.0,0.0,1.95185e-07,0.0,0.0,0.0,0.0,4.35824e-05,0.0,0.000373527,1.30342e-05,0.0,6.1807e-11,0.0,0.000269708,0.000607553,0.00698504,1.48097e-06,0.00142751,0.000781329,0.00160194,0.0309725,0.00132186,0.058293,0.0208855,0.0207623,0.00859339,0.00216263,0.00346705,0.0,0.0104462,0.0243367,0.0129725,0.0122261,0.0109278,0.030819,0.00104395,0.000473044,0.000820599,0.0
0.00197689,9.62919e-05,7.04527e-07,0.00357631,0.0,0.0,0.0,1.55988e-05,1.12227e-05,0.0,0.00300259,0.0,0.0,0.00186001,0.000788189,3.2253e-05,0.000193035,8.66665e-05,0.0,1.81131e-05,0.00583656,0.00215928,7.39984e-05,0.000778679,0.00019375,0.0025056,0.000803917,0.0,1.6276e-05,0.0,0.00137966,8.95791e-05,7.28754e-05,9.46572e-05,0.0,1.70045e-05,0.0,0.0,0.0,6.01051e-06,0.000254636,0.000168442,0.000189614,0.000592045,0.000564276,0.0,0.0,0.0,0.0,0.0,1.91957e-05,3.6181e-07,7.25374e-05,0.0,1.21307e-06,0.0,0.0,5.09468e-06,3.43209e-06,5.06086e-05,0.0,0.0,0.0,0.0,0.0,0.0,0.0,0.0,0.0,0.000200161,0.0,0.0,0.0,1.63021e-05,0.0,0.0,4.37879e-06,0.0,0.0,0.0,0.0,7.60252e-05,3.87864e-05,0.000640709,0.000360647,6.44634e-06,2.85875e-08,6.26472e-06,0.000528923,0.000853075,0.00613447,1.48697e-06,0.00117244,0.000802888,0.00150971,0.0192402,0.000734442,0.0363475,0.00969459,0.0105634,0.00505092,0.00100472,0.00204364,0.0,0.00540618,0.0158644,0.0112128,0.00623553,0.00619566,0.017309,0.00037937,0.00116222,0.000409601,0.0
0.00197707,9.62378e-05,6.93688e-07,0.00357749,0.0,0.0,0.0,1.56939e-05,1.11961e-05,0.0,0.00300348,0.0,0.0,0.00186022,0.00078836,3.23985e-05,0.000192813,8.65245e-05,0.0,1.8113e-05,0.00583735,0.0021591,7.37698e-05,0.000779206,0.000193841,0.00250786,0.000803098,0.0,1.63377e-05,0.0,0.00138019,8.92909e-05,7.26747e-05,9.46136e-05,0.0,1.69347e-05,0.0,0.0,0.0,6.07998e-06,0.000254574,0.000168429,0.000190235,0.000592347,0.000564932,0.0,0.0,0.0,0.0,0.0,1.91619e-05,3.6181e-07,7.26356e-05,0.0,1.21325e-06,0.0,0.0,5.24987e-06,3.42935e-06,5.05408e-05,0.0,0.0,0.0,0.0,0.0,0.0,0.0,0.0,0.0,0.000200263,0.0,0.0,0.0,1.62805e-05,0.0,0.0,4.40652e-06,0.0,0.0,0.0,0.0,7.60012e-05,3.88818e-05,0.000640811,0.000360874,6.47511e-06,2.43938e-10,6.26472e-06,0.000529018,0.000853134,0.00613398,1.48697e-06,0.00117234,0.000802623,0.00150913,0.0192419,0.000734151,0.0363464,0.00969445,0.0105681,0.00505037,0.00100419,0.00204467,0.0,0.00540623,0.0158691,0.0112144,0.00623746,0.00619701,0.0173078,0.000379207,0.0011616,0.00040965,0.0
0.00197685,9.6433e-05,7.04527e-07,0.00357674,0.0,0.0,0.0,1.55523e-05,1.12398e-05,0.0,0.00300312,0.0,0.0,0.00185999,0.000788341,3.22551e-05,0.00019338,8.6758e-05,0.0,1.79975e-05,0.00583756,0.00215953,7.37698e-05,0.000778438,0.000193831,0.00250601,0.00080445,0.0,1.61324e-05,0.0,0.00137942,8.95746e-05,7.29224e-05,9.47253e-05,0.0,1.70909e-05,0.0,0.0,0.0,6.04065e-06,0.000254704,0.000168672,0.000189753,0.000592145,0.000563797,0.0,0.0,0.0,0.0,0.0,1.91995e-05,3.75725e-07,7.25849e-05,0.0,1.16254e-06,0.0,0.0,5.17199e-06,3.40296e-06,5.05944e-05,0.0,0.0,0.0,0.0,0.0,0.0,0.0,0.0,0.0,0.000200188,0.0,0.0,0.0,1.63335e-05,0.0,0.0,4.45644e-06,0.0,0.0,0.0,0.0,7.6101e-05,3.8691e-05,0.000640477,0.000360304,6.64692e-06,2.43938e-10,6.3049e-06,0.000528797,0.000852219,0.00613393,1.48691e-06,0.00117272,0.000802808,0.00150912,0.0192411,0.000734672,0.0363471,0.00969323,0.0105626,0.00505144,0.00100514,0.00204427,0.0,0.00540547,0.0158668,0.0112137,0.00623627,0.00619546,0.0173087,0.000379291,0.00116153,0.000410652,0.0
0.00197677,9.6346e-05,7.04527e-07,0.00357648,0.0,0.0,0.0,1.56463e-05,1.12365e-05,0.0,0.00300231,0.0,0.0,0.00186011,0.000788113,3.22544e-05,0.000192924,8.68359e-05,0.0,1.80953e-05,0.00583792,0.00215934,7.40493e-05,0.000778519,0.000193811,0.00250657,0.00080337,0.0,1.64151e-05,0.0,0.00137958,8.94363e-05,7.25475e-05,9.45399e-05,0.0,1.71109e-05,0.0,0.0,0.0,6.09123e-06,0.000254504,0.00016833,0.000190058,0.000592403,0.000565036,0.0,0.0,0.0,0.0,0.0,1.91652e-05,3.75725e-07,7.25221e-05,0.0,1.21325e-06,0.0,0.0,5.1892e-06,3.37867e-06,5.06203e-05,0.0,0.0,0.0,0.0,0.0,0.0,0.0,0.0,0.0,0.000200251,0.0,0.0,0.0,1.63287e-05,0.0,0.0,4.37879e-06,0.0,0.0,0.0,0.0,7.6036e-05,3.86892e-05,0.000640584,0.000360811,6.64692e-06,2.45043e-10,6.17067e-06,0.000529212,0.000853026,0.0061343,1.48696e-06,0.00117187,0.000802416,0.00150902,0.0192413,0.000734411,0.0363447,0.00969296,0.010565,0.00505143,0.00100454,0.00204408,0.0,0.00540668,0.0158668,0.0112142,0.00623622,0.00619613,0.0173097,0.000379347,0.00116181,0.000410031,0.0
0.0019769,9.62537e-05,7.04526e-07,0.00357707,0.0,0.0,0.0,1.55664e-05,1.11731e-05,0.0,0.00300263,0.0,0.0,0.00186025,0.000788495,3.23262e-05,0.000192924,8.61116e-05,0.0,1.8118e-05,0.00583786,0.00215922,7.37698e-05,0.000778728,0.00019371,0.00250635,0.000804475,0.0,1.6283e-05,0.0,0.00137969,8.93798e-05,7.27083e-05,9.4731e-05,0.0,1.69783e-05,0.0,0.0,0.0,6.10338e-06,0.000254581,0.000168533,0.000189782,0.000592251,0.000564398,0.0,0.0,0.0,0.0,0.0,1.91881e-05,3.6181e-07,7.2575e-05,0.0,1.18789e-06,0.0,0.0,5.09468e-06,3.39327e-06,5.05714e-05,0.0,0.0,0.0,0.0,0.0,0.0,0.0,0.0,0.0,0.000200175,0.0,0.0,0.0,1.62638e-05,0.0,0.0,4.42124e-06,0.0,0.0,0.0,0.0,7.60178e-05,3.88835e-05,0.000640856,0.000360381,6.44697e-06,2.85864e-08,6.35479e-06,0.000528552,0.000852764,0.00613366,1.48697e-06,0.00117238,0.000802741,0.00150977,0.0192417,0.000734963,0.0363487,0.00969374,0.0105629,0.00504887,0.00100353,0.00204419,0.0,0.00540497,0.0158679,0.0112128,0.00623531,0.00619538,0.0173089,0.000379127,0.00116164,0.00041014,0.0
0.00197748,9.63644e-05,7.01238e-07,0.00357715,0.0,0.0,0.0,1.56463e-05,1.12742e-05,0.0,0.00300346,0.0,0.0,0.00186004,0.000788301,3.22551e-05,0.000192945,8.68925e-05,0.0,1.80207e-05,0.00583772,0.00215924,7.37189e-05,0.000778652,0.000193849,0.00250645,0.000803617,0.0,1.61531e-05,0.0,0.00138026,8.93842e-05,7.26605e-05,9.46762e-05,0.0,1.71183e-05,0.0,0.0,0.0,6.01051e-06,0.000254672,0.000168484,0.000189984,0.00059234,0.000564226,0.0,0.0,0.0,0.0,0.0,1.91753e-05,3.75725e-07,7.25576e-05,0.0,1.18789e-06,0.0,0.0,5.17199e-06,3.42071e-06,5.05251e-05,0.0,0.0,0.0,0.0,0.0,0.0,0.0,0.0,0.0,0.000200222,0.0,0.0,0.0,1.63701e-05,0.0,0.0,4.35705e-06,0.0,0.0,0.0,0.0,7.60729e-05,3.86892e-05,0.00064072,0.000360609,6.50241e-06,2.43938e-10,6.03071e-06,0.000529345,0.000853154,0.00613444,1.48519e-06,0.00117226,0.000802963,0.00150878,0.0192411,0.000734053,0.0363432,0.0096945,0.0105693,0.00505193,0.00100429,0.00204421,0.0,0.00540561,0.0158644,0.0112148,0.00623625,0.00619592,0.0173082,0.000379423,0.00116178,0.000409913,0.0
0.00197589,9.63515e-05,7.04527e-07,0.0035766,0.0,0.0,0.0,1.55998e-05,1.11737e-05,0.0,0.00300266,0.0,0.0,0.0018601,0.0007882,3.23985e-05,0.000193372,8.65284e-05,0.0,1.8067e-05,0.0058379,0.00215892,7.40493e-05,0.000779467,0.000193803,0.00250637,0.000803761,0.0,1.64389e-05,0.0,0.00137956,8.94618e-05,7.31959e-05,9.44773e-05,0.0,1.70342e-05,0.0,0.0,0.0,6.02941e-06,0.000254531,0.000168442,0.000190096,0.000591912,0.000564579,0.0,0.0,0.0,0.0,0.0,1.91875e-05,3.75725e-07,7.2575e-05,0.0,1.18789e-06,0.0,0.0,5.17199e-06,3.42729e-06,5.0633e-05,0.0,0.0,0.0,0.0,0.0,0.0,0.0,0.0,0.0,0.000200186,0.0,0.0,0.0,1.63035e-05,0.0,0.0,4.46346e-06,0.0,0.0,0.0,0.0,7.60362e-05,3.87863e-05,0.000640563,0.000360826,6.56091e-06,2.45043e-10,6.35479e-06,0.000528514,0.00085293,0.00613404,1.48697e-06,0.00117294,0.000802403,0.00150963,0.019242,0.000734168,0.0363486,0.00969335,0.010562,0.00505069,0.00100385,0.002044,0.0,0.00540614,0.0158698,0.0112126,0.00623525,0.00619666,0.0173105,0.000379171,0.00116148,0.000409786,0.0
0.00197642,9.63246e-05,7.04527e-07,0.00357725,0.0,0.0,0.0,1.56463e-05,1.12762e-05,0.0,0.00300278,0.0,0.0,0.00185996,0.00078828,3.21819e-05,0.00019303,8.66744e-05,0.0,1.80128e-05,0.00583799,0.00215932,7.37698e-05,0.000778195,0.000193761,0.00250729,0.000803795,0.0,1.61553e-05,0.0,0.0013797,8.95671e-05,7.24759e-05,9.4589e-05,0.0,1.69567e-05,0.0,0.0,0.0,6.07997e-06,0.000254565,0.000168217,0.000189934,0.000592237,0.000564716,0.0,0.0,0.0,0.0,0.0,1.91572e-05,3.6181e-07,7.25848e-05,0.0,1.18789e-06,0.0,0.0,5.24987e-06,3.35961e-06,5.05501e-05,0.0,0.0,0.0,0.0,0.0,0.0,0.0,0.0,0.0,0.000200238,0.0,0.0,0.0,1.62805e-05,0.0,0.0,4.37879e-06,0.0,0.0,0.0,0.0,7.59422e-05,3.87864e-05,0.000640593,0.000360418,6.73376e-06,2.43938e-10,6.13298e-06,0.000529279,0.000852998,0.00613431,1.4869e-06,0.00117243,0.000802558,0.00150977,0.0192398,0.000734329,0.0363463,0.00969461,0.0105655,0.00505174,0.00100522,0.00204387,0.0,0.00540641,0.0158673,0.0112142,0.00623566,0.00619556,0.0173082,0.000378936,0.00116159,0.000410268,0.0
0.00197844,9.64017e-05,6.93688e-07,0.00357703,0.0,0.0,0.0,1.55998e-05,1.12136e-05,0.0,0.00300327,0.0,0.0,0.00186019,0.00078844,3.23274e-05,0.000192924,8.68254e-05,0.0,1.81309e-05,0.00583727,0.00215937,7.37698e-05,0.000778834,0.00019382,0.00250641,0.000803913,0.0,1.63117e-05,0.0,0.00137981,8.9409e-05,7.26238e-05,9.47935e-05,0.0,1.71182e-05,0.0,0.0,0.0,6.10247e-06,0.000254731,0.000168484,0.000189912,0.000592115,0.000564199,0.0,0.0,0.0,0.0,0.0,1.9199e-05,3.75725e-07,7.25374e-05,0.0,1.21325e-06,0.0,0.0,5.09468e-06,3.43066e-06,5.06053e-05,0.0,0.0,0.0,0.0,0.0,0.0,0.0,0.0,0.0,0.000200243,0.0,0.0,0.0,1.63361e-05,0.0,0.0,4.37845e-06,0.0,0.0,0.0,0.0,7.60892e-05,3.88818e-05,0.000640515,0.00036041,6.47427e-06,2.85864e-08,6.35479e-06,0.000528414,0.00085253,0.00613376,1.48697e-06,0.00117219,0.000803135,0.00150848,0.019243,0.000734995,0.0363471,0.00969657,0.010565,0.00505101,0.00100399,0.00204489,0.0,0.00540529,0.0158656,0.0112135,0.00623698,0.00619668,0.0173093,0.000379875,0.0011626,0.000410086,0.0
0.00197689,9.62991e-05,7.04527e-07,0.00357687,0.0,0.0,0.0,1.56463e-05,1.1182e-05,0.0,0.00300331,0.0,0.0,0.00185974,0.000788205,3.23262e-05,0.000193161,8.64956e-05,0.0,1.80662e-05,0.00583775,0.0021594,7.40493e-05,0.000778886,0.0001938,0.00250654,0.000803982,0.0,1.63425e-05,0.0,0.00137986,8.93208e-05,7.28902e-05,9.45891e-05,0.0,1.71351e-05,0.0,0.0,0.0,6.15394e-06,0.000254414,0.000168526,0.000189764,0.000592145,0.000564148,0.0,0.0,0.0,0.0,0.0,1.91828e-05,3.75725e-07,7.25952e-05,0.0,1.16254e-06,0.0,0.0,5.17199e-06,3.43858e-06,5.05835e-05,0.0,0.0,0.0,0.0,0.0,0.0,0.0,0.0,0.0,0.00020015,0.0,0.0,0.0,1.62889e-05,0.0,0.0,4.39984e-06,0.0,0.0,0.0,0.0,7.60066e-05,3.86891e-05,0.000640868,0.000360724,6.44697e-06,2.45043e-10,6.16246e-06,0.00052905,0.000852737,0.00613466,1.48696e-06,0.00117244,0.000802657,0.00150974,0.0192399,0.000734009,0.0363465,0.00969078,0.0105649,0.00505115,0.00100455,0.0020436,0.0,0.0054069,0.0158679,0.011214,0.00623562,0.00619546,0.0173087,0.000378931,0.00116094,0.000409811,0.0
0.000135982,5.31835e-11,9.32143e-07,0.00255666,0.0,0.0,0.0,0.0,0.0,0.0,0.00394581,0.0,0.0,0.000751847,0.00081903,6.85594e-05,0.000305278,7.31361e-05,0.0,0.00020132,0.0102191,0.0014891,0.0,0.000275323,0.000131197,0.00281159,0.000134867,0.0,2.31492e-05,0.0,0.00154677,0.000182126,0.00022662,0.000329308,0.0,4.31041e-05,1.73836e-10,0.0,0.0,1.14232e-05,0.000205286,0.00021918,0.000185157,0.00063861,0.000630249,0.0,0.0,0.0,0.0,0.0,0.0,0.0,3.59817e-05,0.0,0.0,0.0,0.0,2.048e-06,0.0,0.0,0.0,0.0,0.0,0.0,0.0,0.0,0.0,0.0,0.0,3.14196e-05,0.0,0.0,0.0,2.06895e-05,0.0,0.0,5.32092e-06,1.10333e-05,0.0,0.0,0.0,0.000129759,3.22434e-05,0.000690981,0.000355582,2.01703e-05,2.13035e-10,1.92403e-05,0.00108464,0.00118513,0.00533414,9.23585e-07,0.000435312,0.000640609,0.00107355,0.0,0.0,0.00210901,0.0,0.000639247,0.0,0.0,0.0,0.0,0.0,0.000268538,0.000602845,0.0,0.0,0.000261756,0.0,0.00104645,0.0,0.0
0.000136199,5.31835e-11,9.42982e-07,0.00255755,0.0,0.0,0.0,0.0,0.0,0.0,0.00394728,0.0,0.0,0.000751447,0.000819088,6.87758e-05,0.000305224,7.3042e-05,0.0,0.000201296,0.0102193,0.00148956,0.0,0.000275434,0.000131178,0.00281167,0.000134002,0.0,2.33978e-05,0.0,0.00154688,0.000182026,0.00022654,0.000329179,0.0,4.31457e-05,1.73573e-10,0.0,0.0,1.15308e-05,0.000205191,0.000219253,0.000185281,0.000638337,0.000629908,0.0,0.0,0.0,0.0,0.0,0.0,0.0,3.60076e-05,0.0,0.0,0.0,0.0,2.048e-06,0.0,0.0,0.0,0.0,0.0,0.0,0.0,0.0,0.0,0.0,0.0,3.13933e-05,0.0,0.0,0.0,2.07008e-05,0.0,0.0,5.29953e-06,1.09977e-05,0.0,0.0,0.0,0.00012999,3.23371e-05,0.000690544,0.000355622,2.01976e-05,2.14131e-10,1.91502e-05,0.00108519,0.00118595,0.00533486,9.21803e-07,0.00043545,0.000641061,0.00107379,0.0,0.0,0.00210951,2.89423e-20,0.000639453,0.0,0.0,0.0,0.0,0.0,0.00026886,0.000603068,0.0,0.0,0.000261723,0.0,0.00104664,0.0,0.0
0.000135881,5.34231e-11,9.32144e-07,0.00255746,0.0,0.0,0.0,0.0,0.0,0.0,0.00394619,0.0,0.0,0.000751611,0.000818965,6.87758e-05,0.000305031,7.32763e-05,0.0,0.000201158,0.0102189,0.00148931,0.0,0.00027547,0.000131189,0.00281145,0.000134912,0.0,2.30493e-05,0.0,0.00154677,0.000182114,0.000226821,0.000329158,0.0,4.3191e-05,1.74362e-10,0.0,0.0,1.15658e-05,0.00020501,0.000219373,0.000184988,0.000638588,0.000630206,0.0,0.0,0.0,0.0,0.0,0.0,0.0,3.59958e-05,0.0,0.0,0.0,0.0,2.048e-06,0.0,0.0,0.0,0.0,0.0,0.0,0.0,0.0,0.0,0.0,0.0,3.13937e-05,0.0,0.0,0.0,2.06666e-05,0.0,0.0,5.34198e-06,1.10333e-05,0.0,0.0,0.0,0.000129857,3.23388e-05,0.000690474,0.000355525,1.99977e-05,2.85555e-08,1.92698e-05,0.00108481,0.001185,0.00533406,9.23574e-07,0.000435959,0.000640487,0.00107341,0.0,0.0,0.00210943,0.0,0.000639273,0.0,0.0,0.0,0.0,0.0,0.000268439,0.000603277,0.0,0.0,0.000261624,0.0,0.00104709,0.0,0.0
0.000135837,5.31835e-11,9.42982e-07,0.00255754,0.0,0.0,0.0,0.0,0.0,0.0,0.00394686,0.0,0.0,0.000751523,0.000818993,6.86305e-05,0.000305683,7.32156e-05,0.0,0.000201315,0.0102185,0.00148924,0.0,0.000275605,0.000131201,0.0028117,0.000134633,0.0,2.32425e-05,0.0,0.00154629,0.000182066,0.000226898,0.000329264,0.0,4.29225e-05,1.73838e-10,0.0,0.0,1.15454e-05,0.000205291,0.000219579,0.000184968,0.000638122,0.000630475,0.0,0.0,0.0,0.0,0.0,0.0,0.0,3.59442e-05,0.0,0.0,0.0,0.0,2.048e-06,0.0,0.0,0.0,0.0,0.0,0.0,0.0,0.0,0.0,0.0,0.0,3.13983e-05,0.0,0.0,0.0,2.06894e-05,0.0,0.0,5.22188e-06,1.1033e-05,0.0,0.0,0.0,0.000129724,3.23371e-05,0.000690628,0.000355849,2.02845e-05,2.15236e-10,1.91003e-05,0.00108467,0.00118489,0.00533529,9.22172e-07,0.000435376,0.00064084,0.00107327,0.0,0.0,0.00210922,0.0,0.000638829,0.0,0.0,0.0,0.0,0.0,0.000268807,0.000603042,0.0,0.0,0.000261637,0.0,0.00104663,0.0,0.0
0.000136311,5.31835e-11,9.32144e-07,0.00255735,0.0,0.0,0.0,0.0,0.0,0.0,0.00394741,0.0,0.0,0.000751727,0.000818915,6.87758e-05,0.000305142,7.31163e-05,0.0,0.000201301,0.0102201,0.00148981,0.0,0.000275537,0.000131168,0.00281098,0.000134912,0.0,2.32605e-05,0.0,0.00154745,0.000182042,0.000226486,0.000329196,0.0,4.32921e-05,1.73573e-10,0.0,0.0,1.14738e-05,0.000205118,0.00021923,0.00018524,0.000638443,0.000630162,0.0,0.0,0.0,0.0,0.0,0.0,0.0,3.597e-05,0.0,0.0,0.0,0.0,2.048e-06,0.0,0.0,0.0,0.0,0.0,0.0,0.0,0.0,0.0,0.0,0.0,3.14065e-05,0.0,0.0,0.0,2.06895e-05,0.0,0.0,5.29919e-06,1.09623e-05,0.0,0.0,0.0,0.000129963,3.21463e-05,0.000690761,0.000355478,2.00843e-05,2.13035e-10,1.92001e-05,0.00108454,0.00118544,0.00533441,9.23242e-07,0.000435429,0.000640625,0.00107346,0.0,0.0,0.00210945,0.0,0.000639611,0.0,0.0,0.0,0.0,0.0,0.000268545,0.000603085,0.0,0.0,0.000261851,0.0,0.00104642,0.0,0.0
0.00013605,5.31835e-11,9.32143e-07,0.00255724,0.0,0.0,0.0,0.0,0.0,0.0,0.00394631,0.0,0.0,0.000751537,0.000819135,6.87758e-05,0.00030525,7.32156e-05,0.0,0.000201193,0.0102181,0.00148921,0.0,0.000275251,0.000131171,0.00281116,0.000134269,0.0,2.30324e-05,0.0,0.00154662,0.00018219,0.000226731,0.000329296,0.0,4.32587e-05,1.74102e-10,0.0,0.0,1.15658e-05,0.000205176,0.000219313,0.000185171,0.00063836,0.000630798,0.0,0.0,0.0,0.0,0.0,0.0,0.0,3.597e-05,0.0,0.0,0.0,0.0,2.03079e-06,0.0,0.0,0.0,0.0,0.0,0.0,0.0,0.0,0.0,0.0,0.0,3.13933e-05,0.0,0.0,0.0,2.07008e-05,0.0,0.0,5.34198e-06,1.10333e-05,0.0,0.0,0.0,0.000129874,3.24343e-05,0.000690744,0.000355589,2.01976e-05,2.13035e-10,1.91879e-05,0.00108506,0.00118514,0.00533448,9.23574e-07,0.000435486,0.000640979,0.00107369,0.0,0.0,0.00210969,0.0,0.000639197,0.0,0.0,0.0,0.0,0.0,0.000268754,0.000603325,0.0,0.0,0.000261617,0.0,0.00104703,0.0,0.0
0.00013599,5.31835e-11,9.42982e-07,0.00255708,0.0,0.0,0.0,0.0,0.0,0.0,0.0039471,0.0,0.0,0.000751735,0.000818962,6.86317e-05,0.000305679,7.30469e-05,0.0,0.00020133,0.0102186,0.00148946,0.0,0.000275651,0.000131202,0.00281162,0.000133978,0.0,2.3454e-05,0.0,0.00154664,0.000182049,0.000226868,0.000328812,0.0,4.31686e-05,1.73838e-10,0.0,0.0,1.16047e-05,0.000205064,0.000219466,0.000185027,0.000638465,0.00063051,0.0,0.0,0.0,0.0,0.0,0.0,0.0,3.597e-05,0.0,0.0,0.0,0.0,2.048e-06,0.0,0.0,0.0,0.0,0.0,0.0,0.0,0.0,0.0,0.0,0.0,3.14065e-05,0.0,0.0,0.0,2.06666e-05,0.0,0.0,5.22188e-06,1.10333e-05,0.0,0.0,0.0,0.000129774,3.22416e-05,0.000690652,0.000355561,2.01703e-05,2.14131e-10,1.92403e-05,0.00108454,0.00118558,0.00533505,9.21802e-07,0.000435809,0.000640918,0.00107398,0.0,0.0,0.00210945,0.0,0.000639339,0.0,0.0,0.0,0.0,0.0,0.000268644,0.000603319,0.0,0.0,0.000261491,0.0,0.00104578,0.0,0.0
0.000135776,5.34231e-11,9.32143e-07,0.0025578,0.0,0.0,0.0,0.0,0.0,0.0,0.00394676,0.0,0.0,0.000751812,0.000818963,6.87035e-05,0.000304603,7.31919e-05,0.0,0.00020125,0.0102192,0.00148943,0.0,0.000275349,0.000131162,0.00281187,0.000134994,0.0,2.31969e-05,0.0,0.00154648,0.000182051,0.000226583,0.000329388,0.0,4.30556e-05,1.73571e-10,0.0,0.0,1.15159e-05,0.000205163,0.00021916,0.000185279,0.000638538,0.00062911,0.0,0.0,0.0,0.0,0.0,0.0,0.0,3.597e-05,0.0,0.0,0.0,0.0,2.048e-06,0.0,0.0,0.0,0.0,0.0,0.0,0.0,0.0,0.0,0.0,0.0,3.13822e-05,0.0,0.0,0.0,2.06894e-05,0.0,0.0,5.34198e-06,1.09977e-05,0.0,0.0,0.0,0.000129885,3.24342e-05,0.000690842,0.00035565,2.00837e-05,2.85555e-08,1.91502e-05,0.00108493,0.0011852,0.00533426,9.23587e-07,0.00043554,0.00064083,0.00107337,0.0,0.0,0.00210903,0.0,0.000639121,0.0,0.0,0.0,0.0,0.0,0.000269007,0.000602641,0.0,0.0,0.000261621,0.0,0.00104701,0.0,0.0
0.000136374,5.31835e-11,9.32143e-07,0.00255699,0.0,0.0,0.0,0.0,0.0,0.0,0.00394645,0.0,0.0,0.000751459,0.000819169,6.87758e-05,0.000305364,7.32851e-05,0.0,0.000201205,0.0102184,0.00148968,0.0,0.000275414,0.000131211,0.00281205,0.000134426,0.0,2.33019e-05,0.0,0.0015472,0.000182112,0.000226558,0.000329433,0.0,4.30589e-05,1.74097e-10,0.0,0.0,1.15312e-05,0.000205126,0.000219591,0.000185079,0.000638254,0.000630773,0.0,0.0,0.0,0.0,0.0,0.0,0.0,3.60334e-05,0.0,0.0,0.0,0.0,2.048e-06,0.0,0.0,0.0,0.0,0.0,0.0,0.0,0.0,0.0,0.0,0.0,3.13933e-05,0.0,0.0,0.0,2.07008e-05,0.0,0.0,5.27848e-06,1.10333e-05,0.0,0.0,0.0,0.000129899,3.21463e-05,0.000690404,0.000355627,2.0399e-05,2.15236e-10,1.92698e-05,0.00108468,0.001185,0.00533466,9.22172e-07,0.000435425,0.000640521,0.00107317,0.0,0.0,0.00210982,0.0,0.000639429,0.0,0.0,0.0,0.0,0.0,0.000268538,0.00060286,0.0,0.0,0.000261952,0.0,0.00104736,0.0,0.0
0.000135912,5.31835e-11,9.42982e-07,0.00255724,0.0,0.0,0.0,0.0,0.0,0.0,0.00394709,0.0,0.0,0.000751776,0.000818737,6.87028e-05,0.00030548,7.31264e-05,0.0,0.000201319,0.0102197,0.00148931,0.0,0.00027535,0.000131164,0.00281098,0.000134759,0.0,2.31073e-05,0.0,0.0015464,0.000182094,0.000227002,0.000328992,0.0,4.31333e-05,1.73578e-10,0.0,0.0,1.15654e-05,0.00020514,0.000219347,0.000185196,0.000638417,0.000630207,0.0,0.0,0.0,0.0,0.0,0.0,0.0,3.59817e-05,0.0,0.0,0.0,0.0,2.03079e-06,0.0,0.0,0.0,0.0,0.0,0.0,0.0,0.0,0.0,0.0,0.0,3.14162e-05,0.0,0.0,0.0,2.06894e-05,0.0,0.0,5.25731e-06,1.10333e-05,0.0,0.0,0.0,0.000129916,3.23371e-05,0.000690763,0.000355691,2.00564e-05,2.13035e-10,1.91502e-05,0.00108484,0.0011861,0.005335,9.23203e-07,0.000435635,0.000640744,0.0010742,0.0,0.0,0.00210893,0.0,0.00063893,0.0,0.0,0.0,0.0,0.0,0.00026886,0.000603579,0.0,0.0,0.00026153,0.0,0.00104687,0.0,0.0
1.09071e-05,0.0,4.69695e-07,0.00192426,0.0,0.0,8.3773e-10,0.0,0.0,0.0,0.00401995,0.0,0.0,0.000199792,0.00110616,0.0,0.000344241,0.000141846,0.0,0.000582119,0.0126067,0.00186291,0.0,0.000415102,4.24887e-05,0.000360241,9.71112e-05,0.0,1.39815e-05,0.0,0.00107833,9.17112e-05,0.000261241,0.000301921,0.0,6.29939e-05,0.0,0.0,0.0,7.64734e-06,0.000301912,0.000431811,0.000146628,0.000848805,0.000691751,0.0,0.0,0.0,0.0,0.0,0.0,0.0,0.0,0.0,4.09451e-06,0.0,0.0,0.0,0.0,0.0,0.0,0.0,0.0,0.0,0.0,0.0,0.0,0.0,0.0,0.0,0.0,0.0,0.0,2.78862e-05,0.0,0.0,5.03955e-06,2.42661e-05,0.0,0.0,0.0,0.000192987,0.0,0.000815126,0.000167718,0.000104545,4.27166e-10,9.96406e-05,0.000154209,0.00112833,0.00334551,1.63292e-06,0.000923342,0.00064861,0.00136791,0.000385108,3.50595e-06,0.001241,0.0,0.000572911,0.0,0.0,0.0,0.0,0.0,0.000244172,0.000534489,0.0,0.0,0.000403728,0.0,0.000548074,0.0,0.0
1.08242e-05,0.0,4.66072e-07,0.00192465,0.0,0.0,8.4056e-10,0.0,0.0,0.0,0.00401965,0.0,0.0,0.000199883,0.00110628,0.0,0.000344687,0.000141938,0.0,0.000582188,0.012608,0.0018635,0.0,0.000414925,4.24901e-05,0.000360436,9.70744e-05,0.0,1.38122e-05,0.0,0.00107806,9.16794e-05,0.000261163,0.000301375,0.0,6.32013e-05,0.0,0.0,0.0,7.76271e-06,0.000301912,0.000431844,0.000146958,0.000849199,0.000691026,0.0,0.0,0.0,0.0,0.0,0.0,0.0,0.0,0.0,4.06915e-06,0.0,0.0,0.0,0.0,0.0,0.0,0.0,0.0,0.0,0.0,0.0,0.0,0.0,0.0,0.0,0.0,0.0,0.0,2.7866e-05,0.0,0.0,5.01114e-06,2.42658e-05,0.0,0.0,0.0,0.000192891,0.0,0.000815208,0.000167543,0.000104802,2.87707e-08,9.96625e-05,0.000153503,0.00112935,0.00334534,1.63288e-06,0.000923569,0.000648974,0.00136906,0.000385131,3.60557e-06,0.00124036,0.0,0.000573177,0.0,0.0,0.0,0.0,0.0,0.000244448,0.000534099,0.0,0.0,0.000403939,0.0,0.000548183,0.0,0.0
1.09491e-05,0.0,4.66072e-07,0.00192442,0.0,0.0,8.38774e-10,0.0,0.0,0.0,0.00401989,0.0,0.0,0.000200127,0.00110585,0.0,0.000344383,0.000142076,0.0,0.000582009,0.0126063,0.00186263,0.0,0.000414852,4.24919e-05,0.000360787,9.76128e-05,0.0,1.39109e-05,0.0,0.00107823,9.18371e-05,0.000261023,0.000302108,0.0,6.30335e-05,0.0,0.0,0.0,7.74847e-06,0.000301904,0.000431814,0.000146747,0.000848995,0.000691417,0.0,0.0,0.0,0.0,0.0,0.0,0.0,0.0,0.0,4.09451e-06,0.0,0.0,0.0,0.0,0.0,0.0,0.0,0.0,0.0,0.0,0.0,0.0,0.0,0.0,0.0,0.0,0.0,0.0,2.78749e-05,0.0,0.0,4.95488e-06,2.42661e-05,0.0,0.0,0.0,0.000192984,0.0,0.000815201,0.000167846,0.000104746,4.2607e-10,9.96004e-05,0.00015398,0.00112896,0.00334542,1.63398e-06,0.000923124,0.000648659,0.00136804,0.000385249,3.40565e-06,0.00124019,0.0,0.000572843,0.0,0.0,0.0,0.0,0.0,0.000243977,0.000534975,0.0,0.0,0.000403534,0.0,0.000548724,0.0,0.0
1.0884e-05,0.0,4.66072e-07,0.00192442,0.0,0.0,8.40801e-10,0.0,0.0,0.0,0.00401986,0.0,0.0,0.000199803,0.00110581,0.0,0.000344473,0.000141956,0.0,0.000582096,0.0126071,0.00186386,0.0,0.000414971,4.25037e-05,0.000359786,9.68789e-05,0.0,1.39745e-05,0.0,0.00107793,9.15799e-05,0.000261143,0.000301699,0.0,6.29932e-05,0.0,0.0,0.0,7.65859e-06,0.000301889,0.000431844,0.000146657,0.00084926,0.00069073,0.0,0.0,0.0,0.0,0.0,0.0,0.0,0.0,0.0,4.09451e-06,0.0,0.0,0.0,0.0,0.0,0.0,0.0,0.0,0.0,0.0,0.0,0.0,0.0,0.0,0.0,0.0,0.0,0.0,2.78876e-05,0.0,0.0,5.05393e-06,2.43018e-05,0.0,0.0,0.0,0.000192903,0.0,0.00081501,0.000167681,0.000104544,2.87696e-08,9.97846e-05,0.000153604,0.00112925,0.00334578,1.63288e-06,0.000923261,0.000648735,0.00136867,0.000385092,3.27754e-06,0.00123996,0.0,0.000572913,0.0,0.0,0.0,0.0,0.0,0.000244918,0.000534099,0.0,0.0,0.000403469,0.0,0.000547944,0.0,0.0
1.08661e-05,0.0,4.66072e-07,0.00192449,0.0,0.0,8.37487e-10,0.0,0.0,0.0,0.00401991,0.0,0.0,0.000199888,0.0011062,0.0,0.000344581,0.000141925,0.0,0.000581981,0.0126069,0.0018629,0.0,0.000415014,4.24992e-05,0.000360502,9.72101e-05,0.0,1.37281e-05,0.0,0.00107818,9.17669e-05,0.000261045,0.000301915,0.0,6.29474e-05,0.0,0.0,0.0,7.71681e-06,0.000301837,0.000432044,0.000147052,0.000848492,0.000691152,0.0,0.0,0.0,0.0,0.0,0.0,0.0,0.0,0.0,4.0438e-06,0.0,0.0,0.0,0.0,0.0,0.0,0.0,0.0,0.0,0.0,0.0,0.0,0.0,0.0,0.0,0.0,0.0,0.0,2.78813e-05,0.0,0.0,4.95488e-06,2.42658e-05,0.0,0.0,0.0,0.000193015,0.0,0.000815173,0.000167331,0.000104889,4.28271e-10,9.95627e-05,0.000153899,0.00112864,0.00334538,1.6329e-06,0.000923539,0.00064838,0.00136838,0.000385147,3.4558e-06,0.0012402,0.0,0.000573166,0.0,0.0,0.0,0.0,0.0,0.000244071,0.000534401,0.0,0.0,0.000403912,0.0,0.000549258,0.0,0.0
1.09071e-05,0.0,4.7691e-07,0.00192462,0.0,0.0,8.38772e-10,0.0,0.0,0.0,0.00401975,0.0,0.0,0.000199916,0.00110612,0.0,0.000344465,0.000141996,0.0,0.000582224,0.0126078,0.00186281,0.0,0.000415049,4.24952e-05,0.000360311,9.70151e-05,0.0,1.39452e-05,0.0,0.00107805,9.17225e-05,0.000261456,0.000301636,0.0,6.30648e-05,0.0,0.0,0.0,7.70916e-06,0.000301973,0.000431692,0.000146636,0.000849128,0.000692269,0.0,0.0,0.0,0.0,0.0,0.0,0.0,0.0,0.0,4.11968e-06,0.0,0.0,0.0,0.0,0.0,0.0,0.0,0.0,0.0,0.0,0.0,0.0,0.0,0.0,0.0,0.0,0.0,0.0,2.79069e-05,0.0,0.0,5.03288e-06,2.42308e-05,0.0,0.0,0.0,0.000192983,0.0,0.000815413,0.000167747,0.00010466,2.87696e-08,9.95064e-05,0.000153983,0.00112915,0.00334573,1.63252e-06,0.000922995,0.000648624,0.00136814,0.000385272,3.4558e-06,0.00124022,0.0,0.000573057,0.0,0.0,0.0,0.0,0.0,0.000244458,0.000534208,0.0,0.0,0.000403504,0.0,0.000547936,0.0,0.0
1.08661e-05,0.0,4.66072e-07,0.00192447,0.0,0.0,8.4361e-10,0.0,0.0,0.0,0.0040198,0.0,0.0,0.000200193,0.00110606,0.0,0.000344581,0.00014193,0.0,0.000582078,0.0126065,0.00186348,0.0,0.000414733,4.2498e-05,0.000360504,9.70743e-05,0.0,1.38475e-05,0.0,0.00107788,9.17071e-05,0.000261151,0.000301705,0.0,6.312e-05,0.0,0.0,0.0,7.6979e-06,0.000301741,0.000431964,0.000146853,0.000848993,0.000690333,0.0,0.0,0.0,0.0,0.0,0.0,0.0,0.0,0.0,4.06915e-06,0.0,0.0,0.0,0.0,0.0,0.0,0.0,0.0,0.0,0.0,0.0,0.0,0.0,0.0,0.0,0.0,0.0,0.0,2.79054e-05,0.0,0.0,4.91209e-06,2.43015e-05,0.0,0.0,0.0,0.000192854,0.0,0.000815301,0.0001676,0.000104459,4.28271e-10,9.97846e-05,0.000153369,0.00112908,0.00334559,1.63289e-06,0.000923846,0.000648899,0.00136851,0.000385018,3.4558e-06,0.00124051,0.0,0.000572946,0.0,0.0,0.0,0.0,0.0,0.000244263,0.00053461,0.0,0.0,0.000403839,0.0,0.000548816,0.0,0.0
1.0925e-05,0.0,4.66072e-07,0.00192482,0.0,0.0,8.39517e-10,0.0,0.0,0.0,0.00401977,0.0,0.0,0.000199912,0.00110598,0.0,0.000344254,0.000142014,0.0,0.000582027,0.0126069,0.00186301,0.0,0.000415067,4.24827e-05,0.000360535,9.74903e-05,0.0,1.38864e-05,0.0,0.00107835,9.17445e-05,0.000261087,0.000301898,0.0,6.29945e-05,0.0,0.0,0.0,7.76271e-06,0.000302054,0.000431919,0.000146738,0.000849104,0.000691745,0.0,0.0,0.0,0.0,0.0,0.0,0.0,0.0,0.0,4.09451e-06,0.0,0.0,0.0,0.0,0.0,0.0,0.0,0.0,0.0,0.0,0.0,0.0,0.0,0.0,0.0,0.0,0.0,0.0,2.7866e-05,0.0,0.0,5.05393e-06,2.42661e-05,0.0,0.0,0.0,0.000192892,0.0,0.000814882,0.000167642,0.000104861,4.2607e-10,9.96126e-05,0.000154007,0.00112881,0.0033455,1.63434e-06,0.000922864,0.00064844,0.00136833,0.000385131,3.4558e-06,0.00124012,0.0,0.000573133,0.0,0.0,0.0,0.0,0.0,0.00024455,0.000534307,0.0,0.0,0.000403763,0.0,0.00054717,0.0,0.0
1.08661e-05,0.0,4.66072e-07,0.00192425,0.0,0.0,8.40061e-10,0.0,0.0,0.0,0.0040201,0.0,0.0,0.000199762,0.00110604,0.0,0.000344581,0.000141853,0.0,0.000582078,0.0126074,0.00186305,0.0,0.000414845,4.24809e-05,0.000360001,9.67713e-05,0.0,1.39015e-05,0.0,0.00107763,9.1689e-05,0.000261204,0.000301617,0.0,6.29585e-05,0.0,0.0,0.0,7.6979e-06,0.000301894,0.000431725,0.000146749,0.000848976,0.000690974,0.0,0.0,0.0,0.0,0.0,0.0,0.0,0.0,0.0,4.09451e-06,0.0,0.0,0.0,0.0,0.0,0.0,0.0,0.0,0.0,0.0,0.0,0.0,0.0,0.0,0.0,0.0,0.0,0.0,2.78862e-05,0.0,0.0,4.95488e-06,2.43015e-05,0.0,0.0,0.0,0.000193068,0.0,0.00081499,0.000167667,0.000104545,2.87696e-08,9.96004e-05,0.000153912,0.0011288,0.00334563,1.63251e-06,0.000923317,0.000648688,0.00136824,0.000385092,3.40565e-06,0.00124011,0.0,0.000573099,0.0,0.0,0.0,0.0,0.0,0.000244156,0.00053461,0.0,0.0,0.000403689,0.0,0.000549558,0.0,0.0
1.08652e-05,0.0,4.66072e-07,0.00192453,0.0,0.0,8.39021e-10,0.0,0.0,0.0,0.00401995,0.0,0.0,0.000199961,0.00110592,0.0,0.000344581,0.0001421,0.0,0.000582188,0.0126071,0.00186358,0.0,0.000414924,4.25183e-05,0.000360414,9.7864e-05,0.0,1.38617e-05,0.0,0.00107874,9.16183e-05,0.000261374,0.000301953,0.0,6.30786e-05,0.0,0.0,0.0,7.70916e-06,0.000301735,0.00043215,0.000146871,0.000849027,0.00069178,0.0,0.0,0.0,0.0,0.0,0.0,0.0,0.0,0.0,4.06915e-06,0.0,0.0,0.0,0.0,0.0,0.0,0.0,0.0,0.0,0.0,0.0,0.0,0.0,0.0,0.0,0.0,0.0,0.0,2.78876e-05,0.0,0.0,5.05393e-06,2.42661e-05,0.0,0.0,0.0,0.000192741,0.0,0.000815423,0.000167732,0.00010466,4.28271e-10,9.97027e-05,0.000153752,0.00112878,0.00334543,1.6329e-06,0.000923213,0.000648326,0.00136846,0.000385249,3.4558e-06,0.00124072,0.0,0.000572854,0.0,0.0,0.0,0.0,0.0,0.000244262,0.000534098,0.0,0.0,0.000403628,0.0,0.000548165,0.0,0.0
0.0,0.0,4.66072e-07,0.000309457,0.0,3.83168e-07,4.91512e-06,0.0,2.31203e-05,0.0,0.00589105,1.37091e-05,0.0,0.000181009,0.0012488,2.15896e-05,0.000375574,0.000407936,0.0,0.000425046,0.0124263,0.00304711,2.47171e-05,0.000641281,1.16501e-06,0.000211741,0.000739648,0.0,1.42759e-06,0.0,0.000445191,0.0,0.000119663,0.000270622,0.0,4.99439e-05,0.0,0.0,0.0,9.80605e-05,0.000228069,0.000355946,3.01393e-05,0.000593108,0.000932476,0.0,0.0,0.0,0.0,0.0,0.0,0.0,0.0,0.0,7.86031e-06,0.0,0.0,0.0,0.0,0.0,0.0,0.0,0.0,0.0,0.0,0.0,0.0,0.0,0.0,0.0,0.0,0.0,0.0,3.16449e-05,0.0,0.0,0.0,3.18935e-05,0.0,0.0,0.0,0.000225395,0.0,0.000549433,0.000114933,5.412e-05,2.92299e-08,5.13554e-05,0.000266644,0.00123898,0.00348785,2.22302e-06,0.00107714,0.000431869,0.00163419,0.000546676,8.29688e-06,0.000958107,0.0,0.000573413,0.0,0.0,0.0,0.0,0.0,0.0,8.13689e-06,0.0,0.0,0.000253124,0.0,0.0,0.0,0.0
0.0,0.0,4.7691e-07,0.000309782,0.0,3.83168e-07,4.87254e-06,0.0,2.30285e-05,0.0,0.0058918,1.37089e-05,0.0,0.000181098,0.00124874,2.15907e-05,0.000375891,0.000407632,0.0,0.000424879,0.0124266,0.003047,2.44885e-05,0.000641421,1.14827e-06,0.000211265,0.000740259,0.0,1.41157e-06,0.0,0.000446124,0.0,0.000119885,0.000270294,0.0,4.97141e-05,0.0,9.29277e-23,0.0,9.8164e-05,0.00022814,0.000356016,3.0362e-05,0.000593221,0.000932084,0.0,0.0,0.0,0.0,0.0,0.0,0.0,0.0,0.0,7.86031e-06,0.0,0.0,0.0,0.0,0.0,0.0,0.0,0.0,0.0,0.0,0.0,0.0,0.0,0.0,0.0,0.0,0.0,0.0,3.16323e-05,0.0,0.0,0.0,3.19291e-05,0.0,0.0,0.0,0.000225205,0.0,0.000549419,0.000114758,5.40921e-05,2.92321e-08,5.15395e-05,0.000266034,0.0012385,0.00348829,2.22302e-06,0.00107664,0.000431468,0.00163372,0.000546484,8.19658e-06,0.000957884,0.0,0.000573124,0.0,0.0,0.0,0.0,0.0,0.0,8.13689e-06,0.0,0.0,0.00025326,0.0,0.0,0.0,0.0
0.0,0.0,4.66072e-07,0.000309153,0.0,3.83168e-07,4.95769e-06,0.0,2.31085e-05,0.0,0.00589113,1.37091e-05,0.0,0.000181025,0.00124879,2.15896e-05,0.000375922,0.000407615,0.0,0.000425088,0.0124266,0.00304735,2.4717e-05,0.000641289,1.14926e-06,0.000211853,0.00074086,0.0,1.36013e-06,0.0,0.000445657,0.0,0.000119821,0.000270449,0.0,4.97368e-05,0.0,0.0,0.0,9.80581e-05,0.000227952,0.000355847,3.04833e-05,0.000593289,0.000932415,0.0,0.0,0.0,0.0,0.0,0.0,0.0,0.0,0.0,7.88566e-06,0.0,0.0,0.0,0.0,0.0,0.0,0.0,0.0,0.0,0.0,0.0,0.0,0.0,0.0,0.0,0.0,0.0,0.0,3.16665e-05,0.0,0.0,0.0,3.19645e-05,0.0,0.0,0.0,0.000225298,0.0,0.000549206,0.000115058,5.38913e-05,2.9231e-08,5.13055e-05,0.000266827,0.00123874,0.00348779,2.2241e-06,0.00107696,0.000431322,0.00163447,0.000546547,8.32537e-06,0.000957953,0.0,0.000573301,0.0,0.0,0.0,0.0,0.0,0.0,8.13689e-06,0.0,0.0,0.000253144,0.0,0.0,0.0,0.0
0.0,0.0,4.66072e-07,0.000309346,0.0,3.83168e-07,4.87254e-06,0.0,2.30688e-05,0.0,0.00589093,1.36372e-05,0.0,0.000181075,0.00124871,2.15896e-05,0.000375894,0.000408039,0.0,0.000424964,0.0124269,0.00304765,2.47171e-05,0.000641395,1.16467e-06,0.0002113,0.000740187,0.0,1.45238e-06,0.0,0.000445845,0.0,0.000119619,0.000270331,0.0,5.00182e-05,0.0,0.0,0.0,9.81436e-05,0.000228202,0.000355933,3.02316e-05,0.000593285,0.000932244,0.0,0.0,0.0,0.0,0.0,0.0,0.0,0.0,0.0,7.83514e-06,0.0,0.0,0.0,0.0,0.0,0.0,0.0,0.0,0.0,0.0,0.0,0.0,0.0,0.0,0.0,0.0,0.0,0.0,3.16068e-05,0.0,0.0,0.0,3.19291e-05,0.0,0.0,0.0,0.000225169,0.0,0.000549139,0.000114887,5.40919e-05,2.9231e-08,5.14494e-05,0.000266189,0.00123846,0.00348836,2.22302e-06,0.00107657,0.000431833,0.00163384,0.000546817,8.24673e-06,0.000957668,0.0,0.00057361,0.0,0.0,0.0,0.0,0.0,0.0,8.02694e-06,0.0,0.0,0.000253164,0.0,0.0,0.0,0.0
0.0,0.0,4.66071e-07,0.000309845,0.0,3.83168e-07,4.95744e-06,0.0,2.31315e-05,0.0,0.00589107,1.37091e-05,0.0,0.000181025,0.00124886,2.15185e-05,0.000376023,0.000407635,0.0,0.000424978,0.0124271,0.00304711,2.47171e-05,0.00064109,1.14036e-06,0.000211839,0.000740076,0.0,1.38258e-06,0.0,0.000445742,0.0,0.000120091,0.00027079,0.0,4.96721e-05,0.0,0.0,0.0,9.81432e-05,0.000228046,0.000356016,3.04132e-05,0.000593151,0.000932731,0.0,0.0,0.0,0.0,0.0,0.0,0.0,0.0,0.0,7.86031e-06,0.0,0.0,0.0,0.0,0.0,0.0,0.0,0.0,0.0,0.0,0.0,0.0,0.0,0.0,0.0,0.0,0.0,0.0,3.16437e-05,0.0,0.0,0.0,3.19291e-05,0.0,0.0,0.0,0.00022534,0.0,0.000549569,0.000115128,5.38913e-05,2.92321e-08,5.13055e-05,0.00026626,0.00123846,0.00348813,2.22303e-06,0.00107661,0.000431633,0.00163451,0.000546608,8.24673e-06,0.000958489,0.0,0.000572934,0.0,0.0,0.0,0.0,0.0,0.0,8.13689e-06,0.0,0.0,0.000253278,0.0,0.0,0.0,0.0
0.0,0.0,4.66072e-07,0.000309385,0.0,3.83168e-07,4.91486e-06,0.0,2.30555e-05,0.0,0.00589149,1.37089e-05,0.0,0.000181098,0.00124862,2.16619e-05,0.000375891,0.000407844,0.0,0.000424943,0.0124268,0.00304695,2.44885e-05,0.000641505,1.16567e-06,0.000211495,0.000740744,0.0,1.44211e-06,0.0,0.000445883,0.0,0.000119743,0.000270164,0.0,4.98343e-05,0.0,0.0,0.0,9.80927e-05,0.00022796,0.000356079,3.02559e-05,0.000593084,0.000932,0.0,0.0,0.0,0.0,0.0,0.0,0.0,0.0,0.0,7.86031e-06,0.0,0.0,0.0,0.0,0.0,0.0,0.0,0.0,0.0,0.0,0.0,0.0,0.0,0.0,0.0,0.0,0.0,0.0,3.16551e-05,0.0,0.0,0.0,3.19291e-05,0.0,0.0,0.0,0.00022513,0.0,0.000549278,0.0001149,5.39773e-05,2.92299e-08,5.14454e-05,0.000266409,0.00123864,0.00348761,2.22444e-06,0.00107665,0.000431257,0.00163339,0.000546676,8.29688e-06,0.000957621,0.0,0.000573495,0.0,0.0,0.0,0.0,0.0,0.0,8.13689e-06,0.0,0.0,0.000253083,0.0,0.0,0.0,0.0
0.0,0.0,4.66072e-07,0.00030944,0.0,3.83168e-07,4.91537e-06,0.0,2.30688e-05,0.0,0.00589051,1.37091e-05,0.0,0.000181085,0.00124893,2.15185e-05,0.000375914,0.000407726,0.0,0.000425167,0.0124269,0.00304722,2.47679e-05,0.000641184,1.1486e-06,0.000211401,0.000739955,0.0,1.31075e-06,0.0,0.000445594,0.0,0.000119769,0.000270387,0.0,4.98352e-05,0.0,0.0,0.0,9.81198e-05,0.000228187,0.00035592,3.03155e-05,0.000593395,0.000932772,0.0,0.0,0.0,0.0,0.0,0.0,0.0,0.0,0.0,7.83514e-06,0.0,0.0,0.0,0.0,0.0,0.0,0.0,0.0,0.0,0.0,0.0,0.0,0.0,0.0,0.0,0.0,0.0,0.0,3.16221e-05,0.0,0.0,0.0,3.19288e-05,0.0,0.0,0.0,0.000225361,0.0,0.000549315,0.000114915,5.4206e-05,2.92321e-08,5.14494e-05,0.000266529,0.00123881,0.00348827,2.22265e-06,0.00107673,0.00043145,0.00163408,0.000546462,8.27522e-06,0.000957772,0.0,0.000573283,0.0,0.0,0.0,0.0,0.0,0.0,8.13689e-06,0.0,0.0,0.000253222,0.0,0.0,0.0,0.0
0.0,0.0,4.66072e-07,0.000309747,0.0,3.83168e-07,4.87254e-06,0.0,2.31082e-05,0.0,0.0058914,1.37091e-05,0.0,0.000181091,0.0012487,2.15896e-05,0.000375786,0.000408103,0.0,0.000424891,0.0124264,0.00304772,2.47171e-05,0.000641544,1.14793e-06,0.000211495,0.000740406,0.0,1.46871e-06,0.0,0.000446028,0.0,0.000119826,0.000270554,0.0,4.96995e-05,0.0,0.0,0.0,9.80392e-05,0.000228017,0.000355993,3.02722e-05,0.000593336,0.000931733,0.0,0.0,0.0,0.0,0.0,0.0,0.0,0.0,0.0,7.83514e-06,0.0,0.0,0.0,0.0,0.0,0.0,0.0,0.0,0.0,0.0,0.0,0.0,0.0,0.0,0.0,0.0,0.0,0.0,3.16512e-05,0.0,0.0,0.0,3.19291e-05,0.0,0.0,0.0,0.000225283,0.0,0.000549274,0.000114964,5.40061e-05,8.87453e-10,5.12236e-05,0.000265981,0.00123834,0.00348767,2.22303e-06,0.00107674,0.00043157,0.00163435,0.000546766,8.24673e-06,0.000958483,0.0,0.000573118,0.0,0.0,0.0,0.0,0.0,0.0,8.13689e-06,0.0,0.0,0.000253218,0.0,0.0,0.0,0.0
0.0,0.0,4.7691e-07,0.0003091,0.0,3.83168e-07,4.95744e-06,0.0,2.30823e-05,0.0,0.00589104,1.37089e-05,0.0,0.000181025,0.00124878,2.15917e-05,0.000375906,0.000407315,0.0,0.000425047,0.0124269,0.00304723,2.47171e-05,0.000641266,1.166e-06,0.000211834,0.000740389,0.0,1.35804e-06,0.0,0.000445663,0.0,0.000119838,0.000270195,0.0,4.98332e-05,0.0,0.0,0.0,9.81942e-05,0.000228076,0.000355933,3.04483e-05,0.000593032,0.000932298,0.0,0.0,0.0,0.0,0.0,0.0,0.0,0.0,0.0,7.88566e-06,0.0,0.0,0.0,0.0,0.0,0.0,0.0,0.0,0.0,0.0,0.0,0.0,0.0,0.0,0.0,0.0,0.0,0.0,3.16221e-05,0.0,0.0,0.0,3.19291e-05,0.0,0.0,0.0,0.000225295,0.0,0.000549147,0.000115095,5.39779e-05,2.92321e-08,5.15313e-05,0.000266645,0.00123876,0.00348833,2.22444e-06,0.00107672,0.000431656,0.00163386,0.000546659,8.24673e-06,0.000958058,0.0,0.00057344,0.0,0.0,0.0,0.0,0.0,0.0,8.13689e-06,0.0,0.0,0.000253224,0.0,0.0,0.0,0.0
0.0,0.0,4.66072e-07,0.00030914,0.0,3.83168e-07,4.87279e-06,0.0,2.30688e-05,0.0,0.00589113,1.37091e-05,0.0,0.000181082,0.00124887,2.16619e-05,0.000375788,0.000408108,0.0,0.000425076,0.0124268,0.00304728,2.44885e-05,0.000641247,1.14036e-06,0.000211516,0.000739723,0.0,1.44627e-06,0.0,0.00044565,0.0,0.000119693,0.000270592,0.0,4.97276e-05,0.0,0.0,0.0,9.79798e-05,0.00022806,0.000356067,3.02208e-05,0.000593421,0.000932846,0.0,0.0,0.0,0.0,0.0,0.0,0.0,0.0,0.0,7.86031e-06,0.0,0.0,0.0,0.0,0.0,0.0,0.0,0.0,0.0,0.0,0.0,0.0,0.0,0.0,0.0,0.0,0.0,0.0,3.16551e-05,0.0,0.0,0.0,3.18935e-05,0.0,0.0,0.0,0.000225229,0.0,0.00054957,0.000114518,5.40912e-05,2.92299e-08,5.14454e-05,0.000266559,0.00123864,0.00348797,2.22302e-06,0.00107678,0.000431539,0.00163429,0.000546496,8.32537e-06,0.000957759,0.0,0.00057337,0.0,0.0,0.0,0.0,0.0,0.0,8.13689e-06,0.0,0.0,0.000253272,0.0,0.0,0.0,0.0
0.0,0.0,0.000446737,3.12396e-05,0.0,6.47128e-06,0.000327258,0.0,6.07729e-05,0.0,0.0807981,2.87103e-06,0.0,0.000930432,0.001283,0.00056955,0.000287801,0.00012837,0.0,0.00451423,0.0102527,0.0116923,0.011063,0.0110846,3.85088e-07,0.00036273,3.17189e-06,0.0,1.04267e-06,0.0,6.30922e-05,0.0,7.96845e-05,0.0,0.0,0.0,0.0,0.0,0.0,1.49226e-05,2.47073e-05,2.74399e-05,0.0,9.76538e-05,0.000624304,0.0,0.0,0.0,0.0,0.0,0.0,0.0,0.0,0.0,0.0,0.0,0.0,0.0,0.0,0.0,0.0,0.0,0.0,0.0,0.0,0.0,0.0,0.0,0.0,0.0,0.0,2.70928e-08,0.0,2.04814e-05,0.0,0.0,0.0,9.56915e-06,0.0,8.34559e-07,0.0,0.000104019,0.0,0.000494615,0.000462115,0.0,2.95379e-08,0.0,3.32861e-05,0.000234933,0.00199486,1.16709e-06,0.00103266,0.0,0.00131854,0.0,0.0,0.000133775,0.0,0.00020529,0.0,0.0,0.0,0.0,0.0,0.0,0.0,0.0,0.0,0.000105483,0.0,0.0,0.0,0.0
0.0,0.0,0.000446789,3.0983e-05,0.0,6.51385e-06,0.000327258,0.0,6.07039e-05,0.0,0.0807982,2.94274e-06,0.0,0.000930882,0.00128323,0.000569695,0.000287487,0.000128614,0.0,0.00451449,0.0102544,0.0116921,0.0110632,0.0110844,3.86433e-07,0.000362182,3.12431e-06,0.0,1.0447e-06,0.0,6.33067e-05,0.0,7.96563e-05,0.0,0.0,0.0,0.0,0.0,0.0,1.47913e-05,2.47039e-05,2.74731e-05,0.0,9.75981e-05,0.000625152,0.0,0.0,0.0,0.0,0.0,0.0,0.0,0.0,0.0,0.0,0.0,0.0,0.0,0.0,0.0,0.0,0.0,0.0,0.0,0.0,0.0,0.0,0.0,0.0,0.0,0.0,0.0,0.0,2.05158e-05,0.0,0.0,0.0,9.6045e-06,0.0,8.42069e-07,0.0,0.000103983,0.0,0.000494608,0.000462249,0.0,5.78803e-08,0.0,3.33287e-05,0.000234569,0.00199464,1.16707e-06,0.00103274,0.0,0.00131899,0.0,0.0,0.000133968,0.0,0.000205203,0.0,0.0,0.0,0.0,0.0,0.0,0.0,0.0,0.0,0.000105522,0.0,0.0,0.0,0.0
0.0,0.0,0.000446878,3.11575e-05,0.0,6.47128e-06,0.000327385,0.0,6.06544e-05,0.0,0.0807981,2.94274e-06,0.0,0.000930459,0.00128259,0.000569551,0.00028759,0.000128234,0.0,0.00451479,0.010254,0.0116921,0.0110629,0.011085,3.61113e-07,0.000362427,3.06182e-06,0.0,1.067e-06,0.0,6.30812e-05,0.0,7.9613e-05,0.0,0.0,0.0,0.0,0.0,0.0,1.49338e-05,2.47073e-05,2.73897e-05,0.0,9.76349e-05,0.000624668,0.0,0.0,0.0,0.0,0.0,0.0,0.0,0.0,0.0,0.0,0.0,0.0,0.0,0.0,0.0,0.0,0.0,0.0,0.0,0.0,0.0,0.0,0.0,0.0,0.0,0.0,1.29518e-08,0.0,2.04929e-05,0.0,0.0,0.0,9.6045e-06,0.0,8.43782e-07,0.0,0.000104088,0.0,0.000494709,0.000461913,0.0,2.95379e-08,0.0,3.33036e-05,0.00023471,0.00199505,1.16708e-06,0.00103223,0.0,0.00131826,0.0,0.0,0.000134326,0.0,0.000204932,0.0,0.0,0.0,0.0,0.0,0.0,0.0,0.0,0.0,0.00010553,0.0,0.0,0.0,0.0
0.0,0.0,0.000446753,3.10329e-05,0.0,6.51385e-06,0.000327215,0.0,6.06946e-05,0.0,0.0807969,2.94274e-06,0.0,0.000930697,0.00128307,0.000569623,0.000287698,0.000128541,0.0,0.00451439,0.0102527,0.0116922,0.0110631,0.0110842,3.87109e-07,0.000363203,3.17189e-06,0.0,1.04484e-06,0.0,6.31394e-05,0.0,7.96792e-05,0.0,0.0,0.0,0.0,0.0,0.0,1.47913e-05,2.47022e-05,2.73897e-05,0.0,9.77038e-05,0.000625054,0.0,0.0,0.0,0.0,0.0,0.0,0.0,0.0,0.0,0.0,0.0,0.0,0.0,0.0,0.0,0.0,0.0,0.0,0.0,0.0,0.0,0.0,0.0,0.0,0.0,0.0,0.0,0.0,2.05043e-05,0.0,0.0,0.0,9.56915e-06,0.0,8.45675e-07,0.0,0.000104023,0.0,0.000494385,0.000461976,0.0,2.95379e-08,0.0,3.32769e-05,0.000234729,0.00199494,1.16707e-06,0.00103177,0.0,0.0013193,0.0,0.0,0.000133775,0.0,0.000205308,0.0,0.0,0.0,0.0,0.0,0.0,0.0,0.0,0.0,0.000105474,0.0,0.0,0.0,0.0
0.0,0.0,0.000446876,3.09707e-05,0.0,6.47128e-06,0.000327385,0.0,6.07444e-05,0.0,0.0807987,2.94274e-06,0.0,0.000930595,0.00128296,0.000569478,0.000287484,0.000128848,0.0,0.00451481,0.0102543,0.0116924,0.0110629,0.0110845,3.84096e-07,0.000362263,3.07137e-06,0.0,1.03027e-06,0.0,6.30736e-05,0.0,7.96435e-05,0.0,0.0,0.0,0.0,0.0,0.0,1.4752e-05,2.47039e-05,2.74399e-05,0.0,9.75981e-05,0.000624691,0.0,0.0,0.0,0.0,0.0,0.0,0.0,0.0,0.0,0.0,0.0,0.0,0.0,0.0,0.0,0.0,0.0,0.0,0.0,0.0,0.0,0.0,0.0,0.0,0.0,0.0,0.0,0.0,2.04929e-05,0.0,0.0,0.0,9.56884e-06,0.0,8.30879e-07,0.0,0.000104004,0.0,0.000494717,0.000461894,0.0,2.95379e-08,0.0,3.33246e-05,0.000234648,0.00199478,1.16709e-06,0.00103273,0.0,0.0013188,0.0,0.0,0.000133775,0.0,0.000205386,0.0,0.0,0.0,0.0,0.0,0.0,0.0,0.0,0.0,0.000105509,0.0,0.0,0.0,0.0
0.0,0.0,0.000446725,3.15088e-05,0.0,6.51385e-06,0.000327172,0.0,6.06922e-05,0.0,0.0807981,2.94274e-06,0.0,0.000930446,0.00128286,0.000569695,0.000287474,0.000128221,0.0,0.00451466,0.0102533,0.0116925,0.0110629,0.011084,3.62445e-07,0.000362451,3.06719e-06,0.0,1.03858e-06,0.0,6.31561e-05,0.0,7.96588e-05,0.0,0.0,0.0,0.0,0.0,0.0,1.49226e-05,2.4715e-05,2.73897e-05,0.0,9.76481e-05,0.000624847,0.0,0.0,0.0,0.0,0.0,0.0,0.0,0.0,0.0,0.0,0.0,0.0,0.0,0.0,0.0,0.0,0.0,0.0,0.0,0.0,0.0,0.0,0.0,0.0,0.0,0.0,0.0,0.0,2.04929e-05,0.0,0.0,0.0,9.6045e-06,0.0,8.41994e-07,0.0,0.000103932,0.0,0.000494522,0.000462058,0.0,2.95379e-08,0.0,3.33037e-05,0.000234893,0.00199497,1.16707e-06,0.00103242,0.0,0.00131867,0.0,0.0,0.000134326,0.0,0.000205222,0.0,0.0,0.0,0.0,0.0,0.0,0.0,0.0,0.0,0.000105591,0.0,0.0,0.0,0.0
0.0,0.0,0.000446842,3.10074e-05,0.0,6.51385e-06,0.000327428,0.0,6.06949e-05,0.0,0.0807979,2.79932e-06,0.0,0.000930714,0.00128321,0.000569551,0.000287681,0.000128302,0.0,0.00451447,0.0102533,0.0116922,0.0110631,0.0110849,3.86766e-07,0.000362365,3.17189e-06,0.0,1.11032e-06,0.0,6.32546e-05,0.0,7.96435e-05,0.0,0.0,0.0,0.0,0.0,0.0,1.4752e-05,2.47039e-05,2.74731e-05,0.0,9.77595e-05,0.000625358,0.0,0.0,0.0,0.0,0.0,0.0,0.0,0.0,0.0,0.0,0.0,0.0,0.0,0.0,0.0,0.0,0.0,0.0,0.0,0.0,0.0,0.0,0.0,0.0,0.0,0.0,1.29518e-08,0.0,2.05043e-05,0.0,0.0,0.0,9.6045e-06,0.0,8.31833e-07,0.0,0.000104023,0.0,0.000494363,0.000462201,0.0,5.78792e-08,0.0,3.32771e-05,0.00023465,0.00199492,1.16707e-06,0.00103224,0.0,0.00131882,0.0,0.0,0.000133775,0.0,0.000205165,0.0,0.0,0.0,0.0,0.0,0.0,0.0,0.0,0.0,0.000105474,0.0,0.0,0.0,0.0
0.0,0.0,0.000446799,3.13335e-05,0.0,6.47128e-06,0.000327258,0.0,6.07045e-05,0.0,0.0807979,2.94274e-06,0.0,0.000930555,0.00128284,0.00056955,0.000287593,0.000128689,0.0,0.00451474,0.0102543,0.0116922,0.0110632,0.0110844,3.85434e-07,0.000362632,3.17592e-06,0.0,1.03812e-06,0.0,6.29915e-05,0.0,7.96792e-05,0.0,0.0,0.0,0.0,0.0,0.0,1.49226e-05,2.47073e-05,2.74399e-05,0.0,9.76481e-05,0.00062428,0.0,0.0,0.0,0.0,0.0,0.0,0.0,0.0,0.0,0.0,0.0,0.0,0.0,0.0,0.0,0.0,0.0,0.0,0.0,0.0,0.0,0.0,0.0,0.0,0.0,0.0,0.0,0.0,2.04929e-05,0.0,0.0,0.0,9.6045e-06,0.0,8.41994e-07,0.0,0.000104023,0.0,0.00049471,0.000461756,0.0,2.95379e-08,0.0,3.33377e-05,0.000234583,0.00199489,1.16709e-06,0.00103264,0.0,0.00131888,0.0,0.0,0.000134005,0.0,0.000205356,0.0,0.0,0.0,0.0,0.0,0.0,0.0,0.0,0.0,0.000105517,0.0,0.0,0.0,0.0
0.0,0.0,0.000446796,3.09927e-05,0.0,6.51385e-06,0.000327215,0.0,6.06941e-05,0.0,0.0807985,3.01467e-06,0.0,0.000930552,0.00128295,0.000569624,0.000287484,0.000128324,0.0,0.00451447,0.0102525,0.0116923,0.0110636,0.0110847,3.61456e-07,0.000362925,3.07137e-06,0.0,1.07758e-06,0.0,6.31866e-05,0.0,7.9613e-05,0.0,0.0,0.0,0.0,0.0,0.0,1.47913e-05,2.46852e-05,2.73897e-05,0.0,9.7577e-05,0.000625104,0.0,0.0,0.0,0.0,0.0,0.0,0.0,0.0,0.0,0.0,0.0,0.0,0.0,0.0,0.0,0.0,0.0,0.0,0.0,0.0,0.0,0.0,0.0,0.0,0.0,0.0,0.0,0.0,2.04929e-05,0.0,0.0,0.0,9.56915e-06,0.0,8.49355e-07,0.0,0.000103989,0.0,0.000494485,0.000461839,0.0,2.95379e-08,0.0,3.32946e-05,0.000234922,0.00199458,1.16707e-06,0.0010321,0.0,0.00131903,0.0,0.0,0.000134147,0.0,0.000205065,0.0,0.0,0.0,0.0,0.0,0.0,0.0,0.0,0.0,0.000105474,0.0,0.0,0.0,0.0
0.0,0.0,0.000446869,3.10166e-05,0.0,6.47128e-06,0.000327258,0.0,6.06643e-05,0.0,0.0807971,2.94274e-06,0.0,0.000930401,0.00128298,0.000569622,0.000287698,0.000128614,0.0,0.00451472,0.0102544,0.011692,0.011063,0.0110842,3.86426e-07,0.000362193,3.11073e-06,0.0,1.05904e-06,7.52009e-08,6.30186e-05,0.0,7.96664e-05,0.0,0.0,0.0,0.0,0.0,0.0,1.48025e-05,2.47226e-05,2.73897e-05,0.0,9.75792e-05,0.00062474,0.0,0.0,0.0,0.0,0.0,0.0,0.0,0.0,0.0,0.0,0.0,0.0,0.0,0.0,0.0,0.0,0.0,0.0,0.0,0.0,0.0,0.0,0.0,0.0,0.0,0.0,0.0,0.0,2.04929e-05,0.0,0.0,0.0,9.56884e-06,0.0,8.31833e-07,0.0,0.000104084,0.0,0.000494731,0.000462108,0.0,2.95379e-08,0.0,3.33377e-05,0.0002346,0.00199519,1.16708e-06,0.00103235,0.0,0.00131859,0.0,0.0,0.000133581,0.0,0.000205174,0.0,0.0,0.0,0.0,0.0,0.0,0.0,0.0,0.0,0.000105522,0.0,0.0,0.0,0.0
0.0,0.0,2.24751e-05,0.000139059,0.0,5.9289e-06,0.00025474,0.0,0.000215792,0.0,0.00722498,0.0,1.39759e-05,0.0,0.00159396,0.0,0.0,0.000155861,0.0,0.0148446,0.0184811,0.019717,0.0226629,0.0199394,0.0,1.22533e-05,0.0,0.0,1.36011e-06,0.0,0.0,0.0,0.000102359,0.000217655,0.0,0.0,0.0,0.0,0.0,2.46006e-06,8.09008e-06,2.32145e-05,0.0,8.42385e-05,0.000290379,0.0,0.0,0.0,0.0,0.0,0.0,0.0,0.0,0.0,0.0,0.0,0.0,0.0,0.0,0.0,0.0,0.0,0.0,0.0,0.0,0.0,0.0,0.0,0.0,0.0,0.0,0.0,0.0,1.80904e-05,0.0,0.0,0.0,0.0,0.0,0.0,0.0,8.7852e-05,0.0,0.000124345,0.000690335,0.0,2.93237e-08,0.0,3.9043e-05,3.87374e-05,0.00223586,1.36825e-06,0.00225913,1.20262e-07,0.00173027,0.00349703,1.40163e-05,0.0133469,0.000213989,0.000424723,0.000242389,0.0,0.0,0.0,0.000167328,3.18489e-06,8.04518e-10,0.0,0.000602134,0.000467126,0.0,0.0,0.0,0.0
0.0,0.0,2.24262e-05,0.000139128,0.0,5.90937e-06,0.000254826,0.0,0.000215735,0.0,0.00722535,0.0,1.41149e-05,0.0,0.00159419,0.0,0.0,0.000155933,0.0,0.0148446,0.0184819,0.0197174,0.0226625,0.0199379,0.0,1.23247e-05,0.0,0.0,1.47689e-06,0.0,0.0,0.0,0.000101758,0.000217612,0.0,0.0,0.0,0.0,0.0,2.48048e-06,8.0935e-06,2.32145e-05,0.0,8.41675e-05,0.000290809,0.0,0.0,0.0,0.0,0.0,0.0,0.0,0.0,0.0,0.0,0.0,0.0,0.0,0.0,0.0,0.0,0.0,0.0,0.0,0.0,0.0,0.0,0.0,0.0,0.0,0.0,0.0,0.0,1.8079e-05,0.0,0.0,0.0,0.0,0.0,0.0,0.0,8.78572e-05,0.0,0.000124355,0.00069028,0.0,2.93226e-08,0.0,3.88348e-05,3.87524e-05,0.00223686,1.36833e-06,0.00226,0.0,0.00172987,0.003496,1.39563e-05,0.0133464,0.000213894,0.000424633,0.000242723,0.0,0.0,0.0,0.000167582,3.24023e-06,6.03389e-10,0.0,0.000602521,0.000466919,0.0,0.0,0.0,0.0
0.0,0.0,2.24261e-05,0.000139346,0.0,5.86705e-06,0.000254698,0.0,0.000215806,0.0,0.00722568,0.0,1.40974e-05,0.0,0.00159393,0.0,0.0,0.000156083,0.0,0.0148445,0.018482,0.0197178,0.0226634,0.0199382,0.0,1.23166e-05,0.0,0.0,1.35377e-06,0.0,0.0,0.0,0.000102481,0.000217681,0.0,0.0,0.0,0.0,0.0,2.51063e-06,8.08245e-06,2.32145e-05,0.0,8.41828e-05,0.000290549,0.0,0.0,0.0,0.0,0.0,0.0,0.0,0.0,0.0,0.0,0.0,0.0,0.0,0.0,0.0,0.0,0.0,0.0,0.0,0.0,0.0,0.0,0.0,0.0,0.0,0.0,0.0,0.0,1.80904e-05,0.0,0.0,0.0,0.0,0.0,0.0,0.0,8.78765e-05,0.0,0.000124422,0.000690255,0.0,2.93237e-08,0.0,3.89876e-05,3.85214e-05,0.00223582,1.3694e-06,0.00225996,0.0,0.00173012,0.00349717,1.39673e-05,0.013345,0.000213868,0.000424249,0.000242178,0.0,0.0,0.0,0.000167603,3.33937e-06,1.00565e-09,0.0,0.000602297,0.000467069,0.0,0.0,0.0,0.0
0.0,0.0,2.24643e-05,0.000139404,0.0,5.92891e-06,0.000254697,0.0,0.000215797,0.0,0.00722514,0.0,1.43031e-05,0.0,0.00159423,0.0,0.0,0.000155784,0.0,0.014845,0.0184804,0.0197175,0.0226626,0.0199384,0.0,1.22209e-05,0.0,0.0,1.40124e-06,0.0,0.0,0.0,0.000102084,0.000218016,0.0,0.0,0.0,0.0,0.0,2.54996e-06,8.10536e-06,2.32979e-05,0.0,8.41618e-05,0.000290406,0.0,0.0,0.0,0.0,0.0,0.0,0.0,0.0,0.0,0.0,0.0,0.0,0.0,0.0,0.0,0.0,0.0,0.0,0.0,0.0,0.0,0.0,0.0,0.0,0.0,0.0,0.0,0.0,1.8079e-05,0.0,0.0,0.0,0.0,0.0,0.0,0.0,8.77765e-05,0.0,0.000124235,0.000690236,0.0,2.93226e-08,0.0,3.8779e-05,3.88236e-05,0.00223643,1.36832e-06,0.0022594,0.0,0.00172956,0.00349568,1.4028e-05,0.0133459,0.000214043,0.000424473,0.00024274,0.0,0.0,0.0,0.000167466,3.24023e-06,1.00565e-09,0.0,0.000602261,0.00046691,0.0,0.0,0.0,0.0
0.0,0.0,2.24262e-05,0.000139078,0.0,5.82447e-06,0.000254698,0.0,0.000215794,0.0,0.00722538,0.0,1.41149e-05,0.0,0.00159418,0.0,0.0,0.000155928,0.0,0.0148444,0.0184815,0.0197174,0.0226634,0.0199385,0.0,1.23219e-05,0.0,0.0,1.41949e-06,0.0,0.0,0.0,0.000102246,0.00021763,0.0,0.0,0.0,0.0,0.0,2.3906e-06,8.07482e-06,2.32145e-05,0.0,8.42443e-05,0.000290575,0.0,0.0,0.0,0.0,0.0,0.0,0.0,0.0,0.0,0.0,0.0,0.0,0.0,0.0,0.0,0.0,0.0,0.0,0.0,0.0,0.0,0.0,0.0,0.0,0.0,0.0,0.0,0.0,1.8079e-05,0.0,0.0,0.0,0.0,0.0,0.0,0.0,8.79073e-05,0.0,0.000124592,0.000690119,0.0,2.93226e-08,0.0,3.86787e-05,3.88144e-05,0.00223628,1.37082e-06,0.00225983,0.0,0.00172993,0.00349678,1.39678e-05,0.0133461,0.000213572,0.00042461,0.000242613,0.0,0.0,0.0,0.000167432,3.33937e-06,6.03389e-10,0.0,0.000602805,0.000467028,0.0,0.0,0.0,0.0
0.0,0.0,2.24751e-05,0.000139287,0.0,5.90937e-06,0.000254783,0.0,0.000215761,0.0,0.00722502,0.0,1.40902e-05,0.0,0.00159409,0.0,0.0,0.000155943,0.0,0.0148449,0.0184813,0.0197168,0.0226625,0.0199384,0.0,1.22528e-05,0.0,0.0,1.37874e-06,0.0,0.0,0.0,0.000101707,0.000217587,0.0,0.0,0.0,0.0,0.0,2.51063e-06,8.08418e-06,2.32145e-05,0.0,8.41618e-05,0.000290246,0.0,0.0,0.0,0.0,0.0,0.0,0.0,0.0,0.0,0.0,0.0,0.0,0.0,0.0,0.0,0.0,0.0,0.0,0.0,0.0,0.0,0.0,0.0,0.0,0.0,0.0,0.0,0.0,1.8079e-05,0.0,0.0,0.0,0.0,0.0,0.0,0.0,8.78302e-05,0.0,0.000124136,0.000690059,0.0,2.93237e-08,0.0,3.9251e-05,3.86408e-05,0.00223647,1.36679e-06,0.0022601,0.0,0.00173017,0.00349651,1.40163e-05,0.0133458,0.000213825,0.000424349,0.000242571,0.0,0.0,0.0,0.000167466,3.24023e-06,1.00565e-09,0.0,0.000602074,0.000467125,0.0,0.0,0.0,0.0
0.0,0.0,2.24262e-05,0.000139068,0.0,5.88658e-06,0.000254656,0.0,0.000215746,0.0,0.00722516,0.0,1.42522e-05,0.0,0.00159416,0.0,0.0,0.000155697,0.0,0.0148447,0.0184822,0.0197172,0.0226631,0.0199384,0.0,1.23262e-05,0.0,0.0,1.47671e-06,0.0,0.0,0.0,0.000102425,0.000217773,0.0,0.0,0.0,0.0,0.0,2.48048e-06,8.07658e-06,2.31642e-05,0.0,8.41886e-05,0.000290858,0.0,0.0,0.0,0.0,0.0,0.0,0.0,0.0,0.0,0.0,0.0,0.0,0.0,0.0,0.0,0.0,0.0,0.0,0.0,0.0,0.0,0.0,0.0,0.0,0.0,0.0,0.0,0.0,1.80904e-05,0.0,0.0,0.0,0.0,0.0,0.0,0.0,8.78296e-05,0.0,0.000124576,0.00069043,0.0,2.93237e-08,0.0,3.88142e-05,3.87295e-05,0.00223593,1.36837e-06,0.00225929,0.0,0.00173026,0.00349651,1.3967e-05,0.0133458,0.000213647,0.000424853,0.000242544,0.0,0.0,0.0,0.000167592,3.24023e-06,8.04518e-10,0.0,0.000602336,0.00046711,0.0,0.0,0.0,0.0
0.0,0.0,2.24152e-05,0.000139062,0.0,5.86705e-06,0.000254783,0.0,0.000215749,0.0,0.00722617,0.0,1.41581e-05,0.0,0.00159405,0.0,0.0,0.000156081,0.0,0.0148447,0.018481,0.0197173,0.0226633,0.0199379,0.0,1.22575e-05,0.0,0.0,1.31731e-06,0.0,0.0,0.0,0.000102219,0.000217763,0.0,0.0,0.0,0.0,0.0,2.49939e-06,8.08668e-06,2.32145e-05,0.0,8.41618e-05,0.000290223,0.0,0.0,0.0,0.0,0.0,0.0,0.0,0.0,0.0,0.0,0.0,0.0,0.0,0.0,0.0,0.0,0.0,0.0,0.0,0.0,0.0,0.0,0.0,0.0,0.0,0.0,0.0,0.0,1.8079e-05,0.0,0.0,0.0,0.0,0.0,0.0,0.0,8.7892e-05,0.0,0.000124147,0.00069026,0.0,2.93237e-08,0.0,3.89614e-05,3.87145e-05,0.0022363,1.36938e-06,0.00225935,0.0,0.00172934,0.00349623,1.40169e-05,0.0133467,0.000214237,0.000424329,0.000242555,0.0,0.0,0.0,0.000167593,3.33937e-06,8.04518e-10,0.0,0.000601994,0.000467033,0.0,0.0,0.0,0.0
0.0,0.0,2.24262e-05,0.000139333,0.0,5.9289e-06,0.000254741,0.0,0.000215808,0.0,0.00722502,0.0,1.4047e-05,0.0,0.00159387,0.0,0.0,0.000156013,0.0,0.0148444,0.0184818,0.0197174,0.022663,0.0199392,0.0,1.22843e-05,0.0,0.0,1.3989e-06,0.0,0.0,0.0,0.000101932,0.00021799,0.0,0.0,0.0,0.0,0.0,2.37935e-06,8.10878e-06,2.32145e-05,0.0,8.41329e-05,0.000290526,0.0,0.0,0.0,0.0,0.0,0.0,0.0,0.0,0.0,0.0,0.0,0.0,0.0,0.0,0.0,0.0,0.0,0.0,0.0,0.0,0.0,0.0,0.0,0.0,0.0,0.0,0.0,0.0,1.8079e-05,0.0,0.0,0.0,0.0,0.0,0.0,0.0,8.78568e-05,0.0,0.000124658,0.000690142,0.0,2.93226e-08,0.0,3.89832e-05,3.86533e-05,0.00223594,1.36831e-06,0.00225988,0.0,0.00173054,0.00349664,1.39673e-05,0.0133455,0.000213486,0.000424414,0.000242402,0.0,0.0,0.0,0.000167328,3.24023e-06,1.00565e-09,0.0,0.000602737,0.000466963,0.0,0.0,0.0,0.0
0.0,0.0,2.24751e-05,0.000139241,0.0,5.82447e-06,0.000254826,0.0,0.000215819,0.0,0.00722492,0.0,1.41527e-05,0.0,0.00159423,0.0,0.0,0.000155929,0.0,0.0148446,0.0184801,0.0197176,0.0226627,0.0199382,0.0,1.23494e-05,0.0,0.0,1.4627e-06,0.0,0.0,0.0,0.000102212,0.000217296,0.0,0.0,0.0,0.0,0.0,2.5612e-06,8.0782e-06,2.32145e-05,0.0,8.42731e-05,0.000290685,0.0,0.0,0.0,0.0,0.0,0.0,0.0,0.0,0.0,0.0,0.0,0.0,0.0,0.0,0.0,0.0,0.0,0.0,0.0,0.0,0.0,0.0,0.0,0.0,0.0,0.0,0.0,0.0,1.8079e-05,0.0,0.0,0.0,0.0,0.0,0.0,0.0,8.784e-05,0.0,0.000124197,0.000690255,0.0,2.93237e-08,0.0,3.88616e-05,3.87779e-05,0.0022369,1.36975e-06,0.00225962,0.0,0.00172928,0.00349557,1.39783e-05,0.0133455,0.000214169,0.000424503,0.000242688,0.0,0.0,0.0,0.000167582,3.18489e-06,8.04518e-10,0.0,0.000602476,0.000467046,0.0,0.0,0.0,0.0
