0.0,0.0,0.0393441,0.139322,0.0,0.0,0.0,0.0,0.0,0.0270827,1.05924,0.0801941,0.103243,0.24718,0.129096,0.0100389,0.0709956,0.20202,0.0,0.0766807,0.501859,0.0,0.0,0.0,0.0,0.0,0.337064,0.0,0.000136182,0.0838266,0.592947,1.0839e-06,0.155495,0.114474,0.0,0.140567,0.0,0.0448086,0.0168255,0.0,0.0837343,0.0360025,0.017326,0.0276321,0.036722,0.0,0.0,0.0,0.0,0.0,0.0,0.0,0.0,0.0,0.0,0.0,0.0,0.0,0.0,0.0,0.0,0.0,0.0,0.0,0.0,0.0,0.0,0.0,0.0,0.0,0.0,0.0,0.0,0.0,0.0,0.0,0.0,0.0,0.0,0.0,0.0,0.0,0.0,0.0,0.0,0.0,0.0,0.0,0.0,0.0,0.0,0.0,0.0,0.0,0.0,0.699038,0.0113876,1.21165,0.499231,0.529978,0.250039,0.0618798,0.0768452,0.0,0.134263,0.327129,0.308673,0.123123,0.00452511,0.356363,0.000262446,0.000931468,0.00147301,0.0
0.0,0.0,0.0392557,0.141056,0.0,0.0,0.0,0.0,0.0,0.027773,1.0569,0.0802633,0.103341,0.246627,0.128813,0.0100163,0.0708377,0.20361,0.0,0.0765675,0.50532,0.0,0.0,0.0,0.0,0.0,0.331809,0.0,0.000135733,0.0825604,0.580251,1.07687e-06,0.150694,0.111437,0.0,0.137162,0.0,0.0434012,0.0162731,0.0,0.0826859,0.0348215,0.0167577,0.0267259,0.0359964,0.0,0.0,0.0,0.0,0.0,0.0,0.0,0.0,0.0,0.0,0.0,0.0,0.0,0.0,0.0,0.0,0.0,0.0,0.0,0.0,0.0,0.0,0.0,0.0,0.0,0.0,0.0,0.0,0.0,0.0,0.0,0.0,0.0,0.0,0.0,0.0,0.0,0.0,0.0,0.0,0.0,0.0,0.0,0.0,0.0,0.0,0.0,0.0,0.0,0.0,0.679286,0.0113625,1.1769,0.463369,0.500005,0.231195,0.0561037,0.0764948,0.0,0.133529,0.322387,0.304031,0.121624,0.00451523,0.346068,0.000261883,0.000929432,0.00146979,0.0
0.0,0.0,0.0391668,0.14279,0.0,0.0,0.0,0.0,0.0,0.0284619,1.05456,0.0803337,0.10344,0.246072,0.128529,0.00999393,0.0706792,0.205199,0.0,0.0764543,0.50878,0.0,0.0,0.0,0.0,0.0,0.326557,0.0,0.000135328,0.0812942,0.56756,1.07687e-06,0.145895,0.108399,0.0,0.133759,0.0,0.0419904,0.0157216,0.0,0.0801139,0.0336414,0.0161901,0.0258191,0.0352712,0.0,0.0,0.0,0.0,0.0,0.0,0.0,0.0,0.0,0.0,0.0,0.0,0.0,0.0,0.0,0.0,0.0,0.0,0.0,0.0,0.0,0.0,0.0,0.0,0.0,0.0,0.0,0.0,0.0,0.0,0.0,0.0,0.0,0.0,0.0,0.0,0.0,0.0,0.0,0.0,0.0,0.0,0.0,0.0,0.0,0.0,0.0,0.0,0.0,0.0,0.659466,0.0113383,1.14194,0.427507,0.470027,0.21235,0.0503263,0.0761436,0.0,0.132798,0.317647,0.299388,0.120121,0.00450545,0.335772,0.000261316,0.000927409,0.0014666,0.0
0.0,0.0,0.0390776,0.144522,0.0,0.0,0.0,0.0,0.0,0.0291511,1.05222,0.0804026,0.103541,0.245519,0.128245,0.00997138,0.0705212,0.20679,0.0,0.076341,0.512243,0.0,0.0,0.0,0.0,0.0,0.321301,0.0,0.000134911,0.0800263,0.554866,1.07687e-06,0.141096,0.105363,0.0,0.130359,0.0,0.0405833,0.0151689,0.0,0.0773017,0.0324599,0.0156214,0.0249126,0.0345461,0.0,0.0,0.0,0.0,0.0,0.0,0.0,0.0,0.0,0.0,0.0,0.0,0.0,0.0,0.0,0.0,0.0,0.0,0.0,0.0,0.0,0.0,0.0,0.0,0.0,0.0,0.0,0.0,0.0,0.0,0.0,0.0,0.0,0.0,0.0,0.0,0.0,0.0,0.0,0.0,0.0,0.0,0.0,0.0,0.0,0.0,0.0,0.0,0.0,0.0,0.639522,0.0113134,1.10687,0.391647,0.440047,0.193504,0.04455,0.0757929,0.0,0.132064,0.312906,0.294746,0.118623,0.00449559,0.325463,0.000260705,0.000925381,0.00146336,0.0
0.0,0.0,0.0389914,0.146257,0.0,0.0,0.0,0.0,0.0,0.0298412,1.04988,0.0804754,0.103639,0.244965,0.127963,0.00994883,0.0703634,0.208382,0.0,0.0762276,0.515703,0.0,0.0,0.0,0.0,0.0,0.316048,0.0,0.000134511,0.0787577,0.542171,1.06983e-06,0.136294,0.102325,0.0,0.126954,0.0,0.0391733,0.0146183,0.0,0.0744896,0.0312799,0.0150529,0.0240067,0.0338208,0.0,0.0,0.0,0.0,0.0,0.0,0.0,0.0,0.0,0.0,0.0,0.0,0.0,0.0,0.0,0.0,0.0,0.0,0.0,0.0,0.0,0.0,0.0,0.0,0.0,0.0,0.0,0.0,0.0,0.0,0.0,0.0,0.0,0.0,0.0,0.0,0.0,0.0,0.0,0.0,0.0,0.0,0.0,0.0,0.0,0.0,0.0,0.0,0.0,0.0,0.619513,0.0112892,1.07179,0.355784,0.410074,0.174659,0.0387724,0.0754421,0.0,0.131332,0.308166,0.290102,0.117119,0.00448564,0.315141,0.000260182,0.00092335,0.00146017,0.0
0.0,0.0,0.0389026,0.147991,0.0,0.0,0.0,0.0,0.0,0.0305312,1.04754,0.0805447,0.103738,0.244411,0.12768,0.00992627,0.0702052,0.209971,0.0,0.0761143,0.519166,0.0,0.0,0.0,0.0,0.0,0.310793,0.0,0.000134059,0.0774875,0.529483,1.06983e-06,0.131494,0.0992887,0.0,0.123548,0.0,0.0377637,0.0140656,0.0,0.0716773,0.030098,0.014485,0.0231001,0.0330954,0.0,0.0,0.0,0.0,0.0,0.0,0.0,0.0,0.0,0.0,0.0,0.0,0.0,0.0,0.0,0.0,0.0,0.0,0.0,0.0,0.0,0.0,0.0,0.0,0.0,0.0,0.0,0.0,0.0,0.0,0.0,0.0,0.0,0.0,0.0,0.0,0.0,0.0,0.0,0.0,0.0,0.0,0.0,0.0,0.0,0.0,0.0,0.0,0.0,0.0,0.60314,0.0111912,1.04237,0.330868,0.388421,0.161658,0.0348954,0.0746708,0.0,0.129926,0.302956,0.285088,0.115326,0.00444671,0.306661,0.000257883,0.000915317,0.00144748,0.0
0.0,0.0,0.0388133,0.149729,0.0,0.0,0.0,0.0,0.0,0.0312148,1.0452,0.0806139,0.103837,0.243857,0.127396,0.00990388,0.0700471,0.21155,0.0,0.0760013,0.522627,0.0,0.0,0.0,0.0,0.0,0.305539,0.0,0.000133635,0.0762216,0.516788,1.06279e-06,0.126695,0.0962497,0.0,0.120146,0.0,0.0363542,0.0135141,0.0,0.0688646,0.0289175,0.0139169,0.0221939,0.03237,0.0,0.0,0.0,0.0,0.0,0.0,0.0,0.0,0.0,0.0,0.0,0.0,0.0,0.0,0.0,0.0,0.0,0.0,0.0,0.0,0.0,0.0,0.0,0.0,0.0,0.0,0.0,0.0,0.0,0.0,0.0,0.0,0.0,0.0,0.0,0.0,0.0,0.0,0.0,0.0,0.0,0.0,0.0,0.0,0.0,0.0,0.0,0.0,0.0,0.0,0.589112,0.0110936,1.01406,0.305959,0.366771,0.148656,0.0310184,0.0738995,0.0,0.128549,0.297746,0.280073,0.113535,0.00440765,0.298838,0.000255625,0.000907284,0.0014348,0.0
0.0,0.0,0.038725,0.151469,0.0,0.0,0.0,0.0,0.0,0.0319001,1.04286,0.0806826,0.103937,0.243304,0.127113,0.00988133,0.0698886,0.213129,0.0,0.0758877,0.526089,0.0,0.0,0.0,0.0,0.0,0.300286,0.0,0.000133225,0.0749541,0.504093,1.06279e-06,0.121894,0.0932127,0.0,0.116743,0.0,0.0349457,0.0129609,0.0,0.0660532,0.0277366,0.013348,0.0212878,0.0316449,0.0,0.0,0.0,0.0,0.0,0.0,0.0,0.0,0.0,0.0,0.0,0.0,0.0,0.0,0.0,0.0,0.0,0.0,0.0,0.0,0.0,0.0,0.0,0.0,0.0,0.0,0.0,0.0,0.0,0.0,0.0,0.0,0.0,0.0,0.0,0.0,0.0,0.0,0.0,0.0,0.0,0.0,0.0,0.0,0.0,0.0,0.0,0.0,0.0,0.0,0.574693,0.0109957,0.984412,0.281047,0.345122,0.135654,0.0271415,0.073127,0.0,0.127169,0.292537,0.275058,0.111743,0.00436859,0.29095,0.000253379,0.000899251,0.00142208,0.0
0.0,0.0,0.0386401,0.15321,0.0,0.0,0.0,0.0,0.0,0.0325848,1.04052,0.0807518,0.104035,0.24275,0.126829,0.00985894,0.0697304,0.214707,0.0,0.0757745,0.529541,0.0,0.0,0.0,0.0,0.0,0.295033,0.0,0.000132799,0.0736851,0.491404,1.05575e-06,0.117094,0.0901747,0.0,0.113341,0.0,0.033537,0.0124117,0.0,0.0632407,0.0265551,0.0127799,0.0203813,0.0309196,0.0,0.0,0.0,0.0,0.0,0.0,0.0,0.0,0.0,0.0,0.0,0.0,0.0,0.0,0.0,0.0,0.0,0.0,0.0,0.0,0.0,0.0,0.0,0.0,0.0,0.0,0.0,0.0,0.0,0.0,0.0,0.0,0.0,0.0,0.0,0.0,0.0,0.0,0.0,0.0,0.0,0.0,0.0,0.0,0.0,0.0,0.0,0.0,0.0,0.0,0.560142,0.0108982,0.954751,0.25614,0.323466,0.122652,0.0232652,0.0723564,0.0,0.125764,0.287328,0.270043,0.109948,0.00432957,0.282972,0.000251105,0.000891215,0.00140938,0.0
0.0,0.0,0.0385501,0.154947,0.0,0.0,0.0,0.0,0.0,0.0332695,1.03819,0.0808205,0.104134,0.242197,0.126546,0.00983638,0.0695729,0.216285,0.0,0.0756614,0.532966,0.0,0.0,0.0,0.0,0.0,0.289777,0.0,0.000132382,0.0724171,0.478706,1.05575e-06,0.112291,0.0871396,0.0,0.109938,0.0,0.0321281,0.0118596,0.0,0.0604285,0.025375,0.0122117,0.0194746,0.0301943,0.0,0.0,0.0,0.0,0.0,0.0,0.0,0.0,0.0,0.0,0.0,0.0,0.0,0.0,0.0,0.0,0.0,0.0,0.0,0.0,0.0,0.0,0.0,0.0,0.0,0.0,0.0,0.0,0.0,0.0,0.0,0.0,0.0,0.0,0.0,0.0,0.0,0.0,0.0,0.0,0.0,0.0,0.0,0.0,0.0,0.0,0.0,0.0,0.0,0.0,0.545049,0.0108003,0.925084,0.231225,0.301817,0.109649,0.0193875,0.0715849,0.0,0.124359,0.282118,0.265028,0.108156,0.00429044,0.274905,0.00024886,0.000883181,0.00139668,0.0
0.0,0.0,0.03846,0.156688,0.0,0.0,0.0,0.0,0.0,0.0339536,1.03585,0.0808892,0.104232,0.241642,0.126263,0.00981399,0.0694151,0.217864,0.0,0.0755481,0.536393,0.0,0.0,0.0,0.0,0.0,0.284525,0.0,0.000131957,0.0711506,0.466017,1.04871e-06,0.107494,0.0841015,0.0,0.106534,0.0,0.03072,0.0113063,0.0,0.0576152,0.0241937,0.0116432,0.0185683,0.0294692,0.0,0.0,0.0,0.0,0.0,0.0,0.0,0.0,0.0,0.0,0.0,0.0,0.0,0.0,0.0,0.0,0.0,0.0,0.0,0.0,0.0,0.0,0.0,0.0,0.0,0.0,0.0,0.0,0.0,0.0,0.0,0.0,0.0,0.0,0.0,0.0,0.0,0.0,0.0,0.0,0.0,0.0,0.0,0.0,0.0,0.0,0.0,0.0,0.0,0.0,0.529422,0.0107025,0.895397,0.206317,0.280164,0.0966484,0.0155092,0.0708133,0.0,0.122955,0.27691,0.260012,0.106364,0.00425144,0.266703,0.00024658,0.000875153,0.00138388,0.0
0.0,0.0,0.0383717,0.158428,0.0,0.0,0.0,0.0,0.0,0.0346386,1.03351,0.0809578,0.10433,0.241089,0.12598,0.00979144,0.0692569,0.219442,0.0,0.0754346,0.539818,0.0,0.0,0.0,0.0,0.0,0.279269,0.0,0.000131556,0.0698824,0.453323,1.04871e-06,0.102689,0.0810638,0.0,0.103131,0.0,0.029307,0.0107546,0.0,0.0548041,0.0230129,0.0110749,0.0176626,0.0287436,0.0,0.0,0.0,0.0,0.0,0.0,0.0,0.0,0.0,0.0,0.0,0.0,0.0,0.0,0.0,0.0,0.0,0.0,0.0,0.0,0.0,0.0,0.0,0.0,0.0,0.0,0.0,0.0,0.0,0.0,0.0,0.0,0.0,0.0,0.0,0.0,0.0,0.0,0.0,0.0,0.0,0.0,0.0,0.0,0.0,0.0,0.0,0.0,0.0,0.0,0.513336,0.0106049,0.865693,0.181403,0.258513,0.0836457,0.0116323,0.0700419,0.0,0.121547,0.271702,0.254998,0.10457,0.00421249,0.258413,0.000244316,0.000867112,0.00137128,0.0
0.0,0.0,0.0382871,0.160168,0.0,0.0,0.0,0.0,0.0,0.0353227,1.03117,0.0810257,0.104429,0.240534,0.125696,0.00976905,0.0690991,0.221019,0.0,0.0753216,0.543243,0.0,0.0,0.0,0.0,0.0,0.274016,0.0,0.000131123,0.068616,0.440631,1.04167e-06,0.0978927,0.078027,0.0,0.0997275,0.0,0.0278993,0.0102028,0.0,0.0519916,0.0218321,0.0105067,0.016756,0.0280183,0.0,0.0,0.0,0.0,0.0,0.0,0.0,0.0,0.0,0.0,0.0,0.0,0.0,0.0,0.0,0.0,0.0,0.0,0.0,0.0,0.0,0.0,0.0,0.0,0.0,0.0,0.0,0.0,0.0,0.0,0.0,0.0,0.0,0.0,0.0,0.0,0.0,0.0,0.0,0.0,0.0,0.0,0.0,0.0,0.0,0.0,0.0,0.0,0.0,0.0,0.496566,0.010507,0.835947,0.156485,0.236861,0.0706443,0.00775513,0.0692696,0.0,0.120135,0.266493,0.249982,0.102777,0.0041735,0.25006,0.000242054,0.000859083,0.00135855,0.0
0.0,0.0,0.0381981,0.161909,0.0,0.0,0.0,0.0,0.0,0.0360074,1.02883,0.0810949,0.104529,0.239982,0.125413,0.00974649,0.0689409,0.222599,0.0,0.0752083,0.546671,0.0,0.0,0.0,0.0,0.0,0.268763,0.0,0.000130714,0.0673472,0.427941,1.04167e-06,0.0930886,0.0749911,0.0,0.0963236,0.0,0.0264924,0.00965127,0.0,0.0491794,0.0206509,0.00993862,0.01585,0.027293,0.0,0.0,0.0,0.0,0.0,0.0,0.0,0.0,0.0,0.0,0.0,0.0,0.0,0.0,0.0,0.0,0.0,0.0,0.0,0.0,0.0,0.0,0.0,0.0,0.0,0.0,0.0,0.0,0.0,0.0,0.0,0.0,0.0,0.0,0.0,0.0,0.0,0.0,0.0,0.0,0.0,0.0,0.0,0.0,0.0,0.0,0.0,0.0,0.0,0.0,0.479197,0.0104092,0.80619,0.131567,0.215211,0.0576429,0.00387814,0.0684986,0.0,0.118717,0.261283,0.244967,0.100986,0.00413443,0.241653,0.000239775,0.000851039,0.00134584,0.0
0.0,0.0,0.0381088,0.163651,0.0,0.0,0.0,0.0,0.0,0.0366913,1.02649,0.0811628,0.104626,0.239428,0.12513,0.0097241,0.0687826,0.224178,0.0,0.0750949,0.550096,0.0,0.0,0.0,0.0,0.0,0.263509,0.0,0.000130276,0.0660802,0.415248,1.03464e-06,0.0882887,0.0719527,0.0,0.0929194,0.0,0.025082,0.00909831,0.0,0.0463675,0.0194699,0.00937016,0.0149433,0.0265684,0.0,0.0,0.0,0.0,0.0,0.0,0.0,0.0,0.0,0.0,0.0,0.0,0.0,0.0,0.0,0.0,0.0,0.0,0.0,0.0,0.0,0.0,0.0,0.0,0.0,0.0,0.0,0.0,0.0,0.0,0.0,0.0,0.0,0.0,0.0,0.0,0.0,0.0,0.0,0.0,0.0,0.0,0.0,0.0,0.0,0.0,0.0,0.0,0.0,0.0,0.461423,0.0103118,0.77643,0.106656,0.193561,0.0446406,7.49185e-07,0.0677268,0.0,0.117298,0.256075,0.239952,0.0991922,0.00409548,0.233136,0.000237503,0.000843005,0.00133315,0.0
0.0,0.0,0.0376729,0.165261,0.0,0.0,0.0,0.0,0.0,0.037376,1.01492,0.0805944,0.103646,0.236687,0.123727,0.00961263,0.068,0.225689,0.0,0.0739554,0.541889,0.0,0.0,0.0,0.0,0.0,0.262414,0.0,0.000130226,0.0658144,0.412605,1.03464e-06,0.0872921,0.0713197,0.0,0.0922138,0.0,0.0247894,0.00898416,0.0,0.0457818,0.0192251,0.00925196,0.014755,0.0264172,0.0,0.0,0.0,0.0,0.0,0.0,0.0,0.0,0.0,0.0,0.0,0.0,0.0,0.0,0.0,0.0,0.0,0.0,0.0,0.0,0.0,0.0,0.0,0.0,0.0,0.0,0.0,0.0,0.0,0.0,0.0,0.0,0.0,0.0,0.0,0.0,0.0,0.0,0.0,0.0,0.0,0.0,0.0,0.0,0.0,0.0,0.0,0.0,0.0,0.0,0.460981,0.0103019,0.775939,0.106549,0.19337,0.0445967,7.49185e-07,0.067661,0.0,0.117206,0.255823,0.239716,0.099096,0.00409136,0.23347,0.000237319,0.000842181,0.00133186,0.0
0.0,0.0,0.0372359,0.1709,0.0,0.0,0.0,0.0,0.0,0.0395904,1.00334,0.08054,0.102741,0.233946,0.122325,0.00950132,0.0672175,0.230767,0.0,0.0727923,0.539299,0.0,0.0,0.0,0.0,0.0,0.261322,0.0,0.00013013,0.065551,0.40996,1.03464e-06,0.0862911,0.0706868,0.0,0.0915054,0.0,0.0244969,0.00886943,0.0,0.0451956,0.0189784,0.00913322,0.0145663,0.0262662,0.0,0.0,0.0,0.0,0.0,0.0,0.0,0.0,0.0,0.0,0.0,0.0,0.0,0.0,0.0,0.0,0.0,0.0,0.0,0.0,0.0,0.0,0.0,0.0,0.0,0.0,0.0,0.0,0.0,0.0,0.0,0.0,0.0,0.0,0.0,0.0,0.0,0.0,0.0,0.0,0.0,0.0,0.0,0.0,0.0,0.0,0.0,0.0,0.0,0.0,0.460529,0.0102921,0.775218,0.106447,0.19318,0.044553,7.49185e-07,0.0675942,0.0,0.117096,0.255571,0.239482,0.098998,0.00408733,0.233375,0.000237071,0.000841352,0.00133052,0.0
0.0,0.0,0.0368004,0.176543,0.0,0.0,0.0,0.0,0.0,0.0418042,0.991764,0.0804837,0.101841,0.231204,0.120923,0.00939017,0.0664351,0.235842,0.0,0.0716294,0.531208,0.0,0.0,0.0,0.0,0.0,0.260228,0.0,0.000130024,0.0652902,0.407318,1.03464e-06,0.0852905,0.0700559,0.0,0.0907939,0.0,0.0242025,0.0087541,0.0,0.0446108,0.0187329,0.00901568,0.0143766,0.0261149,0.0,0.0,0.0,0.0,0.0,0.0,0.0,0.0,0.0,0.0,0.0,0.0,0.0,0.0,0.0,0.0,0.0,0.0,0.0,0.0,0.0,0.0,0.0,0.0,0.0,0.0,0.0,0.0,0.0,0.0,0.0,0.0,0.0,0.0,0.0,0.0,0.0,0.0,0.0,0.0,0.0,0.0,0.0,0.0,0.0,0.0,0.0,0.0,0.0,0.0,0.460079,0.0102819,0.774498,0.106342,0.192992,0.0445094,7.47013e-07,0.0675284,0.0,0.11699,0.255323,0.239248,0.0989,0.0040834,0.233268,0.000236829,0.000840531,0.00132916,0.0
0.0,0.0,0.0363648,0.182188,0.0,0.0,0.0,0.0,0.0,0.0440177,0.980187,0.0804298,0.100938,0.228465,0.119521,0.0092787,0.0656529,0.240918,0.0,0.0704661,0.518859,0.0,0.0,0.0,0.0,0.0,0.259134,0.0,0.000129966,0.065025,0.404673,1.03464e-06,0.0842927,0.0694231,0.0,0.0900873,0.0,0.0239098,0.00864148,0.0,0.0440267,0.0184867,0.00889684,0.0141888,0.025964,0.0,0.0,0.0,0.0,0.0,0.0,0.0,0.0,0.0,0.0,0.0,0.0,0.0,0.0,0.0,0.0,0.0,0.0,0.0,0.0,0.0,0.0,0.0,0.0,0.0,0.0,0.0,0.0,0.0,0.0,0.0,0.0,0.0,0.0,0.0,0.0,0.0,0.0,0.0,0.0,0.0,0.0,0.0,0.0,0.0,0.0,0.0,0.0,0.0,0.0,0.459628,0.0102724,0.773776,0.106236,0.192802,0.0444656,7.47013e-07,0.0674617,0.0,0.116882,0.255069,0.239012,0.0988035,0.00407928,0.233153,0.000236575,0.000839705,0.00132794,0.0
0.0,0.0,0.0359291,0.187835,0.0,0.0,0.0,0.0,0.0,0.0462313,0.968608,0.0803735,0.100036,0.225722,0.11812,0.00916739,0.06487,0.245994,0.0,0.0693029,0.506473,0.0,0.0,0.0,0.0,0.0,0.25804,0.0,0.00012989,0.064762,0.402032,1.03464e-06,0.0832934,0.0687904,0.0,0.0893789,0.0,0.0236142,0.00852438,0.0,0.04344,0.0182416,0.00877867,0.014,0.025813,0.0,0.0,0.0,0.0,0.0,0.0,0.0,0.0,0.0,0.0,0.0,0.0,0.0,0.0,0.0,0.0,0.0,0.0,0.0,0.0,0.0,0.0,0.0,0.0,0.0,0.0,0.0,0.0,0.0,0.0,0.0,0.0,0.0,0.0,0.0,0.0,0.0,0.0,0.0,0.0,0.0,0.0,0.0,0.0,0.0,0.0,0.0,0.0,0.0,0.0,0.459178,0.0102621,0.77305,0.106132,0.192611,0.0444217,7.47013e-07,0.0673952,0.0,0.116772,0.25482,0.238776,0.0987054,0.0040754,0.233036,0.000236345,0.000838886,0.00132664,0.0
0.0,0.0,0.0354907,0.193278,0.0,0.0,0.0,0.0,0.0,0.0484451,0.957032,0.0803177,0.0991341,0.222981,0.116716,0.00905592,0.0640876,0.25107,0.0,0.0681396,0.494058,0.0,0.0,0.0,0.0,0.0,0.256946,0.0,0.000129806,0.0644986,0.399389,1.03464e-06,0.0822965,0.0681601,0.0,0.0886746,0.0,0.0233226,0.00841084,0.0,0.0428554,0.0179954,0.0086603,0.0138115,0.0256623,0.0,0.0,0.0,0.0,0.0,0.0,0.0,0.0,0.0,0.0,0.0,0.0,0.0,0.0,0.0,0.0,0.0,0.0,0.0,0.0,0.0,0.0,0.0,0.0,0.0,0.0,0.0,0.0,0.0,0.0,0.0,0.0,0.0,0.0,0.0,0.0,0.0,0.0,0.0,0.0,0.0,0.0,0.0,0.0,0.0,0.0,0.0,0.0,0.0,0.0,0.458727,0.010252,0.772329,0.106029,0.192424,0.044378,7.44842e-07,0.0673288,0.0,0.116665,0.254567,0.238541,0.0986086,0.00407123,0.232919,0.00023611,0.000838048,0.00132532,0.0
0.0,0.0,0.0350548,0.198519,0.0,0.0,0.0,0.0,0.0,0.0506589,0.945456,0.0802641,0.0982319,0.220241,0.115314,0.00894478,0.0633051,0.256147,0.0,0.0669764,0.481644,0.0,0.0,0.0,0.0,0.0,0.255854,0.0,0.000129684,0.0642326,0.396753,1.03464e-06,0.0812954,0.0675272,0.0,0.0879634,0.0,0.0230279,0.00829549,0.0,0.0422698,0.0177496,0.00854196,0.0136229,0.0255111,0.0,0.0,0.0,0.0,0.0,0.0,0.0,0.0,0.0,0.0,0.0,0.0,0.0,0.0,0.0,0.0,0.0,0.0,0.0,0.0,0.0,0.0,0.0,0.0,0.0,0.0,0.0,0.0,0.0,0.0,0.0,0.0,0.0,0.0,0.0,0.0,0.0,0.0,0.0,0.0,0.0,0.0,0.0,0.0,0.0,0.0,0.0,0.0,0.0,0.0,0.458277,0.0102421,0.771604,0.105923,0.192233,0.0443348,7.44842e-07,0.0672628,0.0,0.116554,0.254317,0.238306,0.0985104,0.0040672,0.232802,0.000235879,0.000837224,0.001324,0.0
0.0,0.0,0.0346178,0.203763,0.0,0.0,0.0,0.0,0.0,0.0528727,0.933881,0.0802094,0.097327,0.217501,0.113912,0.00883347,0.0625224,0.261224,0.0,0.0658135,0.469231,0.0,0.0,0.0,0.0,0.0,0.254761,0.0,0.000129603,0.0639674,0.394106,1.03464e-06,0.080298,0.066895,0.0,0.0872545,0.0,0.0227349,0.00818022,0.0,0.0416841,0.0175043,0.0084238,0.0134339,0.0253602,0.0,0.0,0.0,0.0,0.0,0.0,0.0,0.0,0.0,0.0,0.0,0.0,0.0,0.0,0.0,0.0,0.0,0.0,0.0,0.0,0.0,0.0,0.0,0.0,0.0,0.0,0.0,0.0,0.0,0.0,0.0,0.0,0.0,0.0,0.0,0.0,0.0,0.0,0.0,0.0,0.0,0.0,0.0,0.0,0.0,0.0,0.0,0.0,0.0,0.0,0.457826,0.0102327,0.770883,0.105818,0.192044,0.0442906,7.44842e-07,0.0671963,0.0,0.116445,0.254066,0.238071,0.0984149,0.00406327,0.232684,0.000235659,0.0008364,0.00132264,0.0
0.0,0.0,0.0341831,0.209005,0.0,0.0,0.0,0.0,0.0,0.0550866,0.922302,0.0801544,0.0964255,0.214759,0.11251,0.008722,0.0617398,0.2663,0.0,0.0646503,0.456814,0.0,0.0,0.0,0.0,0.0,0.253665,0.0,0.000129525,0.0637031,0.391461,1.0276e-06,0.0792984,0.0662624,0.0,0.086544,0.0,0.022442,0.00806608,0.0,0.0410982,0.0172581,0.00830558,0.013245,0.0252093,0.0,0.0,0.0,0.0,0.0,0.0,0.0,0.0,0.0,0.0,0.0,0.0,0.0,0.0,0.0,0.0,0.0,0.0,0.0,0.0,0.0,0.0,0.0,0.0,0.0,0.0,0.0,0.0,0.0,0.0,0.0,0.0,0.0,0.0,0.0,0.0,0.0,0.0,0.0,0.0,0.0,0.0,0.0,0.0,0.0,0.0,0.0,0.0,0.0,0.0,0.457376,0.0102221,0.770159,0.105714,0.191851,0.0442465,7.4267e-07,0.0671294,0.0,0.116338,0.253815,0.237836,0.0983175,0.00405921,0.232562,0.000235411,0.000835578,0.00132134,0.0
0.0,0.0,0.0337454,0.214246,0.0,0.0,0.0,0.0,0.0,0.0572995,0.910722,0.0800976,0.0955246,0.212018,0.111109,0.00861085,0.0609576,0.271376,0.0,0.0634869,0.444398,0.0,0.0,0.0,0.0,0.0,0.252572,0.0,0.00012942,0.0634413,0.388819,1.0276e-06,0.0782971,0.0656288,0.0,0.0858391,0.0,0.0221487,0.00795044,0.0,0.0405136,0.0170125,0.00818701,0.0130566,0.025058,0.0,0.0,0.0,0.0,0.0,0.0,0.0,0.0,0.0,0.0,0.0,0.0,0.0,0.0,0.0,0.0,0.0,0.0,0.0,0.0,0.0,0.0,0.0,0.0,0.0,0.0,0.0,0.0,0.0,0.0,0.0,0.0,0.0,0.0,0.0,0.0,0.0,0.0,0.0,0.0,0.0,0.0,0.0,0.0,0.0,0.0,0.0,0.0,0.0,0.0,0.456925,0.0102125,0.769438,0.105609,0.191663,0.0442031,7.4267e-07,0.0670631,0.0,0.116229,0.253564,0.2376,0.0982207,0.0040552,0.232439,0.000235199,0.00083475,0.00132005,0.0
0.0,0.0,0.0334709,0.219559,0.0,0.0,0.0,0.0,0.0,0.0595136,0.903389,0.0803348,0.0949734,0.210279,0.110219,0.00854027,0.0604619,0.276481,0.0,0.0625387,0.431373,0.0,0.0,0.0,0.0,0.0,0.252102,0.0,0.000129377,0.0633284,0.387697,1.0276e-06,0.0778687,0.0653598,0.0,0.0855318,0.0,0.0220237,0.00790179,0.0,0.0402625,0.0169066,0.00813663,0.0129763,0.0249935,0.0,0.0,0.0,0.0,0.0,0.0,0.0,0.0,0.0,0.0,0.0,0.0,0.0,0.0,0.0,0.0,0.0,0.0,0.0,0.0,0.0,0.0,0.0,0.0,0.0,0.0,0.0,0.0,0.0,0.0,0.0,0.0,0.0,0.0,0.0,0.0,0.0,0.0,0.0,0.0,0.0,0.0,0.0,0.0,0.0,0.0,0.0,0.0,0.0,0.0,0.456927,0.0102127,0.769478,0.105609,0.191663,0.0442031,7.4267e-07,0.0670631,0.0,0.116236,0.253564,0.2376,0.0982207,0.0040552,0.232556,0.000235199,0.00083475,0.00132005,0.0
0.0,0.0,0.0331926,0.223596,0.0,0.0,0.0,0.0,0.0,0.0610965,0.89605,0.0803595,0.0943191,0.208543,0.109331,0.00846969,0.0599656,0.280121,0.0,0.0615905,0.41835,0.0,0.0,0.0,0.0,0.0,0.251634,0.0,0.000129339,0.0632142,0.38656,1.0276e-06,0.0774399,0.065088,0.0,0.0852285,0.0,0.0218973,0.00785225,0.0,0.040011,0.0168012,0.00808608,0.0128948,0.0249289,0.0,0.0,0.0,0.0,0.0,0.0,0.0,0.0,0.0,0.0,0.0,0.0,0.0,0.0,0.0,0.0,0.0,0.0,0.0,0.0,0.0,0.0,0.0,0.0,0.0,0.0,0.0,0.0,0.0,0.0,0.0,0.0,0.0,0.0,0.0,0.0,0.0,0.0,0.0,0.0,0.0,0.0,0.0,0.0,0.0,0.0,0.0,0.0,0.0,0.0,0.456944,0.0102163,0.769619,0.105676,0.191801,0.0442128,7.4267e-07,0.0670675,0.0,0.116294,0.253619,0.237613,0.0982674,0.00405591,0.232814,0.00023547,0.000834787,0.00132045,0.0
0.0,0.0,0.0329181,0.227636,0.0,0.0,0.0,0.0,0.0,0.0626802,0.888712,0.0803837,0.0936627,0.206806,0.108443,0.0083991,0.0594697,0.283759,0.0,0.0606423,0.405324,0.0,0.0,0.0,0.0,0.0,0.251164,0.0,0.000129306,0.0631027,0.385428,1.0276e-06,0.0770124,0.0648162,0.0,0.0849257,0.0,0.0217704,0.00780327,0.0,0.0397596,0.0166959,0.00803505,0.0128145,0.0248639,0.0,0.0,0.0,0.0,0.0,0.0,0.0,0.0,0.0,0.0,0.0,0.0,0.0,0.0,0.0,0.0,0.0,0.0,0.0,0.0,0.0,0.0,0.0,0.0,0.0,0.0,0.0,0.0,0.0,0.0,0.0,0.0,0.0,0.0,0.0,0.0,0.0,0.0,0.0,0.0,0.0,0.0,0.0,0.0,0.0,0.0,0.0,0.0,0.0,0.0,0.456964,0.0102204,0.769759,0.105746,0.191944,0.0442225,7.4267e-07,0.0670724,0.0,0.116353,0.253675,0.237626,0.0983162,0.00405646,0.233051,0.000235746,0.000834822,0.00132077,0.0
0.0,0.0,0.0326405,0.231676,0.0,0.0,0.0,0.0,0.0,0.0642636,0.88138,0.0804087,0.0930092,0.20507,0.107554,0.00832868,0.0589737,0.287396,0.0,0.059694,0.392299,0.0,0.0,0.0,0.0,0.0,0.250696,0.0,0.000129233,0.0629883,0.384294,1.0276e-06,0.0765823,0.0645458,0.0,0.0846204,0.0,0.0216443,0.00775286,0.0,0.0395091,0.0165907,0.00798393,0.0127326,0.0247991,0.0,0.0,0.0,0.0,0.0,0.0,0.0,0.0,0.0,0.0,0.0,0.0,0.0,0.0,0.0,0.0,0.0,0.0,0.0,0.0,0.0,0.0,0.0,0.0,0.0,0.0,0.0,0.0,0.0,0.0,0.0,0.0,0.0,0.0,0.0,0.0,0.0,0.0,0.0,0.0,0.0,0.0,0.0,0.0,0.0,0.0,0.0,0.0,0.0,0.0,0.456984,0.0102246,0.769902,0.105812,0.192082,0.0442316,7.4267e-07,0.0670771,0.0,0.116408,0.253729,0.237638,0.0983635,0.00405699,0.233256,0.000236016,0.000834857,0.00132111,0.0
0.0,0.0,0.0323644,0.235715,0.0,0.0,0.0,0.0,0.0,0.0658478,0.874042,0.0804345,0.0923541,0.203332,0.106664,0.0082581,0.0584778,0.291035,0.0,0.0587458,0.379274,0.0,0.0,0.0,0.0,0.0,0.250227,0.0,0.000129209,0.0628769,0.383156,1.0276e-06,0.0761546,0.0642742,0.0,0.0843179,0.0,0.0215201,0.00770304,0.0,0.039258,0.0164853,0.0079336,0.012652,0.0247344,0.0,0.0,0.0,0.0,0.0,0.0,0.0,0.0,0.0,0.0,0.0,0.0,0.0,0.0,0.0,0.0,0.0,0.0,0.0,0.0,0.0,0.0,0.0,0.0,0.0,0.0,0.0,0.0,0.0,0.0,0.0,0.0,0.0,0.0,0.0,0.0,0.0,0.0,0.0,0.0,0.0,0.0,0.0,0.0,0.0,0.0,0.0,0.0,0.0,0.0,0.457001,0.0102288,0.770041,0.10588,0.192221,0.0442419,7.4267e-07,0.0670812,0.0,0.116466,0.253783,0.23765,0.0984122,0.0040576,0.233437,0.000236309,0.000834898,0.00132155,0.0
0.0,0.0,0.0320877,0.239753,0.0,0.0,0.0,0.0,0.0,0.0674301,0.866705,0.0804587,0.0916998,0.201596,0.105776,0.00818736,0.057982,0.294672,0.0,0.0577975,0.366248,0.0,0.0,0.0,0.0,0.0,0.249757,0.0,0.000129196,0.0627633,0.382023,1.0276e-06,0.075728,0.0640026,0.0,0.0840138,0.0,0.0213927,0.00765436,0.0,0.0390067,0.0163791,0.00788273,0.0125711,0.0246695,0.0,0.0,0.0,0.0,0.0,0.0,0.0,0.0,0.0,0.0,0.0,0.0,0.0,0.0,0.0,0.0,0.0,0.0,0.0,0.0,0.0,0.0,0.0,0.0,0.0,0.0,0.0,0.0,0.0,0.0,0.0,0.0,0.0,0.0,0.0,0.0,0.0,0.0,0.0,0.0,0.0,0.0,0.0,0.0,0.0,0.0,0.0,0.0,0.0,0.0,0.457018,0.0102331,0.770181,0.105949,0.192363,0.0442519,7.4267e-07,0.0670852,0.0,0.116523,0.253841,0.237663,0.0984609,0.00405825,0.233603,0.000236576,0.000834927,0.00132186,0.0
0.0,0.0,0.0318109,0.243792,0.0,0.0,0.0,0.0,0.0,0.069013,0.859367,0.0804835,0.0910461,0.199858,0.104888,0.00811694,0.057486,0.29831,0.0,0.0568495,0.353223,0.0,0.0,0.0,0.0,0.0,0.24929,0.0,0.000129141,0.0626493,0.38089,1.0276e-06,0.0752977,0.0637322,0.0,0.0837057,0.0,0.0212686,0.0076054,0.0,0.0387559,0.0162739,0.007832,0.0124907,0.0246049,0.0,0.0,0.0,0.0,0.0,0.0,0.0,0.0,0.0,0.0,0.0,0.0,0.0,0.0,0.0,0.0,0.0,0.0,0.0,0.0,0.0,0.0,0.0,0.0,0.0,0.0,0.0,0.0,0.0,0.0,0.0,0.0,0.0,0.0,0.0,0.0,0.0,0.0,0.0,0.0,0.0,0.0,0.0,0.0,0.0,0.0,0.0,0.0,0.0,0.0,0.457038,0.0102368,0.770319,0.106013,0.1925,0.0442614,7.4267e-07,0.0670899,0.0,0.116581,0.253896,0.237675,0.0985102,0.0040589,0.233733,0.000236854,0.000834971,0.00132223,0.0
0.0,0.0,0.0315337,0.247831,0.0,0.0,0.0,0.0,0.0,0.0705961,0.852034,0.080509,0.09039,0.198121,0.103999,0.00804636,0.0569906,0.301948,0.0,0.055901,0.340199,0.0,0.0,0.0,0.0,0.0,0.248818,0.0,0.00012912,0.0625345,0.379753,1.0276e-06,0.0748705,0.0634605,0.0,0.0834059,0.0,0.0211416,0.00755616,0.0,0.038504,0.0161689,0.00778157,0.0124092,0.0245402,0.0,0.0,0.0,0.0,0.0,0.0,0.0,0.0,0.0,0.0,0.0,0.0,0.0,0.0,0.0,0.0,0.0,0.0,0.0,0.0,0.0,0.0,0.0,0.0,0.0,0.0,0.0,0.0,0.0,0.0,0.0,0.0,0.0,0.0,0.0,0.0,0.0,0.0,0.0,0.0,0.0,0.0,0.0,0.0,0.0,0.0,0.0,0.0,0.0,0.0,0.457057,0.0102405,0.770458,0.106083,0.192642,0.0442718,7.4267e-07,0.0670939,0.0,0.116639,0.25395,0.237688,0.0985568,0.00405941,0.233857,0.000237114,0.000835012,0.00132261,0.0
0.0,0.0,0.031259,0.251871,0.0,0.0,0.0,0.0,0.0,0.0721803,0.844697,0.0805329,0.089736,0.196385,0.103111,0.00797594,0.0564944,0.305586,0.0,0.0549528,0.327172,0.0,0.0,0.0,0.0,0.0,0.248349,0.0,0.000129071,0.0624229,0.378621,1.0276e-06,0.0744392,0.06319,0.0,0.0831021,0.0,0.0210157,0.00750631,0.0,0.038254,0.0160637,0.00773053,0.0123281,0.0244754,0.0,0.0,0.0,0.0,0.0,0.0,0.0,0.0,0.0,0.0,0.0,0.0,0.0,0.0,0.0,0.0,0.0,0.0,0.0,0.0,0.0,0.0,0.0,0.0,0.0,0.0,0.0,0.0,0.0,0.0,0.0,0.0,0.0,0.0,0.0,0.0,0.0,0.0,0.0,0.0,0.0,0.0,0.0,0.0,0.0,0.0,0.0,0.0,0.0,0.0,0.457075,0.0102447,0.770594,0.106149,0.192783,0.0442805,7.4267e-07,0.0670985,0.0,0.116697,0.254004,0.2377,0.0986049,0.00405994,0.233973,0.000237385,0.000835046,0.00132292,0.0
0.0,0.0,0.0309817,0.255909,0.0,0.0,0.0,0.0,0.0,0.0737632,0.837361,0.0805579,0.0890806,0.194648,0.102222,0.00790519,0.0559985,0.309224,0.0,0.0540046,0.314148,0.0,0.0,0.0,0.0,0.0,0.247881,0.0,0.000129049,0.0623091,0.377486,1.0276e-06,0.0740122,0.0629178,0.0,0.0827987,0.0,0.0208912,0.00745764,0.0,0.0380024,0.0159582,0.00768036,0.0122469,0.0244105,0.0,0.0,0.0,0.0,0.0,0.0,0.0,0.0,0.0,0.0,0.0,0.0,0.0,0.0,0.0,0.0,0.0,0.0,0.0,0.0,0.0,0.0,0.0,0.0,0.0,0.0,0.0,0.0,0.0,0.0,0.0,0.0,0.0,0.0,0.0,0.0,0.0,0.0,0.0,0.0,0.0,0.0,0.0,0.0,0.0,0.0,0.0,0.0,0.0,0.0,0.457094,0.0102487,0.770725,0.106217,0.19292,0.0442903,7.4267e-07,0.0671031,0.0,0.116756,0.254062,0.237714,0.0986537,0.00406052,0.23409,0.000237668,0.000835084,0.00132326,0.0
0.0,0.0,0.0308652,0.260016,0.0,0.0,0.0,0.0,0.0,0.0753463,0.834265,0.0808748,0.0887771,0.193913,0.101847,0.0078755,0.0557888,0.312892,0.0,0.0532714,0.300514,0.0,0.0,0.0,0.0,0.0,0.247881,0.0,0.000129049,0.0623089,0.377486,1.0276e-06,0.0740122,0.0629178,0.0,0.0827987,0.0,0.0208912,0.00745764,0.0,0.0380024,0.0159582,0.00768036,0.0122469,0.0244105,0.0,0.0,0.0,0.0,0.0,0.0,0.0,0.0,0.0,0.0,0.0,0.0,0.0,0.0,0.0,0.0,0.0,0.0,0.0,0.0,0.0,0.0,0.0,0.0,0.0,0.0,0.0,0.0,0.0,0.0,0.0,0.0,0.0,0.0,0.0,0.0,0.0,0.0,0.0,0.0,0.0,0.0,0.0,0.0,0.0,0.0,0.0,0.0,0.0,0.0,0.457114,0.0102528,0.77085,0.106285,0.19306,0.0442998,7.4267e-07,0.0671081,0.0,0.116801,0.254115,0.237727,0.0987015,0.00406116,0.234206,0.000237957,0.000835114,0.00132362,0.0
0.0,0.0,0.0307493,0.262779,0.0,0.0,0.0,0.0,0.0,0.0763609,0.831171,0.0810025,0.088377,0.193183,0.101472,0.00784581,0.0555798,0.315235,0.0,0.052538,0.286875,0.0,0.0,0.0,0.0,0.0,0.247965,0.0,0.000129652,0.0624546,0.378725,1.04871e-06,0.0742361,0.0629884,0.0,0.0830956,0.0,0.0210143,0.00751708,0.0,0.0380334,0.0159744,0.00768819,0.0122617,0.024414,0.0,0.0,0.0,0.0,0.0,0.0,0.0,0.0,0.0,0.0,0.0,0.0,0.0,0.0,0.0,0.0,0.0,0.0,0.0,0.0,0.0,0.0,0.0,0.0,0.0,0.0,0.0,0.0,0.0,0.0,0.0,0.0,0.0,0.0,0.0,0.0,0.0,0.0,0.0,0.0,0.0,0.0,0.0,0.0,0.0,0.0,0.0,0.0,0.0,0.0,0.457254,0.0102848,0.77163,0.106852,0.194238,0.0443814,7.44842e-07,0.0671449,0.0,0.117122,0.254578,0.237833,0.0991072,0.00406622,0.234422,0.000240261,0.000835431,0.00132667,0.0
0.0,0.0,0.0306309,0.26554,0.0,0.0,0.0,0.0,0.0,0.0773765,0.828071,0.0811285,0.0879777,0.192449,0.101097,0.00781595,0.0553705,0.317581,0.0,0.0518046,0.273239,0.0,0.0,0.0,0.0,0.0,0.24805,0.0,0.000130252,0.0626006,0.379958,1.07687e-06,0.0744591,0.0630564,0.0,0.0833952,0.0,0.0211343,0.00757614,0.0,0.0380632,0.0159913,0.00769656,0.0122759,0.0244175,0.0,0.0,0.0,0.0,0.0,0.0,0.0,0.0,0.0,0.0,0.0,0.0,0.0,0.0,0.0,0.0,0.0,0.0,0.0,0.0,0.0,0.0,0.0,0.0,0.0,0.0,0.0,0.0,0.0,0.0,0.0,0.0,0.0,0.0,0.0,0.0,0.0,0.0,0.0,0.0,0.0,0.0,0.0,0.0,0.0,0.0,0.0,0.0,0.0,0.0,0.457395,0.0103162,0.772407,0.10742,0.195411,0.0444625,7.44842e-07,0.0671817,0.0,0.117443,0.25504,0.237939,0.0995109,0.00407116,0.234626,0.000242559,0.000835751,0.00132973,0.0
0.0,0.0,0.0305148,0.268301,0.0,0.0,0.0,0.0,0.0,0.0783919,0.824981,0.0812542,0.0875755,0.191717,0.100722,0.00778626,0.0551616,0.319926,0.0,0.0510714,0.259599,0.0,0.0,0.0,0.0,0.0,0.248134,0.0,0.000130845,0.062746,0.381199,1.09798e-06,0.0746819,0.0631255,0.0,0.0836965,0.0,0.0212565,0.00763586,0.0,0.0380926,0.0160074,0.00770426,0.0122903,0.0244214,0.0,0.0,0.0,0.0,0.0,0.0,0.0,0.0,0.0,0.0,0.0,0.0,0.0,0.0,0.0,0.0,0.0,0.0,0.0,0.0,0.0,0.0,0.0,0.0,0.0,0.0,0.0,0.0,0.0,0.0,0.0,0.0,0.0,0.0,0.0,0.0,0.0,0.0,0.0,0.0,0.0,0.0,0.0,0.0,0.0,0.0,0.0,0.0,0.0,0.0,0.457535,0.0103483,0.773181,0.107986,0.196587,0.0445441,7.47013e-07,0.0672186,0.0,0.117764,0.255506,0.238044,0.0999162,0.00407613,0.23483,0.000244863,0.000836062,0.00133275,0.0
0.0,0.0,0.0303985,0.271063,0.0,0.0,0.0,0.0,0.0,0.0794073,0.821883,0.0813815,0.0871741,0.190982,0.100348,0.0077564,0.0549526,0.322269,0.0,0.0503382,0.245963,0.0,0.0,0.0,0.0,0.0,0.248218,0.0,0.000131467,0.0628935,0.382427,1.12613e-06,0.0749059,0.0631936,0.0,0.0839951,0.0,0.0213783,0.00769435,0.0,0.0381237,0.0160238,0.00771326,0.0123043,0.0244249,0.0,0.0,0.0,0.0,0.0,0.0,0.0,0.0,0.0,0.0,0.0,0.0,0.0,0.0,0.0,0.0,0.0,0.0,0.0,0.0,0.0,0.0,0.0,0.0,0.0,0.0,0.0,0.0,0.0,0.0,0.0,0.0,0.0,0.0,0.0,0.0,0.0,0.0,0.0,0.0,0.0,0.0,0.0,0.0,0.0,0.0,0.0,0.0,0.0,0.0,0.457675,0.0103799,0.773955,0.108556,0.197762,0.0446256,7.47013e-07,0.0672554,0.0,0.118084,0.255968,0.238151,0.100321,0.00408127,0.235035,0.000247176,0.000836382,0.00133578,0.0
0.0,0.0,0.0302816,0.273823,0.0,0.0,0.0,0.0,0.0,0.0804222,0.818787,0.081507,0.0867741,0.19025,0.0999718,0.00772671,0.0547431,0.324615,0.0,0.0496046,0.232323,0.0,0.0,0.0,0.0,0.0,0.248303,0.0,0.00013209,0.0630371,0.383673,1.14725e-06,0.075131,0.0632643,0.0,0.0842967,0.0,0.0215019,0.00775437,0.0,0.038155,0.01604,0.00772135,0.0123185,0.0244285,0.0,0.0,0.0,0.0,0.0,0.0,0.0,0.0,0.0,0.0,0.0,0.0,0.0,0.0,0.0,0.0,0.0,0.0,0.0,0.0,0.0,0.0,0.0,0.0,0.0,0.0,0.0,0.0,0.0,0.0,0.0,0.0,0.0,0.0,0.0,0.0,0.0,0.0,0.0,0.0,0.0,0.0,0.0,0.0,0.0,0.0,0.0,0.0,0.0,0.0,0.457814,0.0104112,0.774729,0.109121,0.19894,0.0447081,7.49185e-07,0.0672933,0.0,0.118404,0.256432,0.238256,0.100724,0.00408633,0.23523,0.000249498,0.000836698,0.00133887,0.0
0.0,0.0,0.0301649,0.276587,0.0,0.0,0.0,0.0,0.0,0.0814376,0.81569,0.0816335,0.0863724,0.189516,0.0995972,0.00769702,0.0545336,0.326959,0.0,0.0488713,0.218687,0.0,0.0,0.0,0.0,0.0,0.248387,0.0,0.000132663,0.0631828,0.384906,1.1754e-06,0.0753533,0.0633316,0.0,0.0845936,0.0,0.0216226,0.00781288,0.0,0.038185,0.0160568,0.00772969,0.0123328,0.0244316,0.0,0.0,0.0,0.0,0.0,0.0,0.0,0.0,0.0,0.0,0.0,0.0,0.0,0.0,0.0,0.0,0.0,0.0,0.0,0.0,0.0,0.0,0.0,0.0,0.0,0.0,0.0,0.0,0.0,0.0,0.0,0.0,0.0,0.0,0.0,0.0,0.0,0.0,0.0,0.0,0.0,0.0,0.0,0.0,0.0,0.0,0.0,0.0,0.0,0.0,0.457955,0.010443,0.775497,0.109691,0.200113,0.0447892,7.49185e-07,0.0673299,0.0,0.118727,0.256895,0.238363,0.10113,0.00409138,0.235426,0.000251822,0.000837011,0.00134185,0.0
0.0,0.0,0.0300483,0.279349,0.0,0.0,0.0,0.0,0.0,0.082453,0.812596,0.0817589,0.0859726,0.188784,0.0992224,0.00766716,0.0543244,0.329303,0.0,0.048138,0.205048,0.0,0.0,0.0,0.0,0.0,0.248472,0.0,0.000133268,0.0633277,0.386139,1.19652e-06,0.0755749,0.0634007,0.0,0.0848957,0.0,0.0217463,0.00787285,0.0,0.0382152,0.0160738,0.00773818,0.0123478,0.0244356,0.0,0.0,0.0,0.0,0.0,0.0,0.0,0.0,0.0,0.0,0.0,0.0,0.0,0.0,0.0,0.0,0.0,0.0,0.0,0.0,0.0,0.0,0.0,0.0,0.0,0.0,0.0,0.0,0.0,0.0,0.0,0.0,0.0,0.0,0.0,0.0,0.0,0.0,0.0,0.0,0.0,0.0,0.0,0.0,0.0,0.0,0.0,0.0,0.0,0.0,0.458095,0.010474,0.776271,0.110256,0.201289,0.0448711,7.51356e-07,0.0673672,0.0,0.119047,0.257358,0.238467,0.101535,0.00409641,0.235605,0.000254127,0.000837321,0.0013449,0.0
0.0,0.0,0.0299324,0.282111,0.0,0.0,0.0,0.0,0.0,0.0834684,0.809502,0.0818863,0.0855725,0.188052,0.0988475,0.00763747,0.0541155,0.331647,0.0,0.0474048,0.191411,0.0,0.0,0.0,0.0,0.0,0.248557,0.0,0.000133901,0.0634739,0.387372,1.22467e-06,0.0757996,0.06347,0.0,0.0851933,0.0,0.0218656,0.00793076,0.0,0.0382464,0.0160903,0.00774628,0.0123615,0.0244393,0.0,0.0,0.0,0.0,0.0,0.0,0.0,0.0,0.0,0.0,0.0,0.0,0.0,0.0,0.0,0.0,0.0,0.0,0.0,0.0,0.0,0.0,0.0,0.0,0.0,0.0,0.0,0.0,0.0,0.0,0.0,0.0,0.0,0.0,0.0,0.0,0.0,0.0,0.0,0.0,0.0,0.0,0.0,0.0,0.0,0.0,0.0,0.0,0.0,0.0,0.458234,0.0105061,0.777038,0.110822,0.202464,0.0449527,7.51356e-07,0.0674043,0.0,0.119367,0.25782,0.238574,0.101939,0.00410141,0.23578,0.000256412,0.000837642,0.00134789,0.0
0.0,0.0,0.0298154,0.284873,0.0,0.0,0.0,0.0,0.0,0.0844838,0.806404,0.0820131,0.0851706,0.187319,0.0984727,0.00760761,0.0539062,0.333992,0.0,0.0466715,0.177772,0.0,0.0,0.0,0.0,0.0,0.248641,0.0,0.000134464,0.0636185,0.388615,1.24579e-06,0.0760244,0.0635396,0.0,0.0854953,0.0,0.0219883,0.00799192,0.0,0.038276,0.0161066,0.00775413,0.0123762,0.0244427,0.0,0.0,0.0,0.0,0.0,0.0,0.0,0.0,0.0,0.0,0.0,0.0,0.0,0.0,0.0,0.0,0.0,0.0,0.0,0.0,0.0,0.0,0.0,0.0,0.0,0.0,0.0,0.0,0.0,0.0,0.0,0.0,0.0,0.0,0.0,0.0,0.0,0.0,0.0,0.0,0.0,0.0,0.0,0.0,0.0,0.0,0.0,0.0,0.0,0.0,0.458374,0.0105372,0.777808,0.111391,0.203638,0.0450339,7.53528e-07,0.0674413,0.0,0.119686,0.258284,0.23868,0.102346,0.00410637,0.235952,0.000258738,0.000837957,0.00135094,0.0
0.0,0.0,0.0297354,0.286988,0.0,0.0,0.0,0.0,0.0,0.0852887,0.804279,0.0821374,0.0851092,0.186815,0.0982159,0.00758717,0.0537626,0.335532,0.0,0.046513,0.176566,0.0,0.0,0.0,0.0,0.0,0.248496,0.0,0.000135063,0.0637086,0.389262,1.2669e-06,0.0760308,0.0634757,0.0,0.0856374,0.0,0.022046,0.00802482,0.0,0.0381838,0.0160722,0.00773786,0.0123504,0.0244145,0.0,0.0,0.0,0.0,0.0,0.0,0.0,0.0,0.0,0.0,0.0,0.0,0.0,0.0,0.0,0.0,0.0,0.0,0.0,0.0,0.0,0.0,0.0,0.0,0.0,0.0,0.0,0.0,0.0,0.0,0.0,0.0,0.0,0.0,0.0,0.0,0.0,0.0,0.0,0.0,0.0,0.0,0.0,0.0,0.0,0.0,0.0,0.0,0.0,0.0,0.458296,0.0105645,0.778208,0.111907,0.204719,0.0450948,7.53528e-07,0.0674469,0.0,0.119948,0.258625,0.238674,0.102701,0.0041094,0.236012,0.000260908,0.000837877,0.00135335,0.0
0.0,0.0,0.029656,0.286291,0.0,0.0,0.0,0.0,0.0,0.0850786,0.802161,0.0819235,0.0848645,0.186313,0.0979587,0.00756672,0.0536194,0.334704,0.0,0.0463542,0.175349,0.0,0.0,0.0,0.0,0.0,0.248268,0.0,0.000135062,0.0636488,0.388683,1.2669e-06,0.0758164,0.0633418,0.0,0.0854835,0.0,0.021981,0.00799798,0.0,0.0380611,0.01602,0.00771364,0.0123111,0.0243835,0.0,0.0,0.0,0.0,0.0,0.0,0.0,0.0,0.0,0.0,0.0,0.0,0.0,0.0,0.0,0.0,0.0,0.0,0.0,0.0,0.0,0.0,0.0,0.0,0.0,0.0,0.0,0.0,0.0,0.0,0.0,0.0,0.0,0.0,0.0,0.0,0.0,0.0,0.0,0.0,0.0,0.0,0.0,0.0,0.0,0.0,0.0,0.0,0.0,0.0,0.45808,0.0105595,0.777847,0.111853,0.204622,0.0450729,7.53528e-07,0.0674146,0.0,0.119893,0.258503,0.238561,0.102654,0.00410751,0.235911,0.00026081,0.000837481,0.0013527,0.0
0.0,0.0,0.0295746,0.285596,0.0,0.0,0.0,0.0,0.0,0.0848684,0.800038,0.0817087,0.0846196,0.185811,0.0977016,0.00754644,0.0534756,0.333879,0.0,0.0461958,0.174131,0.0,0.0,0.0,0.0,0.0,0.248041,0.0,0.000135017,0.0635907,0.38809,1.2669e-06,0.0756022,0.063209,0.0,0.0853225,0.0,0.0219177,0.0079729,0.0,0.0379394,0.0159683,0.00768874,0.0122721,0.0243521,0.0,0.0,0.0,0.0,0.0,0.0,0.0,0.0,0.0,0.0,0.0,0.0,0.0,0.0,0.0,0.0,0.0,0.0,0.0,0.0,0.0,0.0,0.0,0.0,0.0,0.0,0.0,0.0,0.0,0.0,0.0,0.0,0.0,0.0,0.0,0.0,0.0,0.0,0.0,0.0,0.0,0.0,0.0,0.0,0.0,0.0,0.0,0.0,0.0,0.0,0.457864,0.0105545,0.777484,0.1118,0.204527,0.045052,7.53528e-07,0.067383,0.0,0.119834,0.258382,0.238448,0.102603,0.00410555,0.23581,0.000260681,0.000837087,0.00135206,0.0
0.0,0.0,0.0294945,0.284901,0.0,0.0,0.0,0.0,0.0,0.0846585,0.797915,0.0814943,0.0843759,0.185309,0.0974445,0.007526,0.0533322,0.333052,0.0,0.0460373,0.172914,0.0,0.0,0.0,0.0,0.0,0.247812,0.0,0.000134997,0.0635336,0.387501,1.2669e-06,0.0753898,0.0630751,0.0,0.0851665,0.0,0.021853,0.00794873,0.0,0.0378177,0.0159174,0.00766399,0.0122322,0.0243205,0.0,0.0,0.0,0.0,0.0,0.0,0.0,0.0,0.0,0.0,0.0,0.0,0.0,0.0,0.0,0.0,0.0,0.0,0.0,0.0,0.0,0.0,0.0,0.0,0.0,0.0,0.0,0.0,0.0,0.0,0.0,0.0,0.0,0.0,0.0,0.0,0.0,0.0,0.0,0.0,0.0,0.0,0.0,0.0,0.0,0.0,0.0,0.0,0.0,0.0,0.457648,0.0105495,0.77712,0.111748,0.204433,0.0450306,7.53528e-07,0.067351,0.0,0.119778,0.25826,0.238336,0.102555,0.00410365,0.235711,0.000260546,0.000836689,0.0013514,0.0
0.0,0.0,0.0294148,0.284204,0.0,0.0,0.0,0.0,0.0,0.0844492,0.795793,0.0812796,0.0841328,0.184806,0.0971872,0.00750571,0.0531883,0.332224,0.0,0.0458787,0.171696,0.0,0.0,0.0,0.0,0.0,0.247584,0.0,0.000134978,0.063477,0.386924,1.2669e-06,0.0751755,0.0629427,0.0,0.0850139,0.0,0.0217871,0.00792162,0.0,0.0376944,0.0158652,0.00763921,0.0121924,0.0242892,0.0,0.0,0.0,0.0,0.0,0.0,0.0,0.0,0.0,0.0,0.0,0.0,0.0,0.0,0.0,0.0,0.0,0.0,0.0,0.0,0.0,0.0,0.0,0.0,0.0,0.0,0.0,0.0,0.0,0.0,0.0,0.0,0.0,0.0,0.0,0.0,0.0,0.0,0.0,0.0,0.0,0.0,0.0,0.0,0.0,0.0,0.0,0.0,0.0,0.0,0.457431,0.0105449,0.77676,0.111695,0.204333,0.045009,7.51356e-07,0.0673195,0.0,0.119722,0.258137,0.238223,0.102507,0.00410167,0.23561,0.000260448,0.000836289,0.0013508,0.0
0.0,0.0,0.0293352,0.283508,0.0,0.0,0.0,0.0,0.0,0.0842396,0.793671,0.0810648,0.0838886,0.184303,0.0969301,0.00748527,0.0530452,0.331397,0.0,0.0457203,0.17048,0.0,0.0,0.0,0.0,0.0,0.247355,0.0,0.000134977,0.0634166,0.386337,1.2669e-06,0.07496,0.0628088,0.0,0.0848572,0.0,0.0217235,0.00789535,0.0,0.0375727,0.0158146,0.00761448,0.0121524,0.0242577,0.0,0.0,0.0,0.0,0.0,0.0,0.0,0.0,0.0,0.0,0.0,0.0,0.0,0.0,0.0,0.0,0.0,0.0,0.0,0.0,0.0,0.0,0.0,0.0,0.0,0.0,0.0,0.0,0.0,0.0,0.0,0.0,0.0,0.0,0.0,0.0,0.0,0.0,0.0,0.0,0.0,0.0,0.0,0.0,0.0,0.0,0.0,0.0,0.0,0.0,0.457216,0.0105398,0.776396,0.111642,0.204236,0.0449878,7.51356e-07,0.0672875,0.0,0.119664,0.258016,0.23811,0.102459,0.00409978,0.235509,0.000260286,0.000835895,0.00135013,0.0
0.0,0.0,0.0292555,0.282814,0.0,0.0,0.0,0.0,0.0,0.0840294,0.791548,0.0808504,0.0836434,0.1838,0.0966727,0.00746482,0.0529022,0.330571,0.0,0.0455617,0.169262,0.0,0.0,0.0,0.0,0.0,0.247127,0.0,0.000134964,0.0633609,0.385748,1.2669e-06,0.0747456,0.0626763,0.0,0.0847012,0.0,0.0216585,0.00786795,0.0,0.0374499,0.0157628,0.00758963,0.012113,0.0242262,0.0,0.0,0.0,0.0,0.0,0.0,0.0,0.0,0.0,0.0,0.0,0.0,0.0,0.0,0.0,0.0,0.0,0.0,0.0,0.0,0.0,0.0,0.0,0.0,0.0,0.0,0.0,0.0,0.0,0.0,0.0,0.0,0.0,0.0,0.0,0.0,0.0,0.0,0.0,0.0,0.0,0.0,0.0,0.0,0.0,0.0,0.0,0.0,0.0,0.0,0.456999,0.0105351,0.776031,0.111589,0.204138,0.0449663,7.51356e-07,0.0672549,0.0,0.119609,0.257893,0.237997,0.102411,0.00409787,0.235408,0.000260179,0.000835495,0.0013495,0.0
0.0,0.0,0.029175,0.282118,0.0,0.0,0.0,0.0,0.0,0.0838201,0.789425,0.0806365,0.0834003,0.183298,0.0964155,0.00744438,0.0527586,0.329743,0.0,0.0454031,0.168045,0.0,0.0,0.0,0.0,0.0,0.246899,0.0,0.00013492,0.0633032,0.385159,1.2669e-06,0.0745314,0.0625423,0.0,0.0845459,0.0,0.0215946,0.00784406,0.0,0.0373277,0.015711,0.0075647,0.0120735,0.0241946,0.0,0.0,0.0,0.0,0.0,0.0,0.0,0.0,0.0,0.0,0.0,0.0,0.0,0.0,0.0,0.0,0.0,0.0,0.0,0.0,0.0,0.0,0.0,0.0,0.0,0.0,0.0,0.0,0.0,0.0,0.0,0.0,0.0,0.0,0.0,0.0,0.0,0.0,0.0,0.0,0.0,0.0,0.0,0.0,0.0,0.0,0.0,0.0,0.0,0.0,0.456782,0.0105301,0.775671,0.111537,0.204042,0.044945,7.51356e-07,0.0672234,0.0,0.119554,0.25777,0.237885,0.102362,0.00409593,0.235306,0.00026004,0.000835102,0.00134885,0.0
0.0,0.0,0.0290953,0.281421,0.0,0.0,0.0,0.0,0.0,0.0836096,0.787305,0.0804223,0.0831545,0.182796,0.0961595,0.00742394,0.052615,0.328918,0.0,0.0452445,0.166825,0.0,0.0,0.0,0.0,0.0,0.246669,0.0,0.00013491,0.0632435,0.384574,1.2669e-06,0.0743179,0.0624107,0.0,0.084389,0.0,0.021529,0.00781871,0.0,0.0372044,0.0156593,0.00753988,0.0120338,0.0241637,0.0,0.0,0.0,0.0,0.0,0.0,0.0,0.0,0.0,0.0,0.0,0.0,0.0,0.0,0.0,0.0,0.0,0.0,0.0,0.0,0.0,0.0,0.0,0.0,0.0,0.0,0.0,0.0,0.0,0.0,0.0,0.0,0.0,0.0,0.0,0.0,0.0,0.0,0.0,0.0,0.0,0.0,0.0,0.0,0.0,0.0,0.0,0.0,0.0,0.0,0.456566,0.0105251,0.775309,0.111483,0.203945,0.0449246,7.51356e-07,0.0671915,0.0,0.119495,0.257649,0.237773,0.102314,0.00409384,0.235206,0.000259951,0.000834708,0.00134825,0.0
0.0,0.0,0.0290153,0.280725,0.0,0.0,0.0,0.0,0.0,0.0834006,0.785181,0.0802076,0.0829117,0.182293,0.0959022,0.00740349,0.0524721,0.328092,0.0,0.0450861,0.165608,0.0,0.0,0.0,0.0,0.0,0.246442,0.0,0.000134888,0.0631863,0.383986,1.2669e-06,0.0741034,0.0622764,0.0,0.0842342,0.0,0.0214648,0.00779305,0.0,0.037083,0.015608,0.00751537,0.0119949,0.0241319,0.0,0.0,0.0,0.0,0.0,0.0,0.0,0.0,0.0,0.0,0.0,0.0,0.0,0.0,0.0,0.0,0.0,0.0,0.0,0.0,0.0,0.0,0.0,0.0,0.0,0.0,0.0,0.0,0.0,0.0,0.0,0.0,0.0,0.0,0.0,0.0,0.0,0.0,0.0,0.0,0.0,0.0,0.0,0.0,0.0,0.0,0.0,0.0,0.0,0.0,0.45635,0.0105203,0.774943,0.11143,0.203849,0.0449028,7.51356e-07,0.06716,0.0,0.119438,0.257526,0.23766,0.102263,0.00409196,0.235104,0.000259833,0.000834322,0.00134758,0.0
0.0,0.0,0.0288933,0.279244,0.0,0.0,0.0,0.0,0.0,0.0829476,0.781952,0.0798359,0.0825444,0.181529,0.0955107,0.0073725,0.0522532,0.326315,0.0,0.0448972,0.165125,0.0,0.0,0.0,0.0,0.0,0.245985,0.0,0.000134868,0.06307,0.382823,1.2669e-06,0.073674,0.0620108,0.0,0.083922,0.0,0.021335,0.00774116,0.0,0.0368377,0.0155052,0.0074654,0.0119151,0.0240693,0.0,0.0,0.0,0.0,0.0,0.0,0.0,0.0,0.0,0.0,0.0,0.0,0.0,0.0,0.0,0.0,0.0,0.0,0.0,0.0,0.0,0.0,0.0,0.0,0.0,0.0,0.0,0.0,0.0,0.0,0.0,0.0,0.0,0.0,0.0,0.0,0.0,0.0,0.0,0.0,0.0,0.0,0.0,0.0,0.0,0.0,0.0,0.0,0.0,0.0,0.455694,0.0105047,0.773832,0.11127,0.203555,0.0448378,7.49185e-07,0.067063,0.0,0.119267,0.257157,0.237319,0.102117,0.00408605,0.23477,0.00025942,0.000833118,0.00134567,0.0
0.0,0.0,0.0287716,0.277762,0.0,0.0,0.0,0.0,0.0,0.0824935,0.778722,0.0794653,0.0821769,0.180765,0.0951197,0.00734151,0.0520346,0.324538,0.0,0.0447079,0.164641,0.0,0.0,0.0,0.0,0.0,0.24553,0.0,0.000134827,0.0629548,0.381646,1.2669e-06,0.0732465,0.0617446,0.0,0.0836096,0.0,0.0212074,0.00769043,0.0,0.0365936,0.0154024,0.00741627,0.0118355,0.0240063,0.0,0.0,0.0,0.0,0.0,0.0,0.0,0.0,0.0,0.0,0.0,0.0,0.0,0.0,0.0,0.0,0.0,0.0,0.0,0.0,0.0,0.0,0.0,0.0,0.0,0.0,0.0,0.0,0.0,0.0,0.0,0.0,0.0,0.0,0.0,0.0,0.0,0.0,0.0,0.0,0.0,0.0,0.0,0.0,0.0,0.0,0.0,0.0,0.0,0.0,0.455035,0.0104902,0.772722,0.11111,0.203263,0.0447737,7.49185e-07,0.0669666,0.0,0.119095,0.256786,0.236975,0.101969,0.00408019,0.234439,0.000259036,0.000831916,0.0013437,0.0
0.0,0.0,0.0286503,0.276279,0.0,0.0,0.0,0.0,0.0,0.0820405,0.775492,0.0790961,0.0818101,0.180001,0.0947287,0.00731036,0.051816,0.322762,0.0,0.0445187,0.164157,0.0,0.0,0.0,0.0,0.0,0.245073,0.0,0.000134788,0.0628414,0.380477,1.2669e-06,0.0728182,0.0614798,0.0,0.0832983,0.0,0.0210785,0.00763913,0.0,0.0363486,0.0152991,0.00736617,0.0117572,0.0239441,0.0,0.0,0.0,0.0,0.0,0.0,0.0,0.0,0.0,0.0,0.0,0.0,0.0,0.0,0.0,0.0,0.0,0.0,0.0,0.0,0.0,0.0,0.0,0.0,0.0,0.0,0.0,0.0,0.0,0.0,0.0,0.0,0.0,0.0,0.0,0.0,0.0,0.0,0.0,0.0,0.0,0.0,0.0,0.0,0.0,0.0,0.0,0.0,0.0,0.0,0.454379,0.0104752,0.771608,0.11095,0.202968,0.044709,7.47013e-07,0.0668699,0.0,0.118924,0.256415,0.236634,0.101822,0.00407431,0.234105,0.000258693,0.000830713,0.00134182,0.0
0.0,0.0,0.0285297,0.274801,0.0,0.0,0.0,0.0,0.0,0.0815867,0.772263,0.0787258,0.0814423,0.179235,0.0943374,0.00727936,0.0515984,0.320986,0.0,0.0443297,0.163673,0.0,0.0,0.0,0.0,0.0,0.244617,0.0,0.000134747,0.0627229,0.379307,1.2669e-06,0.0723881,0.0612144,0.0,0.0829886,0.0,0.0209493,0.00758724,0.0,0.0361049,0.0151969,0.00731693,0.0116775,0.0238809,0.0,0.0,0.0,0.0,0.0,0.0,0.0,0.0,0.0,0.0,0.0,0.0,0.0,0.0,0.0,0.0,0.0,0.0,0.0,0.0,0.0,0.0,0.0,0.0,0.0,0.0,0.0,0.0,0.0,0.0,0.0,0.0,0.0,0.0,0.0,0.0,0.0,0.0,0.0,0.0,0.0,0.0,0.0,0.0,0.0,0.0,0.0,0.0,0.0,0.0,0.453722,0.0104601,0.770499,0.110789,0.202676,0.0446441,7.47013e-07,0.0667737,0.0,0.118751,0.256044,0.236292,0.101676,0.00406841,0.23377,0.000258321,0.000829512,0.0013398,0.0
0.0,0.0,0.0284066,0.273318,0.0,0.0,0.0,0.0,0.0,0.0811342,0.769034,0.0783571,0.0810759,0.178471,0.0939464,0.00724837,0.0513799,0.319211,0.0,0.0441404,0.163189,0.0,0.0,0.0,0.0,0.0,0.244162,0.0,0.000134706,0.0626078,0.378133,1.2669e-06,0.0719609,0.0609464,0.0,0.0826765,0.0,0.0208195,0.00753534,0.0,0.0358595,0.0150939,0.00726735,0.0115989,0.0238181,0.0,0.0,0.0,0.0,0.0,0.0,0.0,0.0,0.0,0.0,0.0,0.0,0.0,0.0,0.0,0.0,0.0,0.0,0.0,0.0,0.0,0.0,0.0,0.0,0.0,0.0,0.0,0.0,0.0,0.0,0.0,0.0,0.0,0.0,0.0,0.0,0.0,0.0,0.0,0.0,0.0,0.0,0.0,0.0,0.0,0.0,0.0,0.0,0.0,0.0,0.453066,0.0104452,0.769385,0.110629,0.202382,0.04458,7.44842e-07,0.0666769,0.0,0.118579,0.255674,0.23595,0.101529,0.00406256,0.233436,0.000257932,0.000828308,0.00133788,0.0
0.0,0.0,0.0282836,0.271836,0.0,0.0,0.0,0.0,0.0,0.0806804,0.765805,0.0779868,0.0807072,0.177705,0.0935552,0.00721722,0.0511618,0.317434,0.0,0.0439515,0.162706,0.0,0.0,0.0,0.0,0.0,0.243704,0.0,0.000134653,0.0624929,0.376964,1.2669e-06,0.0715353,0.0606815,0.0,0.082366,0.0,0.0206906,0.00748494,0.0,0.0356155,0.0149911,0.00721782,0.0115198,0.0237554,0.0,0.0,0.0,0.0,0.0,0.0,0.0,0.0,0.0,0.0,0.0,0.0,0.0,0.0,0.0,0.0,0.0,0.0,0.0,0.0,0.0,0.0,0.0,0.0,0.0,0.0,0.0,0.0,0.0,0.0,0.0,0.0,0.0,0.0,0.0,0.0,0.0,0.0,0.0,0.0,0.0,0.0,0.0,0.0,0.0,0.0,0.0,0.0,0.0,0.0,0.452408,0.01043,0.768274,0.11047,0.202089,0.0445152,7.44842e-07,0.0665801,0.0,0.118409,0.255305,0.235608,0.101382,0.00405664,0.233101,0.000257596,0.000827112,0.00133596,0.0
0.0,0.0,0.028164,0.270355,0.0,0.0,0.0,0.0,0.0,0.0802274,0.762572,0.0776143,0.0803415,0.176942,0.0931638,0.00718607,0.0509434,0.315659,0.0,0.0437624,0.162221,0.0,0.0,0.0,0.0,0.0,0.24325,0.0,0.000134601,0.0623758,0.375791,1.2669e-06,0.0711037,0.0604152,0.0,0.0820538,0.0,0.0205605,0.0074324,0.0,0.0353709,0.0148878,0.00716819,0.0114407,0.0236926,0.0,0.0,0.0,0.0,0.0,0.0,0.0,0.0,0.0,0.0,0.0,0.0,0.0,0.0,0.0,0.0,0.0,0.0,0.0,0.0,0.0,0.0,0.0,0.0,0.0,0.0,0.0,0.0,0.0,0.0,0.0,0.0,0.0,0.0,0.0,0.0,0.0,0.0,0.0,0.0,0.0,0.0,0.0,0.0,0.0,0.0,0.0,0.0,0.0,0.0,0.451754,0.0104145,0.76716,0.110307,0.201796,0.0444502,7.4267e-07,0.0664832,0.0,0.118237,0.254933,0.235266,0.101233,0.00405074,0.232767,0.000257215,0.000825911,0.00133403,0.0
0.0,0.0,0.0280409,0.268873,0.0,0.0,0.0,0.0,0.0,0.0797739,0.759344,0.0772464,0.079973,0.176177,0.0927727,0.00715524,0.0507252,0.313881,0.0,0.0435733,0.161737,0.0,0.0,0.0,0.0,0.0,0.242792,0.0,0.000134582,0.0622583,0.374623,1.2669e-06,0.070679,0.0601487,0.0,0.0817434,0.0,0.0204334,0.00738142,0.0,0.0351259,0.0147848,0.00711892,0.0113611,0.0236299,0.0,0.0,0.0,0.0,0.0,0.0,0.0,0.0,0.0,0.0,0.0,0.0,0.0,0.0,0.0,0.0,0.0,0.0,0.0,0.0,0.0,0.0,0.0,0.0,0.0,0.0,0.0,0.0,0.0,0.0,0.0,0.0,0.0,0.0,0.0,0.0,0.0,0.0,0.0,0.0,0.0,0.0,0.0,0.0,0.0,0.0,0.0,0.0,0.0,0.0,0.451096,0.0103996,0.76605,0.110148,0.201502,0.0443863,7.4267e-07,0.0663865,0.0,0.118064,0.254561,0.234923,0.101087,0.0040449,0.232432,0.000256802,0.000824702,0.00133207,0.0
0.0,0.0,0.0279187,0.267393,0.0,0.0,0.0,0.0,0.0,0.0793206,0.756115,0.0768767,0.0796057,0.175411,0.0923817,0.00712408,0.0505073,0.312105,0.0,0.0433842,0.161254,0.0,0.0,0.0,0.0,0.0,0.242336,0.0,0.000134514,0.0621458,0.373451,1.2669e-06,0.0702484,0.0598828,0.0,0.0814312,0.0,0.0203025,0.00733012,0.0,0.0348817,0.0146817,0.00706908,0.0112824,0.0235673,0.0,0.0,0.0,0.0,0.0,0.0,0.0,0.0,0.0,0.0,0.0,0.0,0.0,0.0,0.0,0.0,0.0,0.0,0.0,0.0,0.0,0.0,0.0,0.0,0.0,0.0,0.0,0.0,0.0,0.0,0.0,0.0,0.0,0.0,0.0,0.0,0.0,0.0,0.0,0.0,0.0,0.0,0.0,0.0,0.0,0.0,0.0,0.0,0.0,0.0,0.450439,0.0103848,0.764935,0.109988,0.201208,0.0443205,7.40499e-07,0.0662902,0.0,0.117892,0.254192,0.234582,0.10094,0.00403899,0.232094,0.000256462,0.000823517,0.00133015,0.0
0.0,0.0,0.0277984,0.26591,0.0,0.0,0.0,0.0,0.0,0.0788679,0.752886,0.0765058,0.0792378,0.174647,0.0919906,0.00709293,0.050288,0.310329,0.0,0.0431949,0.16077,0.0,0.0,0.0,0.0,0.0,0.24188,0.0,0.000134504,0.0620292,0.372282,1.2669e-06,0.06982,0.0596185,0.0,0.0811204,0.0,0.0201744,0.00727764,0.0,0.034637,0.0145788,0.00701958,0.0112035,0.023504,0.0,0.0,0.0,0.0,0.0,0.0,0.0,0.0,0.0,0.0,0.0,0.0,0.0,0.0,0.0,0.0,0.0,0.0,0.0,0.0,0.0,0.0,0.0,0.0,0.0,0.0,0.0,0.0,0.0,0.0,0.0,0.0,0.0,0.0,0.0,0.0,0.0,0.0,0.0,0.0,0.0,0.0,0.0,0.0,0.0,0.0,0.0,0.0,0.0,0.0,0.449782,0.0103698,0.763826,0.109827,0.200915,0.044256,7.40499e-07,0.0661934,0.0,0.117721,0.25382,0.234239,0.100792,0.00403312,0.231757,0.000256094,0.000822311,0.00132819,0.0
0.0,0.0,0.0276345,0.263645,0.0,0.0,0.0,0.0,0.0,0.078171,0.748548,0.0759804,0.0787275,0.17362,0.0914648,0.00705139,0.0499958,0.307604,0.0,0.0429411,0.160231,0.0,0.0,0.0,0.0,0.0,0.241196,0.0,0.000134427,0.0618563,0.370523,1.2669e-06,0.0691766,0.0592197,0.0,0.0806526,0.0,0.019982,0.00720277,0.0,0.0342709,0.0144241,0.0069449,0.0110849,0.0234102,0.0,0.0,0.0,0.0,0.0,0.0,0.0,0.0,0.0,0.0,0.0,0.0,0.0,0.0,0.0,0.0,0.0,0.0,0.0,0.0,0.0,0.0,0.0,0.0,0.0,0.0,0.0,0.0,0.0,0.0,0.0,0.0,0.0,0.0,0.0,0.0,0.0,0.0,0.0,0.0,0.0,0.0,0.0,0.0,0.0,0.0,0.0,0.0,0.0,0.0,0.448684,0.0103445,0.761964,0.10956,0.200425,0.0441488,7.38327e-07,0.066032,0.0,0.117434,0.253201,0.233668,0.100546,0.00402328,0.231192,0.000255475,0.000820308,0.00132493,0.0
0.0,0.0,0.0274703,0.261377,0.0,0.0,0.0,0.0,0.0,0.0774743,0.744209,0.0754565,0.0782188,0.172593,0.0909402,0.00700969,0.0497023,0.304879,0.0,0.0426871,0.159693,0.0,0.0,0.0,0.0,0.0,0.240512,0.0,0.000134404,0.0616839,0.368765,1.2669e-06,0.0685348,0.0588202,0.0,0.0801839,0.0,0.0197859,0.00712402,0.0,0.0339034,0.0142701,0.00687111,0.0109664,0.0233163,0.0,0.0,0.0,0.0,0.0,0.0,0.0,0.0,0.0,0.0,0.0,0.0,0.0,0.0,0.0,0.0,0.0,0.0,0.0,0.0,0.0,0.0,0.0,0.0,0.0,0.0,0.0,0.0,0.0,0.0,0.0,0.0,0.0,0.0,0.0,0.0,0.0,0.0,0.0,0.0,0.0,0.0,0.0,0.0,0.0,0.0,0.0,0.0,0.0,0.0,0.447587,0.0103187,0.760106,0.109292,0.199934,0.0440405,7.36156e-07,0.0658705,0.0,0.117145,0.252581,0.233097,0.1003,0.00401342,0.230627,0.000254811,0.000818294,0.00132172,0.0
0.0,0.0,0.0273078,0.259109,0.0,0.0,0.0,0.0,0.0,0.0767777,0.739877,0.0749298,0.0777101,0.171567,0.0904148,0.00696799,0.0494095,0.302152,0.0,0.0424331,0.159154,0.0,0.0,0.0,0.0,0.0,0.239828,0.0,0.000134302,0.0615086,0.367013,1.2669e-06,0.0678952,0.0584222,0.0,0.0797174,0.0,0.0195926,0.00704855,0.0,0.0335373,0.0141156,0.00679643,0.0108473,0.0232222,0.0,0.0,0.0,0.0,0.0,0.0,0.0,0.0,0.0,0.0,0.0,0.0,0.0,0.0,0.0,0.0,0.0,0.0,0.0,0.0,0.0,0.0,0.0,0.0,0.0,0.0,0.0,0.0,0.0,0.0,0.0,0.0,0.0,0.0,0.0,0.0,0.0,0.0,0.0,0.0,0.0,0.0,0.0,0.0,0.0,0.0,0.0,0.0,0.0,0.0,0.446491,0.0102941,0.758242,0.109023,0.199444,0.0439327,7.33984e-07,0.0657091,0.0,0.116859,0.251964,0.232526,0.100055,0.00400357,0.230062,0.000254177,0.000816286,0.00131847,0.0
0.0,0.0,0.0271438,0.256843,0.0,0.0,0.0,0.0,0.0,0.0760811,0.735538,0.0744036,0.0772015,0.17054,0.0898892,0.00692613,0.049116,0.299428,0.0,0.0421793,0.158615,0.0,0.0,0.0,0.0,0.0,0.239143,0.0,0.000134277,0.0613339,0.365261,1.25986e-06,0.0672511,0.0580231,0.0,0.0792478,0.0,0.0193992,0.006971,0.0,0.0331703,0.0139617,0.00672195,0.0107287,0.0231278,0.0,0.0,0.0,0.0,0.0,0.0,0.0,0.0,0.0,0.0,0.0,0.0,0.0,0.0,0.0,0.0,0.0,0.0,0.0,0.0,0.0,0.0,0.0,0.0,0.0,0.0,0.0,0.0,0.0,0.0,0.0,0.0,0.0,0.0,0.0,0.0,0.0,0.0,0.0,0.0,0.0,0.0,0.0,0.0,0.0,0.0,0.0,0.0,0.0,0.0,0.445393,0.0102685,0.756384,0.108754,0.198955,0.0438248,7.31812e-07,0.0655477,0.0,0.11657,0.251344,0.231955,0.0998092,0.00399376,0.229497,0.00025357,0.000814288,0.00131525,0.0
0.0,0.0,0.0269809,0.254576,0.0,0.0,0.0,0.0,0.0,0.0753839,0.7312,0.0738786,0.0766905,0.169512,0.0893643,0.00688443,0.0488227,0.296702,0.0,0.0419251,0.158076,0.0,0.0,0.0,0.0,0.0,0.23846,0.0,0.00013422,0.0611621,0.363499,1.25986e-06,0.06661,0.0576232,0.0,0.0787821,0.0,0.0192063,0.00689317,0.0,0.0328031,0.013807,0.00664798,0.0106104,0.0230337,0.0,0.0,0.0,0.0,0.0,0.0,0.0,0.0,0.0,0.0,0.0,0.0,0.0,0.0,0.0,0.0,0.0,0.0,0.0,0.0,0.0,0.0,0.0,0.0,0.0,0.0,0.0,0.0,0.0,0.0,0.0,0.0,0.0,0.0,0.0,0.0,0.0,0.0,0.0,0.0,0.0,0.0,0.0,0.0,0.0,0.0,0.0,0.0,0.0,0.0,0.444295,0.0102434,0.754524,0.108486,0.198463,0.0437169,7.29641e-07,0.0653862,0.0,0.116284,0.250725,0.231383,0.0995629,0.00398392,0.228931,0.000252958,0.00081228,0.00131197,0.0
0.0,0.0,0.0268187,0.25231,0.0,0.0,0.0,0.0,0.0,0.0746878,0.726866,0.0733529,0.0761788,0.168487,0.0888388,0.00684289,0.0485299,0.293976,0.0,0.0416713,0.157538,0.0,0.0,0.0,0.0,0.0,0.237776,0.0,0.000134148,0.0609884,0.361746,1.25986e-06,0.0659666,0.0572245,0.0,0.0783167,0.0,0.0190132,0.00681587,0.0,0.0324362,0.0136535,0.00657325,0.0104912,0.0229394,0.0,0.0,0.0,0.0,0.0,0.0,0.0,0.0,0.0,0.0,0.0,0.0,0.0,0.0,0.0,0.0,0.0,0.0,0.0,0.0,0.0,0.0,0.0,0.0,0.0,0.0,0.0,0.0,0.0,0.0,0.0,0.0,0.0,0.0,0.0,0.0,0.0,0.0,0.0,0.0,0.0,0.0,0.0,0.0,0.0,0.0,0.0,0.0,0.0,0.0,0.443199,0.0102181,0.752664,0.108218,0.197976,0.0436082,7.29641e-07,0.0652246,0.0,0.115997,0.250107,0.230811,0.0993179,0.00397408,0.228367,0.000252336,0.000810276,0.00130882,0.0
0.0,0.0,0.0266539,0.250042,0.0,0.0,0.0,0.0,0.0,0.0739917,0.72253,0.0728268,0.0756703,0.16746,0.0883135,0.00680119,0.0482364,0.291251,0.0,0.0414174,0.156998,0.0,0.0,0.0,0.0,0.0,0.237091,0.0,0.000134103,0.0608143,0.359992,1.25986e-06,0.0653274,0.056826,0.0,0.0778478,0.0,0.0188192,0.00674012,0.0,0.0320695,0.0134989,0.00649932,0.0103737,0.0228454,0.0,0.0,0.0,0.0,0.0,0.0,0.0,0.0,0.0,0.0,0.0,0.0,0.0,0.0,0.0,0.0,0.0,0.0,0.0,0.0,0.0,0.0,0.0,0.0,0.0,0.0,0.0,0.0,0.0,0.0,0.0,0.0,0.0,0.0,0.0,0.0,0.0,0.0,0.0,0.0,0.0,0.0,0.0,0.0,0.0,0.0,0.0,0.0,0.0,0.0,0.442102,0.0101931,0.750803,0.10795,0.197484,0.0435009,7.27469e-07,0.0650636,0.0,0.11571,0.249485,0.23024,0.0990729,0.00396423,0.2278,0.000251703,0.000808268,0.00130549,0.0
0.0,0.0,0.0264902,0.247776,0.0,0.0,0.0,0.0,0.0,0.0732954,0.718192,0.0723019,0.0751608,0.166433,0.0877886,0.00675933,0.0479436,0.288525,0.0,0.0411634,0.15646,0.0,0.0,0.0,0.0,0.0,0.236406,0.0,0.000134035,0.0606402,0.358237,1.25986e-06,0.064682,0.0564277,0.0,0.0773806,0.0,0.0186253,0.00666344,0.0,0.0317037,0.0133439,0.00642505,0.0102547,0.0227512,0.0,0.0,0.0,0.0,0.0,0.0,0.0,0.0,0.0,0.0,0.0,0.0,0.0,0.0,0.0,0.0,0.0,0.0,0.0,0.0,0.0,0.0,0.0,0.0,0.0,0.0,0.0,0.0,0.0,0.0,0.0,0.0,0.0,0.0,0.0,0.0,0.0,0.0,0.0,0.0,0.0,0.0,0.0,0.0,0.0,0.0,0.0,0.0,0.0,0.0,0.441004,0.0101682,0.748941,0.107683,0.196994,0.0433921,7.25298e-07,0.0649015,0.0,0.115422,0.248867,0.229668,0.0988268,0.00395438,0.227236,0.000251085,0.000806261,0.00130227,0.0
0.0,0.0,0.0263296,0.245507,0.0,0.0,0.0,0.0,0.0,0.0725979,0.713854,0.0717766,0.0746509,0.165406,0.0872633,0.00671763,0.0476504,0.285799,0.0,0.0409093,0.155921,0.0,0.0,0.0,0.0,0.0,0.235723,0.0,0.000134012,0.0604659,0.35648,1.25986e-06,0.0640413,0.0560284,0.0,0.0769158,0.0,0.0184322,0.00658562,0.0,0.0313371,0.0131902,0.00635079,0.0101361,0.022657,0.0,0.0,0.0,0.0,0.0,0.0,0.0,0.0,0.0,0.0,0.0,0.0,0.0,0.0,0.0,0.0,0.0,0.0,0.0,0.0,0.0,0.0,0.0,0.0,0.0,0.0,0.0,0.0,0.0,0.0,0.0,0.0,0.0,0.0,0.0,0.0,0.0,0.0,0.0,0.0,0.0,0.0,0.0,0.0,0.0,0.0,0.0,0.0,0.0,0.0,0.439908,0.0101428,0.747078,0.107416,0.196505,0.0432852,7.23126e-07,0.0647401,0.0,0.115137,0.248246,0.229097,0.09858,0.00394452,0.226668,0.000250436,0.000804261,0.00129907,0.0
0.0,0.0,0.0261633,0.243241,0.0,0.0,0.0,0.0,0.0,0.0719018,0.70952,0.0712532,0.0741415,0.16438,0.0867382,0.00667609,0.0473575,0.283075,0.0,0.0406555,0.155382,0.0,0.0,0.0,0.0,0.0,0.235037,0.0,0.000133944,0.0602948,0.354721,1.25986e-06,0.0633997,0.05563,0.0,0.0764493,0.0,0.0182387,0.00650836,0.0,0.0309693,0.0130355,0.00627637,0.0100175,0.0225631,0.0,0.0,0.0,0.0,0.0,0.0,0.0,0.0,0.0,0.0,0.0,0.0,0.0,0.0,0.0,0.0,0.0,0.0,0.0,0.0,0.0,0.0,0.0,0.0,0.0,0.0,0.0,0.0,0.0,0.0,0.0,0.0,0.0,0.0,0.0,0.0,0.0,0.0,0.0,0.0,0.0,0.0,0.0,0.0,0.0,0.0,0.0,0.0,0.0,0.0,0.438811,0.0101175,0.745215,0.107149,0.196015,0.0431772,7.20955e-07,0.0645785,0.0,0.114848,0.247628,0.228526,0.098334,0.00393473,0.226104,0.00024984,0.000802253,0.0012958,0.0
0.0,0.0,0.0260263,0.241325,0.0,0.0,0.0,0.0,0.0,0.0713132,0.705862,0.0708078,0.0737106,0.163512,0.0862948,0.00664072,0.04711,0.28077,0.0,0.0404411,0.155012,0.0,0.0,0.0,0.0,0.0,0.234506,0.0,0.000133877,0.0601585,0.353356,1.25986e-06,0.0628992,0.0553199,0.0,0.0760842,0.0,0.0180876,0.00644941,0.0,0.0306849,0.0129156,0.0062187,0.00992504,0.0224898,0.0,0.0,0.0,0.0,0.0,0.0,0.0,0.0,0.0,0.0,0.0,0.0,0.0,0.0,0.0,0.0,0.0,0.0,0.0,0.0,0.0,0.0,0.0,0.0,0.0,0.0,0.0,0.0,0.0,0.0,0.0,0.0,0.0,0.0,0.0,0.0,0.0,0.0,0.0,0.0,0.0,0.0,0.0,0.0,0.0,0.0,0.0,0.0,0.0,0.0,0.437837,0.010095,0.743562,0.106911,0.19558,0.0430808,7.20955e-07,0.0644352,0.0,0.114592,0.24708,0.228018,0.0981159,0.00392604,0.225601,0.000249251,0.000800473,0.00129291,0.0
0.0,0.0,0.0258858,0.23941,0.0,0.0,0.0,0.0,0.0,0.0707243,0.702201,0.0703643,0.0732811,0.162646,0.0858519,0.00660567,0.0468628,0.278468,0.0,0.0402268,0.154641,0.0,0.0,0.0,0.0,0.0,0.233975,0.0,0.000133867,0.0600245,0.351994,1.25986e-06,0.0624003,0.0550087,0.0,0.0757215,0.0,0.0179364,0.00638895,0.0,0.0303995,0.0127956,0.00616124,0.00983241,0.0224165,0.0,0.0,0.0,0.0,0.0,0.0,0.0,0.0,0.0,0.0,0.0,0.0,0.0,0.0,0.0,0.0,0.0,0.0,0.0,0.0,0.0,0.0,0.0,0.0,0.0,0.0,0.0,0.0,0.0,0.0,0.0,0.0,0.0,0.0,0.0,0.0,0.0,0.0,0.0,0.0,0.0,0.0,0.0,0.0,0.0,0.0,0.0,0.0,0.0,0.0,0.436864,0.0100727,0.741907,0.106673,0.195144,0.042985,7.18783e-07,0.0642925,0.0,0.114338,0.24653,0.227511,0.0978957,0.00391732,0.225099,0.00024873,0.000798692,0.00129003,0.0
0.0,0.0,0.0257503,0.237494,0.0,0.0,0.0,0.0,0.0,0.0701354,0.698541,0.06992,0.0728502,0.161779,0.0854079,0.0065703,0.0466151,0.276165,0.0,0.0400126,0.154269,0.0,0.0,0.0,0.0,0.0,0.233442,0.0,0.000133815,0.0598898,0.350621,1.25986e-06,0.0619001,0.0547001,0.0,0.0753579,0.0,0.0177872,0.00632851,0.0,0.0301143,0.0126749,0.00610281,0.00974067,0.0223429,0.0,0.0,0.0,0.0,0.0,0.0,0.0,0.0,0.0,0.0,0.0,0.0,0.0,0.0,0.0,0.0,0.0,0.0,0.0,0.0,0.0,0.0,0.0,0.0,0.0,0.0,0.0,0.0,0.0,0.0,0.0,0.0,0.0,0.0,0.0,0.0,0.0,0.0,0.0,0.0,0.0,0.0,0.0,0.0,0.0,0.0,0.0,0.0,0.0,0.0,0.43589,0.0100505,0.740254,0.106435,0.194709,0.0428895,7.16612e-07,0.0641493,0.0,0.114083,0.245982,0.227005,0.09768,0.00390856,0.224597,0.000248155,0.000796908,0.00128718,0.0
0.0,0.0,0.0256112,0.235578,0.0,0.0,0.0,0.0,0.0,0.0695463,0.694879,0.0694751,0.0724193,0.160914,0.084965,0.00653525,0.0463679,0.27386,0.0,0.0397982,0.153899,0.0,0.0,0.0,0.0,0.0,0.232909,0.0,0.000133757,0.0597535,0.349254,1.25986e-06,0.0614015,0.0543897,0.0,0.0749944,0.0,0.0176356,0.00626836,0.0,0.0298298,0.0125549,0.00604535,0.00964816,0.02227,0.0,0.0,0.0,0.0,0.0,0.0,0.0,0.0,0.0,0.0,0.0,0.0,0.0,0.0,0.0,0.0,0.0,0.0,0.0,0.0,0.0,0.0,0.0,0.0,0.0,0.0,0.0,0.0,0.0,0.0,0.0,0.0,0.0,0.0,0.0,0.0,0.0,0.0,0.0,0.0,0.0,0.0,0.0,0.0,0.0,0.0,0.0,0.0,0.0,0.0,0.434915,0.0100278,0.738603,0.106199,0.194275,0.0427936,7.1444e-07,0.0640059,0.0,0.11383,0.245431,0.226498,0.0974616,0.00389976,0.224097,0.000247616,0.000795128,0.00128428,0.0
0.0,0.0,0.0254717,0.233663,0.0,0.0,0.0,0.0,0.0,0.068958,0.691219,0.069033,0.0719899,0.160045,0.0845213,0.00650004,0.0461203,0.271558,0.0,0.039584,0.153528,0.0,0.0,0.0,0.0,0.0,0.232377,0.0,0.000133734,0.0596183,0.347895,1.25986e-06,0.0608999,0.0540785,0.0,0.074631,0.0,0.0174858,0.00620879,0.0,0.0295438,0.0124357,0.00598716,0.00955529,0.0221964,0.0,0.0,0.0,0.0,0.0,0.0,0.0,0.0,0.0,0.0,0.0,0.0,0.0,0.0,0.0,0.0,0.0,0.0,0.0,0.0,0.0,0.0,0.0,0.0,0.0,0.0,0.0,0.0,0.0,0.0,0.0,0.0,0.0,0.0,0.0,0.0,0.0,0.0,0.0,0.0,0.0,0.0,0.0,0.0,0.0,0.0,0.0,0.0,0.0,0.0,0.433944,0.0100053,0.73695,0.105959,0.193837,0.0426975,7.1444e-07,0.0638631,0.0,0.113574,0.244884,0.225991,0.0972432,0.00389104,0.223596,0.000247058,0.000793353,0.00128141,0.0
0.0,0.0,0.0253375,0.231747,0.0,0.0,0.0,0.0,0.0,0.0683694,0.687562,0.0685895,0.0715585,0.15918,0.0840788,0.00646483,0.0458731,0.269254,0.0,0.0393697,0.153157,0.0,0.0,0.0,0.0,0.0,0.231845,0.0,0.000133667,0.0594851,0.346527,1.25986e-06,0.0604015,0.0537687,0.0,0.0742666,0.0,0.0173355,0.00614775,0.0,0.0292593,0.0123148,0.00592963,0.00946376,0.0221232,0.0,0.0,0.0,0.0,0.0,0.0,0.0,0.0,0.0,0.0,0.0,0.0,0.0,0.0,0.0,0.0,0.0,0.0,0.0,0.0,0.0,0.0,0.0,0.0,0.0,0.0,0.0,0.0,0.0,0.0,0.0,0.0,0.0,0.0,0.0,0.0,0.0,0.0,0.0,0.0,0.0,0.0,0.0,0.0,0.0,0.0,0.0,0.0,0.0,0.0,0.43297,0.00998352,0.735296,0.105721,0.193405,0.042602,7.12269e-07,0.0637195,0.0,0.11332,0.244334,0.225485,0.0970255,0.00388234,0.223094,0.000246502,0.000791577,0.00127855,0.0
0.0,0.0,0.0251972,0.229831,0.0,0.0,0.0,0.0,0.0,0.0677805,0.683902,0.0681466,0.0711262,0.158314,0.0836348,0.00642962,0.0456257,0.266951,0.0,0.0391553,0.152786,0.0,0.0,0.0,0.0,0.0,0.231312,0.0,0.000133638,0.0593485,0.345159,1.25986e-06,0.0599019,0.0534599,0.0,0.0739038,0.0,0.0171842,0.0060876,0.0,0.028974,0.012195,0.00587151,0.00937105,0.0220501,0.0,0.0,0.0,0.0,0.0,0.0,0.0,0.0,0.0,0.0,0.0,0.0,0.0,0.0,0.0,0.0,0.0,0.0,0.0,0.0,0.0,0.0,0.0,0.0,0.0,0.0,0.0,0.0,0.0,0.0,0.0,0.0,0.0,0.0,0.0,0.0,0.0,0.0,0.0,0.0,0.0,0.0,0.0,0.0,0.0,0.0,0.0,0.0,0.0,0.0,0.431996,0.00996111,0.733643,0.105483,0.192971,0.0425064,7.10097e-07,0.063576,0.0,0.113065,0.243784,0.224977,0.096806,0.00387355,0.222594,0.000245956,0.000789797,0.00127568,0.0
0.0,0.0,0.0250615,0.227916,0.0,0.0,0.0,0.0,0.0,0.0671916,0.680239,0.0677013,0.0706979,0.157446,0.0831916,0.00639441,0.0453785,0.264648,0.0,0.0389411,0.152416,0.0,0.0,0.0,0.0,0.0,0.230781,0.0,0.00013358,0.0592146,0.343792,1.25986e-06,0.0594025,0.0531488,0.0,0.0735384,0.0,0.0170353,0.00602984,0.0,0.028688,0.0120745,0.00581353,0.00927898,0.0219771,0.0,0.0,0.0,0.0,0.0,0.0,0.0,0.0,0.0,0.0,0.0,0.0,0.0,0.0,0.0,0.0,0.0,0.0,0.0,0.0,0.0,0.0,0.0,0.0,0.0,0.0,0.0,0.0,0.0,0.0,0.0,0.0,0.0,0.0,0.0,0.0,0.0,0.0,0.0,0.0,0.0,0.0,0.0,0.0,0.0,0.0,0.0,0.0,0.0,0.0,0.431024,0.00993816,0.73199,0.105246,0.192535,0.0424106,7.07925e-07,0.0634327,0.0,0.112811,0.243233,0.22447,0.0965884,0.0038649,0.222091,0.000245379,0.000788014,0.00127284,0.0
0.0,0.0,0.0249236,0.226,0.0,0.0,0.0,0.0,0.0,0.0666022,0.67658,0.0672564,0.0702677,0.156582,0.0827488,0.0063592,0.0451307,0.262344,0.0,0.0387268,0.152044,0.0,0.0,0.0,0.0,0.0,0.230247,0.0,0.000133547,0.0590782,0.342428,1.25282e-06,0.0589044,0.0528363,0.0,0.0731773,0.0,0.0168846,0.00596878,0.0,0.0284022,0.0119547,0.00575587,0.00918675,0.0219036,0.0,0.0,0.0,0.0,0.0,0.0,0.0,0.0,0.0,0.0,0.0,0.0,0.0,0.0,0.0,0.0,0.0,0.0,0.0,0.0,0.0,0.0,0.0,0.0,0.0,0.0,0.0,0.0,0.0,0.0,0.0,0.0,0.0,0.0,0.0,0.0,0.0,0.0,0.0,0.0,0.0,0.0,0.0,0.0,0.0,0.0,0.0,0.0,0.0,0.0,0.43005,0.00991623,0.730336,0.10501,0.192102,0.0423148,7.07925e-07,0.0632893,0.0,0.112556,0.242686,0.223963,0.0963714,0.00385623,0.22159,0.000244835,0.000786232,0.00126998,0.0
0.0,0.0,0.0247853,0.224084,0.0,0.0,0.0,0.0,0.0,0.0660144,0.672925,0.0668137,0.069837,0.155714,0.0823054,0.00632415,0.0448837,0.260041,0.0,0.0385123,0.151674,0.0,0.0,0.0,0.0,0.0,0.229715,0.0,0.000133474,0.0589434,0.341063,1.25282e-06,0.0584045,0.0525275,0.0,0.0728097,0.0,0.0167339,0.00590862,0.0,0.0281163,0.0118347,0.00569835,0.00909418,0.0218304,0.0,0.0,0.0,0.0,0.0,0.0,0.0,0.0,0.0,0.0,0.0,0.0,0.0,0.0,0.0,0.0,0.0,0.0,0.0,0.0,0.0,0.0,0.0,0.0,0.0,0.0,0.0,0.0,0.0,0.0,0.0,0.0,0.0,0.0,0.0,0.0,0.0,0.0,0.0,0.0,0.0,0.0,0.0,0.0,0.0,0.0,0.0,0.0,0.0,0.0,0.429076,0.00989394,0.728686,0.104771,0.191666,0.042219,7.05754e-07,0.0631458,0.0,0.112301,0.242135,0.223456,0.0961532,0.00384736,0.221088,0.000244284,0.000784451,0.00126705,0.0
0.0,0.0,0.0246454,0.222168,0.0,0.0,0.0,0.0,0.0,0.0654261,0.669261,0.06637,0.0694071,0.154848,0.081862,0.00628894,0.0446364,0.257739,0.0,0.0382981,0.151303,0.0,0.0,0.0,0.0,0.0,0.229184,0.0,0.000133438,0.05881,0.339696,1.25282e-06,0.0579048,0.0522172,0.0,0.0724506,0.0,0.0165833,0.00584881,0.0,0.0278316,0.0117146,0.00564069,0.00900222,0.0217571,0.0,0.0,0.0,0.0,0.0,0.0,0.0,0.0,0.0,0.0,0.0,0.0,0.0,0.0,0.0,0.0,0.0,0.0,0.0,0.0,0.0,0.0,0.0,0.0,0.0,0.0,0.0,0.0,0.0,0.0,0.0,0.0,0.0,0.0,0.0,0.0,0.0,0.0,0.0,0.0,0.0,0.0,0.0,0.0,0.0,0.0,0.0,0.0,0.0,0.0,0.428104,0.00987181,0.727031,0.104533,0.19123,0.0421231,7.03582e-07,0.0630032,0.0,0.112046,0.241588,0.222949,0.0959351,0.00383865,0.220586,0.000243721,0.000782676,0.0012642,0.0
0.0,0.0,0.0245088,0.220252,0.0,0.0,0.0,0.0,0.0,0.0648372,0.665605,0.0659276,0.0689777,0.153981,0.0814188,0.00625373,0.0443889,0.255436,0.0,0.0380837,0.150932,0.0,0.0,0.0,0.0,0.0,0.228652,0.0,0.000133375,0.0586733,0.338328,1.25282e-06,0.0574032,0.0519062,0.0,0.072088,0.0,0.0164312,0.00578745,0.0,0.0275466,0.0115945,0.00558252,0.00891062,0.021684,0.0,0.0,0.0,0.0,0.0,0.0,0.0,0.0,0.0,0.0,0.0,0.0,0.0,0.0,0.0,0.0,0.0,0.0,0.0,0.0,0.0,0.0,0.0,0.0,0.0,0.0,0.0,0.0,0.0,0.0,0.0,0.0,0.0,0.0,0.0,0.0,0.0,0.0,0.0,0.0,0.0,0.0,0.0,0.0,0.0,0.0,0.0,0.0,0.0,0.0,0.427128,0.00984925,0.72538,0.104296,0.190795,0.0420275,7.01411e-07,0.06286,0.0,0.111791,0.241037,0.222444,0.0957169,0.00382993,0.220086,0.000243178,0.000780899,0.00126134,0.0
0.0,0.0,0.0243712,0.218337,0.0,0.0,0.0,0.0,0.0,0.0642483,0.661941,0.0654833,0.0685463,0.153114,0.0809755,0.00621852,0.044141,0.253132,0.0,0.0378696,0.150561,0.0,0.0,0.0,0.0,0.0,0.228118,0.0,0.00013334,0.0585377,0.336962,1.25282e-06,0.0569016,0.0515964,0.0,0.0717216,0.0,0.0162804,0.00572965,0.0,0.0272608,0.0114748,0.00552496,0.00881741,0.0216106,0.0,0.0,0.0,0.0,0.0,0.0,0.0,0.0,0.0,0.0,0.0,0.0,0.0,0.0,0.0,0.0,0.0,0.0,0.0,0.0,0.0,0.0,0.0,0.0,0.0,0.0,0.0,0.0,0.0,0.0,0.0,0.0,0.0,0.0,0.0,0.0,0.0,0.0,0.0,0.0,0.0,0.0,0.0,0.0,0.0,0.0,0.0,0.0,0.0,0.0,0.426155,0.00982686,0.723723,0.104058,0.190359,0.0419317,7.01411e-07,0.0627167,0.0,0.111536,0.240488,0.221936,0.0954987,0.00382124,0.219584,0.000242594,0.000779119,0.00125844,0.0
0.0,0.0,0.0242329,0.216422,0.0,0.0,0.0,0.0,0.0,0.0636592,0.658282,0.0650393,0.0681161,0.152247,0.0805327,0.00618331,0.0438937,0.250828,0.0,0.0376554,0.15019,0.0,0.0,0.0,0.0,0.0,0.227587,0.0,0.000133283,0.0584037,0.335601,1.25282e-06,0.0564043,0.0512859,0.0,0.0713623,0.0,0.0161298,0.00566802,0.0,0.0269763,0.0113546,0.0054671,0.0087252,0.0215375,0.0,0.0,0.0,0.0,0.0,0.0,0.0,0.0,0.0,0.0,0.0,0.0,0.0,0.0,0.0,0.0,0.0,0.0,0.0,0.0,0.0,0.0,0.0,0.0,0.0,0.0,0.0,0.0,0.0,0.0,0.0,0.0,0.0,0.0,0.0,0.0,0.0,0.0,0.0,0.0,0.0,0.0,0.0,0.0,0.0,0.0,0.0,0.0,0.0,0.0,0.425182,0.00980432,0.722073,0.103821,0.189924,0.0418365,6.99239e-07,0.0625738,0.0,0.111282,0.239938,0.221428,0.0952808,0.00381257,0.219082,0.00024206,0.000777335,0.00125559,0.0
0.0,0.0,0.0240964,0.214506,0.0,0.0,0.0,0.0,0.0,0.0630711,0.654623,0.0645955,0.0676847,0.151383,0.0800888,0.0061481,0.0436468,0.248525,0.0,0.0374408,0.149819,0.0,0.0,0.0,0.0,0.0,0.227055,0.0,0.000133273,0.0582661,0.334233,1.25282e-06,0.0559039,0.0509768,0.0,0.0709983,0.0,0.0159785,0.00560875,0.0,0.0266908,0.0112339,0.00540915,0.00863303,0.0214642,0.0,0.0,0.0,0.0,0.0,0.0,0.0,0.0,0.0,0.0,0.0,0.0,0.0,0.0,0.0,0.0,0.0,0.0,0.0,0.0,0.0,0.0,0.0,0.0,0.0,0.0,0.0,0.0,0.0,0.0,0.0,0.0,0.0,0.0,0.0,0.0,0.0,0.0,0.0,0.0,0.0,0.0,0.0,0.0,0.0,0.0,0.0,0.0,0.0,0.0,0.424209,0.00978212,0.720417,0.103582,0.189491,0.0417404,6.97068e-07,0.0624297,0.0,0.111028,0.239389,0.220922,0.0950616,0.00380375,0.218581,0.000241513,0.000775558,0.00125271,0.0
0.0,0.0,0.0239576,0.212589,0.0,0.0,0.0,0.0,0.0,0.0624817,0.650965,0.0641517,0.067256,0.150516,0.0796458,0.00611289,0.0433993,0.246221,0.0,0.0372265,0.149449,0.0,0.0,0.0,0.0,0.0,0.226523,0.0,0.000133196,0.0581311,0.332867,1.25282e-06,0.0554059,0.0506668,0.0,0.0706321,0.0,0.0158287,0.00554921,0.0,0.0264052,0.0111138,0.00535122,0.00854075,0.0213909,0.0,0.0,0.0,0.0,0.0,0.0,0.0,0.0,0.0,0.0,0.0,0.0,0.0,0.0,0.0,0.0,0.0,0.0,0.0,0.0,0.0,0.0,0.0,0.0,0.0,0.0,0.0,0.0,0.0,0.0,0.0,0.0,0.0,0.0,0.0,0.0,0.0,0.0,0.0,0.0,0.0,0.0,0.0,0.0,0.0,0.0,0.0,0.0,0.0,0.0,0.423236,0.00975947,0.718765,0.103346,0.189058,0.0416443,6.94896e-07,0.062287,0.0,0.110772,0.238839,0.220415,0.0948445,0.00379506,0.218079,0.000240984,0.000773779,0.00124981,0.0
0.0,0.0,0.0238184,0.210675,0.0,0.0,0.0,0.0,0.0,0.0618931,0.647304,0.0637074,0.0668238,0.149649,0.0792027,0.00607768,0.0431517,0.243919,0.0,0.0370124,0.149078,0.0,0.0,0.0,0.0,0.0,0.225991,0.0,0.000133173,0.0579992,0.331505,1.25282e-06,0.0549073,0.0503558,0.0,0.0702698,0.0,0.0156792,0.00548904,0.0,0.0261199,0.0109939,0.00529355,0.00844822,0.0213177,0.0,0.0,0.0,0.0,0.0,0.0,0.0,0.0,0.0,0.0,0.0,0.0,0.0,0.0,0.0,0.0,0.0,0.0,0.0,0.0,0.0,0.0,0.0,0.0,0.0,0.0,0.0,0.0,0.0,0.0,0.0,0.0,0.0,0.0,0.0,0.0,0.0,0.0,0.0,0.0,0.0,0.0,0.0,0.0,0.0,0.0,0.0,0.0,0.0,0.0,0.422264,0.00973689,0.717115,0.103109,0.188622,0.041549,6.94896e-07,0.0621438,0.0,0.110517,0.23829,0.219907,0.0946265,0.00378636,0.217578,0.000240423,0.000771994,0.00124695,0.0
0.0,0.0,0.0236805,0.208757,0.0,0.0,0.0,0.0,0.0,0.0613042,0.643645,0.0632637,0.0663955,0.148783,0.0787588,0.00604264,0.0429045,0.241615,0.0,0.0367982,0.148707,0.0,0.0,0.0,0.0,0.0,0.225458,0.0,0.000133114,0.0578633,0.330133,1.25282e-06,0.0544052,0.0500454,0.0,0.0699053,0.0,0.0155271,0.00542947,0.0,0.0258339,0.0108737,0.00523583,0.00835642,0.0212445,0.0,0.0,0.0,0.0,0.0,0.0,0.0,0.0,0.0,0.0,0.0,0.0,0.0,0.0,0.0,0.0,0.0,0.0,0.0,0.0,0.0,0.0,0.0,0.0,0.0,0.0,0.0,0.0,0.0,0.0,0.0,0.0,0.0,0.0,0.0,0.0,0.0,0.0,0.0,0.0,0.0,0.0,0.0,0.0,0.0,0.0,0.0,0.0,0.0,0.0,0.421288,0.00971462,0.715458,0.10287,0.188188,0.0414534,6.92725e-07,0.0619998,0.0,0.110263,0.237742,0.219401,0.0944083,0.00377757,0.217077,0.000239853,0.000770218,0.00124407,0.0
0.0,0.0,0.0235431,0.206842,0.0,0.0,0.0,0.0,0.0,0.0607159,0.639983,0.0628214,0.0659645,0.147916,0.0783157,0.00600743,0.0426572,0.239312,0.0,0.0365837,0.148336,0.0,0.0,0.0,0.0,0.0,0.224926,0.0,0.000133077,0.0577287,0.328768,1.25282e-06,0.053907,0.0497365,0.0,0.0695438,0.0,0.0153766,0.00536873,0.0,0.0255503,0.010754,0.0051779,0.00826425,0.0211716,0.0,0.0,0.0,0.0,0.0,0.0,0.0,0.0,0.0,0.0,0.0,0.0,0.0,0.0,0.0,0.0,0.0,0.0,0.0,0.0,0.0,0.0,0.0,0.0,0.0,0.0,0.0,0.0,0.0,0.0,0.0,0.0,0.0,0.0,0.0,0.0,0.0,0.0,0.0,0.0,0.0,0.0,0.0,0.0,0.0,0.0,0.0,0.0,0.0,0.0,0.420316,0.00969231,0.713807,0.102633,0.187753,0.041357,6.90553e-07,0.0618566,0.0,0.110007,0.237192,0.218895,0.09419,0.00376886,0.216576,0.000239319,0.000768436,0.00124118,0.0
0.0,0.0,0.023406,0.204926,0.0,0.0,0.0,0.0,0.0,0.060127,0.636328,0.0623759,0.0655334,0.147049,0.0778725,0.00597222,0.0424094,0.237009,0.0,0.0363694,0.147966,0.0,0.0,0.0,0.0,0.0,0.224393,0.0,0.000133029,0.0575937,0.327401,1.25282e-06,0.0534061,0.0494248,0.0,0.0691815,0.0,0.015229,0.00531034,0.0,0.0252642,0.0106341,0.00512017,0.00817133,0.021098,0.0,0.0,0.0,0.0,0.0,0.0,0.0,0.0,0.0,0.0,0.0,0.0,0.0,0.0,0.0,0.0,0.0,0.0,0.0,0.0,0.0,0.0,0.0,0.0,0.0,0.0,0.0,0.0,0.0,0.0,0.0,0.0,0.0,0.0,0.0,0.0,0.0,0.0,0.0,0.0,0.0,0.0,0.0,0.0,0.0,0.0,0.0,0.0,0.0,0.0,0.419343,0.00966984,0.712152,0.102394,0.18732,0.0412611,6.90553e-07,0.0617134,0.0,0.109754,0.236644,0.218388,0.0939712,0.00376018,0.216073,0.000238748,0.000766655,0.00123834,0.0
