0.000952087,0.0,0.0,0.0107269,0.0,0.0111863,0.0,3.29856e-05,0.0,0.000103,0.00512961,7.73329e-07,0.0,0.0,3.01609e-05,0.0,0.0,3.63974e-05,0.0,0.00031067,0.00283805,0.00010087,0.0,0.000124429,0.00379703,0.000526711,0.0,1.91119e-07,0.0,0.0,0.0,0.0,0.0,1.32705e-07,0.0,6.23633e-07,0.0,0.0,0.0,3.53964e-08,4.56229e-07,0.0,1.21456e-05,0.0,0.000500916,0.000166633,0.000698566,0.0,0.000243752,0.00284801,2.3326e-05,0.00281502,0.0101742,0.00781923,0.00120123,0.000295536,5.34989e-05,0.00404774,1.9221e-05,3.95408e-05,0.000307169,0.0,0.000948845,0.000674215,7.40219e-05,5.9743e-05,2.12687e-05,0.00327554,0.00370907,0.000923137,0.00013378,0.0012148,5.35791e-06,0.000784326,0.00069043,2.89585e-05,0.00109306,0.000451433,0.00262471,9.43709e-05,1.05152e-05,0.00411974,0.000156869,5.614e-06,6.9346e-07,3.55795e-06,7.96323e-05,2.17094e-05,0.000275154,2.14853e-05,8.34607e-07,5.53843e-05,1.13152e-06,2.00998e-05,6.51743e-05,0.0,1.93193e-06,9.46978e-07,0.0,0.0,0.0,0.0,0.0,0.0,0.0,0.0,0.0,0.0,0.0,2.29358e-05,0.0,0.0,0.0,0.0
0.000950708,0.0,0.0,0.0107257,0.0,0.0111866,0.0,3.28732e-05,0.0,0.000103208,0.00512844,0.0,0.0,0.0,2.9386e-05,0.0,0.0,3.63242e-05,0.0,0.000310722,0.00283805,0.00010091,0.0,0.000124344,0.00379898,0.000527567,0.0,1.91119e-07,0.0,0.0,0.0,0.0,0.0,1.65881e-07,0.0,6.27305e-07,0.0,0.0,0.0,2.65473e-08,4.56229e-07,0.0,1.23074e-05,0.0,0.000500506,0.000166464,0.000697994,0.0,0.000243521,0.00284762,2.28479e-05,0.00281596,0.0101747,0.00782058,0.00120087,0.000295245,5.34714e-05,0.00404772,1.99425e-05,3.8994e-05,0.00030717,0.0,0.000949133,0.000675123,7.40484e-05,5.94869e-05,2.11562e-05,0.00327589,0.00371016,0.000923341,0.000133678,0.00121601,5.26454e-06,0.000784134,0.000689944,2.87766e-05,0.00109295,0.000450677,0.00263197,9.43681e-05,1.02748e-05,0.0041202,0.000157002,5.61136e-06,6.92534e-07,3.45605e-06,7.97052e-05,2.15357e-05,0.000274954,2.15157e-05,8.42093e-07,5.54327e-05,1.03346e-06,2.01017e-05,6.51653e-05,0.0,1.93157e-06,8.11695e-07,0.0,0.0,0.0,0.0,0.0,0.0,0.0,0.0,0.0,0.0,0.0,2.31549e-05,0.0,0.0,0.0,0.0
0.00095252,0.0,2.75597e-07,0.0107274,0.0,0.0111862,0.0,3.29856e-05,0.0,0.000103074,0.00513014,0.0,0.0,0.0,3.01609e-05,0.0,0.0,3.63974e-05,0.0,0.000310839,0.00283803,0.000100935,0.0,0.000124535,0.00379922,0.000525989,0.0,1.91119e-07,0.0,0.0,0.0,0.0,2.74798e-07,1.32705e-07,0.0,6.23633e-07,0.0,0.0,0.0,3.53964e-08,4.56229e-07,0.0,1.24001e-05,0.0,0.000500482,0.000166634,0.000698391,0.0,0.000243617,0.00284804,2.36129e-05,0.0028152,0.0101741,0.00781959,0.0012013,0.000295573,5.3494e-05,0.0040469,1.8967e-05,3.93671e-05,0.000307284,0.0,0.000948877,0.000675136,7.40752e-05,5.93757e-05,2.11426e-05,0.0032754,0.00370952,0.000923161,0.000133565,0.00121502,5.35791e-06,0.000784323,0.000690604,2.91816e-05,0.0010933,0.000451781,0.00263971,9.43083e-05,1.05152e-05,0.00411964,0.000156744,5.60701e-06,6.93614e-07,3.62231e-06,7.95863e-05,2.17967e-05,0.000274859,2.14853e-05,8.29237e-07,5.53845e-05,1.14034e-06,2.01001e-05,6.50174e-05,0.0,1.91984e-06,9.47602e-07,0.0,0.0,0.0,0.0,0.0,0.0,0.0,0.0,0.0,0.0,0.0,2.2931e-05,0.0,0.0,0.0,0.0
0.000950801,0.0,2.75597e-07,0.0107273,0.0,0.0111868,0.0,3.27326e-05,0.0,0.000103237,0.00512933,0.0,0.0,0.0,3.01609e-05,0.0,0.0,3.62485e-05,0.0,0.000310799,0.00283754,0.000100676,0.0,0.000124574,0.00379846,0.000527482,0.0,1.91119e-07,0.0,0.0,0.0,0.0,0.0,1.65881e-07,0.0,6.25149e-07,0.0,0.0,0.0,2.65473e-08,4.56229e-07,0.0,1.23439e-05,0.0,0.000500652,0.000166735,0.000698163,0.0,0.000243473,0.00284779,2.34919e-05,0.00281511,0.0101747,0.00782016,0.00120092,0.000295874,5.34706e-05,0.00404703,1.95308e-05,3.92035e-05,0.000307358,0.0,0.000949154,0.000675701,7.41475e-05,5.9607e-05,2.10599e-05,0.00327603,0.00370977,0.000923208,0.000133466,0.00121544,5.35791e-06,0.000784382,0.000689773,2.89464e-05,0.00109293,0.00045107,0.00263059,9.42833e-05,1.03953e-05,0.00412061,0.000156841,5.61637e-06,6.92148e-07,3.45605e-06,7.97147e-05,2.16676e-05,0.000275145,2.14853e-05,8.37353e-07,5.54066e-05,1.0824e-06,2.00641e-05,6.51537e-05,0.0,1.93193e-06,9.46978e-07,0.0,0.0,0.0,0.0,0.0,0.0,0.0,0.0,0.0,0.0,0.0,2.31431e-05,0.0,0.0,0.0,0.0
0.000952747,0.0,2.75822e-07,0.0107263,0.0,0.0111849,0.0,3.31262e-05,0.0,0.000102821,0.00513051,0.0,0.0,0.0,2.96359e-05,0.0,0.0,3.63974e-05,0.0,0.000310718,0.00283864,0.000100906,0.0,0.000124432,0.00379944,0.000527044,0.0,1.91119e-07,0.0,0.0,0.0,0.0,0.0,1.32705e-07,0.0,6.25789e-07,0.0,0.0,0.0,3.53964e-08,4.56229e-07,0.0,1.20329e-05,0.0,0.000500461,0.000166487,0.000698455,0.0,0.000244087,0.00284807,2.27861e-05,0.00281611,0.0101745,0.00781976,0.0012014,0.000295184,5.35216e-05,0.00404808,1.87903e-05,3.89905e-05,0.000307169,0.0,0.000948888,0.000674142,7.39903e-05,5.93934e-05,2.1365e-05,0.0032751,0.00370954,0.000923024,0.000133777,0.00121496,5.35102e-06,0.000784213,0.000690302,2.8829e-05,0.00109279,0.000451389,0.00263339,9.42816e-05,1.03946e-05,0.00412003,0.000157097,5.60681e-06,6.9346e-07,3.55795e-06,7.96532e-05,2.17899e-05,0.000274938,2.15157e-05,8.4e-07,5.53807e-05,1.13152e-06,2.00998e-05,6.51743e-05,0.0,1.93157e-06,9.46978e-07,0.0,0.0,0.0,0.0,0.0,0.0,0.0,0.0,0.0,0.0,0.0,2.29102e-05,0.0,0.0,0.0,0.0
0.000148361,0.0,0.0,0.0177571,0.0,0.00528612,0.0,3.32098e-05,0.0,0.000175983,0.0036296,0.0,0.0,0.0,0.0,0.0,0.0,5.19192e-05,0.0,0.000642938,0.00404802,3.6037e-05,0.0,0.000174641,0.00171144,0.000499589,0.0,9.55594e-08,0.0,0.0,0.0,0.0,0.0,1.88379e-05,0.0,5.38123e-07,0.0,0.0,0.0,6.16519e-06,0.000105473,2.48747e-06,3.25482e-06,7.1694e-05,0.000146154,0.000199783,0.000145994,0.0,0.000158784,0.00232514,2.60187e-05,0.00327979,0.00664837,0.00232368,0.00116456,1.57696e-05,2.13025e-05,0.00281207,4.30223e-05,0.000112545,8.66534e-05,0.0,0.000148521,0.000969555,2.76273e-05,2.34719e-05,0.0,0.00274886,0.00424146,0.00091192,0.000151358,0.00142728,2.11017e-05,0.000744156,0.000229902,3.54749e-05,0.00125604,0.00033572,0.00464619,8.95797e-05,3.56748e-06,0.00455277,0.000313649,6.89722e-06,6.94788e-07,0.0,2.66948e-05,9.1823e-06,0.000212896,0.000899905,3.94132e-06,4.70109e-05,1.34422e-06,2.13777e-05,6.60968e-05,0.0,2.44566e-05,0.000126459,0.0,0.0,0.000148993,0.0,0.0,0.0,0.0,0.0,0.0,0.0,0.0,4.04021e-05,0.0,0.0,0.0,0.0
0.000149399,0.0,0.0,0.0177583,0.0,0.00528396,0.0,3.31332e-05,0.0,0.000175454,0.00363085,0.0,0.0,0.0,0.0,0.0,0.0,5.20858e-05,0.0,0.000642594,0.00404834,3.59718e-05,0.0,0.000174711,0.00171342,0.000499312,0.0,6.37062e-08,0.0,0.0,0.0,0.0,0.0,1.90108e-05,0.0,5.4028e-07,0.0,0.0,0.0,6.64427e-06,0.000106133,2.44676e-06,3.323e-06,7.20607e-05,0.000145427,0.000199421,0.000145749,0.0,0.000158056,0.0023251,2.60846e-05,0.00328052,0.00664812,0.00232475,0.0011644,1.59024e-05,2.13093e-05,0.00281285,4.38973e-05,0.000112567,8.67471e-05,0.0,0.000148608,0.000969236,2.7609e-05,2.33316e-05,0.0,0.00274897,0.00424163,0.000911967,0.000151145,0.00142782,2.09226e-05,0.000743936,0.000229618,3.45419e-05,0.001256,0.000335599,0.00464846,8.92708e-05,3.56748e-06,0.00455297,0.000314022,6.89543e-06,6.96293e-07,0.0,2.66635e-05,9.65368e-06,0.000212665,0.000899414,3.95605e-06,4.69644e-05,1.40216e-06,2.13867e-05,6.61227e-05,0.0,2.44442e-05,0.00012549,0.0,0.0,0.000148886,0.0,0.0,0.0,0.0,0.0,0.0,0.0,0.0,4.04317e-05,0.0,0.0,0.0,0.0
0.000149119,0.0,2.75597e-07,0.0177583,0.0,0.00528545,0.0,3.33504e-05,0.0,0.000175956,0.0036307,0.0,0.0,0.0,0.0,0.0,0.0,5.19005e-05,0.0,0.000642773,0.00404821,3.59482e-05,0.0,0.000174401,0.00171592,0.000500796,0.0,9.55594e-08,0.0,0.0,0.0,0.0,0.0,1.88379e-05,0.0,5.4028e-07,0.0,0.0,0.0,6.22924e-06,0.000105247,2.3714e-06,3.17866e-06,7.20563e-05,0.000146063,0.000199716,0.000145775,0.0,0.000158384,0.00232515,2.59402e-05,0.003281,0.00664814,0.00232399,0.00116432,1.595e-05,2.13034e-05,0.0028123,4.36187e-05,0.000112653,8.66534e-05,0.0,0.000148736,0.000969878,2.76577e-05,2.35887e-05,0.0,0.0027492,0.00424157,0.000911984,0.000151293,0.00142739,2.10948e-05,0.000743865,0.000229725,3.52215e-05,0.00125609,0.00033572,0.00464266,8.97878e-05,3.56748e-06,0.00455288,0.000313924,6.89475e-06,6.95024e-07,0.0,2.67262e-05,9.16716e-06,0.000212701,0.000900129,3.94164e-06,4.7012e-05,1.35322e-06,2.13777e-05,6.60112e-05,0.0,2.44377e-05,0.000126007,0.0,0.0,0.000148963,0.0,0.0,0.0,0.0,0.0,0.0,0.0,0.0,4.02741e-05,0.0,0.0,0.0,0.0
0.000149229,0.0,0.0,0.0177556,0.0,0.00528511,0.0,3.32612e-05,0.0,0.000175832,0.00363126,0.0,0.0,0.0,0.0,0.0,0.0,5.20288e-05,0.0,0.000642879,0.00404854,3.6015e-05,0.0,0.000174838,0.00171628,0.000499986,0.0,6.37062e-08,0.0,0.0,0.0,0.0,0.0,1.88379e-05,0.0,5.41796e-07,0.0,0.0,0.0,6.3819e-06,0.000105907,2.44676e-06,3.58335e-06,7.18536e-05,0.00014515,0.000199381,0.000145888,0.0,0.000158366,0.00232529,2.57406e-05,0.00327939,0.00664864,0.00232417,0.00116427,1.58038e-05,2.13222e-05,0.00281246,4.33105e-05,0.000112123,8.67471e-05,0.0,0.000148592,0.000968659,2.76021e-05,2.32183e-05,0.0,0.00274913,0.00424236,0.000911671,0.000151121,0.00142745,2.11272e-05,0.000744082,0.000229842,3.49471e-05,0.00125576,0.000335599,0.0046445,8.93101e-05,3.63234e-06,0.00455345,0.00031371,6.89054e-06,6.99775e-07,0.0,2.67019e-05,9.30282e-06,0.000212986,0.000899519,3.94773e-06,4.69974e-05,1.39334e-06,2.1351e-05,6.60889e-05,0.0,2.45056e-05,0.00012583,0.0,0.0,0.000148935,0.0,0.0,0.0,0.0,0.0,0.0,0.0,0.0,4.0409e-05,0.0,0.0,0.0,0.0
0.000149631,0.0,0.0,0.0177584,0.0,0.00528485,0.0,3.32098e-05,0.0,0.00017559,0.00362944,0.0,0.0,0.0,0.0,0.0,0.0,5.19763e-05,0.0,0.000642838,0.00404871,3.60096e-05,0.0,0.000174342,0.00171425,0.000499176,0.0,9.55594e-08,0.0,0.0,0.0,0.0,0.0,1.89702e-05,0.0,5.4028e-07,0.0,2.76889e-07,0.0,6.00594e-06,0.000105857,2.44676e-06,3.24815e-06,7.20114e-05,0.000145937,0.000199637,0.000145907,0.0,0.000158626,0.00232501,2.60176e-05,0.00328021,0.00664832,0.00232402,0.00116464,1.589e-05,2.13375e-05,0.00281189,4.33411e-05,0.000112491,8.68625e-05,0.0,0.000148693,0.000969946,2.75836e-05,2.35851e-05,0.0,0.00274903,0.00424145,0.00091168,0.000151222,0.00142733,2.1016e-05,0.000743955,0.000229762,3.50562e-05,0.00125602,0.000335764,0.00464357,8.98116e-05,3.56748e-06,0.00455301,0.000313926,6.89442e-06,6.94788e-07,0.0,2.67224e-05,9.54117e-06,0.000212582,0.000899918,3.9539e-06,4.7012e-05,1.35322e-06,2.13777e-05,6.59974e-05,0.0,2.4407e-05,0.000125881,0.0,0.0,0.000149117,0.0,0.0,0.0,0.0,0.0,0.0,0.0,0.0,4.04718e-05,0.0,0.0,0.0,0.0
0.000149119,0.0,0.0,0.0177536,0.0,0.00528537,0.0,3.31332e-05,0.0,0.000175995,0.00363162,0.0,0.0,0.0,0.0,0.0,0.0,5.19369e-05,0.0,0.000642565,0.00404817,3.59782e-05,0.0,0.000174728,0.00171348,0.000499639,0.0,9.55594e-08,0.0,0.0,0.0,0.0,0.0,1.88379e-05,0.0,5.38123e-07,0.0,0.0,0.0,6.71717e-06,0.000105573,2.41211e-06,3.25482e-06,7.18746e-05,0.000146148,0.000199642,0.000145783,0.0,0.000158221,0.00232526,2.59401e-05,0.00328026,0.00664823,0.00232367,0.00116456,1.61084e-05,2.13141e-05,0.00281295,4.31725e-05,0.000112867,8.66534e-05,0.0,0.000148624,0.0009695,2.76274e-05,2.3191e-05,0.0,0.00274861,0.00424161,0.000912111,0.000151361,0.00142728,2.11813e-05,0.000744074,0.000229726,3.51256e-05,0.00125593,0.000335599,0.00464482,8.92384e-05,3.56748e-06,0.00455318,0.00031376,6.88895e-06,6.95563e-07,0.0,2.68368e-05,9.28051e-06,0.000212565,0.000899946,3.93954e-06,4.69102e-05,1.28991e-06,2.13777e-05,6.60947e-05,0.0,2.45065e-05,0.000126006,0.0,0.0,0.00014894,0.0,0.0,0.0,0.0,0.0,0.0,0.0,0.0,4.03248e-05,0.0,0.0,0.0,0.0
0.000149378,0.0,2.75597e-07,0.0177601,0.0,0.00528326,0.0,3.31486e-05,0.0,0.000175656,0.00363077,0.0,0.0,0.0,0.0,0.0,0.0,5.19145e-05,0.0,0.000642811,0.00404883,3.60209e-05,0.0,0.000174638,0.0017126,0.000499457,0.0,6.37062e-08,0.0,0.0,0.0,0.0,0.0,1.89083e-05,0.0,5.4028e-07,0.0,0.0,0.0,6.16519e-06,0.000105832,2.44676e-06,3.323e-06,7.20446e-05,0.000145382,0.00019974,0.000145692,0.0,0.00015859,0.00232513,2.5814e-05,0.00328069,0.00664797,0.00232396,0.00116443,1.58038e-05,2.13172e-05,0.0028124,4.36592e-05,0.000112244,8.67471e-05,0.0,0.000148603,0.000968989,2.76368e-05,2.34719e-05,0.0,0.00274931,0.00424153,0.000911635,0.000150905,0.00142724,2.10014e-05,0.000744178,0.0002297,3.48226e-05,0.00125559,0.00033572,0.00464375,8.96451e-05,3.56748e-06,0.00455305,0.000313774,6.89916e-06,6.99775e-07,0.0,2.6502e-05,9.65551e-06,0.000213113,0.000899518,3.95016e-06,4.7012e-05,1.35322e-06,2.13867e-05,6.6111e-05,0.0,2.44726e-05,0.000126081,0.0,0.0,0.000148924,0.0,0.0,0.0,0.0,0.0,0.0,0.0,0.0,4.03544e-05,0.0,0.0,0.0,0.0
0.000148878,0.0,5.51419e-07,0.0177576,0.0,0.00528552,0.0,3.31332e-05,0.0,0.000175733,0.00363045,0.0,0.0,0.0,0.0,0.0,0.0,5.19369e-05,0.0,0.000642714,0.00404826,3.59613e-05,0.0,0.000174427,0.00171516,0.000499703,0.0,9.55594e-08,0.0,0.0,0.0,0.0,0.0,1.88379e-05,0.0,5.4028e-07,0.0,0.0,0.0,6.43711e-06,0.000105636,2.44676e-06,3.17866e-06,7.19765e-05,0.000145861,0.000199173,0.000145939,0.0,0.000158345,0.00232501,2.60492e-05,0.00327943,0.00664872,0.00232407,0.00116458,1.589e-05,2.13107e-05,0.0028124,4.34522e-05,0.000112603,8.65588e-05,0.0,0.000148532,0.000969788,2.75878e-05,2.33316e-05,0.0,0.00274859,0.00424147,0.000912021,0.000151358,0.00142761,2.1016e-05,0.000743987,0.000229742,3.54709e-05,0.00125622,0.000335599,0.00464446,8.93716e-05,3.56748e-06,0.00455309,0.000313999,6.89447e-06,6.91306e-07,0.0,2.67217e-05,9.28051e-06,0.000212544,0.00089966,3.95249e-06,4.70084e-05,1.39316e-06,2.13777e-05,6.60043e-05,0.0,2.44222e-05,0.00012583,0.0,0.0,0.000148984,0.0,0.0,0.0,0.0,0.0,0.0,0.0,0.0,4.04089e-05,0.0,0.0,0.0,0.0
0.000149547,0.0,0.0,0.0177559,0.0,0.00528311,0.0,3.32098e-05,0.0,0.000175812,0.00363146,0.0,0.0,0.0,0.0,0.0,0.0,5.20495e-05,0.0,0.00064282,0.00404819,3.59565e-05,0.0,0.000174605,0.00171392,0.000500139,0.0,6.37062e-08,0.0,0.0,0.0,0.0,0.0,1.8937e-05,0.0,5.4028e-07,0.0,0.0,0.0,6.16519e-06,0.000105696,2.3714e-06,3.24815e-06,7.19002e-05,0.000146008,0.000199781,0.000146051,0.0,0.000158468,0.00232539,2.59307e-05,0.00328115,0.00664881,0.00232446,0.00116451,1.59103e-05,2.13147e-05,0.00281246,4.36435e-05,0.000112362,8.67471e-05,0.0,0.000148647,0.000969091,2.76456e-05,2.35887e-05,0.0,0.00274949,0.0042419,0.000911726,0.000151041,0.0014275,2.10948e-05,0.000743965,0.000229701,3.46789e-05,0.00125602,0.00033572,0.00464503,8.9908e-05,3.56748e-06,0.00455257,0.000313699,6.88807e-06,7.00011e-07,0.0,2.67064e-05,9.30592e-06,0.000212764,0.000899872,3.94784e-06,4.7001e-05,1.35339e-06,2.13867e-05,6.60705e-05,0.0,2.44513e-05,0.00012588,0.0,0.0,0.000149046,0.0,0.0,0.0,0.0,0.0,0.0,0.0,0.0,4.04713e-05,0.0,0.0,0.0,0.0
0.000149535,0.0,0.0,0.0177579,0.0,0.00528659,0.0,3.34223e-05,0.0,0.000175691,0.0036296,0.0,0.0,0.0,0.0,0.0,0.0,5.18435e-05,0.0,0.000642755,0.004049,3.601e-05,0.0,0.000174474,0.00171496,0.000499657,0.0,9.55594e-08,0.0,0.0,0.0,0.0,0.0,1.88894e-05,0.0,5.41796e-07,0.0,0.0,0.0,6.64427e-06,0.000105345,2.48747e-06,3.323e-06,7.2019e-05,0.000145777,0.00019966,0.000145768,0.0,0.000158079,0.00232505,2.60261e-05,0.00327976,0.00664798,0.00232358,0.00116453,1.589e-05,2.13055e-05,0.0028129,4.35864e-05,0.000112179,8.66534e-05,0.0,0.000148639,0.000970019,2.7634e-05,2.32183e-05,0.0,0.00274879,0.00424113,0.000911997,0.000151161,0.00142719,2.1016e-05,0.000744078,0.000229746,3.52372e-05,0.00125613,0.000335644,0.00464377,8.91969e-05,3.63234e-06,0.00455358,0.00031402,6.89552e-06,6.94788e-07,0.0,2.67217e-05,9.46738e-06,0.000212683,0.000899806,3.94657e-06,4.69743e-05,1.40216e-06,2.1378e-05,6.60558e-05,0.0,2.44869e-05,0.000125947,0.0,0.0,0.000148878,0.0,0.0,0.0,0.0,0.0,0.0,0.0,0.0,4.02831e-05,0.0,0.0,0.0,0.0
0.0,0.0,0.0,0.0100958,0.0,0.00249542,0.0,0.00015772,0.0,0.000135424,0.00539407,0.0,0.0,0.0,0.0,0.0,0.0,3.97878e-05,0.0,0.00103451,0.00433173,0.000507987,0.0,0.000127812,0.0,0.000328369,0.0,0.0,0.0,0.0,0.0,0.0,0.0,0.000191051,0.0,4.79601e-07,1.13404e-08,0.0,0.0,9.67621e-06,8.46508e-05,0.0,0.000103856,5.20834e-05,0.000520774,6.25917e-05,0.000130281,0.0,7.15624e-05,0.00198489,0.0,0.00291406,0.0065383,0.0025832,0.001246,0.000251314,1.71972e-05,0.00261304,2.94125e-05,4.30767e-06,7.20141e-05,0.0,0.000173605,0.000518893,4.38552e-05,4.3227e-06,0.0,0.00370464,0.00437541,0.000718432,0.000160768,0.00147248,0.0,0.000644953,0.000348303,0.0,0.00135556,0.00039152,0.00266445,0.000279788,2.05822e-05,0.00470208,0.000249405,5.84913e-06,7.5262e-07,0.0,4.21779e-05,0.0,6.0982e-05,8.30369e-05,4.83027e-06,7.19448e-05,1.06065e-06,1.72405e-05,5.93268e-05,0.0,3.63992e-05,3.673e-05,0.0,0.0,0.0,0.0,0.0,0.0,0.0,0.0,9.73605e-05,0.0,0.0,4.17363e-05,0.0,0.0,0.0,0.0
0.0,0.0,0.0,0.0100947,0.0,0.00249496,0.0,0.000157839,0.0,0.000135606,0.00539526,0.0,0.0,0.0,0.0,0.0,0.0,3.94477e-05,0.0,0.00103438,0.00433173,0.000507788,0.0,0.000127717,0.0,0.000328642,0.0,0.0,0.0,0.0,0.0,0.0,0.0,0.000189082,0.0,4.83273e-07,1.13404e-08,0.0,0.0,1.00338e-05,8.47323e-05,0.0,0.00010359,5.20307e-05,0.000521247,6.23726e-05,0.000130599,0.0,7.13442e-05,0.0019845,0.0,0.00291459,0.00653814,0.00258433,0.00124622,0.000252033,1.72112e-05,0.00261308,2.94912e-05,4.26287e-06,7.18052e-05,0.0,0.000173575,0.00051837,4.38503e-05,4.46679e-06,0.0,0.00370462,0.00437569,0.000718718,0.00016075,0.00147269,0.0,0.000644994,0.00034825,0.0,0.00135601,0.000391665,0.0026667,0.000279099,2.07027e-05,0.00470258,0.000249423,5.84963e-06,7.57461e-07,0.0,4.22644e-05,0.0,6.07815e-05,8.3051e-05,4.83416e-06,7.19401e-05,1.06065e-06,1.72871e-05,5.92866e-05,0.0,3.64317e-05,3.66846e-05,0.0,0.0,0.0,0.0,0.0,0.0,0.0,0.0,9.74976e-05,0.0,0.0,4.17731e-05,0.0,0.0,0.0,0.0
0.0,0.0,0.0,0.0100976,0.0,0.00249574,0.0,0.000157299,0.0,0.00013546,0.00539468,0.0,0.0,0.0,0.0,0.0,0.0,3.95779e-05,0.0,0.00103446,0.00433191,0.000507552,0.0,0.000127813,0.0,0.000328709,0.0,0.0,0.0,0.0,0.0,0.0,0.0,0.000190064,0.0,4.83273e-07,1.13404e-08,0.0,0.0,9.93857e-06,8.47726e-05,0.0,0.000105364,5.20901e-05,0.000521694,6.24746e-05,0.000130445,0.0,7.14873e-05,0.00198492,0.0,0.00291414,0.00653826,0.0025837,0.00124617,0.000251987,1.71663e-05,0.00261349,2.97778e-05,4.3272e-06,7.20141e-05,0.0,0.000173607,0.000518966,4.38789e-05,4.46679e-06,0.0,0.00370465,0.00437486,0.00071874,0.000160606,0.00147326,0.0,0.000644858,0.000348287,0.0,0.001356,0.000391491,0.0026647,0.00027963,2.07669e-05,0.00470201,0.000249236,5.84963e-06,7.52385e-07,0.0,4.2104e-05,0.0,6.0833e-05,8.31219e-05,4.83418e-06,7.19178e-05,1.06083e-06,1.72048e-05,5.92818e-05,0.0,3.63804e-05,3.67307e-05,0.0,0.0,0.0,0.0,0.0,0.0,0.0,0.0,9.72836e-05,0.0,0.0,4.15863e-05,0.0,0.0,0.0,0.0
0.0,0.0,2.75597e-07,0.010095,0.0,0.00249611,0.0,0.000157947,0.0,0.000135065,0.00539447,0.0,0.0,0.0,0.0,0.0,0.0,3.94841e-05,0.0,0.00103456,0.00433214,0.00050792,0.0,0.000127833,0.0,0.000328432,0.0,0.0,0.0,0.0,0.0,0.0,0.0,0.000190041,0.0,4.83273e-07,1.13404e-08,0.0,0.0,9.76255e-06,8.46337e-05,0.0,0.000103785,5.21347e-05,0.000520492,6.2646e-05,0.000130191,0.0,7.13009e-05,0.00198469,0.0,0.00291426,0.00653895,0.0025838,0.00124597,0.000252107,1.71906e-05,0.00261393,2.97946e-05,4.30767e-06,7.17105e-05,0.0,0.000173473,0.000519187,4.38871e-05,4.3227e-06,0.0,0.00370428,0.00437462,0.000718289,0.000160735,0.00147273,0.0,0.000645114,0.000348426,0.0,0.00135604,0.000391564,0.00266518,0.000279046,2.05822e-05,0.00470234,0.000249523,5.84963e-06,7.57071e-07,0.0,4.20776e-05,0.0,6.0982e-05,8.3051e-05,4.84652e-06,7.19437e-05,1.06065e-06,1.72781e-05,5.9386e-05,0.0,3.64363e-05,3.673e-05,0.0,0.0,0.0,0.0,0.0,0.0,0.0,0.0,9.73605e-05,0.0,0.0,4.17774e-05,0.0,0.0,0.0,0.0
0.0,0.0,2.75597e-07,0.0100959,0.0,0.00249505,0.0,0.000157804,0.0,0.000135107,0.0053953,0.0,0.0,0.0,0.0,0.0,0.0,3.96757e-05,0.0,0.0010345,0.00433269,0.00050788,0.0,0.000127673,0.0,0.000328229,0.0,0.0,0.0,0.0,0.0,0.0,0.0,0.000190143,0.0,4.83273e-07,0.0,0.0,0.0,9.93857e-06,8.46191e-05,0.0,0.000104225,5.20901e-05,0.000521321,6.23778e-05,0.000130676,0.0,7.14839e-05,0.00198458,0.0,0.00291426,0.00653773,0.00258364,0.00124638,0.000251908,1.71822e-05,0.00261322,2.92851e-05,4.26287e-06,7.20151e-05,0.0,0.000173569,0.000518137,4.38798e-05,4.46679e-06,0.0,0.00370481,0.00437638,0.000718837,0.000160749,0.00147206,0.0,0.00064495,0.000348148,0.0,0.00135546,0.000391737,0.00266443,0.000279452,2.07669e-05,0.00470275,0.000249274,5.84274e-06,7.5262e-07,0.0,4.22755e-05,0.0,6.08486e-05,8.29533e-05,4.84219e-06,7.19082e-05,1.06083e-06,1.72495e-05,5.93896e-05,0.0,3.64127e-05,3.67602e-05,0.0,0.0,0.0,0.0,0.0,0.0,0.0,0.0,9.73583e-05,0.0,0.0,4.16948e-05,0.0,0.0,0.0,0.0
0.0,0.0,0.0,0.0100951,0.0,0.00249622,0.0,0.000157261,0.0,0.00013546,0.00539474,0.0,0.0,0.0,0.0,0.0,0.0,3.94477e-05,0.0,0.00103429,0.00433142,0.000507813,0.0,0.000127828,0.0,0.000328918,0.0,0.0,0.0,0.0,0.0,0.0,0.0,0.000188884,0.0,4.81757e-07,1.13404e-08,0.0,0.0,1.00338e-05,8.46452e-05,0.0,0.000104226,5.20316e-05,0.000520715,6.23495e-05,0.000130438,0.0,7.15068e-05,0.00198486,0.0,0.00291467,0.00653797,0.00258368,0.00124639,0.000251941,1.71731e-05,0.00261266,2.95262e-05,4.26287e-06,7.18042e-05,0.0,0.000173671,0.00051914,4.3909e-05,4.46679e-06,0.0,0.00370508,0.00437437,0.000718339,0.000160847,0.00147285,0.0,0.000645074,0.000348164,0.0,0.00135605,0.000391657,0.0026648,0.000279623,2.07027e-05,0.00470245,0.000249457,5.84963e-06,7.5301e-07,0.0,4.22267e-05,0.0,6.09149e-05,8.32067e-05,4.82939e-06,7.19508e-05,1.06065e-06,1.72781e-05,5.93486e-05,0.0,3.64037e-05,3.67315e-05,0.0,0.0,0.0,0.0,0.0,0.0,0.0,0.0,9.73605e-05,0.0,0.0,4.14877e-05,0.0,0.0,0.0,0.0
0.0,0.0,0.0,0.0100964,0.0,0.00249521,0.0,0.000157886,0.0,0.000135464,0.0053947,0.0,0.0,0.0,0.0,0.0,0.0,3.95048e-05,0.0,0.00103455,0.0043319,0.000507695,0.0,0.000127832,0.0,0.000328429,0.0,0.0,0.0,0.0,0.0,0.0,0.0,0.000189736,0.0,4.83273e-07,0.0,0.0,0.0,9.66736e-06,8.47233e-05,0.0,0.00010444,5.21183e-05,0.000521847,6.24955e-05,0.000130309,0.0,7.14227e-05,0.00198479,0.0,0.00291425,0.00653761,0.0025841,0.00124615,0.000251415,1.71877e-05,0.00261395,2.95277e-05,4.30767e-06,7.19204e-05,0.0,0.000173621,0.000518319,4.38392e-05,4.3227e-06,0.0,0.00370425,0.00437593,0.000718667,0.000160897,0.00147285,0.0,0.000644826,0.00034833,0.0,0.00135604,0.000391598,0.00266569,0.000279255,2.05822e-05,0.00470213,0.000249179,5.84963e-06,7.56145e-07,0.0,4.19887e-05,0.0,6.06996e-05,8.30229e-05,4.83969e-06,7.19107e-05,1.06065e-06,1.72408e-05,5.92716e-05,0.0,3.64424e-05,3.67307e-05,0.0,0.0,0.0,0.0,0.0,0.0,0.0,0.0,9.74352e-05,0.0,0.0,4.17495e-05,0.0,0.0,0.0,0.0
0.0,0.0,2.75822e-07,0.0100974,0.0,0.00249491,0.0,0.000157414,0.0,0.000135494,0.00539507,0.0,0.0,0.0,0.0,0.0,0.0,3.94841e-05,0.0,0.00103437,0.00433178,0.000507982,0.0,0.000127682,0.0,0.000328606,0.0,0.0,0.0,0.0,0.0,0.0,2.74798e-07,0.000190558,0.0,4.81117e-07,1.13404e-08,0.0,0.0,1.02505e-05,8.47505e-05,0.0,0.000104186,5.21158e-05,0.000520402,6.25211e-05,0.000130494,0.0,7.14163e-05,0.00198461,0.0,0.00291426,0.00653898,0.00258324,0.00124588,0.000252342,1.71761e-05,0.00261333,2.96178e-05,4.3272e-06,7.18042e-05,0.0,0.000173529,0.000518328,4.39075e-05,4.46679e-06,0.0,0.00370498,0.00437441,0.000718438,0.000160515,0.00147239,0.0,0.000645066,0.00034825,0.0,0.00135598,0.000391552,0.00266559,0.00027934,2.07669e-05,0.0047023,0.000249357,5.84963e-06,7.5262e-07,0.0,4.22064e-05,0.0,6.10027e-05,8.31091e-05,4.83453e-06,7.19508e-05,1.06083e-06,1.72871e-05,5.92507e-05,0.0,3.63439e-05,3.63439e-05,0.0,0.0,0.0,0.0,0.0,0.0,0.0,0.0,9.72836e-05,0.0,0.0,4.17067e-05,0.0,0.0,0.0,0.0
0.0,0.0,0.0,0.0100943,0.0,0.0024954,0.0,0.000157405,0.0,0.00013525,0.00539474,0.0,0.0,0.0,0.0,0.0,0.0,3.94477e-05,0.0,0.00103459,0.00433213,0.000507929,0.0,0.000127862,0.0,0.000328324,0.0,0.0,0.0,0.0,0.0,0.0,0.0,0.000189764,0.0,4.83273e-07,0.0,0.0,0.0,9.94742e-06,8.45794e-05,0.0,0.000104701,5.21477e-05,0.000521355,6.26142e-05,0.000130387,0.0,7.15128e-05,0.00198477,0.0,0.00291397,0.00653822,0.00258414,0.00124621,0.000252167,1.71863e-05,0.00261345,2.95741e-05,4.30767e-06,7.20151e-05,0.0,0.000173572,0.00051894,4.38647e-05,4.46679e-06,0.0,0.00370418,0.00437644,0.000718681,0.000160739,0.00147235,0.0,0.000644861,0.000348225,0.0,0.00135626,0.00039146,0.00266582,0.000279295,2.05822e-05,0.00470266,0.000249456,5.84963e-06,7.52385e-07,0.0,4.22156e-05,0.0,6.10065e-05,8.30509e-05,4.83374e-06,7.19401e-05,1.06065e-06,1.72405e-05,5.94736e-05,0.0,3.64585e-05,3.70111e-05,0.0,0.0,0.0,0.0,0.0,0.0,0.0,0.0,9.74229e-05,0.0,0.0,4.16806e-05,0.0,0.0,0.0,0.0
0.0,0.0,2.75597e-07,0.0100963,0.0,0.00249641,0.0,0.000157922,0.0,0.000135213,0.00539468,0.0,0.0,0.0,0.0,0.0,0.0,3.95048e-05,0.0,0.00103446,0.00433202,0.000507602,0.0,0.000127804,0.0,0.000328493,0.0,0.0,0.0,0.0,0.0,0.0,0.0,0.000190018,0.0,4.83273e-07,1.13404e-08,0.0,0.0,1.00249e-05,8.45343e-05,0.0,0.000103618,5.20022e-05,0.000521497,6.23517e-05,0.000130478,0.0,7.14017e-05,0.00198468,0.0,0.00291449,0.00653805,0.00258348,0.00124616,0.000251803,1.71913e-05,0.00261359,2.9719e-05,4.26287e-06,7.19196e-05,0.0,0.000173524,0.000518586,4.38895e-05,4.3227e-06,0.0,0.00370478,0.0043744,0.000718631,0.000160712,0.00147331,0.0,0.000645129,0.000348431,0.0,0.00135558,0.000391565,0.00266585,0.000279272,2.0647e-05,0.00470219,0.000249424,5.84963e-06,7.57457e-07,0.0,4.22002e-05,0.0,6.07569e-05,8.3051e-05,4.83991e-06,7.19118e-05,1.06065e-06,1.72424e-05,5.93916e-05,0.0,3.6427e-05,3.67307e-05,0.0,0.0,0.0,0.0,0.0,0.0,0.0,0.0,9.73583e-05,0.0,0.0,4.16943e-05,0.0,0.0,0.0,0.0
0.0,0.0,0.0,0.0101754,0.0,0.00126844,0.0,6.7771e-06,0.0,0.0,0.0052082,0.0,0.0,0.0,0.0,0.0,0.0,0.0,0.0,0.00069041,0.00402685,0.000581008,0.0,0.000235266,0.0,0.000164842,0.0,0.0,0.0,0.0,0.0,0.0,0.0,0.0,0.0,4.1525e-07,0.0,0.0,0.0,0.0,6.93252e-05,0.0,0.0,2.93254e-05,0.000159701,2.96691e-05,0.000122549,0.0,5.46399e-05,0.00161064,0.0,0.00101968,0.00517505,0.00190084,0.000621072,9.06064e-06,1.67157e-05,0.00197748,2.39719e-05,1.48941e-05,6.51177e-05,0.0,0.000136087,0.000281023,1.76417e-05,5.04315e-06,0.0,0.00137044,0.00224816,0.000732532,3.36219e-05,0.0007514,0.0,0.000324012,0.000126296,0.0,0.000585977,0.000233283,0.00159889,0.000175762,1.55403e-05,0.00237887,0.000125038,6.30002e-06,6.54438e-07,0.0,4.96695e-05,0.0,3.43859e-05,6.15193e-05,5.1328e-06,0.000119399,5.88652e-07,1.31034e-05,4.65485e-05,0.0,0.0,0.0,0.0,0.0,8.8493e-05,0.0,0.0,0.0,0.0,0.0,0.000467095,0.0,0.0,5.42503e-05,0.0,0.0,0.0,0.0
0.0,0.0,0.0,0.0101718,0.0,0.00126808,0.0,6.7771e-06,0.0,0.0,0.00520753,0.0,0.0,0.0,0.0,0.0,0.0,0.0,0.0,0.000690269,0.0040264,0.000580628,0.0,0.000235114,0.0,0.000164641,0.0,0.0,0.0,0.0,0.0,0.0,0.0,0.0,0.0,4.16766e-07,0.0,0.0,0.0,0.0,6.87757e-05,0.0,0.0,2.9432e-05,0.000160779,2.97675e-05,0.000122626,0.0,5.47166e-05,0.00161048,0.0,0.0010192,0.00517461,0.0019006,0.000621004,9.08512e-06,1.67803e-05,0.00197694,2.365e-05,1.47479e-05,6.5024e-05,0.0,0.000136071,0.000280783,1.75976e-05,5.18724e-06,0.0,0.00137119,0.0022491,0.000733241,3.37599e-05,0.00075195,0.0,0.000324389,0.000126416,0.0,0.000586244,0.000233464,0.00159941,0.000175531,1.55521e-05,0.00237906,0.000125184,6.30669e-06,6.62522e-07,0.0,4.94288e-05,0.0,3.41899e-05,6.15089e-05,5.13336e-06,0.000119293,6.42778e-07,1.3141e-05,4.67083e-05,0.0,0.0,0.0,0.0,0.0,8.85477e-05,0.0,0.0,0.0,0.0,0.0,0.000466931,0.0,0.0,5.43657e-05,0.0,0.0,0.0,0.0
0.0,0.0,0.0,0.0101725,0.0,0.00126849,0.0,6.52401e-06,0.0,0.0,0.00520799,0.0,0.0,0.0,0.0,0.0,0.0,0.0,0.0,0.000690175,0.00402666,0.000580848,0.0,0.000235054,0.0,0.0001647,0.0,0.0,0.0,0.0,0.0,0.0,0.0,0.0,0.0,4.1525e-07,0.0,0.0,0.0,0.0,6.92052e-05,0.0,0.0,2.93835e-05,0.000160388,2.96482e-05,0.000122665,0.0,5.47574e-05,0.0016108,0.0,0.00101961,0.00517608,0.00190036,0.000621095,8.8574e-06,1.67343e-05,0.00197765,2.36115e-05,1.4788e-05,6.51177e-05,0.0,0.000135989,0.000280669,1.75976e-05,5.04315e-06,0.0,0.00137014,0.00224807,0.000732567,3.38285e-05,0.000751726,0.0,0.000323885,0.000126413,0.0,0.000586682,0.000233057,0.00159925,0.00017538,1.53673e-05,0.00237829,0.000125036,6.302e-06,6.62132e-07,0.0,4.94361e-05,0.0,3.44432e-05,6.16751e-05,5.13395e-06,0.000119349,5.95573e-07,1.31053e-05,4.65739e-05,0.0,0.0,0.0,0.0,0.0,8.83564e-05,0.0,0.0,0.0,0.0,0.0,0.00046696,0.0,0.0,5.41988e-05,0.0,0.0,0.0,0.0
0.0,0.0,0.0,0.0101745,0.0,0.00126774,0.0,6.7771e-06,0.0,0.0,0.00520757,0.0,0.0,0.0,0.0,0.0,0.0,0.0,0.0,0.000690377,0.00402675,0.000581186,0.0,0.000235518,0.0,0.000164962,0.0,0.0,0.0,0.0,0.0,0.0,0.0,0.0,0.0,4.1525e-07,0.0,0.0,0.0,0.0,6.91456e-05,0.0,0.0,2.94126e-05,0.000159737,2.98903e-05,0.000122656,0.0,5.46149e-05,0.00161049,0.0,0.00101956,0.00517438,0.0019013,0.000620946,9.08512e-06,1.6729e-05,0.00197713,2.37334e-05,1.47047e-05,6.51177e-05,0.0,0.000136014,0.00028136,1.76375e-05,5.04315e-06,0.0,0.00137092,0.00224772,0.000732601,3.36219e-05,0.000751571,0.0,0.000324257,0.000126416,0.0,0.000585745,0.000233007,0.00159951,0.000175826,1.56051e-05,0.00237896,0.000125228,6.30616e-06,6.62522e-07,0.0,4.95543e-05,0.0,3.43061e-05,6.15773e-05,5.13048e-06,0.000119365,6.42778e-07,1.31034e-05,4.65844e-05,0.0,0.0,0.0,0.0,0.0,8.85048e-05,0.0,0.0,0.0,0.0,0.0,0.000467049,0.0,0.0,5.42503e-05,0.0,0.0,0.0,0.0
0.0,0.0,0.0,0.0101736,0.0,0.00126867,0.0,6.7771e-06,0.0,0.0,0.00520751,0.0,0.0,0.0,0.0,0.0,0.0,0.0,0.0,0.000690296,0.00402673,0.000580538,0.0,0.000235338,0.0,0.000164409,0.0,0.0,0.0,0.0,0.0,0.0,0.0,0.0,0.0,4.16766e-07,0.0,0.0,0.0,0.0,6.86958e-05,0.0,0.0,2.9296e-05,0.000160604,2.96691e-05,0.000122566,0.0,5.46788e-05,0.00161055,0.0,0.00101935,0.0051751,0.00189978,0.000621073,9.17489e-06,1.6731e-05,0.00197761,2.39995e-05,1.48346e-05,6.51177e-05,0.0,0.000136239,0.00028038,1.75705e-05,5.18724e-06,0.0,0.00137055,0.00224895,0.000732785,3.38285e-05,0.000752483,0.0,0.000324135,0.000126322,0.0,0.000586191,0.000233301,0.00159851,0.000175773,1.53673e-05,0.00237864,0.000125034,6.30669e-06,6.61596e-07,0.0,4.94271e-05,0.0,3.42943e-05,6.15559e-05,5.13232e-06,0.000119338,5.88652e-07,1.3141e-05,4.6594e-05,0.0,0.0,0.0,0.0,0.0,8.84899e-05,0.0,0.0,0.0,0.0,0.0,0.000466717,0.0,0.0,5.41679e-05,0.0,0.0,0.0,0.0
0.0,0.0,0.0,0.0101755,0.0,0.0012677,0.0,6.52401e-06,0.0,0.0,0.0052091,0.0,0.0,0.0,0.0,0.0,0.0,0.0,0.0,0.000689965,0.00402671,0.000580989,0.0,0.000235298,0.0,0.000165115,0.0,0.0,0.0,0.0,0.0,0.0,0.0,0.0,0.0,4.1525e-07,0.0,0.0,0.0,0.0,6.92759e-05,0.0,0.0,2.9387e-05,0.00016007,2.97675e-05,0.000122561,0.0,5.47951e-05,0.00161051,0.0,0.00101963,0.00517524,0.00190022,0.000621047,8.90384e-06,1.67212e-05,0.00197667,2.36222e-05,1.49205e-05,6.51177e-05,0.0,0.000135843,0.00028111,1.76069e-05,5.04315e-06,0.0,0.00137039,0.00224878,0.000732821,3.3853e-05,0.000751574,0.0,0.000324073,0.000126435,0.0,0.000585935,0.000233262,0.00159842,0.000175486,1.56051e-05,0.00237913,0.000125154,6.30692e-06,6.62367e-07,0.0,4.96665e-05,0.0,3.43389e-05,6.14358e-05,5.13904e-06,0.000119359,6.42778e-07,1.31053e-05,4.66405e-05,0.0,0.0,0.0,0.0,0.0,8.8348e-05,0.0,0.0,0.0,0.0,0.0,0.000467058,0.0,0.0,5.41859e-05,0.0,0.0,0.0,0.0
0.0,0.0,0.0,0.0101719,0.0,0.00126863,0.0,6.7771e-06,0.0,0.0,0.00520731,0.0,0.0,0.0,0.0,0.0,0.0,0.0,0.0,0.000690279,0.0040264,0.000581091,0.0,0.0002349,0.0,0.000164458,0.0,0.0,0.0,0.0,0.0,0.0,0.0,0.0,0.0,4.16766e-07,0.0,0.0,0.0,0.0,6.89582e-05,0.0,0.0,2.94091e-05,0.000161144,2.97675e-05,0.000122541,0.0,5.44445e-05,0.00161044,0.0,0.00101961,0.00517463,0.00190104,0.000621039,8.98658e-06,1.6742e-05,0.00197771,2.38156e-05,1.47713e-05,6.51177e-05,0.0,0.000136005,0.000280362,1.76425e-05,5.04315e-06,0.0,0.00137079,0.00224716,0.00073274,3.37349e-05,0.000752021,0.0,0.000324249,0.000126451,0.0,0.000586441,0.000233355,0.00159995,0.000175756,1.53673e-05,0.00237893,0.000125212,6.30719e-06,6.54589e-07,0.0,4.9426e-05,0.0,3.43859e-05,6.15671e-05,5.12424e-06,0.000119333,5.88652e-07,1.31034e-05,4.65417e-05,0.0,0.0,0.0,0.0,0.0,8.85242e-05,0.0,0.0,0.0,0.0,0.0,0.000466936,0.0,0.0,5.42065e-05,0.0,0.0,0.0,0.0
0.0,0.0,0.0,0.0101739,0.0,0.00126838,0.0,6.7771e-06,0.0,0.0,0.00520931,0.0,0.0,0.0,0.0,0.0,0.0,0.0,0.0,0.000690372,0.00402687,0.000580842,0.0,0.000235211,0.0,0.000164796,0.0,0.0,0.0,0.0,0.0,0.0,0.0,0.0,0.0,4.1525e-07,0.0,0.0,0.0,0.0,6.90567e-05,0.0,0.0,2.93483e-05,0.000159868,2.95498e-05,0.000122606,0.0,5.46934e-05,0.00161098,0.0,0.0010196,0.00517562,0.00190068,0.000621243,8.97321e-06,1.67442e-05,0.00197712,2.35357e-05,1.47421e-05,6.51177e-05,0.0,0.000136048,0.000281002,1.75754e-05,5.04315e-06,0.0,0.00137065,0.00224878,0.000732708,3.37154e-05,0.000751393,0.0,0.000324233,0.000126261,0.0,0.000586175,0.000233155,0.00159894,0.000175711,1.55521e-05,0.00237878,0.000125021,6.30091e-06,6.62522e-07,0.0,4.96002e-05,0.0,3.43389e-05,6.1423e-05,5.13618e-06,0.000119339,5.88812e-07,1.3141e-05,4.65694e-05,0.0,0.0,0.0,0.0,0.0,8.8376e-05,0.0,0.0,0.0,0.0,0.0,0.000466982,0.0,0.0,5.43298e-05,0.0,0.0,0.0,0.0
0.0,0.0,0.0,0.0101722,0.0,0.00126914,0.0,6.52401e-06,0.0,0.0,0.00520662,0.0,0.0,0.0,0.0,0.0,0.0,0.0,0.0,0.000690219,0.00402605,0.000580653,0.0,0.00023552,0.0,0.000164817,0.0,0.0,0.0,0.0,0.0,0.0,0.0,0.0,0.0,4.16766e-07,0.0,0.0,0.0,0.0,6.9161e-05,0.0,0.0,2.93835e-05,0.000160034,2.97675e-05,0.000122455,0.0,5.46788e-05,0.00161051,0.0,0.0010196,0.0051743,0.00190035,0.000620761,9.19824e-06,1.67284e-05,0.00197774,2.3617e-05,1.47761e-05,6.51177e-05,0.0,0.000136046,0.000280163,1.76445e-05,5.18724e-06,0.0,0.0013704,0.00224824,0.000732823,3.37599e-05,0.000751893,0.0,0.000324092,0.000126394,0.0,0.000586068,0.000233217,0.00159918,0.000175776,1.54204e-05,0.00237868,0.000125186,6.30681e-06,6.62132e-07,0.0,4.93391e-05,0.0,3.41899e-05,6.15329e-05,5.1329e-06,0.000119358,6.49699e-07,1.31053e-05,4.65822e-05,0.0,0.0,0.0,0.0,0.0,8.85113e-05,0.0,0.0,0.0,0.0,0.0,0.000466947,0.0,0.0,5.4278e-05,0.0,0.0,0.0,0.0
0.0,0.0,0.0,0.0101732,0.0,0.00126689,0.0,6.7771e-06,0.0,0.0,0.00520857,0.0,0.0,0.0,0.0,0.0,0.0,0.0,0.0,0.000690288,0.00402705,0.00058097,0.0,0.000235277,0.0,0.000164697,0.0,0.0,0.0,0.0,0.0,0.0,0.0,0.0,0.0,4.1525e-07,0.0,0.0,0.0,0.0,6.88041e-05,0.0,0.0,2.9445e-05,0.00016052,2.98903e-05,0.000122813,0.0,5.46112e-05,0.00161054,0.0,0.0010194,0.0051751,0.00190097,0.000621181,8.85685e-06,1.67615e-05,0.00197752,2.40036e-05,1.48281e-05,6.51386e-05,0.0,0.000135925,0.00028115,1.76049e-05,5.04315e-06,0.0,0.00137051,0.00224816,0.000732774,3.38285e-05,0.00075171,0.0,0.000324264,0.000126573,0.0,0.000585938,0.000232991,0.00159912,0.000175102,1.55521e-05,0.002379,0.000125068,6.30669e-06,6.62757e-07,0.0,4.96481e-05,0.0,3.44105e-05,6.13545e-05,5.13083e-06,0.000119344,5.88652e-07,1.31034e-05,4.65884e-05,0.0,0.0,0.0,0.0,0.0,8.83891e-05,0.0,0.0,0.0,0.0,0.0,0.000467057,0.0,0.0,5.42412e-05,0.0,0.0,0.0,0.0
0.0,0.0,0.0,0.0192548,0.0,0.00172769,0.0,4.97737e-06,2.41486e-08,0.0,0.00350847,0.0,0.0,0.000157083,0.0013384,0.0,0.0,0.000192996,0.0,0.000591531,0.00347602,0.000553124,0.0,0.00027846,0.00249255,0.0276266,0.0,0.0,0.0,0.0,0.0,0.0,0.0,0.0,0.0,3.52415e-07,0.0,0.0,0.0,0.0,0.000243985,0.0,0.0,3.366e-05,9.82073e-06,0.000155764,6.89243e-05,0.0,0.0001124,0.00188863,2.84638e-05,0.00200207,0.00543831,0.00312642,0.000506113,3.01286e-05,1.37715e-05,0.00208412,5.40571e-05,0.000120975,4.65561e-05,0.0,9.49194e-05,0.00038655,3.31786e-05,2.28011e-05,0.0,0.0014662,0.00251271,0.00109964,0.000120294,0.000821476,2.00988e-05,0.000300624,0.000160163,7.45051e-05,0.000817975,0.000224408,0.00422353,0.000304453,1.51141e-05,0.00259753,8.71336e-05,4.45251e-06,5.21118e-07,0.0,3.32633e-05,7.89374e-07,3.59784e-05,7.66712e-06,5.01329e-06,0.00011574,5.50872e-07,1.0032e-05,3.9379e-05,0.0,0.0,0.0,0.0,0.0,0.0001097,0.0,0.0,0.0,0.0,0.0,0.000685128,0.0,0.0,4.83534e-05,0.0,0.0,0.0,0.0
0.0,0.0,0.0,0.0192534,0.0,0.00172734,0.0,4.97737e-06,1.65182e-07,0.0,0.00350801,0.0,0.0,0.000156147,0.00133853,0.0,0.0,0.000192872,0.0,0.000591391,0.00347631,0.000553238,0.0,0.000277843,0.00249221,0.0276263,0.0,0.0,0.0,0.0,0.0,0.0,0.0,0.0,0.0,3.48742e-07,0.0,0.0,0.0,0.0,0.000243892,0.0,0.0,3.38484e-05,1.00593e-05,0.000156274,6.91907e-05,0.0,0.000112225,0.00188859,2.87583e-05,0.002002,0.00543778,0.00312615,0.000505764,2.99642e-05,1.3842e-05,0.00208433,5.38793e-05,0.000121138,4.65769e-05,0.0,9.44393e-05,0.000386108,3.31727e-05,2.24473e-05,0.0,0.00146668,0.00251328,0.00109963,0.000119697,0.000821155,2.02178e-05,0.000300384,0.000160245,7.51608e-05,0.000818495,0.000224662,0.00422189,0.000304247,1.52877e-05,0.00259747,8.69578e-05,4.45151e-06,5.18023e-07,0.0,3.32753e-05,6.76868e-07,3.58316e-05,7.52542e-06,5.01298e-06,0.000115687,5.57968e-07,1.00677e-05,3.92242e-05,0.0,0.0,0.0,0.0,0.0,0.000109693,0.0,0.0,0.0,0.0,0.0,0.000684845,0.0,0.0,4.82807e-05,0.0,0.0,0.0,0.0
0.0,0.0,0.0,0.0192482,0.0,0.00172756,0.0,4.97737e-06,1.4011e-07,0.0,0.00350763,0.0,0.0,0.000157429,0.001338,0.0,0.0,0.000193209,0.0,0.000591196,0.00347607,0.000553251,0.0,0.000278155,0.00249231,0.027625,0.0,0.0,0.0,0.0,0.0,0.0,0.0,0.0,0.0,3.51858e-07,0.0,0.0,0.0,0.0,0.000243573,0.0,0.0,3.39546e-05,1.02017e-05,0.000155752,6.88747e-05,0.0,0.00011221,0.00188857,2.83137e-05,0.00200114,0.00543824,0.00312622,0.000506011,3.01286e-05,1.3795e-05,0.00208441,5.36911e-05,0.000121136,4.64615e-05,0.0,9.489e-05,0.000386664,3.31351e-05,2.29741e-05,0.0,0.00146561,0.00251254,0.00109977,0.000120057,0.000820943,2.00988e-05,0.000300441,0.00016024,7.45044e-05,0.000818367,0.000224375,0.00421902,0.000304353,1.53544e-05,0.00259701,8.70829e-05,4.45361e-06,5.25415e-07,0.0,3.33813e-05,7.89374e-07,3.59702e-05,7.66712e-06,5.00713e-06,0.000115766,5.50872e-07,1.0032e-05,3.92357e-05,0.0,0.0,0.0,0.0,0.0,0.000109514,0.0,0.0,0.0,0.0,0.0,0.00068502,0.0,0.0,4.80498e-05,0.0,0.0,0.0,0.0
0.0,0.0,0.0,0.0192563,0.0,0.00172766,0.0,4.58368e-06,1.28029e-07,0.0,0.00350871,0.0,0.0,0.000157168,0.00133831,0.0,0.0,0.000192971,0.0,0.000591521,0.00347541,0.000553089,0.0,0.000278582,0.00249201,0.0276237,0.0,0.0,0.0,0.0,0.0,0.0,0.0,0.0,0.0,3.53773e-07,0.0,0.0,0.0,0.0,0.000243562,0.0,0.0,3.37088e-05,9.54084e-06,0.000156001,6.90084e-05,0.0,0.000112023,0.0018886,2.87127e-05,0.00200185,0.0054381,0.00312626,0.000506114,2.99982e-05,1.38176e-05,0.00208385,5.4092e-05,0.000120711,4.64615e-05,0.0,9.47004e-05,0.000385489,3.32815e-05,2.2567e-05,0.0,0.00146627,0.00251295,0.0010997,0.000120298,0.000821476,2.01853e-05,0.000300586,0.000160245,7.50936e-05,0.00081827,0.000224374,0.00421864,0.000304788,1.51141e-05,0.00259767,8.71281e-05,4.44985e-06,5.21118e-07,0.0,3.3331e-05,6.76868e-07,3.60641e-05,7.5836e-06,5.01655e-06,0.000115688,5.51047e-07,1.0032e-05,3.93616e-05,0.0,0.0,0.0,0.0,0.0,0.000109502,0.0,0.0,0.0,0.0,0.0,0.000684852,0.0,0.0,4.82657e-05,0.0,0.0,0.0,0.0
0.0,0.0,0.0,0.0192511,0.0,0.00172751,0.0,4.97737e-06,2.24442e-08,0.0,0.00350787,0.0,0.0,0.000156801,0.00133845,0.0,0.0,0.000193029,0.0,0.000591521,0.00347639,0.0005531,0.0,0.000277942,0.00249277,0.0276274,0.0,0.0,0.0,0.0,0.0,0.0,0.0,0.0,0.0,3.50899e-07,0.0,0.0,0.0,0.0,0.000244073,0.0,0.0,3.38484e-05,1.02509e-05,0.000155815,6.91077e-05,0.0,0.000112155,0.0018888,2.84713e-05,0.00200216,0.00543726,0.00312535,0.000505857,3.0108e-05,1.37928e-05,0.00208492,5.37745e-05,0.000121155,4.65769e-05,0.0,9.46696e-05,0.000386412,3.31583e-05,2.28413e-05,0.0,0.00146593,0.00251259,0.00109951,0.000119981,0.000820864,2.01313e-05,0.000300545,0.000160245,7.45279e-05,0.000817733,0.000224321,0.00422138,0.000304058,1.52346e-05,0.00259689,8.71203e-05,4.46056e-06,5.18258e-07,0.0,3.32753e-05,7.91208e-07,3.57459e-05,7.59616e-06,5.0141e-06,0.000115773,5.57793e-07,1.0032e-05,3.90685e-05,0.0,0.0,0.0,0.0,0.0,0.000109517,0.0,0.0,0.0,0.0,0.0,0.000684948,0.0,0.0,4.82828e-05,0.0,0.0,0.0,0.0
0.0,0.0,0.0,0.0192523,0.0,0.0017285,0.0,4.97737e-06,2.38702e-08,0.0,0.00350872,0.0,0.0,0.000157322,0.00133832,0.0,0.0,0.000192819,0.0,0.000591366,0.00347612,0.000553321,0.0,0.000278265,0.00249181,0.027626,0.0,0.0,0.0,0.0,0.0,0.0,0.0,0.0,0.0,3.53374e-07,0.0,0.0,0.0,0.0,0.000244256,0.0,0.0,3.39067e-05,1.01199e-05,0.000156113,6.90073e-05,0.0,0.00011227,0.00188858,2.85513e-05,0.00200093,0.00543895,0.00312612,0.000506322,3.01176e-05,1.38154e-05,0.00208419,5.44191e-05,0.00012112,4.64615e-05,0.0,9.48707e-05,0.000386304,3.31495e-05,2.26752e-05,0.0,0.00146635,0.00251274,0.00109968,0.000120023,0.000821009,2.01853e-05,0.000300681,0.000160381,7.45554e-05,0.000818253,0.000224356,0.00421952,0.000304978,1.52877e-05,0.00259779,8.69427e-05,4.45162e-06,5.20729e-07,0.0,3.34621e-05,7.89374e-07,3.61557e-05,7.5836e-06,5.00454e-06,0.000115687,5.50872e-07,1.0032e-05,3.93091e-05,0.0,0.0,0.0,0.0,0.0,0.000109596,0.0,0.0,0.0,0.0,0.0,0.000684834,0.0,0.0,4.83075e-05,0.0,0.0,0.0,0.0
0.0,0.0,0.0,0.0192557,0.0,0.0017269,0.0,4.97737e-06,9.0056e-08,0.0,0.00350821,0.0,0.0,0.000156349,0.00133813,0.0,0.0,0.000192759,0.0,0.000591471,0.00347551,0.000553013,0.0,0.00027821,0.00249222,0.0276246,0.0,0.0,0.0,0.0,0.0,0.0,0.0,0.0,0.0,3.48742e-07,0.0,0.0,0.0,0.0,0.000243192,0.0,0.0,3.3776e-05,9.61223e-06,0.000155918,6.90321e-05,0.0,0.000112275,0.00188848,2.83731e-05,0.00200217,0.00543803,0.00312566,0.000505942,2.99982e-05,1.38131e-05,0.00208452,5.37509e-05,0.000121133,4.65769e-05,0.0,9.45859e-05,0.00038674,3.32047e-05,2.246e-05,0.0,0.00146594,0.00251301,0.00109981,0.000120053,0.000821177,2.02178e-05,0.00030049,0.000160245,7.48225e-05,0.000818122,0.000224484,0.00422189,0.000304428,1.52339e-05,0.00259741,8.70111e-05,4.45255e-06,5.25569e-07,0.0,3.33285e-05,6.76868e-07,3.59702e-05,7.60894e-06,5.01257e-06,0.000115751,5.51047e-07,1.00587e-05,3.93674e-05,0.0,0.0,0.0,0.0,0.0,0.000109646,0.0,0.0,0.0,0.0,0.0,0.000684967,0.0,0.0,4.83521e-05,0.0,0.0,0.0,0.0
0.0,0.0,0.0,0.0192509,0.0,0.00172822,0.0,4.83677e-06,2.25894e-08,0.0,0.00350853,0.0,0.0,0.000157542,0.00133789,0.0,0.0,0.000193347,0.0,0.00059142,0.00347553,0.000553242,0.0,0.000277993,0.00249248,0.0276261,0.0,0.0,0.0,0.0,0.0,0.0,0.0,0.0,0.0,3.50899e-07,0.0,0.0,0.0,0.0,0.000243916,0.0,0.0,3.38008e-05,1.0456e-05,0.000155773,6.91954e-05,0.0,0.000112237,0.00188861,2.83686e-05,0.00200208,0.00543827,0.00312635,0.000505783,3.01807e-05,1.38241e-05,0.00208442,5.35787e-05,0.00012081,4.63669e-05,0.0,9.46847e-05,0.000386065,3.31864e-05,2.29325e-05,0.0,0.00146593,0.00251313,0.00109942,0.0001201,0.000821321,2.00988e-05,0.000300588,0.000160163,7.49127e-05,0.000818307,0.000224469,0.00422327,0.000304146,1.51697e-05,0.00259745,8.71121e-05,4.45141e-06,5.18258e-07,0.0,3.32401e-05,6.76868e-07,3.58354e-05,7.5836e-06,5.01757e-06,0.000115687,5.57793e-07,1.0032e-05,3.92197e-05,0.0,0.0,0.0,0.0,0.0,0.000109619,0.0,0.0,0.0,0.0,0.0,0.000684937,0.0,0.0,4.82712e-05,0.0,0.0,0.0,0.0
0.0,0.0,0.0,0.0192507,0.0,0.00172693,0.0,4.97737e-06,2.2578e-08,0.0,0.00350753,0.0,0.0,0.000156604,0.00133862,0.0,0.0,0.00019311,0.0,0.000591257,0.00347684,0.000553205,0.0,0.000278754,0.00249263,0.0276249,0.0,0.0,0.0,0.0,0.0,0.0,0.0,0.0,0.0,3.51217e-07,0.0,0.0,0.0,0.0,0.000243789,0.0,0.0,3.38391e-05,1.01335e-05,0.000156087,6.89243e-05,0.0,0.000112178,0.00188859,2.87805e-05,0.00200166,0.00543842,0.00312706,0.000506091,2.99121e-05,1.38158e-05,0.0020842,5.41711e-05,0.000121427,4.65769e-05,0.0,9.4674e-05,0.000386189,3.32026e-05,2.27281e-05,0.0,0.00146584,0.00251222,0.00109985,0.000120119,0.000821003,2.02787e-05,0.000300483,0.000160245,7.46203e-05,0.000817924,0.000224397,0.00422134,0.000304279,1.52877e-05,0.00259748,8.71706e-05,4.4521e-06,5.21118e-07,0.0,3.34335e-05,7.89374e-07,3.59992e-05,7.66712e-06,5.01121e-06,0.000115743,5.51047e-07,1.0032e-05,3.93088e-05,0.0,0.0,0.0,0.0,0.0,0.000109452,0.0,0.0,0.0,0.0,0.0,0.000684904,0.0,0.0,4.82052e-05,0.0,0.0,0.0,0.0
0.0,0.0,0.0,0.0192533,0.0,0.00172727,0.0,4.72429e-06,2.23111e-08,0.0,0.00350752,0.0,0.0,0.000157323,0.00133873,0.0,0.0,0.000192726,0.0,0.000591498,0.00347562,0.000553028,0.0,0.000277948,0.0024919,0.0276257,0.0,0.0,0.0,0.0,0.0,0.0,0.0,0.0,0.0,3.54413e-07,0.0,0.0,0.0,0.0,0.00024354,0.0,0.0,3.38496e-05,9.65168e-06,0.000155749,6.90656e-05,0.0,0.000112268,0.00188853,2.85555e-05,0.00200139,0.00543737,0.00312548,0.000506014,3.01274e-05,1.37868e-05,0.00208421,5.36847e-05,0.000120778,4.64615e-05,0.0,9.48591e-05,0.000386485,3.31786e-05,2.24419e-05,0.0,0.00146642,0.00251379,0.00109956,0.00011981,0.000821276,2.01313e-05,0.000300578,0.000160322,7.49926e-05,0.00081836,0.000224399,0.00422231,0.00030445,1.51141e-05,0.00259703,8.69117e-05,4.45253e-06,5.20964e-07,0.0,3.32763e-05,6.76868e-07,3.59359e-05,7.60894e-06,5.00972e-06,0.000115731,5.50872e-07,1.0032e-05,3.91531e-05,0.0,0.0,0.0,0.0,0.0,0.000109461,0.0,0.0,0.0,0.0,0.0,0.000684924,0.0,0.0,4.81219e-05,0.0,0.0,0.0,0.0
0.0,0.0,0.0,0.0102524,0.0,0.000241992,0.0,1.77161e-06,0.0,0.0,0.00272766,0.0,0.0,0.000178146,0.000704393,0.0,0.0,0.0,0.0,0.000490317,0.00302566,0.000431077,0.0,0.000175269,0.0,0.000182894,0.0,0.0,0.0,0.0,0.0,0.0,0.0,0.0,0.0,3.10738e-07,0.0,0.0,0.0,0.0,0.0,0.0,0.0,2.03359e-05,0.00010946,1.9613e-05,7.72539e-05,0.0,5.60582e-05,0.00167884,0.0,0.00179615,0.00564667,0.00206856,0.000512116,4.06883e-05,1.11919e-05,0.00260056,7.74717e-06,5.20366e-07,4.08287e-05,0.0,9.8172e-05,0.000134614,7.66034e-05,8.18451e-07,0.0,0.00185963,0.00276201,0.00083631,5.99164e-05,0.000907497,0.0,0.000379399,0.000135471,0.0,0.000920487,0.000231176,0.00031619,6.62696e-05,5.30885e-07,0.00285851,1.19039e-05,3.81565e-06,3.93625e-07,0.0,2.75562e-05,0.0,9.90458e-05,2.78059e-06,1.49258e-05,0.000131913,1.18125e-06,6.82024e-06,3.12642e-05,0.0,0.0,0.0,0.0,1.73034e-06,0.000157621,0.0,0.0,0.0,0.0,0.0,0.000751436,0.0,0.0,2.88055e-05,0.0,0.0,0.0,0.0
0.0,0.0,0.0,0.0102534,0.0,0.000241336,0.0,1.40604e-06,0.0,0.0,0.00272711,0.0,0.0,0.000178186,0.000703807,0.0,0.0,0.0,0.0,0.000490018,0.00302685,0.000431121,0.0,0.000175044,0.0,0.000183185,0.0,0.0,0.0,0.0,0.0,0.0,0.0,0.0,0.0,3.07066e-07,0.0,0.0,0.0,0.0,0.0,0.0,0.0,2.02517e-05,0.000110346,1.96112e-05,7.66959e-05,0.0,5.5721e-05,0.00167884,0.0,0.00179505,0.00564532,0.00206933,0.00051153,4.09304e-05,1.11456e-05,0.00260048,7.58618e-06,4.75566e-07,4.09233e-05,0.0,9.82789e-05,0.000134616,7.67196e-05,8.18451e-07,0.0,0.00185898,0.00276225,0.000836434,5.98932e-05,0.000907572,0.0,0.000379857,0.000135332,0.0,0.000920374,0.000231588,0.00031661,6.63324e-05,5.83974e-07,0.00285836,1.19423e-05,3.809e-06,3.9386e-07,0.0,2.76062e-05,0.0,9.91903e-05,2.84209e-06,1.4929e-05,0.000132013,1.21447e-06,6.75593e-06,3.10768e-05,0.0,0.0,0.0,0.0,1.73476e-06,0.000157326,0.0,0.0,0.0,0.0,0.0,0.000751481,0.0,0.0,2.88495e-05,0.0,0.0,0.0,0.0
0.0,0.0,0.0,0.010254,0.0,0.000241398,0.0,1.77161e-06,0.0,0.0,0.00272693,0.0,0.0,0.000179152,0.000703357,0.0,0.0,0.0,0.0,0.000490079,0.00302628,0.000431068,0.0,0.000174607,0.0,0.000182395,0.0,0.0,0.0,0.0,0.0,0.0,0.0,0.0,0.0,3.10738e-07,0.0,0.0,0.0,0.0,0.0,0.0,0.0,2.03939e-05,0.000109269,1.94806e-05,7.72027e-05,0.0,5.57312e-05,0.00167879,0.0,0.00179563,0.00564594,0.00206873,0.000512317,4.05621e-05,1.11554e-05,0.0026008,7.73214e-06,5.20366e-07,4.08287e-05,0.0,9.82096e-05,0.000135756,7.66702e-05,8.18451e-07,0.0,0.00185957,0.0027642,0.000836094,6.00289e-05,0.000908176,0.0,0.000379677,0.000135647,0.0,0.000920004,0.000231158,0.000316191,6.62374e-05,5.83974e-07,0.00285837,1.19078e-05,3.81377e-06,3.98032e-07,0.0,2.73745e-05,0.0,9.89606e-05,2.72851e-06,1.49219e-05,0.00013195,1.21429e-06,6.82024e-06,3.11092e-05,0.0,0.0,0.0,0.0,1.70518e-06,0.000157646,0.0,0.0,0.0,0.0,0.0,0.000751613,0.0,0.0,2.88954e-05,0.0,0.0,0.0,0.0
0.0,0.0,0.0,0.0102517,0.0,0.000242086,0.0,1.65912e-06,0.0,0.0,0.00272771,0.0,0.0,0.000178118,0.000704531,0.0,0.0,0.0,0.0,0.000490099,0.00302617,0.000431,0.0,0.000175906,0.0,0.000182836,0.0,0.0,0.0,0.0,0.0,0.0,0.0,0.0,0.0,3.09222e-07,0.0,0.0,0.0,0.0,0.0,0.0,0.0,2.03847e-05,0.00010954,1.98398e-05,7.70219e-05,0.0,5.60344e-05,0.00167874,0.0,0.00179465,0.00564539,0.00206898,0.00051183,4.07235e-05,1.1165e-05,0.00260073,7.58673e-06,5.20366e-07,4.09234e-05,0.0,9.84478e-05,0.00013358,7.66734e-05,8.18451e-07,0.0,0.00185888,0.00276313,0.000836302,5.99483e-05,0.000907485,0.0,0.00037949,0.000135471,0.0,0.000920155,0.000230781,0.000317062,6.61499e-05,5.83974e-07,0.00285853,1.19595e-05,3.809e-06,3.98075e-07,0.0,2.76869e-05,0.0,9.91095e-05,2.73177e-06,1.49134e-05,0.000131957,1.23524e-06,6.74662e-06,3.10987e-05,0.0,0.0,0.0,0.0,1.74834e-06,0.000157457,0.0,0.0,0.0,0.0,0.0,0.000751198,0.0,0.0,2.89515e-05,0.0,0.0,0.0,0.0
0.0,0.0,0.0,0.0102529,0.0,0.000241588,0.0,1.26543e-06,0.0,0.0,0.00272654,0.0,0.0,0.000178576,0.000704242,0.0,0.0,0.0,0.0,0.000490034,0.00302639,0.000430998,0.0,0.000174644,0.0,0.000183426,0.0,0.0,0.0,0.0,0.0,0.0,0.0,0.0,0.0,3.08582e-07,0.0,0.0,0.0,0.0,0.0,0.0,0.0,2.03616e-05,0.00010919,1.97227e-05,7.71779e-05,0.0,5.5721e-05,0.00167892,0.0,0.00179586,0.005647,0.00206897,0.000511962,4.09752e-05,1.1171e-05,0.00260032,7.486e-06,5.39894e-07,4.08287e-05,0.0,9.81986e-05,0.000135548,7.66353e-05,8.18451e-07,0.0,0.0018593,0.00276188,0.000836344,5.97888e-05,0.000908048,0.0,0.000379535,0.000135256,0.0,0.000920693,0.000231629,0.000315996,6.65556e-05,5.30885e-07,0.00285795,1.18818e-05,3.80875e-06,3.96956e-07,0.0,2.75043e-05,0.0,9.92744e-05,2.79722e-06,1.49261e-05,0.00013195,1.16534e-06,6.82024e-06,3.11884e-05,0.0,0.0,0.0,0.0,1.72201e-06,0.000157422,0.0,0.0,0.0,0.0,0.0,0.000751525,0.0,0.0,2.88551e-05,0.0,0.0,0.0,0.0
0.0,0.0,0.0,0.0102525,0.0,0.000241156,0.0,1.65912e-06,0.0,0.0,0.00272757,0.0,0.0,0.000177887,0.000703455,0.0,0.0,0.0,0.0,0.000490178,0.00302635,0.000431003,0.0,0.000175381,0.0,0.000182259,0.0,0.0,0.0,0.0,0.0,0.0,0.0,0.0,0.0,3.09222e-07,0.0,0.0,0.0,0.0,0.0,0.0,0.0,2.03461e-05,0.000109124,1.95015e-05,7.71486e-05,0.0,5.57312e-05,0.0016789,0.0,0.00179566,0.00564555,0.00206793,0.000511783,4.0994e-05,1.11419e-05,0.00260087,7.58382e-06,5.20366e-07,4.08287e-05,0.0,9.82653e-05,0.000134278,7.66959e-05,8.18451e-07,0.0,0.0018591,0.00276303,0.000836038,6.02274e-05,0.000907793,0.0,0.000379615,0.000135364,0.0,0.000920114,0.000231192,0.000315815,6.62276e-05,5.83974e-07,0.00285835,1.19943e-05,3.81549e-06,3.93235e-07,0.0,2.75408e-05,0.0,9.90629e-05,2.75843e-06,1.49196e-05,0.000131937,1.23021e-06,6.75593e-06,3.11609e-05,0.0,0.0,0.0,0.0,1.72698e-06,0.0001574,0.0,0.0,0.0,0.0,0.0,0.000751694,0.0,0.0,2.88967e-05,0.0,0.0,0.0,0.0
0.0,0.0,0.0,0.0102516,0.0,0.000241961,0.0,1.51852e-06,0.0,0.0,0.00272782,0.0,0.0,0.000178465,0.00070474,0.0,0.0,0.0,0.0,0.000490032,0.00302634,0.000431195,0.0,0.00017488,0.0,0.000183489,0.0,0.0,0.0,0.0,0.0,0.0,0.0,0.0,0.0,3.10738e-07,0.0,0.0,0.0,0.0,0.0,0.0,0.0,2.02517e-05,0.000109805,1.96112e-05,7.70219e-05,0.0,5.60351e-05,0.00167869,0.0,0.0017952,0.0056457,0.002069,0.000512111,4.06808e-05,1.1182e-05,0.00260001,7.48436e-06,4.75566e-07,4.09441e-05,0.0,9.84002e-05,0.000135084,7.65583e-05,8.18451e-07,0.0,0.00185962,0.00276288,0.000836419,5.99775e-05,0.000907597,0.0,0.000379537,0.000135591,0.0,0.000920321,0.000231171,0.000317751,6.60375e-05,5.83974e-07,0.00285858,1.1903e-05,3.80825e-06,3.97342e-07,0.0,2.75198e-05,0.0,9.92025e-05,2.64133e-06,1.49504e-05,0.00013201,1.26341e-06,6.82024e-06,3.11031e-05,0.0,0.0,0.0,0.0,1.72083e-06,0.000157516,0.0,0.0,0.0,0.0,0.0,0.000751112,0.0,0.0,2.88114e-05,0.0,0.0,0.0,0.0
0.0,0.0,0.0,0.0102541,0.0,0.000241291,0.0,1.65912e-06,0.0,0.0,0.00272661,0.0,0.0,0.000178555,0.000703685,0.0,0.0,0.0,0.0,0.000490207,0.00302597,0.000430926,0.0,0.000175276,0.0,0.000182531,0.0,0.0,0.0,0.0,0.0,0.0,0.0,0.0,0.0,3.07066e-07,0.0,0.0,0.0,0.0,0.0,0.0,0.0,2.0452e-05,0.000109665,1.96034e-05,7.70948e-05,0.0,5.59395e-05,0.00167893,0.0,0.00179548,0.00564575,0.00206948,0.000512055,4.05497e-05,1.11536e-05,0.0026007,7.65423e-06,5.20366e-07,4.08287e-05,0.0,9.82446e-05,0.000134761,7.68071e-05,8.18451e-07,0.0,0.00185882,0.00276383,0.000836323,5.99567e-05,0.000907616,0.0,0.00037959,0.000135415,0.0,0.00092034,0.000231485,0.000316149,6.69675e-05,5.30885e-07,0.00285861,1.19651e-05,3.80734e-06,3.93625e-07,0.0,2.7454e-05,0.0,9.91285e-05,2.77264e-06,1.49135e-05,0.000131949,1.22329e-06,6.74694e-06,3.10693e-05,0.0,0.0,0.0,0.0,1.74286e-06,0.000157415,0.0,0.0,0.0,0.0,0.0,0.000751613,0.0,0.0,2.89472e-05,0.0,0.0,0.0,0.0
0.0,0.0,0.0,0.0102527,0.0,0.000241991,0.0,1.77161e-06,0.0,0.0,0.00272782,0.0,0.0,0.000177721,0.000703647,0.0,0.0,0.0,0.0,0.000489897,0.0030262,0.000431112,0.0,0.000175586,0.0,0.000183109,0.0,0.0,0.0,0.0,0.0,0.0,0.0,0.0,0.0,3.10738e-07,0.0,0.0,0.0,0.0,0.0,0.0,0.0,2.03266e-05,0.000109257,1.9717e-05,7.70219e-05,0.0,5.57849e-05,0.00167865,0.0,0.00179529,0.00564549,0.00206874,0.00051197,4.11097e-05,1.11455e-05,0.00260053,7.59088e-06,5.20366e-07,4.08287e-05,0.0,9.82549e-05,0.000134526,7.65923e-05,8.18451e-07,0.0,0.00185943,0.00276242,0.000836447,5.99398e-05,0.000907721,0.0,0.000379643,0.000135388,0.0,0.000919997,0.000231151,0.000316947,6.58337e-05,5.83974e-07,0.00285857,1.18625e-05,3.81731e-06,3.97107e-07,0.0,2.75312e-05,0.0,9.89813e-05,2.78527e-06,1.49242e-05,0.000131956,1.27534e-06,6.82024e-06,3.11996e-05,0.0,0.0,0.0,0.0,1.74018e-06,0.000157458,0.0,0.0,0.0,0.0,0.0,0.00075132,0.0,0.0,2.88071e-05,0.0,0.0,0.0,0.0
0.0,0.0,0.0,0.010252,0.0,0.000241204,0.0,1.65912e-06,0.0,0.0,0.00272706,0.0,0.0,0.000179028,0.00070388,0.0,0.0,0.0,0.0,0.000490077,0.0030262,0.000431106,0.0,0.00017465,0.0,0.000182861,0.0,0.0,0.0,0.0,0.0,0.0,0.0,0.0,0.0,3.09222e-07,0.0,0.0,0.0,0.0,0.0,0.0,0.0,2.02778e-05,0.000109372,1.97227e-05,7.70959e-05,0.0,5.58097e-05,0.00167889,0.0,0.00179619,0.0056464,0.00206852,0.000511838,4.08473e-05,1.11856e-05,0.00260072,7.93555e-06,4.75566e-07,4.09233e-05,0.0,9.82725e-05,0.000134571,7.67317e-05,9.5486e-07,0.0,0.00185959,0.00276319,0.000835963,5.98803e-05,0.000907487,0.0,0.0003797,0.000135647,0.0,0.000920178,0.00023084,0.000314643,6.65033e-05,5.83974e-07,0.00285774,1.19932e-05,3.80734e-06,3.94399e-07,0.0,2.75535e-05,0.0,9.93403e-05,2.64466e-06,1.49212e-05,0.000131952,1.16534e-06,6.75561e-06,3.10894e-05,0.0,0.0,0.0,0.0,1.70807e-06,0.000157504,0.0,0.0,0.0,0.0,0.0,0.000751713,0.0,0.0,2.88586e-05,0.0,0.0,0.0,0.0
0.0,0.0,0.0,0.0105997,0.0,0.0,0.0,0.0,0.0,0.0,0.00213466,0.0,0.0,0.000159774,0.000760396,0.0,0.000295808,0.0,0.0,0.000356496,0.00240249,0.000313643,0.0,0.000108159,0.0,0.000309501,0.0,0.0,0.0,0.0,2.51203e-05,0.0,0.0,0.0,0.0,2.62627e-07,0.0,0.0,0.0,0.0,0.000134792,0.0,0.0,1.57407e-05,9.50518e-05,6.33658e-05,0.000123193,0.0,2.3488e-05,0.00196723,0.0,0.00167825,0.00812254,0.00361086,0.000881185,0.0,1.74514e-05,0.00344432,0.0,0.0,6.30348e-05,0.0,0.000144699,2.1086e-05,3.52655e-05,0.0,0.0,0.00237411,0.00308003,0.000961473,8.0154e-05,0.00100965,2.30943e-05,0.000467688,0.000261482,0.0,0.00105477,0.000231313,4.30903e-06,0.0,0.0,0.00322336,5.34268e-09,1.19288e-06,0.0,0.0,0.0,0.0,5.86624e-05,2.11457e-06,1.23567e-05,0.000114983,1.27275e-06,6.39438e-06,2.96248e-05,0.0,1.53076e-05,6.45858e-05,0.0,8.54382e-07,0.000424903,0.0,0.0,0.0,0.0,0.0,0.000774721,0.0,0.0,2.02335e-05,0.0,0.0,0.0,0.0
0.0,0.0,0.0,0.0105982,0.0,0.0,0.0,0.0,0.0,0.0,0.00213675,0.0,0.0,0.000160186,0.000761102,0.0,0.00029582,0.0,0.0,0.000356186,0.00240177,0.000313822,0.0,0.000108291,4.96126e-08,0.000308955,0.0,0.0,0.0,0.0,2.50006e-05,0.0,0.0,0.0,0.0,2.6253e-07,0.0,0.0,0.0,0.0,0.000135203,0.0,0.0,1.55762e-05,9.36911e-05,6.31209e-05,0.000123371,0.0,2.34344e-05,0.0019671,0.0,0.00167828,0.00812373,0.00361082,0.000880845,0.0,1.74806e-05,0.00344342,0.0,0.0,6.33177e-05,0.0,0.000144621,2.1086e-05,3.51901e-05,0.0,0.0,0.00237405,0.00308199,0.000961553,8.00081e-05,0.00100966,2.318e-05,0.000467853,0.000262064,0.0,0.00105503,0.000231193,4.30903e-06,0.0,0.0,0.0032224,5.34268e-09,1.18639e-06,0.0,0.0,0.0,0.0,5.90359e-05,2.1424e-06,1.23883e-05,0.000114922,1.32169e-06,6.40528e-06,2.94768e-05,0.0,1.5208e-05,6.39317e-05,0.0,8.4163e-07,0.000425376,0.0,0.0,0.0,0.0,0.0,0.000774868,0.0,0.0,2.01133e-05,0.0,0.0,0.0,0.0
0.0,0.0,0.0,0.0105984,0.0,0.0,0.0,0.0,0.0,0.0,0.00213749,0.0,0.0,0.000159507,0.000760195,0.0,0.000295813,0.0,0.0,0.000356364,0.0024022,0.000313873,0.0,0.000108286,4.96126e-08,0.000309448,0.0,0.0,0.0,0.0,2.50086e-05,0.0,0.0,0.0,0.0,2.6132e-07,0.0,0.0,0.0,0.0,0.000134777,0.0,0.0,1.56379e-05,9.37956e-05,6.32402e-05,0.000123322,0.0,2.35288e-05,0.00196677,0.0,0.00167855,0.00812342,0.00361016,0.00088048,0.0,1.74949e-05,0.00344405,0.0,0.0,6.33384e-05,0.0,0.000144732,2.09499e-05,3.51955e-05,0.0,0.0,0.00237432,0.00308067,0.000961549,7.9962e-05,0.00100931,2.31552e-05,0.000467862,0.000261707,0.0,0.00105453,0.000230946,4.30903e-06,0.0,0.0,0.00322345,6.36403e-09,1.19983e-06,0.0,0.0,0.0,0.0,5.90708e-05,2.1424e-06,1.23732e-05,0.000114974,1.32687e-06,6.40368e-06,2.97152e-05,0.0,1.52659e-05,6.44168e-05,0.0,8.54382e-07,0.000425297,0.0,0.0,0.0,0.0,0.0,0.000774995,0.0,0.0,2.02352e-05,0.0,0.0,0.0,0.0
0.0,0.0,0.0,0.0106007,0.0,1.53061e-07,0.0,0.0,0.0,0.0,0.00213492,0.0,0.0,0.00016045,0.000760785,0.0,0.000296134,0.0,0.0,0.000356313,0.00240234,0.000313946,0.0,0.000108159,0.0,0.000308903,0.0,0.0,0.0,0.0,2.50284e-05,0.0,0.0,0.0,0.0,2.62279e-07,0.0,0.0,0.0,0.0,0.000135388,0.0,0.0,1.554e-05,9.4627e-05,6.31209e-05,0.000123378,0.0,2.3488e-05,0.00196709,0.0,0.00167793,0.00812253,0.00361169,0.000880695,0.0,1.74563e-05,0.00344387,0.0,0.0,6.3223e-05,0.0,0.000144496,2.11313e-05,3.52658e-05,0.0,0.0,0.0023744,0.00308056,0.000961205,7.99808e-05,0.00100959,2.31731e-05,0.000467884,0.000261929,0.0,0.00105444,0.000231313,4.30903e-06,0.0,0.0,0.00322306,5.34268e-09,1.18592e-06,3.89711e-10,0.0,0.0,0.0,5.88548e-05,2.1424e-06,1.23767e-05,0.000114925,1.27571e-06,6.40337e-06,2.95333e-05,0.0,1.5301e-05,6.42013e-05,0.0,8.54382e-07,0.00042482,0.0,0.0,0.0,0.0,0.0,0.00077486,0.0,0.0,2.02322e-05,0.0,0.0,0.0,0.0
0.0,0.0,0.0,0.0105977,0.0,0.0,0.0,0.0,0.0,0.0,0.00213586,0.0,0.0,0.000159585,0.000761195,0.0,0.000295378,0.0,0.0,0.000356364,0.00240245,0.000313654,0.0,0.000108319,4.96126e-08,0.000309907,0.0,0.0,0.0,0.0,2.50915e-05,0.0,0.0,0.0,0.0,2.61469e-07,0.0,0.0,0.0,0.0,0.00013451,0.0,0.0,1.56932e-05,9.4645e-05,6.32402e-05,0.000123132,0.0,2.36304e-05,0.00196709,0.0,0.00167791,0.00812336,0.00360963,0.000880582,0.0,1.74774e-05,0.00344411,0.0,0.0,6.3433e-05,0.0,0.000144815,2.10406e-05,3.5239e-05,0.0,0.0,0.00237483,0.00308179,0.000961616,7.9968e-05,0.00100939,2.31877e-05,0.000467877,0.00026166,0.0,0.00105503,0.000231043,4.30903e-06,0.0,0.0,0.0032229,5.34268e-09,1.19344e-06,0.0,0.0,0.0,0.0,5.89126e-05,2.11457e-06,1.23822e-05,0.000114954,1.32186e-06,6.43199e-06,2.95645e-05,0.0,1.53137e-05,6.46443e-05,0.0,8.4163e-07,0.000425367,0.0,0.0,0.0,0.0,0.0,0.000774921,0.0,0.0,2.01887e-05,0.0,0.0,0.0,0.0
0.0,0.0,0.0,0.0106005,0.0,0.0,0.0,0.0,0.0,0.0,0.00213551,0.0,0.0,0.000160097,0.000760215,0.0,0.000296024,0.0,0.0,0.000356285,0.00240192,0.000313888,0.0,0.000108009,0.0,0.000308869,0.0,0.0,0.0,0.0,2.50006e-05,0.0,0.0,0.0,0.0,2.6132e-07,0.0,0.0,0.0,0.0,0.000135193,0.0,0.0,1.56472e-05,9.38442e-05,6.31209e-05,0.000123485,0.0,2.3488e-05,0.00196709,0.0,0.00167867,0.00812311,0.00361048,0.000880849,0.0,1.74698e-05,0.00344393,0.0,0.0,6.31293e-05,0.0,0.000144622,2.11313e-05,3.5257e-05,0.0,0.0,0.00237336,0.0030806,0.000961679,7.98904e-05,0.0010095,2.32665e-05,0.00046765,0.000261931,0.0,0.00105468,0.000231313,4.30903e-06,0.0,0.0,0.00322258,6.36403e-09,1.19128e-06,0.0,0.0,0.0,0.0,5.88158e-05,2.1424e-06,1.2351e-05,0.000114974,1.27275e-06,6.36767e-06,2.96039e-05,0.0,1.52659e-05,6.41606e-05,0.0,8.54382e-07,0.000425061,0.0,0.0,0.0,0.0,0.0,0.000774992,0.0,0.0,2.00352e-05,0.0,0.0,0.0,0.0
0.0,0.0,0.0,0.010599,0.0,0.0,0.0,0.0,0.0,0.0,0.0021364,0.0,0.0,0.000161041,0.000760391,0.0,0.00029601,0.0,0.0,0.000356234,0.00240152,0.00031385,0.0,0.000108159,4.96126e-08,0.000310109,0.0,0.0,0.0,0.0,2.51193e-05,0.0,0.0,0.0,0.0,2.65993e-07,0.0,0.0,0.0,0.0,0.000134569,0.0,0.0,1.55307e-05,9.45071e-05,6.32402e-05,0.000123322,0.0,2.35513e-05,0.00196686,0.0,0.00167834,0.00812327,0.00361009,0.000880526,0.0,1.7459e-05,0.00344439,0.0,0.0,6.3433e-05,0.0,0.000144598,2.09499e-05,3.52853e-05,0.0,0.0,0.00237449,0.00308107,0.000961179,7.99593e-05,0.00100929,2.30943e-05,0.000467962,0.000261783,0.0,0.00105459,0.000231096,4.30903e-06,0.0,0.0,0.00322335,5.34268e-09,1.18758e-06,0.0,0.0,0.0,0.0,5.90586e-05,2.1424e-06,1.23862e-05,0.00011492,1.36682e-06,6.40337e-06,2.96177e-05,0.0,1.52856e-05,6.43037e-05,0.0,8.54382e-07,0.000425366,0.0,0.0,0.0,0.0,0.0,0.000774764,0.0,0.0,2.01839e-05,0.0,0.0,0.0,0.0
0.0,0.0,0.0,0.0105984,0.0,0.0,0.0,0.0,0.0,0.0,0.00213639,0.0,0.0,0.000158768,0.000760614,0.0,0.000295599,0.0,0.0,0.000356234,0.00240245,0.000313692,0.0,0.000108529,4.96126e-08,0.000308965,0.0,0.0,0.0,0.0,2.49177e-05,0.0,0.0,0.0,0.0,2.6132e-07,0.0,0.0,0.0,0.0,0.000135567,0.0,0.0,1.56085e-05,9.36646e-05,6.32465e-05,0.000122996,0.0,2.3539e-05,0.00196699,0.0,0.00167859,0.00812313,0.0036111,0.000880894,0.0,1.74596e-05,0.00344328,0.0,0.0,6.3223e-05,0.0,0.000144825,2.1086e-05,3.52584e-05,0.0,0.0,0.00237465,0.00308075,0.000961474,7.99403e-05,0.00100969,2.32665e-05,0.000467683,0.000261634,0.0,0.00105455,0.000231043,4.30903e-06,0.0,0.0,0.00322317,5.34268e-09,1.19128e-06,3.89711e-10,0.0,0.0,0.0,5.89034e-05,2.1424e-06,1.23705e-05,0.000114984,1.27275e-06,6.44098e-06,2.96158e-05,0.0,1.527e-05,6.39497e-05,0.0,8.54382e-07,0.000424629,0.0,0.0,0.0,0.0,0.0,0.000775119,0.0,0.0,2.02405e-05,0.0,0.0,0.0,0.0
0.0,0.0,0.0,0.0105975,0.0,0.0,0.0,0.0,0.0,0.0,0.00213689,0.0,0.0,0.000160197,0.000760858,0.0,0.000295794,0.0,0.0,0.000356575,0.00240198,0.000313883,0.0,0.000108028,0.0,0.000309292,0.0,0.0,0.0,0.0,2.50915e-05,0.0,0.0,0.0,0.0,2.6132e-07,0.0,0.0,0.0,0.0,0.000134707,0.0,0.0,1.56246e-05,9.4723e-05,6.32402e-05,0.000123378,0.0,2.3488e-05,0.00196724,0.0,0.0016783,0.00812281,0.00361019,0.000880741,0.0,1.74932e-05,0.00344417,0.0,0.0,6.33384e-05,0.0,0.000144607,2.1086e-05,3.52433e-05,0.0,0.0,0.00237354,0.00308103,0.0009613,7.99473e-05,0.0010095,2.31877e-05,0.000467942,0.000261852,0.0,0.00105475,0.000231313,4.30903e-06,0.0,0.0,0.00322279,5.34268e-09,1.18764e-06,0.0,0.0,0.0,0.0,5.89294e-05,2.11457e-06,1.23791e-05,0.000114921,1.32169e-06,6.35868e-06,2.95079e-05,0.0,1.52518e-05,6.42608e-05,0.0,8.4163e-07,0.00042539,0.0,0.0,0.0,0.0,0.0,0.000774791,0.0,0.0,2.00379e-05,0.0,0.0,0.0,0.0
0.0,0.0,0.0,0.0105987,0.0,0.0,0.0,0.0,0.0,0.0,0.00213551,0.0,0.0,0.000160659,0.000760671,0.0,0.000296227,0.0,0.0,0.000356162,0.00240198,0.000313943,0.0,0.000108155,4.96126e-08,0.000309547,0.0,0.0,0.0,0.0,2.50284e-05,0.0,0.0,0.0,0.0,2.6132e-07,0.0,0.0,0.0,0.0,0.000134889,0.0,0.0,1.55891e-05,9.50738e-05,6.31209e-05,0.000123328,0.0,2.36304e-05,0.00196689,0.0,0.00167787,0.00812434,0.00361023,0.000880459,0.0,1.74571e-05,0.0034441,0.0,0.0,6.33177e-05,0.0,0.000144423,2.1086e-05,3.52311e-05,0.0,0.0,0.0023747,0.00308124,0.000961501,7.98388e-05,0.00100962,2.31407e-05,0.000467664,0.000262044,0.0,0.00105487,0.000230946,4.30903e-06,0.0,0.0,0.00322326,6.36403e-09,1.19818e-06,0.0,0.0,0.0,0.0,5.86937e-05,2.1424e-06,1.23685e-05,0.000114955,1.31788e-06,6.40337e-06,2.94837e-05,0.0,1.53076e-05,6.44522e-05,0.0,8.54382e-07,0.00042489,0.0,0.0,0.0,0.0,0.0,0.000774842,0.0,0.0,2.02668e-05,0.0,0.0,0.0,0.0
0.0,0.0,0.0,0.0197573,0.0,3.08957e-07,0.0,0.0,1.70368e-09,0.0,0.00199291,0.0,2.02276e-05,0.000337089,0.000533371,0.0,0.00064198,0.000182793,0.0,0.000306247,0.001855,0.000210557,0.0,0.000122026,0.0,0.000323379,0.0,0.0,0.0,0.0,0.00283225,5.99297e-06,0.0,0.0,0.0,2.46714e-07,0.0,9.42739e-06,0.0,0.0,0.0,0.0,0.0,7.49362e-08,6.20426e-06,0.000224503,0.000183191,0.0,7.86884e-05,0.00194588,0.0,0.00265027,0.00452077,0.00504607,0.000213527,0.0,1.07552e-05,0.00130636,0.0,0.0,9.05265e-05,0.0,0.000197619,7.77071e-05,1.12944e-05,0.0,4.20591e-05,0.000145139,0.00330138,0.000975377,0.000185225,0.00108072,2.45356e-05,0.000231726,4.7193e-06,0.0,0.00113499,0.000184456,2.28068e-05,0.0,0.0,0.00286635,0.0,1.2613e-07,0.0,0.0,0.0,0.0,0.0,0.0,1.10177e-05,9.88162e-05,1.4082e-06,1.51791e-05,0.000232148,0.0,3.18714e-05,0.000338759,0.000366732,8.63988e-05,0.000630983,0.0,0.0,0.0,0.0,0.0,0.00088467,0.0,0.0,0.000152889,0.0,0.0,0.0,0.0
0.0,0.0,0.0,0.0197538,0.0,0.0,0.0,0.0,6.88582e-08,0.0,0.0019937,0.0,1.97886e-05,0.000336093,0.000533594,0.0,0.000644149,0.000182874,0.0,0.00030635,0.00185483,0.000211035,0.0,0.000122145,0.0,0.000323212,0.0,0.0,0.0,0.0,0.0028374,6.07805e-06,0.0,0.0,0.0,2.44732e-07,0.0,9.6747e-06,0.0,0.0,0.0,0.0,0.0,1.49872e-07,6.9052e-06,0.000223631,0.000183256,0.0,7.9141e-05,0.0019459,0.0,0.00264979,0.00452063,0.00504574,0.000213504,0.0,1.07524e-05,0.00130563,0.0,0.0,9.04113e-05,0.0,0.000197505,7.83259e-05,1.12583e-05,0.0,4.17541e-05,0.000145085,0.00330084,0.000975588,0.000184702,0.0010813,2.45287e-05,0.000231822,4.63651e-06,0.0,0.00113546,0.000184089,2.26138e-05,0.0,0.0,0.00286643,0.0,1.33026e-07,0.0,0.0,0.0,0.0,0.0,0.0,1.10011e-05,9.88127e-05,1.45523e-06,1.51791e-05,0.00023196,0.0,3.19179e-05,0.000337833,0.000369361,8.65203e-05,0.000631234,0.0,0.0,0.0,0.0,0.0,0.000884643,0.0,0.0,0.000152934,0.0,0.0,0.0,0.0
0.0,0.0,0.0,0.0197526,0.0,1.55896e-07,0.0,0.0,1.06975e-07,0.0,0.00199419,0.0,1.9794e-05,0.000337768,0.000532791,0.0,0.00064213,0.000182897,0.0,0.000306323,0.00185394,0.000210769,0.0,0.000122104,0.0,0.000322869,0.0,0.0,0.0,0.0,0.00283701,6.06865e-06,0.0,0.0,0.0,2.46792e-07,0.0,8.95328e-06,0.0,0.0,0.0,0.0,0.0,7.49362e-08,6.83672e-06,0.000224171,0.00018314,0.0,7.91595e-05,0.00194634,0.0,0.00264915,0.0045213,0.00504519,0.000213544,0.0,1.07293e-05,0.00130591,0.0,0.0,9.04111e-05,0.0,0.000197492,7.81841e-05,1.12402e-05,0.0,4.1933e-05,0.000145066,0.00330099,0.000975524,0.000184799,0.00108108,2.45287e-05,0.0002317,4.63651e-06,0.0,0.00113507,0.000184336,2.26863e-05,0.0,0.0,0.00286579,0.0,1.33026e-07,0.0,0.0,0.0,0.0,0.0,0.0,1.10093e-05,9.88148e-05,1.35217e-06,1.51415e-05,0.000231788,0.0,3.19131e-05,0.000338328,0.000367355,8.62416e-05,0.000630807,0.0,0.0,0.0,0.0,0.0,0.000884502,0.0,0.0,0.000152807,0.0,0.0,0.0,0.0
0.0,0.0,0.0,0.0197551,0.0,3.00555e-07,0.0,0.0,1.70368e-09,0.0,0.00199363,0.0,2.0042e-05,0.000337481,0.000533107,0.0,0.000643369,0.000182459,0.0,0.000306176,0.00185531,0.000210735,0.0,0.000122225,0.0,0.000323096,0.0,0.0,0.0,0.0,0.00283054,5.87255e-06,0.0,0.0,0.0,2.46643e-07,0.0,9.93022e-06,0.0,0.0,0.0,0.0,0.0,7.49362e-08,6.73102e-06,0.000224211,0.000183226,0.0,7.86748e-05,0.001946,0.0,0.00264954,0.00452162,0.00504619,0.000213569,0.0,1.07647e-05,0.00130624,0.0,0.0,9.05265e-05,0.0,0.000197517,7.81199e-05,1.13088e-05,0.0,4.19629e-05,0.000145241,0.00330057,0.000975392,0.000184877,0.00108199,2.44423e-05,0.000231837,4.7193e-06,0.0,0.00113536,0.000184239,2.29688e-05,0.0,0.0,0.00286661,0.0,1.25629e-07,0.0,0.0,0.0,0.0,0.0,0.0,1.09982e-05,9.8816e-05,1.46216e-06,1.51791e-05,0.000232003,0.0,3.19042e-05,0.000338083,0.000369318,8.66529e-05,0.000631222,0.0,0.0,0.0,0.0,0.0,0.000884504,0.0,0.0,0.00015302,0.0,0.0,0.0,0.0
0.0,0.0,0.0,0.0197544,0.0,0.0,0.0,0.0,0.0,0.0,0.00199254,0.0,2.05746e-05,0.000337513,0.000533658,0.0,0.000642477,0.000183084,0.0,0.000306502,0.00185461,0.000210776,0.0,0.000121707,0.0,0.00032322,0.0,0.0,0.0,0.0,0.00283583,6.06636e-06,0.0,0.0,0.0,2.44732e-07,0.0,9.2255e-06,0.0,0.0,0.0,0.0,0.0,7.49362e-08,6.45624e-06,0.000224375,0.000183261,0.0,7.91468e-05,0.00194585,0.0,0.00264946,0.00452134,0.00504537,0.000213504,0.0,1.07213e-05,0.00130614,0.0,0.0,9.05058e-05,0.0,0.000197424,7.78736e-05,1.12624e-05,0.0,4.20591e-05,0.000144937,0.00330227,0.000975581,0.000185023,0.00108054,2.45287e-05,0.000231726,4.63651e-06,0.0,0.00113508,0.000184336,2.2526e-05,0.0,0.0,0.00286635,0.0,1.33026e-07,0.0,0.0,0.0,0.0,0.0,0.0,1.103e-05,9.88145e-05,1.40614e-06,1.51791e-05,0.000232031,0.0,3.18906e-05,0.000338207,0.000366693,8.61975e-05,0.000631288,0.0,0.0,0.0,0.0,0.0,0.000884703,0.0,0.0,0.00015273,0.0,0.0,0.0,0.0
0.0,0.0,0.0,0.0197541,0.0,4.63988e-07,0.0,0.0,0.0,0.0,0.00199227,0.0,1.95888e-05,0.000337162,0.000533596,0.0,0.000643662,0.000182399,0.0,0.00030632,0.00185516,0.00021075,0.0,0.000121643,0.0,0.000323208,0.0,0.0,0.0,0.0,0.00283373,6.09945e-06,0.0,0.0,0.0,5.2267e-07,0.0,9.17187e-06,0.0,0.0,0.0,0.0,0.0,7.49362e-08,6.9841e-06,0.000223759,0.000183079,0.0,7.90387e-05,0.00194619,0.0,0.00264997,0.00452005,0.0050456,0.000213527,0.0,1.07514e-05,0.00130596,0.0,0.0,9.04111e-05,0.0,0.000197491,7.82935e-05,1.1269e-05,0.0,4.1628e-05,0.000145245,0.00330029,0.000975588,0.000184978,0.00108144,2.46221e-05,0.000231608,4.63651e-06,0.0,0.00113524,0.000184209,2.28779e-05,0.0,0.0,0.00286634,0.0,1.33026e-07,0.0,0.0,0.0,0.0,0.0,0.0,1.09985e-05,9.87534e-05,1.40128e-06,1.51415e-05,0.000231893,0.0,3.19131e-05,0.0003382,0.000368797,8.64374e-05,0.000630532,0.0,0.0,0.0,0.0,0.0,0.000884558,0.0,0.0,0.000152896,0.0,0.0,0.0,0.0
0.0,0.0,0.0,0.0197525,0.0,1.55896e-07,0.0,0.0,1.19503e-07,0.0,0.00199438,0.0,1.97246e-05,0.000337139,0.000533092,0.0,0.000642364,0.000183069,0.0,0.000306561,0.00185456,0.000210867,0.0,0.000121708,0.0,0.000323125,0.0,0.0,0.0,0.0,0.00283853,5.94455e-06,0.0,0.0,0.0,2.46862e-07,0.0,9.93022e-06,0.0,0.0,0.0,0.0,0.0,7.49362e-08,6.98679e-06,0.000224279,0.000183175,0.0,7.91035e-05,0.00194607,0.0,0.00264964,0.00452148,0.00504658,0.000213397,0.0,1.076e-05,0.00130586,0.0,0.0,9.06211e-05,0.0,0.000197663,7.81637e-05,1.128e-05,0.0,4.20591e-05,0.000145267,0.00330181,0.000975494,0.00018463,0.00108156,2.44423e-05,0.000231827,4.7193e-06,0.0,0.00113543,0.000184239,2.28068e-05,0.0,0.0,0.00286618,0.0,1.2613e-07,0.0,0.0,0.0,0.0,0.0,0.0,1.10064e-05,9.88235e-05,1.41322e-06,1.51791e-05,0.000231985,0.0,3.18821e-05,0.000338395,0.000367895,8.63712e-05,0.00063138,0.0,0.0,0.0,0.0,0.0,0.00088467,0.0,0.0,0.000152978,0.0,0.0,0.0,0.0
0.0,0.0,0.0,0.0197573,0.0,3.08957e-07,0.0,0.0,0.0,0.0,0.00199415,0.0,2.03107e-05,0.000336783,0.000532532,0.0,0.000643964,0.000182895,0.0,0.000306189,0.00185489,0.00021082,0.0,0.000122308,0.0,0.000322976,0.0,0.0,0.0,0.0,0.00283299,6.06868e-06,0.0,0.0,0.0,2.46643e-07,0.0,9.2255e-06,0.0,0.0,0.0,0.0,0.0,7.49362e-08,6.58095e-06,0.000224194,0.000183171,0.0,7.90414e-05,0.00194586,0.0,0.00264973,0.00452133,0.00504453,0.000213554,0.0,1.07405e-05,0.00130604,0.0,0.0,9.04111e-05,0.0,0.000197365,7.82983e-05,1.1269e-05,0.0,4.20591e-05,0.00014487,0.00330098,0.000975687,0.000185105,0.00108114,2.45287e-05,0.000231787,4.63651e-06,0.0,0.00113532,0.000184336,2.26872e-05,0.0,0.0,0.00286654,0.0,1.33026e-07,0.0,0.0,0.0,0.0,0.0,0.0,1.10162e-05,9.88139e-05,1.45523e-06,1.51701e-05,0.000231901,0.0,3.19018e-05,0.000337924,0.000368182,8.60867e-05,0.000630802,0.0,0.0,0.0,0.0,0.0,0.000884686,0.0,0.0,0.000152777,0.0,0.0,0.0,0.0
0.0,0.0,0.0,0.019753,0.0,0.0,0.0,0.0,0.0,0.0,0.00199326,0.0,1.96971e-05,0.000337954,0.000534079,0.0,0.000643182,0.000182585,0.0,0.000306406,0.00185515,0.000210757,0.0,0.000122395,0.0,0.000323325,0.0,0.0,0.0,0.0,0.00283414,6.16654e-06,0.0,0.0,0.0,2.4106e-07,0.0,9.44409e-06,0.0,0.0,0.0,0.0,0.0,7.49362e-08,6.68013e-06,0.00022404,0.000183169,0.0,7.89915e-05,0.00194611,0.0,0.0026495,0.00452061,0.00504609,0.000213636,0.0,1.07337e-05,0.00130596,0.0,0.0,9.03166e-05,0.0,0.000197532,7.79924e-05,1.12296e-05,0.0,4.18368e-05,0.000144934,0.00330047,0.000975317,0.00018503,0.00108108,2.45287e-05,0.00023189,4.63651e-06,0.0,0.00113529,0.000184089,2.26753e-05,0.0,0.0,0.0028666,0.0,1.32525e-07,0.0,0.0,0.0,0.0,0.0,0.0,1.10037e-05,9.88068e-05,1.40803e-06,1.51415e-05,0.000231861,0.0,3.18709e-05,0.000338467,0.000367065,8.67148e-05,0.000631387,0.0,0.0,0.0,0.0,0.0,0.000884585,0.0,0.0,0.000152799,0.0,0.0,0.0,0.0
0.0,0.0,0.0,0.0197551,0.0,0.0,0.0,0.0,1.70368e-09,0.0,0.00199365,0.0,1.97717e-05,0.000337301,0.000533093,0.0,0.000642197,0.0001825,0.0,0.000306319,0.00185435,0.000210733,0.0,0.00012134,0.0,0.000322972,0.0,0.0,0.0,0.0,0.00283628,6.11284e-06,0.0,0.0,0.0,2.46643e-07,0.0,9.71162e-06,0.0,0.0,0.0,0.0,0.0,1.49872e-07,6.48165e-06,0.000224245,0.000183443,0.0,7.88302e-05,0.00194592,0.0,0.00264941,0.00452061,0.00504573,0.000213332,0.0,1.07567e-05,0.00130608,0.0,0.0,9.06211e-05,0.0,0.000197475,7.80299e-05,1.13166e-05,0.0,4.18503e-05,0.000145376,0.00330153,0.000975664,0.000184839,0.00108147,2.45356e-05,0.000231632,4.7193e-06,0.0,0.00113551,0.000184336,2.28068e-05,0.0,0.0,0.00286623,0.0,1.33026e-07,0.0,0.0,0.0,0.0,0.0,0.0,1.10098e-05,9.88138e-05,1.40111e-06,1.51791e-05,0.000232034,0.0,3.19238e-05,0.000338189,0.000368581,8.63123e-05,0.000631072,0.0,0.0,0.0,0.0,0.0,0.000884516,0.0,0.0,0.000152896,0.0,0.0,0.0,0.0
0.0,0.0,0.0,0.0120257,0.0,0.000779639,0.0,4.55556e-06,0.0,0.0,0.000306349,0.0,0.0,0.0,0.0,0.0,0.0,0.0,0.0,0.0,0.000687113,7.83935e-05,0.0,8.81386e-06,0.000695405,0.0104637,0.0,0.0,0.0,0.0,0.0,0.0,0.0,0.0,0.0,1.57205e-07,0.0,0.0,0.0,0.0,0.0,0.0,0.0,0.0,2.94083e-05,8.66767e-05,0.000183231,0.0,0.000146878,0.00157038,0.0,0.0019034,0.00624724,0.00420319,0.000628586,4.98783e-05,9.81194e-06,0.00214526,3.00556e-05,1.62237e-05,5.01225e-05,0.0,0.000190865,0.00076625,6.78558e-05,1.82705e-05,0.0,0.00183727,0.00273565,0.000851011,0.000100542,0.000886405,7.29116e-06,0.000441269,0.000292647,1.84773e-05,0.000996544,0.00038072,0.00272119,0.000380489,7.48902e-06,0.00294981,0.000163216,3.019e-06,3.45237e-07,1.73179e-07,3.31668e-05,3.38951e-06,0.0,2.75451e-06,1.85161e-06,8.65928e-05,1.17255e-06,3.341e-06,8.58291e-06,0.0,0.0,0.0,0.0,0.0,0.0,0.0,0.0,0.0,0.0,0.0,0.0,0.0,0.0,0.0,0.0,0.0,0.0,0.0
0.0,0.0,0.0,0.0120213,0.0,0.00078022,0.0,4.69617e-06,0.0,0.0,0.000307172,0.0,0.0,0.0,0.0,0.0,0.0,0.0,0.0,0.0,0.000687042,7.81899e-05,0.0,8.97469e-06,0.000695492,0.0104678,0.0,0.0,0.0,0.0,0.0,0.0,0.0,0.0,0.0,1.53533e-07,0.0,0.0,0.0,0.0,0.0,0.0,0.0,0.0,2.91573e-05,8.73145e-05,0.000182985,0.0,0.000146657,0.00156987,0.0,0.0019054,0.00624665,0.00420224,0.00062865,5.01717e-05,9.83113e-06,0.00214619,3.01134e-05,1.58358e-05,4.99342e-05,0.0,0.000190874,0.000766866,6.78036e-05,1.84142e-05,0.0,0.00183758,0.00273567,0.000851087,0.000100516,0.000886265,7.37763e-06,0.000440869,0.000292879,1.82256e-05,0.000996961,0.000380857,0.00271947,0.00038128,7.48902e-06,0.00295047,0.000163118,3.02083e-06,3.45237e-07,1.38543e-07,3.31238e-05,3.48797e-06,0.0,2.75451e-06,1.84435e-06,8.66117e-05,1.11635e-06,3.36802e-06,8.50949e-06,0.0,0.0,0.0,0.0,0.0,0.0,0.0,0.0,0.0,0.0,0.0,0.0,0.0,0.0,0.0,0.0,0.0,0.0,0.0
0.0,0.0,0.0,0.0120241,0.0,0.000780461,0.0,4.55556e-06,0.0,0.0,0.00030618,0.0,0.0,0.0,0.0,0.0,0.0,0.0,0.0,0.0,0.000687102,7.83448e-05,0.0,8.82753e-06,0.000695245,0.0104675,0.0,0.0,0.0,0.0,0.0,0.0,0.0,0.0,0.0,1.57205e-07,0.0,0.0,0.0,0.0,0.0,0.0,0.0,0.0,2.97262e-05,8.69216e-05,0.000183147,0.0,0.000146732,0.00156998,0.0,0.00190372,0.00624519,0.00420298,0.000628212,4.99962e-05,9.81898e-06,0.00214597,2.97185e-05,1.579e-05,5.01225e-05,0.0,0.000190903,0.000766373,6.7795e-05,1.82974e-05,0.0,0.00183764,0.00273569,0.00085098,0.000100284,0.000886601,7.38453e-06,0.000441177,0.000292858,1.83737e-05,0.000996815,0.000380649,0.00272079,0.000380775,7.48902e-06,0.00294975,0.000163153,3.02527e-06,3.46162e-07,1.73179e-07,3.31324e-05,3.38423e-06,0.0,2.78233e-06,1.84843e-06,8.66346e-05,1.17222e-06,3.36993e-06,8.45053e-06,0.0,0.0,0.0,0.0,0.0,0.0,0.0,0.0,0.0,0.0,0.0,0.0,0.0,0.0,0.0,0.0,0.0,0.0,0.0
0.0,0.0,0.0,0.0120249,0.0,0.000779967,0.0,4.69617e-06,0.0,0.0,0.000306427,0.0,0.0,0.0,0.0,0.0,0.0,0.0,0.0,0.0,0.000686756,7.82089e-05,0.0,8.97768e-06,0.000695093,0.0104646,0.0,0.0,0.0,0.0,0.0,0.0,0.0,0.0,0.0,1.53533e-07,0.0,0.0,0.0,0.0,0.0,0.0,0.0,7.49362e-08,2.90954e-05,8.71156e-05,0.000183163,0.0,0.000146919,0.00157018,0.0,0.00190442,0.00624695,0.00420301,0.000628587,4.9922e-05,9.79741e-06,0.00214626,2.9887e-05,1.60581e-05,5.00288e-05,0.0,0.000190632,0.000766972,6.78402e-05,1.82701e-05,0.0,0.00183734,0.00273602,0.000851447,0.000100502,0.000886615,7.38453e-06,0.000441165,0.000292932,1.84187e-05,0.000997048,0.000380655,0.00272034,0.000381151,7.54211e-06,0.00295012,0.000163089,3.0221e-06,3.45237e-07,1.73179e-07,3.32815e-05,3.38668e-06,0.0,2.75451e-06,1.84672e-06,8.6548e-05,1.17255e-06,3.3677e-06,8.46066e-06,0.0,0.0,0.0,0.0,0.0,0.0,0.0,0.0,0.0,0.0,0.0,0.0,0.0,0.0,0.0,0.0,0.0,0.0,0.0
0.0,0.0,0.0,0.0120254,0.0,0.000780043,0.0,4.69617e-06,0.0,0.0,0.000307134,0.0,0.0,0.0,0.0,0.0,0.0,0.0,0.0,0.0,0.000687605,7.83964e-05,0.0,8.84008e-06,0.000695477,0.010468,0.0,0.0,0.0,0.0,0.0,0.0,0.0,0.0,0.0,1.55689e-07,0.0,0.0,0.0,0.0,0.0,0.0,0.0,0.0,2.89857e-05,8.71344e-05,0.000183147,0.0,0.00014686,0.00157024,0.0,0.00190379,0.00624668,0.00420345,0.000628575,5.02411e-05,9.82391e-06,0.00214598,3.03657e-05,1.58061e-05,5.01225e-05,0.0,0.000191084,0.000766419,6.77514e-05,1.82974e-05,0.0,0.00183757,0.00273525,0.000851407,0.000100259,0.000886372,7.29116e-06,0.000440978,0.000292673,1.82122e-05,0.000996629,0.000380833,0.00272052,0.000380987,7.48902e-06,0.00294982,0.000163103,3.02006e-06,3.49687e-07,1.38543e-07,3.3106e-05,3.36275e-06,0.0,2.78233e-06,1.84547e-06,8.66228e-05,1.17429e-06,3.34131e-06,8.42664e-06,0.0,0.0,0.0,0.0,0.0,0.0,0.0,0.0,0.0,0.0,0.0,0.0,0.0,0.0,0.0,0.0,0.0,0.0,0.0
0.0,0.0,0.0,0.0120228,0.0,0.000779707,0.0,4.55556e-06,0.0,0.0,0.000306528,0.0,0.0,0.0,0.0,0.0,0.0,0.0,0.0,0.0,0.0006866,7.82537e-05,0.0,8.97727e-06,0.000695082,0.0104662,0.0,0.0,0.0,0.0,0.0,0.0,0.0,0.0,0.0,1.55049e-07,0.0,0.0,0.0,0.0,0.0,0.0,0.0,0.0,2.97018e-05,8.70063e-05,0.000183096,0.0,0.000146603,0.00157014,0.0,0.00190455,0.00624588,0.00420307,0.000628568,5.00403e-05,9.82008e-06,0.00214584,2.99501e-05,1.61218e-05,5.01225e-05,0.0,0.000190846,0.000766998,6.78733e-05,1.82783e-05,0.0,0.00183798,0.00273483,0.000850746,0.000100488,0.000886728,7.47101e-06,0.000441064,0.000292853,1.81725e-05,0.000996915,0.000380843,0.00272007,0.000380555,7.48902e-06,0.00294989,0.0001631,3.02445e-06,3.45237e-07,1.73179e-07,3.3154e-05,3.40513e-06,0.0,2.75451e-06,1.84631e-06,8.65814e-05,1.10926e-06,3.40531e-06,8.66781e-06,0.0,0.0,0.0,0.0,0.0,0.0,0.0,0.0,0.0,0.0,0.0,0.0,0.0,0.0,0.0,0.0,0.0,0.0,0.0
0.0,0.0,0.0,0.0120243,0.0,0.000780159,0.0,4.69617e-06,0.0,0.0,0.000307295,0.0,0.0,0.0,0.0,0.0,0.0,0.0,0.0,0.0,0.000687182,7.82018e-05,0.0,8.82929e-06,0.000695304,0.010468,0.0,0.0,0.0,0.0,0.0,0.0,0.0,0.0,0.0,1.55689e-07,0.0,0.0,0.0,0.0,0.0,0.0,0.0,0.0,2.94126e-05,8.70422e-05,0.000183159,0.0,0.000147009,0.00156994,0.0,0.00190393,0.00624587,0.00420228,0.000628697,4.99309e-05,9.80716e-06,0.00214581,3.00839e-05,1.59185e-05,5.00288e-05,0.0,0.000190969,0.00076623,6.78996e-05,1.84142e-05,0.0,0.00183733,0.00273555,0.000851281,0.000100456,0.00088689,7.38453e-06,0.000440998,0.000292841,1.85744e-05,0.000997259,0.000381029,0.00272122,0.000381026,7.48902e-06,0.00295061,0.000162998,3.02292e-06,3.46162e-07,1.38543e-07,3.3082e-05,3.38423e-06,0.0,2.75451e-06,1.84836e-06,8.6607e-05,1.17429e-06,3.33232e-06,8.5859e-06,0.0,0.0,0.0,0.0,0.0,0.0,0.0,0.0,0.0,0.0,0.0,0.0,0.0,0.0,0.0,0.0,0.0,0.0,0.0
0.0,0.0,0.0,0.0120253,0.0,0.000779869,0.0,4.55556e-06,0.0,0.0,0.000305865,0.0,0.0,0.0,0.0,0.0,0.0,0.0,0.0,0.0,0.000686947,7.82739e-05,0.0,8.97469e-06,0.000695544,0.0104652,0.0,0.0,0.0,0.0,0.0,0.0,0.0,0.0,0.0,1.53533e-07,0.0,0.0,0.0,0.0,0.0,0.0,0.0,7.49362e-08,2.89235e-05,8.71027e-05,0.000183254,0.0,0.000146948,0.00157026,0.0,0.00190457,0.00624743,0.00420316,0.000628443,5.00403e-05,9.82394e-06,0.00214569,2.98961e-05,1.58364e-05,5.01225e-05,0.0,0.000190911,0.000767044,6.78656e-05,1.81533e-05,0.0,0.00183715,0.00273621,0.000851306,0.000100454,0.000885967,7.29116e-06,0.000441018,0.000292935,1.83525e-05,0.000996764,0.00038043,0.00272092,0.00038093,7.48902e-06,0.00294939,0.000163149,3.0246e-06,3.45237e-07,1.73179e-07,3.32161e-05,3.26773e-06,0.0,2.78233e-06,1.84857e-06,8.66453e-05,1.11825e-06,3.37701e-06,8.44093e-06,0.0,0.0,0.0,0.0,0.0,0.0,0.0,0.0,0.0,0.0,0.0,0.0,0.0,0.0,0.0,0.0,0.0,0.0,0.0
0.0,0.0,0.0,0.0120232,0.0,0.000780898,0.0,4.69617e-06,0.0,0.0,0.000306942,0.0,0.0,0.0,0.0,0.0,0.0,0.0,0.0,0.0,0.000687218,7.85339e-05,0.0,8.84266e-06,0.000695484,0.010467,0.0,0.0,0.0,0.0,0.0,0.0,0.0,0.0,0.0,1.57205e-07,0.0,0.0,0.0,0.0,0.0,0.0,0.0,0.0,2.91255e-05,8.73618e-05,0.000183147,0.0,0.000146437,0.00157023,0.0,0.00190396,0.00624592,0.00420326,0.00062851,5.0128e-05,9.83115e-06,0.00214585,3.00023e-05,1.59185e-05,5.01442e-05,0.0,0.000190857,0.000766739,6.77301e-05,1.82792e-05,0.0,0.0018373,0.00273623,0.00085107,0.000100302,0.000887501,7.38453e-06,0.000441111,0.000292635,1.8275e-05,0.000996951,0.000380678,0.00272007,0.000380558,7.48902e-06,0.00294986,0.000163142,3.02209e-06,3.45237e-07,1.73179e-07,3.29975e-05,3.48797e-06,0.0,2.75451e-06,1.84823e-06,8.65489e-05,1.16356e-06,3.40531e-06,8.46061e-06,0.0,0.0,0.0,0.0,0.0,0.0,0.0,0.0,0.0,0.0,0.0,0.0,0.0,0.0,0.0,0.0,0.0,0.0,0.0
0.0,0.0,0.0,0.0120228,0.0,0.00077998,0.0,4.55556e-06,0.0,0.0,0.000306672,0.0,0.0,0.0,0.0,0.0,0.0,0.0,0.0,0.0,0.00068718,7.84122e-05,0.0,8.7979e-06,0.000695158,0.0104645,0.0,0.0,0.0,0.0,0.0,0.0,0.0,0.0,0.0,1.53533e-07,0.0,0.0,0.0,0.0,0.0,0.0,0.0,0.0,3.00262e-05,8.68944e-05,0.000183096,0.0,0.000146847,0.00156972,0.0,0.00190428,0.00624678,0.00420239,0.000628604,4.99453e-05,9.77526e-06,0.00214615,2.99809e-05,1.60574e-05,5.01225e-05,0.0,0.000190817,0.000766563,6.78784e-05,1.84146e-05,0.0,0.00183777,0.00273485,0.000851033,0.000100436,0.000886165,7.38453e-06,0.000441026,0.000292935,1.83631e-05,0.00099663,0.000380818,0.0027212,0.000381852,7.54211e-06,0.00295028,0.00016307,3.02531e-06,3.45237e-07,1.38543e-07,3.32354e-05,3.50846e-06,0.0,2.75451e-06,1.84608e-06,8.66113e-05,1.17429e-06,3.33232e-06,8.52113e-06,0.0,0.0,0.0,0.0,0.0,0.0,0.0,0.0,0.0,0.0,0.0,0.0,0.0,0.0,0.0,0.0,0.0,0.0,0.0
0.0,0.0,0.0,0.013445,0.0,0.000401755,0.0,1.79973e-06,0.0,0.0,0.0,0.0,0.0,0.0,0.0,0.0,0.0,3.65395e-06,0.0,0.0,0.000188978,5.87277e-06,0.0,4.71999e-06,0.000198064,0.00495958,0.0,0.0,0.0,0.0,0.0,0.0,0.0,0.0,0.0,1.23514e-07,0.0,0.0,0.0,0.0,0.0,0.0,0.0,0.0,2.74548e-05,0.000129063,0.00021291,0.0,0.000174925,0.00169543,0.0,0.00194017,0.00759029,0.00555418,0.000878489,2.0822e-05,1.47149e-05,0.00368151,0.0,0.0,0.000119427,0.0,0.000214724,0.000230947,4.98408e-05,2.08591e-06,0.0,0.00161641,0.0031406,0.00114772,0.000117079,0.00101044,9.7088e-06,0.000546145,0.000407562,0.0,0.00101691,0.000326652,5.37477e-05,1.39859e-05,0.0,0.0034858,2.35666e-08,9.24277e-07,1.93519e-09,0.0,4.89645e-06,0.0,0.0,3.28315e-06,2.52582e-06,5.95955e-05,1.25728e-06,4.34895e-06,8.75883e-06,0.0,0.0,0.0,0.0,0.0,0.0,0.0,0.0,0.0,0.0,0.0,0.0,0.0,0.0,0.0,0.0,0.0,0.0,0.0
0.0,0.0,0.0,0.0134442,0.0,0.00040262,0.0,2.19342e-06,0.0,0.0,0.0,0.0,0.0,0.0,0.0,0.0,0.0,3.71578e-06,0.0,0.0,0.000188839,6.03912e-06,0.0,4.82876e-06,0.000197965,0.00495727,0.0,0.0,0.0,0.0,0.0,0.0,0.0,0.0,0.0,1.22873e-07,0.0,0.0,0.0,0.0,0.0,0.0,0.0,0.0,2.83866e-05,0.000129118,0.000213085,0.0,0.000175108,0.00169502,0.0,0.00194008,0.00759129,0.00555184,0.000878451,2.05885e-05,1.46934e-05,0.00368076,0.0,0.0,0.000119428,0.0,0.000214507,0.000231229,4.96332e-05,2.22266e-06,0.0,0.00161691,0.00314002,0.00114713,0.00011717,0.0010098,9.7088e-06,0.00054586,0.000407629,0.0,0.00101796,0.000326475,5.40101e-05,1.40931e-05,0.0,0.00348669,2.36156e-08,9.3712e-07,1.15911e-09,0.0,5.15245e-06,0.0,0.0,3.25533e-06,2.52183e-06,5.96041e-05,1.29967e-06,4.27565e-06,8.58879e-06,0.0,0.0,0.0,0.0,0.0,0.0,0.0,0.0,0.0,0.0,0.0,0.0,0.0,0.0,0.0,0.0,0.0,0.0,0.0
0.0,0.0,0.0,0.0134431,0.0,0.00040135,0.0,1.79973e-06,0.0,0.0,0.0,0.0,0.0,0.0,0.0,0.0,0.0,3.71578e-06,0.0,0.0,0.000189208,5.91323e-06,0.0,4.83052e-06,0.000197868,0.00496013,0.0,0.0,0.0,0.0,0.0,0.0,0.0,0.0,0.0,1.21357e-07,0.0,0.0,0.0,0.0,0.0,0.0,0.0,0.0,2.78459e-05,0.000128597,0.000213247,0.0,0.000174966,0.00169519,0.0,0.00193969,0.00759018,0.00555379,0.000878226,2.06588e-05,1.47068e-05,0.00368056,0.0,0.0,0.000119543,0.0,0.000214349,0.000231326,4.98352e-05,2.22221e-06,0.0,0.00161645,0.00313965,0.00114719,0.000117005,0.00100983,9.80217e-06,0.000546174,0.000407668,0.0,0.00101705,0.000326558,5.47403e-05,1.40468e-05,0.0,0.00348639,2.36156e-08,9.35e-07,1.15911e-09,0.0,4.99808e-06,0.0,0.0,3.28315e-06,2.53041e-06,5.96049e-05,1.26232e-06,4.31357e-06,8.7799e-06,0.0,0.0,0.0,0.0,0.0,0.0,0.0,0.0,0.0,0.0,0.0,0.0,0.0,0.0,0.0,0.0,0.0,0.0,0.0
0.0,0.0,0.0,0.0134444,0.0,0.000402624,0.0,2.05281e-06,0.0,0.0,0.0,0.0,0.0,0.0,0.0,0.0,0.0,3.65395e-06,0.0,0.0,0.000189298,5.91177e-06,0.0,4.67564e-06,0.000198004,0.00495965,0.0,0.0,0.0,0.0,0.0,0.0,0.0,0.0,0.0,1.21357e-07,0.0,0.0,0.0,0.0,0.0,0.0,0.0,0.0,2.81215e-05,0.000129184,0.000212979,0.0,0.000174906,0.00169496,0.0,0.00193991,0.00759024,0.00555257,0.000878793,2.08534e-05,1.47151e-05,0.00368079,0.0,0.0,0.000119427,0.0,0.000214848,0.000230995,4.97259e-05,2.33947e-06,0.0,0.00161675,0.00314068,0.00114718,0.00011707,0.00101032,9.7088e-06,0.000545989,0.000407698,0.0,0.00101766,0.000326462,5.44155e-05,1.37976e-05,0.0,0.00348641,2.36156e-08,9.37064e-07,1.54548e-09,0.0,5.0529e-06,0.0,0.0,3.28315e-06,2.53063e-06,5.96041e-05,1.26647e-06,4.33996e-06,8.56017e-06,0.0,0.0,0.0,0.0,0.0,0.0,0.0,0.0,0.0,0.0,0.0,0.0,0.0,0.0,0.0,0.0,0.0,0.0,0.0
0.0,0.0,0.0,0.0134433,0.0,0.00040172,0.0,1.54664e-06,0.0,0.0,0.0,0.0,0.0,0.0,0.0,0.0,0.0,3.71578e-06,0.0,0.0,0.000189135,5.99875e-06,0.0,4.83052e-06,0.000197873,0.00496015,0.0,0.0,0.0,0.0,0.0,0.0,0.0,0.0,0.0,1.2503e-07,0.0,0.0,0.0,0.0,0.0,0.0,0.0,0.0,2.78974e-05,0.000128897,0.000213051,0.0,0.000175274,0.0016954,0.0,0.00193939,0.00759084,0.00555328,0.000878541,2.06909e-05,1.47233e-05,0.00368132,0.0,0.0,0.000119334,0.0,0.000214372,0.000230728,4.97312e-05,2.1054e-06,0.0,0.00161699,0.00313973,0.00114719,0.000117224,0.00101025,9.62232e-06,0.000546109,0.000407711,0.0,0.00101744,0.000326623,5.39909e-05,1.42549e-05,0.0,0.00348623,2.30008e-08,9.34876e-07,1.15911e-09,0.0,5.02207e-06,0.0,0.0,3.25533e-06,2.52233e-06,5.95955e-05,1.25746e-06,4.27565e-06,8.73594e-06,0.0,0.0,0.0,0.0,0.0,0.0,0.0,0.0,0.0,0.0,0.0,0.0,0.0,0.0,0.0,0.0,0.0,0.0,0.0
0.0,0.0,0.0,0.013444,0.0,0.000402383,0.0,1.79973e-06,0.0,0.0,0.0,0.0,0.0,0.0,0.0,0.0,0.0,3.71578e-06,0.0,0.0,0.00018953,5.91009e-06,0.0,4.8301e-06,0.000198094,0.00495639,0.0,0.0,0.0,0.0,0.0,0.0,0.0,0.0,0.0,1.21357e-07,0.0,0.0,0.0,0.0,0.0,0.0,0.0,0.0,2.81567e-05,0.000128768,0.000213175,0.0,0.000175022,0.00169559,0.0,0.00194031,0.00759066,0.00555288,0.000878356,2.07193e-05,1.47209e-05,0.00368005,0.0,0.0,0.000119637,0.0,0.000214652,0.00023155,4.98169e-05,2.33947e-06,0.0,0.00161677,0.00313989,0.00114738,0.00011706,0.00100966,9.80217e-06,0.000546207,0.000407773,0.0,0.00101735,0.00032656,5.45254e-05,1.38523e-05,0.0,0.00348635,2.35666e-08,9.29638e-07,1.15911e-09,0.0,4.97652e-06,0.0,0.0,3.28315e-06,2.52517e-06,5.95568e-05,1.30641e-06,4.34895e-06,8.67849e-06,0.0,0.0,0.0,0.0,0.0,0.0,0.0,0.0,0.0,0.0,0.0,0.0,0.0,0.0,0.0,0.0,0.0,0.0,0.0
0.0,0.0,0.0,0.0134439,0.0,0.00040183,0.0,2.19342e-06,0.0,0.0,0.0,0.0,0.0,0.0,0.0,0.0,0.0,3.65395e-06,0.0,0.0,0.000188887,6.04116e-06,0.0,4.68903e-06,0.000197923,0.0049596,0.0,0.0,0.0,0.0,0.0,0.0,0.0,0.0,0.0,1.21357e-07,0.0,0.0,0.0,0.0,0.0,0.0,0.0,0.0,2.79699e-05,0.00012921,0.000213108,0.0,0.000175154,0.00169499,0.0,0.00193974,0.00759147,0.00555328,0.000878739,2.08164e-05,1.46805e-05,0.00368095,0.0,0.0,0.000119427,0.0,0.000214739,0.000230856,4.97266e-05,2.1054e-06,0.0,0.00161633,0.00314001,0.00114715,0.000116887,0.00101088,9.7088e-06,0.000546075,0.000407528,0.0,0.00101707,0.000326516,5.45445e-05,1.38972e-05,0.0,0.00348637,2.40097e-08,9.3712e-07,1.93519e-09,0.0,5.07829e-06,0.0,0.0,3.28315e-06,2.53119e-06,5.95955e-05,1.20333e-06,4.27597e-06,8.69705e-06,0.0,0.0,0.0,0.0,0.0,0.0,0.0,0.0,0.0,0.0,0.0,0.0,0.0,0.0,0.0,0.0,0.0,0.0,0.0
0.0,0.0,0.0,0.0134451,0.0,0.000402247,0.0,1.79973e-06,0.0,0.0,0.0,0.0,0.0,0.0,0.0,0.0,0.0,3.66424e-06,0.0,0.0,0.000189261,5.91119e-06,0.0,4.81497e-06,0.000198047,0.00495647,0.0,0.0,0.0,0.0,0.0,0.0,0.0,0.0,0.0,1.22873e-07,0.0,0.0,0.0,0.0,0.0,0.0,0.0,0.0,2.78567e-05,0.000128729,0.000213118,0.0,0.000175062,0.00169512,0.0,0.00193966,0.00759025,0.00555354,0.000878204,2.06423e-05,1.47129e-05,0.00368057,0.0,0.0,0.000119427,0.0,0.000214532,0.000230648,4.97604e-05,2.33947e-06,0.0,0.00161682,0.00314068,0.00114725,0.000117163,0.00100971,9.7088e-06,0.000545977,0.000407738,0.0,0.00101769,0.000326694,5.3864e-05,1.37234e-05,0.0,0.00348651,2.36156e-08,9.29638e-07,1.15911e-09,0.0,4.99598e-06,0.0,0.0,3.25533e-06,2.52526e-06,5.96475e-05,1.30641e-06,4.34895e-06,8.77147e-06,0.0,0.0,0.0,0.0,0.0,0.0,0.0,0.0,0.0,0.0,0.0,0.0,0.0,0.0,0.0,0.0,0.0,0.0,0.0
0.0,0.0,0.0,0.0134426,0.0,0.000401993,0.0,2.05281e-06,0.0,0.0,0.0,0.0,0.0,0.0,0.0,0.0,0.0,3.6986e-06,0.0,0.0,0.00018876,5.96779e-06,0.0,4.71958e-06,0.000198052,0.00495911,0.0,0.0,0.0,0.0,0.0,0.0,0.0,0.0,0.0,1.23514e-07,0.0,0.0,0.0,0.0,0.0,0.0,0.0,0.0,2.85131e-05,0.000129111,0.000213001,0.0,0.000175095,0.0016953,0.0,0.00194042,0.00759032,0.00555206,0.000878851,2.0608e-05,1.46967e-05,0.00368137,0.0,0.0,0.000119449,0.0,0.000214574,0.000231847,4.96536e-05,2.1054e-06,0.0,0.00161665,0.00314056,0.00114719,0.00011708,0.00101037,9.80217e-06,0.000546048,0.00040783,0.0,0.00101738,0.00032653,5.42728e-05,1.45427e-05,0.0,0.00348579,2.36156e-08,9.35406e-07,1.93519e-09,0.0,5.07829e-06,0.0,0.0,3.28315e-06,2.52904e-06,5.95722e-05,1.36071e-06,4.30427e-06,8.66685e-06,0.0,0.0,0.0,0.0,0.0,0.0,0.0,0.0,0.0,0.0,0.0,0.0,0.0,0.0,0.0,0.0,0.0,0.0,0.0
0.0,0.0,0.0,0.0134456,0.0,0.000401615,0.0,1.79973e-06,0.0,0.0,0.0,0.0,0.0,0.0,0.0,0.0,0.0,3.67113e-06,0.0,0.0,0.000189257,5.95377e-06,0.0,4.8331e-06,0.000197955,0.00496016,0.0,0.0,0.0,0.0,0.0,0.0,0.0,0.0,0.0,1.21357e-07,0.0,0.0,0.0,0.0,0.0,0.0,0.0,0.0,2.79834e-05,0.000128731,0.000213135,0.0,0.000174979,0.00169508,0.0,0.00193958,0.00759059,0.00555391,0.000878398,2.07337e-05,1.47074e-05,0.00368023,0.0,0.0,0.000119427,0.0,0.000214776,0.000230688,4.98478e-05,2.20317e-06,0.0,0.00161687,0.00313973,0.00114723,0.000117025,0.00100994,9.62232e-06,0.000546001,0.00040748,0.0,0.00101731,0.000326221,5.42964e-05,1.35413e-05,0.0,0.003487,2.36156e-08,9.29638e-07,1.15911e-09,0.0,4.99878e-06,0.0,0.0,3.28315e-06,2.52047e-06,5.95837e-05,1.20127e-06,4.31166e-06,8.70084e-06,0.0,0.0,0.0,0.0,0.0,0.0,0.0,0.0,0.0,0.0,0.0,0.0,0.0,0.0,0.0,0.0,0.0,0.0,0.0
