0.0,0.0,0.00185439,0.014092,0.0,0.0,0.0,0.0,0.0,0.00145331,0.0317814,0.00322142,0.00264138,0.00201039,0.0,5.34148e-05,0.00251578,0.0206352,0.0,0.00198578,0.0371414,0.0,0.0,0.0,0.0,0.0,0.0474131,0.0,0.000175005,0.00844155,0.170661,8.17782e-07,0.00771691,0.0057639,0.0,0.00869835,0.0,0.00437948,0.00173787,0.0,0.00494736,0.00325181,0.000251452,0.00317256,0.0,0.0,0.0,0.0,0.0,0.0,0.0,0.0,0.0,0.0,0.0,0.0,0.0,0.0,0.0,0.0,0.0,0.0,0.0,0.0,0.0,0.0,0.0,0.0,0.0,0.0,0.0,0.0,0.0,0.0,0.0,0.0,0.0,0.0,0.0,0.0,0.0,0.0,0.0,0.0,0.0,0.0,0.0,0.0,0.0,0.0,0.0,0.0,0.0,0.0,0.0,0.457344,0.0293144,0.470243,0.277086,0.0820976,0.181467,0.0203389,0.0363718,0.0,0.0857416,0.107723,0.103401,0.0622284,0.0131509,0.298031,0.00289012,0.0268348,0.0053002,0.0
0.0,0.0,0.00196838,0.0140922,0.0,0.0,0.0,0.0,0.0,0.00146923,0.0318222,0.00323361,0.00267773,0.0020149,0.0,5.34396e-05,0.0025199,0.0206326,0.0,0.00198782,0.0372164,0.0,0.0,0.0,0.0,0.0,0.0475356,0.0,0.000192684,0.00862771,0.173076,8.17782e-07,0.00788041,0.00576628,0.0,0.00871318,0.0,0.00445708,0.0017777,0.0,0.00494924,0.00325537,0.000252123,0.00317257,0.0,0.0,0.0,0.0,0.0,0.0,0.0,0.0,0.0,0.0,0.0,0.0,0.0,0.0,0.0,0.0,0.0,0.0,0.0,0.0,0.0,0.0,0.0,0.0,0.0,0.0,0.0,0.0,0.0,0.0,0.0,0.0,0.0,0.0,0.0,0.0,0.0,0.0,0.0,0.0,0.0,0.0,0.0,0.0,0.0,0.0,0.0,0.0,0.0,0.0,0.0,0.445763,0.0294156,0.470802,0.283032,0.0833901,0.182518,0.0205667,0.0365033,0.0,0.0884569,0.108853,0.103663,0.0632715,0.0132473,0.299178,0.00294857,0.0268636,0.00540681,0.0
0.0,0.0,0.00208233,0.0140923,0.0,0.0,0.0,0.0,0.0,0.00148519,0.0318627,0.00324569,0.0027141,0.0020194,0.0,5.34637e-05,0.00252404,0.0206302,0.0,0.00198987,0.0372916,0.0,0.0,0.0,0.0,0.0,0.0476579,0.0,0.000210334,0.00881364,0.175492,8.17782e-07,0.00804435,0.00576883,0.0,0.00872795,0.0,0.00453467,0.0018174,0.0,0.00495115,0.00325901,0.000252806,0.00317266,0.0,0.0,0.0,0.0,0.0,0.0,0.0,0.0,0.0,0.0,0.0,0.0,0.0,0.0,0.0,0.0,0.0,0.0,0.0,0.0,0.0,0.0,0.0,0.0,0.0,0.0,0.0,0.0,0.0,0.0,0.0,0.0,0.0,0.0,0.0,0.0,0.0,0.0,0.0,0.0,0.0,0.0,0.0,0.0,0.0,0.0,0.0,0.0,0.0,0.0,0.0,0.433748,0.0295162,0.470965,0.288981,0.0846823,0.183568,0.0207945,0.0366343,0.0,0.0911633,0.109982,0.103924,0.064315,0.0133436,0.299583,0.00300672,0.026893,0.00551382,0.0
0.0,0.0,0.00219627,0.0140923,0.0,0.0,0.0,0.0,0.0,0.00150109,0.0319035,0.00325775,0.00275053,0.00202391,0.0,5.34873e-05,0.00252813,0.0206276,0.0,0.00199192,0.0373668,0.0,0.0,0.0,0.0,0.0,0.0477803,0.0,0.000228056,0.00899967,0.177906,8.17782e-07,0.00820802,0.0057714,0.0,0.00874289,0.0,0.00461249,0.00185712,0.0,0.00495308,0.00326262,0.000253474,0.00317271,0.0,0.0,0.0,0.0,0.0,0.0,0.0,0.0,0.0,0.0,0.0,0.0,0.0,0.0,0.0,0.0,0.0,0.0,0.0,0.0,0.0,0.0,0.0,0.0,0.0,0.0,0.0,0.0,0.0,0.0,0.0,0.0,0.0,0.0,0.0,0.0,0.0,0.0,0.0,0.0,0.0,0.0,0.0,0.0,0.0,0.0,0.0,0.0,0.0,0.0,0.0,0.421025,0.0296175,0.471118,0.294928,0.0859751,0.184619,0.0210225,0.0367658,0.0,0.0938685,0.111112,0.104186,0.065359,0.0134397,0.298863,0.00306518,0.026922,0.00562053,0.0
0.0,0.0,0.00231011,0.0140927,0.0,0.0,0.0,0.0,0.0,0.00151701,0.031944,0.00326983,0.00278689,0.00202842,0.0,5.35127e-05,0.00253226,0.0206251,0.0,0.00199396,0.037442,0.0,0.0,0.0,0.0,0.0,0.0479028,0.0,0.000245701,0.00918554,0.180322,8.17782e-07,0.00837172,0.00577392,0.0,0.00875754,0.0,0.00469007,0.00189686,0.0,0.00495498,0.00326616,0.000254159,0.00317267,0.0,0.0,0.0,0.0,0.0,0.0,0.0,0.0,0.0,0.0,0.0,0.0,0.0,0.0,0.0,0.0,0.0,0.0,0.0,0.0,0.0,0.0,0.0,0.0,0.0,0.0,0.0,0.0,0.0,0.0,0.0,0.0,0.0,0.0,0.0,0.0,0.0,0.0,0.0,0.0,0.0,0.0,0.0,0.0,0.0,0.0,0.0,0.0,0.0,0.0,0.0,0.407861,0.0297182,0.471276,0.300878,0.0872682,0.18567,0.0212504,0.0368971,0.0,0.096573,0.112241,0.104447,0.0664025,0.0135361,0.297209,0.00312352,0.0269511,0.00572744,0.0
0.0,0.0,0.00242425,0.0140926,0.0,0.0,0.0,0.0,0.0,0.00153294,0.0319848,0.00328192,0.00282323,0.00203293,0.0,5.35362e-05,0.00253636,0.0206216,0.0,0.00199487,0.0375174,0.0,0.0,0.0,0.0,0.0,0.0480251,0.0,0.000263339,0.0093716,0.182735,8.17782e-07,0.00853568,0.00577636,0.0,0.00877248,0.0,0.00476751,0.00193659,0.0,0.00495664,0.00326982,0.000254842,0.00317275,0.0,0.0,0.0,0.0,0.0,0.0,0.0,0.0,0.0,0.0,0.0,0.0,0.0,0.0,0.0,0.0,0.0,0.0,0.0,0.0,0.0,0.0,0.0,0.0,0.0,0.0,0.0,0.0,0.0,0.0,0.0,0.0,0.0,0.0,0.0,0.0,0.0,0.0,0.0,0.0,0.0,0.0,0.0,0.0,0.0,0.0,0.0,0.0,0.0,0.0,0.0,0.409382,0.0298195,0.473603,0.306836,0.0885612,0.186715,0.0214782,0.0370284,0.0,0.0992704,0.113371,0.104698,0.0674456,0.0136324,0.298334,0.00318166,0.0269803,0.00583405,0.0
0.0,0.0,0.0025355,0.0140942,0.0,0.0,0.0,0.0,0.0,0.00155312,0.0320273,0.00329744,0.00286003,0.00203932,0.0,5.35663e-05,0.00254148,0.0206204,0.0,0.00199334,0.0375836,0.0,0.0,0.0,0.0,0.0,0.0482298,0.0,0.00028832,0.00956027,0.185123,8.17782e-07,0.0087068,0.00577888,0.0,0.00878759,0.0,0.00484956,0.0019766,0.0,0.00496131,0.00327355,0.000255523,0.00317274,0.0,0.0,0.0,0.0,0.0,0.0,0.0,0.0,0.0,0.0,0.0,0.0,0.0,0.0,0.0,0.0,0.0,0.0,0.0,0.0,0.0,0.0,0.0,0.0,0.0,0.0,0.0,0.0,0.0,0.0,0.0,0.0,0.0,0.0,0.0,0.0,0.0,0.0,0.0,0.0,0.0,0.0,0.0,0.0,0.0,0.0,0.0,0.0,0.0,0.0,0.0,0.409252,0.0299266,0.476908,0.312903,0.0900364,0.187804,0.0217259,0.0371779,0.0,0.1024,0.114605,0.104996,0.0686179,0.0137405,0.299506,0.00326034,0.0270121,0.00595307,0.0
0.0,0.0,0.00264667,0.014096,0.0,0.0,0.0,0.0,0.0,0.00157333,0.0320698,0.00331281,0.00289683,0.00204566,0.0,5.3597e-05,0.00254658,0.0206193,0.0,0.0019918,0.03765,0.0,0.0,0.0,0.0,0.0,0.0484342,0.0,0.000313317,0.00974897,0.187511,8.17782e-07,0.00887852,0.00578122,0.0,0.00880308,0.0,0.00493137,0.00201667,0.0,0.00496596,0.00327725,0.000256194,0.00317273,0.0,0.0,0.0,0.0,0.0,0.0,0.0,0.0,0.0,0.0,0.0,0.0,0.0,0.0,0.0,0.0,0.0,0.0,0.0,0.0,0.0,0.0,0.0,0.0,0.0,0.0,0.0,0.0,0.0,0.0,0.0,0.0,0.0,0.0,0.0,0.0,0.0,0.0,0.0,0.0,0.0,0.0,0.0,0.0,0.0,0.0,0.0,0.0,0.0,0.0,0.0,0.40912,0.0300332,0.480183,0.318951,0.0915126,0.188867,0.0219736,0.037327,0.0,0.105529,0.11584,0.105295,0.0697909,0.0138493,0.30033,0.00333921,0.0270437,0.00607234,0.0
0.0,0.0,0.00275802,0.0140976,0.0,0.0,0.0,0.0,0.0,0.00159352,0.0321122,0.00332829,0.00293362,0.00205204,0.0,5.3627e-05,0.00255172,0.0206181,0.0,0.00199026,0.0377163,0.0,0.0,0.0,0.0,0.0,0.0486386,0.0,0.000338236,0.00993743,0.189899,8.17782e-07,0.00904978,0.00578389,0.0,0.00881837,0.0,0.00501321,0.00205674,0.0,0.00497068,0.00328091,0.000256867,0.00317273,0.0,0.0,0.0,0.0,0.0,0.0,0.0,0.0,0.0,0.0,0.0,0.0,0.0,0.0,0.0,0.0,0.0,0.0,0.0,0.0,0.0,0.0,0.0,0.0,0.0,0.0,0.0,0.0,0.0,0.0,0.0,0.0,0.0,0.0,0.0,0.0,0.0,0.0,0.0,0.0,0.0,0.0,0.0,0.0,0.0,0.0,0.0,0.0,0.0,0.0,0.0,0.408993,0.0301403,0.483432,0.324998,0.0929888,0.189927,0.0222216,0.0374764,0.0,0.108658,0.117075,0.105593,0.0709632,0.0139574,0.300795,0.0034178,0.0270756,0.00619126,0.0
0.0,0.0,0.00286936,0.0140992,0.0,0.0,0.0,0.0,0.0,0.00161373,0.0321547,0.00334372,0.00297045,0.00205841,0.0,5.36565e-05,0.00255683,0.0206169,0.0,0.00198873,0.0377826,0.0,0.0,0.0,0.0,0.0,0.0488433,0.0,0.000363159,0.0101264,0.192286,8.17782e-07,0.0092214,0.00578639,0.0,0.00883375,0.0,0.00509534,0.00209674,0.0,0.00497532,0.00328469,0.000257541,0.00317276,0.0,0.0,0.0,0.0,0.0,0.0,0.0,0.0,0.0,0.0,0.0,0.0,0.0,0.0,0.0,0.0,0.0,0.0,0.0,0.0,0.0,0.0,0.0,0.0,0.0,0.0,0.0,0.0,0.0,0.0,0.0,0.0,0.0,0.0,0.0,0.0,0.0,0.0,0.0,0.0,0.0,0.0,0.0,0.0,0.0,0.0,0.0,0.0,0.0,0.0,0.0,0.408854,0.0302472,0.486664,0.331001,0.0944651,0.190969,0.0224694,0.0376257,0.0,0.111785,0.118309,0.105891,0.0721354,0.0140657,0.300745,0.00349647,0.0271073,0.00631034,0.0
0.0,0.0,0.00298064,0.0141007,0.0,0.0,0.0,0.0,0.0,0.00163392,0.0321971,0.00335912,0.00300722,0.00206478,0.0,5.36865e-05,0.00256193,0.0206157,0.0,0.00198719,0.0378491,0.0,0.0,0.0,0.0,0.0,0.049048,0.0,0.00038814,0.0103148,0.194672,8.17782e-07,0.00939272,0.0057889,0.0,0.00884909,0.0,0.00517735,0.00213673,0.0,0.00497999,0.00328843,0.000258221,0.0031728,0.0,0.0,0.0,0.0,0.0,0.0,0.0,0.0,0.0,0.0,0.0,0.0,0.0,0.0,0.0,0.0,0.0,0.0,0.0,0.0,0.0,0.0,0.0,0.0,0.0,0.0,0.0,0.0,0.0,0.0,0.0,0.0,0.0,0.0,0.0,0.0,0.0,0.0,0.0,0.0,0.0,0.0,0.0,0.0,0.0,0.0,0.0,0.0,0.0,0.0,0.0,0.408164,0.0303544,0.489877,0.337003,0.0959413,0.191991,0.0227169,0.0377753,0.0,0.114912,0.119543,0.106189,0.0733082,0.0141742,0.300239,0.00357503,0.027139,0.00642943,0.0
0.0,0.0,0.00309188,0.0141024,0.0,0.0,0.0,0.0,0.0,0.00165415,0.0322396,0.00337464,0.00304396,0.00207116,0.0,5.37172e-05,0.00256706,0.0206147,0.0,0.00198565,0.0379153,0.0,0.0,0.0,0.0,0.0,0.0492524,0.0,0.000413065,0.0105034,0.197061,8.17782e-07,0.00956432,0.0057914,0.0,0.00886436,0.0,0.00525928,0.00217686,0.0,0.00498464,0.00329208,0.000258893,0.00317282,0.0,0.0,0.0,0.0,0.0,0.0,0.0,0.0,0.0,0.0,0.0,0.0,0.0,0.0,0.0,0.0,0.0,0.0,0.0,0.0,0.0,0.0,0.0,0.0,0.0,0.0,0.0,0.0,0.0,0.0,0.0,0.0,0.0,0.0,0.0,0.0,0.0,0.0,0.0,0.0,0.0,0.0,0.0,0.0,0.0,0.0,0.0,0.0,0.0,0.0,0.0,0.407083,0.0304612,0.493072,0.343003,0.0974168,0.19301,0.0229649,0.0379248,0.0,0.118038,0.120778,0.106487,0.0744807,0.0142825,0.299353,0.00365383,0.027171,0.00654865,0.0
0.0,0.0,0.00320322,0.014104,0.0,0.0,0.0,0.0,0.0,0.00167434,0.0322821,0.0033901,0.00308076,0.00207752,0.0,5.37467e-05,0.00257217,0.0206134,0.0,0.00198413,0.0379817,0.0,0.0,0.0,0.0,0.0,0.049457,0.0,0.000438011,0.0106919,0.199448,8.17782e-07,0.00973577,0.00579386,0.0,0.00887989,0.0,0.00534118,0.00221698,0.0,0.00498933,0.00329582,0.000259575,0.00317283,0.0,0.0,0.0,0.0,0.0,0.0,0.0,0.0,0.0,0.0,0.0,0.0,0.0,0.0,0.0,0.0,0.0,0.0,0.0,0.0,0.0,0.0,0.0,0.0,0.0,0.0,0.0,0.0,0.0,0.0,0.0,0.0,0.0,0.0,0.0,0.0,0.0,0.0,0.0,0.0,0.0,0.0,0.0,0.0,0.0,0.0,0.0,0.0,0.0,0.0,0.0,0.405532,0.0305684,0.496268,0.349001,0.0988233,0.194023,0.0232128,0.0380737,0.0,0.121163,0.122012,0.106785,0.0756528,0.014391,0.298164,0.00373231,0.0272026,0.0066674,0.0
0.0,0.0,0.00331461,0.0141054,0.0,0.0,0.0,0.0,0.0,0.00169451,0.0323248,0.00340548,0.0031176,0.00208387,0.0,5.37767e-05,0.00257727,0.0206123,0.0,0.00198258,0.0380481,0.0,0.0,0.0,0.0,0.0,0.0496615,0.0,0.000462971,0.0108807,0.201834,8.17782e-07,0.00990707,0.00579637,0.0,0.00889512,0.0,0.00542315,0.00225704,0.0,0.00499397,0.00329956,0.00026024,0.00317288,0.0,0.0,0.0,0.0,0.0,0.0,0.0,0.0,0.0,0.0,0.0,0.0,0.0,0.0,0.0,0.0,0.0,0.0,0.0,0.0,0.0,0.0,0.0,0.0,0.0,0.0,0.0,0.0,0.0,0.0,0.0,0.0,0.0,0.0,0.0,0.0,0.0,0.0,0.0,0.0,0.0,0.0,0.0,0.0,0.0,0.0,0.0,0.0,0.0,0.0,0.0,0.403854,0.0306751,0.499473,0.354996,0.0998975,0.195032,0.0234604,0.0382235,0.0,0.124287,0.123247,0.107083,0.0768261,0.0144992,0.296598,0.00381109,0.0272344,0.00674842,0.0
0.0,0.0,0.00342587,0.0141072,0.0,0.0,0.0,0.0,0.0,0.00171466,0.0323671,0.00342091,0.00315434,0.00209025,0.0,5.38074e-05,0.00258242,0.0206111,0.0,0.00198104,0.0381143,0.0,0.0,0.0,0.0,0.0,0.0498662,0.0,0.000487981,0.0110692,0.204222,8.17782e-07,0.0100786,0.00579887,0.0,0.00891063,0.0,0.00550495,0.00229693,0.0,0.00499863,0.0033033,0.00026092,0.00317288,0.0,0.0,0.0,0.0,0.0,0.0,0.0,0.0,0.0,0.0,0.0,0.0,0.0,0.0,0.0,0.0,0.0,0.0,0.0,0.0,0.0,0.0,0.0,0.0,0.0,0.0,0.0,0.0,0.0,0.0,0.0,0.0,0.0,0.0,0.0,0.0,0.0,0.0,0.0,0.0,0.0,0.0,0.0,0.0,0.0,0.0,0.0,0.0,0.0,0.0,0.0,0.40122,0.0307826,0.502307,0.36099,0.100943,0.196037,0.0237083,0.0383729,0.0,0.12741,0.124481,0.107382,0.0779981,0.0146076,0.294632,0.00388975,0.0272662,0.00677556,0.0
0.0,0.0,0.003537,0.0141085,0.0,0.0,0.0,0.0,0.0,0.00173485,0.0324096,0.00343634,0.00319118,0.00209663,0.0,5.38375e-05,0.00258755,0.0206112,0.0,0.00197788,0.0381815,0.0,0.0,0.0,0.0,0.0,0.0500707,0.0,0.000512886,0.0112579,0.20661,8.17782e-07,0.0102499,0.00580016,0.0,0.00892591,0.0,0.00558689,0.00233705,0.0,0.00500314,0.00330703,0.000261528,0.00317276,0.0,0.0,0.0,0.0,0.0,0.0,0.0,0.0,0.0,0.0,0.0,0.0,0.0,0.0,0.0,0.0,0.0,0.0,0.0,0.0,0.0,0.0,0.0,0.0,0.0,0.0,0.0,0.0,0.0,0.0,0.0,0.0,0.0,0.0,0.0,0.0,0.0,0.0,0.0,0.0,0.0,0.0,0.0,0.0,0.0,0.0,0.0,0.0,0.0,0.0,0.0,0.396544,0.0308893,0.50437,0.366961,0.102261,0.197031,0.0239562,0.0385219,0.0,0.130534,0.125715,0.107666,0.0791708,0.0147163,0.295136,0.00396847,0.027298,0.00685718,0.0
0.0,0.0,0.00363752,0.0141086,0.0,0.0,0.0,0.0,0.0,0.00175448,0.0324502,0.00345041,0.00321911,0.00210312,0.0,5.38675e-05,0.00259165,0.0206115,0.0,0.00197472,0.0382355,0.0,0.0,0.0,0.0,0.0,0.0503047,0.0,0.00052323,0.0114205,0.208604,8.17782e-07,0.0104337,0.00580025,0.0,0.00893747,0.0,0.00565029,0.00237119,0.0,0.00500727,0.00331018,0.000262019,0.00317252,0.0,0.0,0.0,0.0,0.0,0.0,0.0,0.0,0.0,0.0,0.0,0.0,0.0,0.0,0.0,0.0,0.0,0.0,0.0,0.0,0.0,0.0,0.0,0.0,0.0,0.0,0.0,0.0,0.0,0.0,0.0,0.0,0.0,0.0,0.0,0.0,0.0,0.0,0.0,0.0,0.0,0.0,0.0,0.0,0.0,0.0,0.0,0.0,0.0,0.0,0.0,0.389765,0.0309959,0.505461,0.373372,0.103619,0.198006,0.0242262,0.0386635,0.0,0.133623,0.126955,0.108026,0.0802234,0.014821,0.294805,0.0040557,0.0273279,0.00692425,0.0
0.0,0.0,0.00373791,0.0141085,0.0,0.0,0.0,0.0,0.0,0.00177406,0.0324905,0.00346445,0.0032471,0.00210961,0.0,5.38982e-05,0.00259582,0.0206121,0.0,0.00197156,0.0382893,0.0,0.0,0.0,0.0,0.0,0.0505386,0.0,0.00053365,0.011583,0.210599,8.17782e-07,0.0106174,0.00580038,0.0,0.00894899,0.0,0.00571387,0.00240548,0.0,0.00501135,0.00331324,0.000262501,0.00317231,0.0,0.0,0.0,0.0,0.0,0.0,0.0,0.0,0.0,0.0,0.0,0.0,0.0,0.0,0.0,0.0,0.0,0.0,0.0,0.0,0.0,0.0,0.0,0.0,0.0,0.0,0.0,0.0,0.0,0.0,0.0,0.0,0.0,0.0,0.0,0.0,0.0,0.0,0.0,0.0,0.0,0.0,0.0,0.0,0.0,0.0,0.0,0.0,0.0,0.0,0.0,0.382695,0.0311023,0.505916,0.379779,0.104972,0.198977,0.0244965,0.0388046,0.0,0.136689,0.128193,0.108387,0.0812766,0.0149259,0.294195,0.00414268,0.0273579,0.00698899,0.0
0.0,0.0,0.00383827,0.0141087,0.0,0.0,0.0,0.0,0.0,0.00179368,0.0325309,0.00347853,0.00327503,0.00211611,0.0,5.39282e-05,0.00259994,0.0206125,0.0,0.0019684,0.0383431,0.0,0.0,0.0,0.0,0.0,0.0507725,0.0,0.000544062,0.0117453,0.212595,8.17782e-07,0.010801,0.00580062,0.0,0.00896049,0.0,0.00577736,0.00243949,0.0,0.00501544,0.0033164,0.000262996,0.00317209,0.0,0.0,0.0,0.0,0.0,0.0,0.0,0.0,0.0,0.0,0.0,0.0,0.0,0.0,0.0,0.0,0.0,0.0,0.0,0.0,0.0,0.0,0.0,0.0,0.0,0.0,0.0,0.0,0.0,0.0,0.0,0.0,0.0,0.0,0.0,0.0,0.0,0.0,0.0,0.0,0.0,0.0,0.0,0.0,0.0,0.0,0.0,0.0,0.0,0.0,0.0,0.375512,0.0312093,0.505498,0.386183,0.106322,0.199943,0.024767,0.0389462,0.0,0.139748,0.129432,0.108747,0.0823292,0.0150314,0.293395,0.00422997,0.027388,0.00705137,0.0
0.0,0.0,0.00393867,0.0141089,0.0,0.0,0.0,0.0,0.0,0.00181326,0.0325714,0.0034925,0.003303,0.00212258,0.0,5.39595e-05,0.00260411,0.020613,0.0,0.00196523,0.038397,0.0,0.0,0.0,0.0,0.0,0.0510063,0.0,0.000554391,0.0119078,0.21459,8.17782e-07,0.0109847,0.00580064,0.0,0.00897188,0.0,0.00584074,0.0024736,0.0,0.00501947,0.00331954,0.000263485,0.00317174,0.0,0.0,0.0,0.0,0.0,0.0,0.0,0.0,0.0,0.0,0.0,0.0,0.0,0.0,0.0,0.0,0.0,0.0,0.0,0.0,0.0,0.0,0.0,0.0,0.0,0.0,0.0,0.0,0.0,0.0,0.0,0.0,0.0,0.0,0.0,0.0,0.0,0.0,0.0,0.0,0.0,0.0,0.0,0.0,0.0,0.0,0.0,0.0,0.0,0.0,0.0,0.367961,0.0313156,0.504841,0.392582,0.107666,0.200905,0.0250371,0.0390877,0.0,0.142806,0.130671,0.109109,0.0833819,0.0151361,0.292182,0.00431683,0.0274181,0.00711145,0.0
0.0,0.0,0.00403912,0.0141088,0.0,0.0,0.0,0.0,0.0,0.00183282,0.0326116,0.00350656,0.00333095,0.00212908,0.0,5.39889e-05,0.00260824,0.0206135,0.0,0.00196207,0.0384509,0.0,0.0,0.0,0.0,0.0,0.0512404,0.0,0.000564766,0.0120701,0.216585,8.17782e-07,0.0111681,0.00580075,0.0,0.00898345,0.0,0.00590443,0.00250776,0.0,0.00502354,0.00332265,0.000263967,0.0031715,0.0,0.0,0.0,0.0,0.0,0.0,0.0,0.0,0.0,0.0,0.0,0.0,0.0,0.0,0.0,0.0,0.0,0.0,0.0,0.0,0.0,0.0,0.0,0.0,0.0,0.0,0.0,0.0,0.0,0.0,0.0,0.0,0.0,0.0,0.0,0.0,0.0,0.0,0.0,0.0,0.0,0.0,0.0,0.0,0.0,0.0,0.0,0.0,0.0,0.0,0.0,0.360069,0.0314221,0.503724,0.398981,0.109007,0.201863,0.0253077,0.0392288,0.0,0.145859,0.13191,0.109469,0.0844348,0.0152414,0.290686,0.00440421,0.0274481,0.00716922,0.0
0.0,0.0,0.00413945,0.0141089,0.0,0.0,0.0,0.0,0.0,0.00185241,0.032652,0.00352061,0.00335886,0.00213555,0.0,5.40202e-05,0.00261237,0.020614,0.0,0.00195891,0.0385046,0.0,0.0,0.0,0.0,0.0,0.0514743,0.0,0.000575176,0.0122326,0.218581,8.17782e-07,0.0113518,0.00580114,0.0,0.00899494,0.0,0.00596785,0.00254182,0.0,0.00502759,0.00332578,0.00026446,0.0031713,0.0,0.0,0.0,0.0,0.0,0.0,0.0,0.0,0.0,0.0,0.0,0.0,0.0,0.0,0.0,0.0,0.0,0.0,0.0,0.0,0.0,0.0,0.0,0.0,0.0,0.0,0.0,0.0,0.0,0.0,0.0,0.0,0.0,0.0,0.0,0.0,0.0,0.0,0.0,0.0,0.0,0.0,0.0,0.0,0.0,0.0,0.0,0.0,0.0,0.0,0.0,0.351791,0.0315288,0.501787,0.405301,0.110343,0.202818,0.0255779,0.0393699,0.0,0.148874,0.133148,0.10983,0.0854881,0.0153462,0.288887,0.00449109,0.0274783,0.00722463,0.0
0.0,0.0,0.00424,0.0141089,0.0,0.0,0.0,0.0,0.0,0.00187203,0.0326925,0.00353468,0.00338682,0.00214204,0.0,5.40502e-05,0.00261654,0.0206144,0.0,0.00195575,0.0385584,0.0,0.0,0.0,0.0,0.0,0.0517083,0.0,0.000585595,0.012395,0.220576,8.17782e-07,0.0115356,0.00580124,0.0,0.00900648,0.0,0.00603119,0.00257604,0.0,0.0050317,0.00332895,0.000264954,0.00317105,0.0,0.0,0.0,0.0,0.0,0.0,0.0,0.0,0.0,0.0,0.0,0.0,0.0,0.0,0.0,0.0,0.0,0.0,0.0,0.0,0.0,0.0,0.0,0.0,0.0,0.0,0.0,0.0,0.0,0.0,0.0,0.0,0.0,0.0,0.0,0.0,0.0,0.0,0.0,0.0,0.0,0.0,0.0,0.0,0.0,0.0,0.0,0.0,0.0,0.0,0.0,0.342352,0.0316352,0.498584,0.411144,0.111677,0.202351,0.0258484,0.0395114,0.0,0.151889,0.134387,0.11019,0.0865411,0.0154514,0.285545,0.00457816,0.0275082,0.00727765,0.0
0.0,0.0,0.00434043,0.0141091,0.0,0.0,0.0,0.0,0.0,0.00189163,0.0327327,0.00354873,0.00341484,0.00214855,0.0,5.40815e-05,0.00262064,0.0206149,0.0,0.00195258,0.0386124,0.0,0.0,0.0,0.0,0.0,0.0519422,0.0,0.000595951,0.0125575,0.222571,8.17782e-07,0.0117192,0.00580137,0.0,0.00901785,0.0,0.00609476,0.00261008,0.0,0.00503574,0.00333206,0.000265438,0.00317078,0.0,0.0,0.0,0.0,0.0,0.0,0.0,0.0,0.0,0.0,0.0,0.0,0.0,0.0,0.0,0.0,0.0,0.0,0.0,0.0,0.0,0.0,0.0,0.0,0.0,0.0,0.0,0.0,0.0,0.0,0.0,0.0,0.0,0.0,0.0,0.0,0.0,0.0,0.0,0.0,0.0,0.0,0.0,0.0,0.0,0.0,0.0,0.0,0.0,0.0,0.0,0.332315,0.0317419,0.495252,0.415829,0.113005,0.200584,0.0261188,0.0396524,0.0,0.154888,0.135626,0.11055,0.0875934,0.0155564,0.280576,0.00466544,0.0275384,0.00732887,0.0
0.0,0.0,0.00444089,0.0141091,0.0,0.0,0.0,0.0,0.0,0.00191123,0.0327732,0.00356269,0.00344275,0.00215504,0.0,5.4111e-05,0.00262483,0.0206153,0.0,0.00194942,0.0386661,0.0,0.0,0.0,0.0,0.0,0.0521759,0.0,0.000606299,0.01272,0.224567,8.17782e-07,0.0119025,0.00580153,0.0,0.00902944,0.0,0.00615815,0.00264429,0.0,0.00503984,0.00333523,0.000265922,0.00317055,0.0,0.0,0.0,0.0,0.0,0.0,0.0,0.0,0.0,0.0,0.0,0.0,0.0,0.0,0.0,0.0,0.0,0.0,0.0,0.0,0.0,0.0,0.0,0.0,0.0,0.0,0.0,0.0,0.0,0.0,0.0,0.0,0.0,0.0,0.0,0.0,0.0,0.0,0.0,0.0,0.0,0.0,0.0,0.0,0.0,0.0,0.0,0.0,0.0,0.0,0.0,0.320813,0.0318488,0.491326,0.419939,0.11433,0.198752,0.0263892,0.0397939,0.0,0.157852,0.136865,0.110911,0.0886465,0.0156614,0.275372,0.00475218,0.0275684,0.00737747,0.0
0.0,0.0,0.0045412,0.0141092,0.0,0.0,0.0,0.0,0.0,0.0019308,0.0328137,0.0035768,0.0034707,0.00216154,0.0,5.41422e-05,0.00262896,0.0206216,0.0,0.00194759,0.0387204,0.0,0.0,0.0,0.0,0.0,0.0524099,0.0,0.000616683,0.0128825,0.226562,8.17782e-07,0.0120863,0.00580369,0.0,0.00904093,0.0,0.00622155,0.00267823,0.0,0.00504437,0.00333834,0.00026651,0.00317109,0.0,0.0,0.0,0.0,0.0,0.0,0.0,0.0,0.0,0.0,0.0,0.0,0.0,0.0,0.0,0.0,0.0,0.0,0.0,0.0,0.0,0.0,0.0,0.0,0.0,0.0,0.0,0.0,0.0,0.0,0.0,0.0,0.0,0.0,0.0,0.0,0.0,0.0,0.0,0.0,0.0,0.0,0.0,0.0,0.0,0.0,0.0,0.0,0.0,0.0,0.0,0.313464,0.0319552,0.491436,0.425923,0.115785,0.199546,0.0266594,0.0399353,0.0,0.160762,0.138104,0.111265,0.0896995,0.0157667,0.275477,0.00483927,0.0275983,0.00746049,0.0
0.0,0.0,0.00464153,0.0141101,0.0,0.0,0.0,0.0,0.0,0.00197615,0.0328561,0.00360481,0.0035054,0.00216855,0.0,5.41758e-05,0.00263355,0.0206483,0.0,0.00194578,0.0387674,0.0,0.0,0.0,0.0,0.0,0.0526391,0.0,0.000623854,0.0131384,0.228057,8.17782e-07,0.0124181,0.00581487,0.0,0.00905447,0.0,0.00629526,0.00272997,0.0,0.00504857,0.00334448,0.000267709,0.00317234,0.0,0.0,0.0,0.0,0.0,0.0,0.0,0.0,0.0,0.0,0.0,0.0,0.0,0.0,0.0,0.0,0.0,0.0,0.0,0.0,0.0,0.0,0.0,0.0,0.0,0.0,0.0,0.0,0.0,0.0,0.0,0.0,0.0,0.0,0.0,0.0,0.0,0.0,0.0,0.0,0.0,0.0,0.0,0.0,0.0,0.0,0.0,0.0,0.0,0.0,0.0,0.305383,0.0321537,0.491972,0.432272,0.117476,0.20071,0.0269715,0.0400866,0.0,0.163649,0.139355,0.111648,0.0908928,0.0158945,0.275269,0.00492923,0.0276285,0.00755382,0.0
0.0,0.0,0.00474191,0.0141112,0.0,0.0,0.0,0.0,0.0,0.00202148,0.0328984,0.00363283,0.00354008,0.00217556,0.0,5.42088e-05,0.00263818,0.020675,0.0,0.00194395,0.0388145,0.0,0.0,0.0,0.0,0.0,0.0528682,0.0,0.000630995,0.0133944,0.229552,8.17782e-07,0.0127498,0.00582629,0.0,0.00906803,0.0,0.00636888,0.00278148,0.0,0.00505269,0.00335074,0.000268906,0.00317361,0.0,0.0,0.0,0.0,0.0,0.0,0.0,0.0,0.0,0.0,0.0,0.0,0.0,0.0,0.0,0.0,0.0,0.0,0.0,0.0,0.0,0.0,0.0,0.0,0.0,0.0,0.0,0.0,0.0,0.0,0.0,0.0,0.0,0.0,0.0,0.0,0.0,0.0,0.0,0.0,0.0,0.0,0.0,0.0,0.0,0.0,0.0,0.0,0.0,0.0,0.0,0.297187,0.0323524,0.492141,0.438071,0.119166,0.201874,0.0272839,0.0402379,0.0,0.166511,0.140606,0.112031,0.0920862,0.0160227,0.274549,0.00501859,0.0276586,0.00764685,0.0
0.0,0.0,0.00484222,0.0141121,0.0,0.0,0.0,0.0,0.0,0.00206681,0.0329409,0.00366081,0.00357479,0.00218258,0.0,5.42424e-05,0.0026428,0.0207016,0.0,0.00194213,0.0388613,0.0,0.0,0.0,0.0,0.0,0.0530972,0.0,0.000638197,0.0136503,0.231047,8.17782e-07,0.0130817,0.0058376,0.0,0.00908161,0.0,0.00644253,0.00283307,0.0,0.00505685,0.00335699,0.000270124,0.00317487,0.0,0.0,0.0,0.0,0.0,0.0,0.0,0.0,0.0,0.0,0.0,0.0,0.0,0.0,0.0,0.0,0.0,0.0,0.0,0.0,0.0,0.0,0.0,0.0,0.0,0.0,0.0,0.0,0.0,0.0,0.0,0.0,0.0,0.0,0.0,0.0,0.0,0.0,0.0,0.0,0.0,0.0,0.0,0.0,0.0,0.0,0.0,0.0,0.0,0.0,0.0,0.288998,0.0325515,0.492226,0.443371,0.120856,0.203038,0.0275961,0.040389,0.0,0.169346,0.141858,0.112413,0.0932805,0.0161509,0.273486,0.00510824,0.0276891,0.00774014,0.0
0.0,0.0,0.00494256,0.0141132,0.0,0.0,0.0,0.0,0.0,0.00211218,0.0329832,0.00368877,0.00360952,0.00218958,0.0,5.4276e-05,0.00264743,0.0207283,0.0,0.00194031,0.0389083,0.0,0.0,0.0,0.0,0.0,0.0533263,0.0,0.00064537,0.0139062,0.232543,8.17782e-07,0.0134133,0.00584872,0.0,0.00909515,0.0,0.00651592,0.0028846,0.0,0.00506101,0.00336317,0.00027132,0.00317609,0.0,0.0,0.0,0.0,0.0,0.0,0.0,0.0,0.0,0.0,0.0,0.0,0.0,0.0,0.0,0.0,0.0,0.0,0.0,0.0,0.0,0.0,0.0,0.0,0.0,0.0,0.0,0.0,0.0,0.0,0.0,0.0,0.0,0.0,0.0,0.0,0.0,0.0,0.0,0.0,0.0,0.0,0.0,0.0,0.0,0.0,0.0,0.0,0.0,0.0,0.0,0.280777,0.0327498,0.492272,0.448045,0.122547,0.204202,0.0279086,0.0405409,0.0,0.172094,0.143109,0.112796,0.0944734,0.0162791,0.271834,0.00519812,0.0277191,0.00783342,0.0
0.0,0.0,0.00504297,0.0141138,0.0,0.0,0.0,0.0,0.0,0.00215755,0.0330256,0.00371677,0.0036442,0.00219661,0.0,5.43096e-05,0.00265204,0.020755,0.0,0.00193849,0.0389551,0.0,0.0,0.0,0.0,0.0,0.0535554,0.0,0.000652498,0.0141619,0.234038,8.17782e-07,0.0137451,0.00586005,0.0,0.00910877,0.0,0.0065897,0.00293617,0.0,0.00506515,0.00336945,0.000272508,0.00317737,0.0,0.0,0.0,0.0,0.0,0.0,0.0,0.0,0.0,0.0,0.0,0.0,0.0,0.0,0.0,0.0,0.0,0.0,0.0,0.0,0.0,0.0,0.0,0.0,0.0,0.0,0.0,0.0,0.0,0.0,0.0,0.0,0.0,0.0,0.0,0.0,0.0,0.0,0.0,0.0,0.0,0.0,0.0,0.0,0.0,0.0,0.0,0.0,0.0,0.0,0.0,0.272553,0.0329483,0.492319,0.452369,0.124237,0.205366,0.0281341,0.0406918,0.0,0.174757,0.144361,0.113178,0.0956677,0.0164072,0.270074,0.00528768,0.0277494,0.0079265,0.0
0.0,0.0,0.00514324,0.0141151,0.0,0.0,0.0,0.0,0.0,0.00220288,0.033068,0.00374473,0.00367889,0.00220362,0.0,5.43426e-05,0.00265667,0.0207818,0.0,0.00193666,0.0390022,0.0,0.0,0.0,0.0,0.0,0.0537844,0.0,0.000659663,0.014418,0.235533,8.17782e-07,0.014077,0.00587132,0.0,0.0091223,0.0,0.00666292,0.00298793,0.0,0.00506933,0.00337568,0.000273705,0.00317858,0.0,0.0,0.0,0.0,0.0,0.0,0.0,0.0,0.0,0.0,0.0,0.0,0.0,0.0,0.0,0.0,0.0,0.0,0.0,0.0,0.0,0.0,0.0,0.0,0.0,0.0,0.0,0.0,0.0,0.0,0.0,0.0,0.0,0.0,0.0,0.0,0.0,0.0,0.0,0.0,0.0,0.0,0.0,0.0,0.0,0.0,0.0,0.0,0.0,0.0,0.0,0.264337,0.0331466,0.492358,0.456355,0.125927,0.20653,0.0283507,0.0408432,0.0,0.177373,0.14558,0.11356,0.0968606,0.0165354,0.268218,0.00537744,0.0277796,0.00801976,0.0
0.0,0.0,0.0052437,0.0141159,0.0,0.0,0.0,0.0,0.0,0.00224819,0.0331103,0.00377265,0.00371356,0.00221064,0.0,5.43762e-05,0.0026613,0.0208084,0.0,0.00193484,0.0390492,0.0,0.0,0.0,0.0,0.0,0.0540137,0.0,0.000666791,0.0146737,0.237028,8.17782e-07,0.0144083,0.00588258,0.0,0.00913581,0.0,0.00673661,0.00303936,0.0,0.0050735,0.00338186,0.000274901,0.0031798,0.0,0.0,0.0,0.0,0.0,0.0,0.0,0.0,0.0,0.0,0.0,0.0,0.0,0.0,0.0,0.0,0.0,0.0,0.0,0.0,0.0,0.0,0.0,0.0,0.0,0.0,0.0,0.0,0.0,0.0,0.0,0.0,0.0,0.0,0.0,0.0,0.0,0.0,0.0,0.0,0.0,0.0,0.0,0.0,0.0,0.0,0.0,0.0,0.0,0.0,0.0,0.256129,0.0333454,0.492296,0.460187,0.127619,0.207694,0.028491,0.0409947,0.0,0.179739,0.146794,0.113943,0.0980549,0.0166635,0.266266,0.00546721,0.02781,0.00811283,0.0
0.0,0.0,0.00534407,0.0141166,0.0,0.0,0.0,0.0,0.0,0.00229355,0.0331527,0.00380066,0.00374827,0.00221764,0.0,5.44098e-05,0.00266593,0.0208351,0.0,0.00193301,0.0390961,0.0,0.0,0.0,0.0,0.0,0.0542424,0.0,0.000673973,0.0149295,0.238523,8.17782e-07,0.0147401,0.00589392,0.0,0.00914937,0.0,0.00681048,0.00309122,0.0,0.00507768,0.00338811,0.000276107,0.00318103,0.0,0.0,0.0,0.0,0.0,0.0,0.0,0.0,0.0,0.0,0.0,0.0,0.0,0.0,0.0,0.0,0.0,0.0,0.0,0.0,0.0,0.0,0.0,0.0,0.0,0.0,0.0,0.0,0.0,0.0,0.0,0.0,0.0,0.0,0.0,0.0,0.0,0.0,0.0,0.0,0.0,0.0,0.0,0.0,0.0,0.0,0.0,0.0,0.0,0.0,0.0,0.24793,0.033544,0.491543,0.46296,0.129308,0.208859,0.0285066,0.0411459,0.0,0.182026,0.148009,0.114325,0.0992485,0.0167916,0.264221,0.00555678,0.0278402,0.00820621,0.0
0.0,0.0,0.00544448,0.0141179,0.0,0.0,0.0,0.0,0.0,0.0023389,0.0331952,0.00382866,0.00378297,0.00222469,0.0,5.44429e-05,0.00267055,0.0208617,0.0,0.0019312,0.039143,0.0,0.0,0.0,0.0,0.0,0.0544716,0.0,0.00068116,0.0151855,0.240018,8.17782e-07,0.0150718,0.00590528,0.0,0.00916292,0.0,0.0068838,0.00314259,0.0,0.00508186,0.00339434,0.000277306,0.0031823,0.0,0.0,0.0,0.0,0.0,0.0,0.0,0.0,0.0,0.0,0.0,0.0,0.0,0.0,0.0,0.0,0.0,0.0,0.0,0.0,0.0,0.0,0.0,0.0,0.0,0.0,0.0,0.0,0.0,0.0,0.0,0.0,0.0,0.0,0.0,0.0,0.0,0.0,0.0,0.0,0.0,0.0,0.0,0.0,0.0,0.0,0.0,0.0,0.0,0.0,0.0,0.239737,0.0337426,0.490378,0.464487,0.130999,0.210023,0.028367,0.0412973,0.0,0.184209,0.149224,0.114708,0.100442,0.0169197,0.262073,0.00564643,0.0278704,0.0082992,0.0
0.0,0.0,0.00554482,0.0141183,0.0,0.0,0.0,0.0,0.0,0.00238422,0.0332376,0.00385664,0.00381765,0.00223159,0.0,5.44765e-05,0.00267516,0.0208881,0.0,0.00192949,0.0391903,0.0,0.0,0.0,0.0,0.0,0.0547007,0.0,0.000688316,0.0154415,0.241513,8.17782e-07,0.0154037,0.00591646,0.0,0.00917648,0.0,0.00695748,0.00319412,0.0,0.00508715,0.00340052,0.000278503,0.00318366,0.0,0.0,0.0,0.0,0.0,0.0,0.0,0.0,0.0,0.0,0.0,0.0,0.0,0.0,0.0,0.0,0.0,0.0,0.0,0.0,0.0,0.0,0.0,0.0,0.0,0.0,0.0,0.0,0.0,0.0,0.0,0.0,0.0,0.0,0.0,0.0,0.0,0.0,0.0,0.0,0.0,0.0,0.0,0.0,0.0,0.0,0.0,0.0,0.0,0.0,0.0,0.237457,0.0339415,0.49244,0.469013,0.13269,0.211188,0.0284201,0.0414487,0.0,0.186411,0.15046,0.115089,0.101635,0.0170478,0.262898,0.00573609,0.0279006,0.00839235,0.0
0.0,0.0,0.00562181,0.0141182,0.0,0.0,0.0,0.0,0.0,0.00242683,0.0332719,0.00388209,0.00383873,0.00223219,0.0,5.44888e-05,0.00267827,0.0209143,0.0,0.00192777,0.0392286,0.0,0.0,0.0,0.0,0.0,0.0548826,0.0,0.000694172,0.0156536,0.242286,8.17782e-07,0.0156901,0.00592391,0.0,0.00918594,0.0,0.00701018,0.00323772,0.0,0.00509753,0.00340589,0.000279468,0.00318474,0.0,0.0,0.0,0.0,0.0,0.0,0.0,0.0,0.0,0.0,0.0,0.0,0.0,0.0,0.0,0.0,0.0,0.0,0.0,0.0,0.0,0.0,0.0,0.0,0.0,0.0,0.0,0.0,0.0,0.0,0.0,0.0,0.0,0.0,0.0,0.0,0.0,0.0,0.0,0.0,0.0,0.0,0.0,0.0,0.0,0.0,0.0,0.0,0.0,0.0,0.0,0.235156,0.0341455,0.494097,0.47303,0.134168,0.212156,0.0283877,0.0415863,0.0,0.188467,0.151637,0.115425,0.102498,0.0171569,0.263524,0.00580497,0.0279194,0.00845791,0.0
0.0,0.0,0.00569889,0.0141178,0.0,0.0,0.0,0.0,0.0,0.00246942,0.0333062,0.00390769,0.00385975,0.00223284,0.0,5.45018e-05,0.00268135,0.0209403,0.0,0.00192606,0.0392668,0.0,0.0,0.0,0.0,0.0,0.0550645,0.0,0.000699971,0.015866,0.24306,8.17782e-07,0.0159766,0.0059312,0.0,0.00919523,0.0,0.00706317,0.00328105,0.0,0.00510794,0.00341115,0.000280414,0.00318576,0.0,0.0,0.0,0.0,0.0,0.0,0.0,0.0,0.0,0.0,0.0,0.0,0.0,0.0,0.0,0.0,0.0,0.0,0.0,0.0,0.0,0.0,0.0,0.0,0.0,0.0,0.0,0.0,0.0,0.0,0.0,0.0,0.0,0.0,0.0,0.0,0.0,0.0,0.0,0.0,0.0,0.0,0.0,0.0,0.0,0.0,0.0,0.0,0.0,0.0,0.0,0.23285,0.03435,0.49567,0.476868,0.135646,0.213125,0.02833,0.0417245,0.0,0.190477,0.152814,0.115761,0.103361,0.0172659,0.263943,0.00587425,0.027938,0.00852325,0.0
0.0,0.0,0.00577561,0.0141177,0.0,0.0,0.0,0.0,0.0,0.002512,0.0333404,0.0039331,0.00388081,0.00223348,0.0,5.45142e-05,0.00268446,0.0209664,0.0,0.00192435,0.039305,0.0,0.0,0.0,0.0,0.0,0.0552464,0.0,0.000705827,0.016078,0.243831,8.17782e-07,0.0162634,0.00593862,0.0,0.0092046,0.0,0.00711584,0.00332454,0.0,0.00511834,0.00341648,0.000281382,0.0031869,0.0,0.0,0.0,0.0,0.0,0.0,0.0,0.0,0.0,0.0,0.0,0.0,0.0,0.0,0.0,0.0,0.0,0.0,0.0,0.0,0.0,0.0,0.0,0.0,0.0,0.0,0.0,0.0,0.0,0.0,0.0,0.0,0.0,0.0,0.0,0.0,0.0,0.0,0.0,0.0,0.0,0.0,0.0,0.0,0.0,0.0,0.0,0.0,0.0,0.0,0.0,0.230522,0.0345539,0.497226,0.480454,0.137125,0.214093,0.0282685,0.0418621,0.0,0.192174,0.153992,0.116097,0.104223,0.0173748,0.263547,0.0059431,0.0279568,0.00858878,0.0
0.0,0.0,0.00585272,0.0141173,0.0,0.0,0.0,0.0,0.0,0.00255459,0.0333748,0.00395856,0.00390183,0.00223411,0.0,5.45277e-05,0.00268757,0.0209925,0.0,0.00192265,0.0393432,0.0,0.0,0.0,0.0,0.0,0.0554285,0.0,0.000711602,0.0162904,0.244605,8.17782e-07,0.0165498,0.00594607,0.0,0.00921398,0.0,0.00716863,0.00336808,0.0,0.00512873,0.00342181,0.000282344,0.00318793,0.0,0.0,0.0,0.0,0.0,0.0,0.0,0.0,0.0,0.0,0.0,0.0,0.0,0.0,0.0,0.0,0.0,0.0,0.0,0.0,0.0,0.0,0.0,0.0,0.0,0.0,0.0,0.0,0.0,0.0,0.0,0.0,0.0,0.0,0.0,0.0,0.0,0.0,0.0,0.0,0.0,0.0,0.0,0.0,0.0,0.0,0.0,0.0,0.0,0.0,0.0,0.228133,0.0347567,0.498761,0.483879,0.138604,0.215062,0.0281884,0.0419998,0.0,0.193285,0.155169,0.116433,0.105087,0.0174838,0.262612,0.0060125,0.0279753,0.00865399,0.0
0.0,0.0,0.00592962,0.014117,0.0,0.0,0.0,0.0,0.0,0.00259718,0.0334089,0.0039841,0.00392287,0.00223476,0.0,5.45401e-05,0.00269066,0.0210186,0.0,0.00192094,0.0393814,0.0,0.0,0.0,0.0,0.0,0.0556105,0.0,0.000717489,0.0165026,0.245377,8.17782e-07,0.0168363,0.00595335,0.0,0.00922335,0.0,0.00722167,0.00341141,0.0,0.00513923,0.00342714,0.0002833,0.00318897,0.0,0.0,0.0,0.0,0.0,0.0,0.0,0.0,0.0,0.0,0.0,0.0,0.0,0.0,0.0,0.0,0.0,0.0,0.0,0.0,0.0,0.0,0.0,0.0,0.0,0.0,0.0,0.0,0.0,0.0,0.0,0.0,0.0,0.0,0.0,0.0,0.0,0.0,0.0,0.0,0.0,0.0,0.0,0.0,0.0,0.0,0.0,0.0,0.0,0.0,0.0,0.225695,0.0349604,0.500268,0.487312,0.140082,0.216029,0.0280963,0.0421377,0.0,0.19429,0.156346,0.116768,0.105949,0.0175928,0.26133,0.00608137,0.0279941,0.00871949,0.0
0.0,0.0,0.00600676,0.0141167,0.0,0.0,0.0,0.0,0.0,0.00263977,0.0334435,0.00400956,0.0039439,0.00223538,0.0,5.45531e-05,0.00269375,0.0210447,0.0,0.00191923,0.0394197,0.0,0.0,0.0,0.0,0.0,0.0557923,0.0,0.00072332,0.0167149,0.24615,8.17782e-07,0.0171232,0.0059608,0.0,0.00923278,0.0,0.0072744,0.00345489,0.0,0.00514968,0.00343242,0.000284253,0.00319003,0.0,0.0,0.0,0.0,0.0,0.0,0.0,0.0,0.0,0.0,0.0,0.0,0.0,0.0,0.0,0.0,0.0,0.0,0.0,0.0,0.0,0.0,0.0,0.0,0.0,0.0,0.0,0.0,0.0,0.0,0.0,0.0,0.0,0.0,0.0,0.0,0.0,0.0,0.0,0.0,0.0,0.0,0.0,0.0,0.0,0.0,0.0,0.0,0.0,0.0,0.0,0.223251,0.0351638,0.501752,0.490753,0.14156,0.216998,0.0279641,0.0422753,0.0,0.195236,0.157523,0.117104,0.106812,0.0177019,0.259676,0.00615087,0.028013,0.00878493,0.0
0.0,0.0,0.00608355,0.0141165,0.0,0.0,0.0,0.0,0.0,0.00268237,0.0334777,0.00403506,0.00396494,0.00223601,0.0,5.45654e-05,0.00269687,0.0210708,0.0,0.00191752,0.0394579,0.0,0.0,0.0,0.0,0.0,0.0559742,0.0,0.000729171,0.0169272,0.246923,8.17782e-07,0.0174094,0.00596813,0.0,0.00924214,0.0,0.00732753,0.00349831,0.0,0.0051601,0.00343772,0.00028522,0.00319109,0.0,0.0,0.0,0.0,0.0,0.0,0.0,0.0,0.0,0.0,0.0,0.0,0.0,0.0,0.0,0.0,0.0,0.0,0.0,0.0,0.0,0.0,0.0,0.0,0.0,0.0,0.0,0.0,0.0,0.0,0.0,0.0,0.0,0.0,0.0,0.0,0.0,0.0,0.0,0.0,0.0,0.0,0.0,0.0,0.0,0.0,0.0,0.0,0.0,0.0,0.0,0.2208,0.0353674,0.50322,0.494201,0.143039,0.217967,0.0276587,0.0424132,0.0,0.196116,0.1587,0.11744,0.107675,0.017811,0.257962,0.00621973,0.0280316,0.00885027,0.0
0.0,0.0,0.00616069,0.0141163,0.0,0.0,0.0,0.0,0.0,0.00272496,0.0335121,0.00406056,0.00398596,0.00223664,0.0,5.4579e-05,0.00269996,0.0210969,0.0,0.00191581,0.0394963,0.0,0.0,0.0,0.0,0.0,0.0561562,0.0,0.000735028,0.0171395,0.247694,8.17782e-07,0.0176962,0.00597558,0.0,0.00925144,0.0,0.00738014,0.00354175,0.0,0.00517052,0.00344305,0.000286164,0.00319216,0.0,0.0,0.0,0.0,0.0,0.0,0.0,0.0,0.0,0.0,0.0,0.0,0.0,0.0,0.0,0.0,0.0,0.0,0.0,0.0,0.0,0.0,0.0,0.0,0.0,0.0,0.0,0.0,0.0,0.0,0.0,0.0,0.0,0.0,0.0,0.0,0.0,0.0,0.0,0.0,0.0,0.0,0.0,0.0,0.0,0.0,0.0,0.0,0.0,0.0,0.0,0.218344,0.0355707,0.504647,0.497656,0.144517,0.218935,0.0271936,0.0425512,0.0,0.196928,0.159878,0.117776,0.108537,0.0179198,0.256164,0.0062884,0.0280504,0.00891571,0.0
0.0,0.0,0.00623766,0.0141162,0.0,0.0,0.0,0.0,0.0,0.00276756,0.0335462,0.004086,0.00400704,0.00223728,0.0,5.45908e-05,0.00270304,0.021123,0.0,0.0019141,0.0395345,0.0,0.0,0.0,0.0,0.0,0.0563381,0.0,0.000740887,0.0173517,0.248467,8.17782e-07,0.0179831,0.00598288,0.0,0.00926087,0.0,0.00743304,0.00358516,0.0,0.00518094,0.00344837,0.000287129,0.00319318,0.0,0.0,0.0,0.0,0.0,0.0,0.0,0.0,0.0,0.0,0.0,0.0,0.0,0.0,0.0,0.0,0.0,0.0,0.0,0.0,0.0,0.0,0.0,0.0,0.0,0.0,0.0,0.0,0.0,0.0,0.0,0.0,0.0,0.0,0.0,0.0,0.0,0.0,0.0,0.0,0.0,0.0,0.0,0.0,0.0,0.0,0.0,0.0,0.0,0.0,0.0,0.215833,0.0357744,0.506054,0.501122,0.145996,0.219904,0.026446,0.0426888,0.0,0.197652,0.161055,0.118112,0.1094,0.0180289,0.254116,0.00635797,0.0280691,0.00898106,0.0
0.0,0.0,0.00631462,0.0141157,0.0,0.0,0.0,0.0,0.0,0.00281016,0.0335806,0.00411156,0.00402803,0.00223789,0.0,5.46044e-05,0.00270612,0.0211488,0.0,0.0019127,0.0395728,0.0,0.0,0.0,0.0,0.0,0.0565201,0.0,0.000746716,0.0175638,0.24924,8.17782e-07,0.0182696,0.00599025,0.0,0.00927027,0.0,0.00748575,0.0036287,0.0,0.00519101,0.00345367,0.000288094,0.00319442,0.0,0.0,0.0,0.0,0.0,0.0,0.0,0.0,0.0,0.0,0.0,0.0,0.0,0.0,0.0,0.0,0.0,0.0,0.0,0.0,0.0,0.0,0.0,0.0,0.0,0.0,0.0,0.0,0.0,0.0,0.0,0.0,0.0,0.0,0.0,0.0,0.0,0.0,0.0,0.0,0.0,0.0,0.0,0.0,0.0,0.0,0.0,0.0,0.0,0.0,0.0,0.213874,0.0359781,0.508511,0.506628,0.147474,0.220876,0.0259455,0.0428268,0.0,0.200013,0.162234,0.118445,0.110262,0.0181379,0.254243,0.00642707,0.0280879,0.00904634,0.0
0.0,0.0,0.00638151,0.0141142,0.0,0.0,0.0,0.0,0.0,0.00284398,0.0336111,0.00413136,0.00404599,0.00223815,0.0,5.46149e-05,0.00270805,0.0211696,0.0,0.00191129,0.0396038,0.0,0.0,0.0,0.0,0.0,0.0566077,0.0,0.000753644,0.017757,0.249699,8.17782e-07,0.018533,0.00599886,0.0,0.00927892,0.0,0.00753387,0.00366962,0.0,0.00519287,0.00345863,0.000289018,0.00319555,0.0,0.0,0.0,0.0,0.0,0.0,0.0,0.0,0.0,0.0,0.0,0.0,0.0,0.0,0.0,0.0,0.0,0.0,0.0,0.0,0.0,0.0,0.0,0.0,0.0,0.0,0.0,0.0,0.0,0.0,0.0,0.0,0.0,0.0,0.0,0.0,0.0,0.0,0.0,0.0,0.0,0.0,0.0,0.0,0.0,0.0,0.0,0.0,0.0,0.0,0.0,0.211978,0.0361215,0.510898,0.512039,0.148886,0.221791,0.0253164,0.0429585,0.0,0.202196,0.163391,0.118761,0.111028,0.0182399,0.253785,0.00648767,0.0281041,0.00910244,0.0
0.0,0.0,0.00644864,0.0141127,0.0,0.0,0.0,0.0,0.0,0.00287787,0.0336413,0.00415122,0.00406384,0.00223843,0.0,5.46267e-05,0.00270996,0.0211903,0.0,0.0019099,0.0396347,0.0,0.0,0.0,0.0,0.0,0.0566953,0.0,0.00076055,0.0179495,0.250159,8.17782e-07,0.0187966,0.00600774,0.0,0.00928758,0.0,0.00758193,0.00371096,0.0,0.00519475,0.0034636,0.000289944,0.00319668,0.0,0.0,0.0,0.0,0.0,0.0,0.0,0.0,0.0,0.0,0.0,0.0,0.0,0.0,0.0,0.0,0.0,0.0,0.0,0.0,0.0,0.0,0.0,0.0,0.0,0.0,0.0,0.0,0.0,0.0,0.0,0.0,0.0,0.0,0.0,0.0,0.0,0.0,0.0,0.0,0.0,0.0,0.0,0.0,0.0,0.0,0.0,0.0,0.0,0.0,0.0,0.209837,0.036265,0.51328,0.517447,0.150296,0.222707,0.0245712,0.0430905,0.0,0.204366,0.164548,0.119078,0.111794,0.0183422,0.253213,0.00654815,0.0281207,0.00915811,0.0
0.0,0.0,0.00651555,0.0141112,0.0,0.0,0.0,0.0,0.0,0.00291176,0.0336716,0.00417103,0.00408177,0.00223867,0.0,5.46385e-05,0.00271184,0.0212112,0.0,0.0019085,0.0396656,0.0,0.0,0.0,0.0,0.0,0.0567829,0.0,0.000767472,0.0181424,0.250616,8.17782e-07,0.0190602,0.00601653,0.0,0.00929633,0.0,0.00762961,0.00375199,0.0,0.00519659,0.00346859,0.000290874,0.00319782,0.0,0.0,0.0,0.0,0.0,0.0,0.0,0.0,0.0,0.0,0.0,0.0,0.0,0.0,0.0,0.0,0.0,0.0,0.0,0.0,0.0,0.0,0.0,0.0,0.0,0.0,0.0,0.0,0.0,0.0,0.0,0.0,0.0,0.0,0.0,0.0,0.0,0.0,0.0,0.0,0.0,0.0,0.0,0.0,0.0,0.0,0.0,0.0,0.0,0.0,0.0,0.207617,0.0364083,0.515439,0.522818,0.151708,0.223622,0.0236699,0.0432226,0.0,0.20646,0.165704,0.119395,0.112559,0.0184442,0.252014,0.00660895,0.0281372,0.00921416,0.0
0.0,0.0,0.00658266,0.0141096,0.0,0.0,0.0,0.0,0.0,0.00294559,0.0337021,0.00419085,0.00409967,0.00223892,0.0,5.46497e-05,0.00271378,0.0212319,0.0,0.00190709,0.0396965,0.0,0.0,0.0,0.0,0.0,0.0568708,0.0,0.000774372,0.0183352,0.251077,8.17782e-07,0.0193238,0.00602527,0.0,0.00930497,0.0,0.00767767,0.00379304,0.0,0.00519844,0.00347355,0.000291807,0.00319891,0.0,0.0,0.0,0.0,0.0,0.0,0.0,0.0,0.0,0.0,0.0,0.0,0.0,0.0,0.0,0.0,0.0,0.0,0.0,0.0,0.0,0.0,0.0,0.0,0.0,0.0,0.0,0.0,0.0,0.0,0.0,0.0,0.0,0.0,0.0,0.0,0.0,0.0,0.0,0.0,0.0,0.0,0.0,0.0,0.0,0.0,0.0,0.0,0.0,0.0,0.0,0.205196,0.0365519,0.517571,0.527385,0.153118,0.224537,0.0225355,0.0433546,0.0,0.208537,0.16686,0.119712,0.113324,0.0185462,0.249873,0.00666976,0.0281537,0.00927011,0.0
0.0,0.0,0.00664954,0.0141083,0.0,0.0,0.0,0.0,0.0,0.00297949,0.0337324,0.00421067,0.00411757,0.00223919,0.0,5.46615e-05,0.00271567,0.0212525,0.0,0.0019057,0.0397274,0.0,0.0,0.0,0.0,0.0,0.0569581,0.0,0.000781247,0.0185279,0.251535,8.17782e-07,0.0195876,0.0060342,0.0,0.00931353,0.0,0.00772558,0.00383427,0.0,0.00520033,0.0034785,0.000292742,0.00320008,0.0,0.0,0.0,0.0,0.0,0.0,0.0,0.0,0.0,0.0,0.0,0.0,0.0,0.0,0.0,0.0,0.0,0.0,0.0,0.0,0.0,0.0,0.0,0.0,0.0,0.0,0.0,0.0,0.0,0.0,0.0,0.0,0.0,0.0,0.0,0.0,0.0,0.0,0.0,0.0,0.0,0.0,0.0,0.0,0.0,0.0,0.0,0.0,0.0,0.0,0.0,0.202495,0.0366954,0.5197,0.530777,0.154529,0.225452,0.0210463,0.0434866,0.0,0.210486,0.168017,0.120029,0.11409,0.0186483,0.247109,0.00673014,0.02817,0.00932599,0.0
0.0,0.0,0.00671658,0.0141069,0.0,0.0,0.0,0.0,0.0,0.00301334,0.0337627,0.00423047,0.00413549,0.00223944,0.0,5.46733e-05,0.00271759,0.0212733,0.0,0.0019043,0.0397584,0.0,0.0,0.0,0.0,0.0,0.0570459,0.0,0.000788171,0.0187209,0.251994,8.17782e-07,0.019851,0.00604297,0.0,0.00932239,0.0,0.00777332,0.00387539,0.0,0.00520217,0.00348348,0.000293666,0.00320114,0.0,0.0,0.0,0.0,0.0,0.0,0.0,0.0,0.0,0.0,0.0,0.0,0.0,0.0,0.0,0.0,0.0,0.0,0.0,0.0,0.0,0.0,0.0,0.0,0.0,0.0,0.0,0.0,0.0,0.0,0.0,0.0,0.0,0.0,0.0,0.0,0.0,0.0,0.0,0.0,0.0,0.0,0.0,0.0,0.0,0.0,0.0,0.0,0.0,0.0,0.0,0.199709,0.0368388,0.52163,0.533546,0.155942,0.226367,0.0195449,0.0436186,0.0,0.212247,0.169174,0.120346,0.114855,0.0187503,0.24418,0.0067908,0.0281865,0.00938182,0.0
0.0,0.0,0.00678366,0.0141055,0.0,0.0,0.0,0.0,0.0,0.0030472,0.0337931,0.00425035,0.00415342,0.00223971,0.0,5.46851e-05,0.00271948,0.0212941,0.0,0.0019029,0.0397893,0.0,0.0,0.0,0.0,0.0,0.0571333,0.0,0.000795082,0.0189137,0.252453,8.17782e-07,0.0201146,0.00605162,0.0,0.00933107,0.0,0.00782141,0.00391654,0.0,0.00520404,0.00348848,0.000294596,0.0032023,0.0,0.0,0.0,0.0,0.0,0.0,0.0,0.0,0.0,0.0,0.0,0.0,0.0,0.0,0.0,0.0,0.0,0.0,0.0,0.0,0.0,0.0,0.0,0.0,0.0,0.0,0.0,0.0,0.0,0.0,0.0,0.0,0.0,0.0,0.0,0.0,0.0,0.0,0.0,0.0,0.0,0.0,0.0,0.0,0.0,0.0,0.0,0.0,0.0,0.0,0.0,0.196857,0.0369824,0.523532,0.535762,0.157352,0.227283,0.0180303,0.0437506,0.0,0.213875,0.17033,0.120663,0.11562,0.0188524,0.241098,0.00685171,0.028203,0.00943764,0.0
0.0,0.0,0.00685066,0.0141039,0.0,0.0,0.0,0.0,0.0,0.00308107,0.0338234,0.00427018,0.00417131,0.00223997,0.0,5.46969e-05,0.00272137,0.0213148,0.0,0.0019015,0.0398203,0.0,0.0,0.0,0.0,0.0,0.0572211,0.0,0.000801986,0.0191067,0.252911,8.17782e-07,0.020378,0.00606051,0.0,0.00933964,0.0,0.00786921,0.0039575,0.0,0.00520591,0.00349343,0.000295531,0.00320338,0.0,0.0,0.0,0.0,0.0,0.0,0.0,0.0,0.0,0.0,0.0,0.0,0.0,0.0,0.0,0.0,0.0,0.0,0.0,0.0,0.0,0.0,0.0,0.0,0.0,0.0,0.0,0.0,0.0,0.0,0.0,0.0,0.0,0.0,0.0,0.0,0.0,0.0,0.0,0.0,0.0,0.0,0.0,0.0,0.0,0.0,0.0,0.0,0.0,0.0,0.0,0.193875,0.0371258,0.5254,0.537498,0.158763,0.228198,0.0164936,0.0438825,0.0,0.215339,0.171487,0.12098,0.116386,0.0189546,0.237107,0.00691232,0.0282194,0.0094937,0.0
0.0,0.0,0.0069178,0.0141024,0.0,0.0,0.0,0.0,0.0,0.00311489,0.0338536,0.00429001,0.00418925,0.00224024,0.0,5.47075e-05,0.00272328,0.0213357,0.0,0.0019001,0.0398511,0.0,0.0,0.0,0.0,0.0,0.0573087,0.0,0.000808902,0.0192994,0.253371,8.17782e-07,0.0206419,0.00606928,0.0,0.00934842,0.0,0.00791715,0.00399867,0.0,0.00520776,0.00349834,0.000296452,0.00320455,0.0,0.0,0.0,0.0,0.0,0.0,0.0,0.0,0.0,0.0,0.0,0.0,0.0,0.0,0.0,0.0,0.0,0.0,0.0,0.0,0.0,0.0,0.0,0.0,0.0,0.0,0.0,0.0,0.0,0.0,0.0,0.0,0.0,0.0,0.0,0.0,0.0,0.0,0.0,0.0,0.0,0.0,0.0,0.0,0.0,0.0,0.0,0.0,0.0,0.0,0.0,0.190723,0.0372694,0.527008,0.538525,0.160174,0.229113,0.0148125,0.0440144,0.0,0.216599,0.172643,0.121297,0.117151,0.0190567,0.232509,0.00697292,0.0282357,0.00954967,0.0
0.0,0.0,0.00698472,0.0141011,0.0,0.0,0.0,0.0,0.0,0.00314882,0.0338841,0.0043098,0.00420709,0.0022405,0.0,5.47193e-05,0.00272519,0.0213566,0.0,0.00189902,0.0398821,0.0,0.0,0.0,0.0,0.0,0.0573963,0.0,0.000815783,0.0194922,0.253828,8.17782e-07,0.0209054,0.00607803,0.0,0.00935701,0.0,0.00796496,0.00403988,0.0,0.00520991,0.00350334,0.000297399,0.00320576,0.0,0.0,0.0,0.0,0.0,0.0,0.0,0.0,0.0,0.0,0.0,0.0,0.0,0.0,0.0,0.0,0.0,0.0,0.0,0.0,0.0,0.0,0.0,0.0,0.0,0.0,0.0,0.0,0.0,0.0,0.0,0.0,0.0,0.0,0.0,0.0,0.0,0.0,0.0,0.0,0.0,0.0,0.0,0.0,0.0,0.0,0.0,0.0,0.0,0.0,0.0,0.189557,0.0374129,0.528985,0.541439,0.161587,0.23003,0.0145839,0.0441468,0.0,0.21812,0.173803,0.121613,0.117917,0.0191586,0.231774,0.00703361,0.0282523,0.00960541,0.0
0.0,0.0,0.00703378,0.0140997,0.0,0.0,0.0,0.0,0.0,0.00318432,0.0339043,0.00432955,0.00422071,0.00224041,0.0,5.47269e-05,0.00272599,0.0213808,0.0,0.00189797,0.0399055,0.0,0.0,0.0,0.0,0.0,0.0574639,0.0,0.000821074,0.0196437,0.253897,8.17782e-07,0.0211172,0.00608465,0.0,0.00936132,0.0,0.00799132,0.00407352,0.0,0.00521137,0.00350736,0.000298131,0.0032067,0.0,0.0,0.0,0.0,0.0,0.0,0.0,0.0,0.0,0.0,0.0,0.0,0.0,0.0,0.0,0.0,0.0,0.0,0.0,0.0,0.0,0.0,0.0,0.0,0.0,0.0,0.0,0.0,0.0,0.0,0.0,0.0,0.0,0.0,0.0,0.0,0.0,0.0,0.0,0.0,0.0,0.0,0.0,0.0,0.0,0.0,0.0,0.0,0.0,0.0,0.0,0.188693,0.0375158,0.530624,0.543569,0.162718,0.230685,0.0142633,0.0442426,0.0,0.21901,0.174821,0.121859,0.118354,0.0192325,0.230747,0.00707895,0.0282689,0.00963634,0.0
0.0,0.0,0.00708298,0.0140983,0.0,0.0,0.0,0.0,0.0,0.00321982,0.0339243,0.00434929,0.0042344,0.00224031,0.0,5.47346e-05,0.00272681,0.0214048,0.0,0.00189692,0.0399278,0.0,0.0,0.0,0.0,0.0,0.0575317,0.0,0.000826419,0.0197953,0.253964,8.17782e-07,0.0213283,0.00609114,0.0,0.00936582,0.0,0.00801798,0.00410731,0.0,0.00521284,0.00351128,0.00029886,0.00320766,0.0,0.0,0.0,0.0,0.0,0.0,0.0,0.0,0.0,0.0,0.0,0.0,0.0,0.0,0.0,0.0,0.0,0.0,0.0,0.0,0.0,0.0,0.0,0.0,0.0,0.0,0.0,0.0,0.0,0.0,0.0,0.0,0.0,0.0,0.0,0.0,0.0,0.0,0.0,0.0,0.0,0.0,0.0,0.0,0.0,0.0,0.0,0.0,0.0,0.0,0.0,0.187791,0.0376194,0.532199,0.545631,0.16385,0.231339,0.0138111,0.0443387,0.0,0.219885,0.17584,0.122106,0.118791,0.0193061,0.229693,0.00712429,0.0282856,0.00966739,0.0
0.0,0.0,0.00713219,0.0140971,0.0,0.0,0.0,0.0,0.0,0.00325533,0.0339441,0.00436899,0.00424804,0.00224023,0.0,5.47423e-05,0.00272757,0.0214288,0.0,0.00189588,0.0399501,0.0,0.0,0.0,0.0,0.0,0.0575994,0.0,0.000831729,0.0199466,0.254033,8.17782e-07,0.02154,0.0060976,0.0,0.00937018,0.0,0.00804439,0.00414092,0.0,0.0052143,0.00351522,0.000299604,0.00320854,0.0,0.0,0.0,0.0,0.0,0.0,0.0,0.0,0.0,0.0,0.0,0.0,0.0,0.0,0.0,0.0,0.0,0.0,0.0,0.0,0.0,0.0,0.0,0.0,0.0,0.0,0.0,0.0,0.0,0.0,0.0,0.0,0.0,0.0,0.0,0.0,0.0,0.0,0.0,0.0,0.0,0.0,0.0,0.0,0.0,0.0,0.0,0.0,0.0,0.0,0.0,0.186887,0.0377229,0.533726,0.547595,0.164982,0.231994,0.0132446,0.0444346,0.0,0.220715,0.176859,0.122353,0.119229,0.0193802,0.228609,0.00716941,0.0283021,0.0096984,0.0
0.0,0.0,0.0071813,0.0140958,0.0,0.0,0.0,0.0,0.0,0.0032908,0.0339644,0.00438875,0.00426169,0.00224013,0.0,5.47488e-05,0.00272837,0.021453,0.0,0.00189483,0.0399724,0.0,0.0,0.0,0.0,0.0,0.0576672,0.0,0.000837008,0.0200981,0.254101,8.17782e-07,0.0217518,0.00610417,0.0,0.00937467,0.0,0.0080706,0.00417467,0.0,0.00521576,0.00351915,0.000300343,0.00320942,0.0,0.0,0.0,0.0,0.0,0.0,0.0,0.0,0.0,0.0,0.0,0.0,0.0,0.0,0.0,0.0,0.0,0.0,0.0,0.0,0.0,0.0,0.0,0.0,0.0,0.0,0.0,0.0,0.0,0.0,0.0,0.0,0.0,0.0,0.0,0.0,0.0,0.0,0.0,0.0,0.0,0.0,0.0,0.0,0.0,0.0,0.0,0.0,0.0,0.0,0.0,0.185981,0.0378262,0.535154,0.549312,0.166114,0.232649,0.0126586,0.0445247,0.0,0.221516,0.177878,0.1226,0.119666,0.0194539,0.227497,0.00721453,0.0283186,0.00972965,0.0
0.0,0.0,0.00723058,0.0140946,0.0,0.0,0.0,0.0,0.0,0.00332631,0.0339844,0.00440851,0.00427536,0.00224002,0.0,5.47564e-05,0.00272921,0.021477,0.0,0.00189378,0.0399948,0.0,0.0,0.0,0.0,0.0,0.057735,0.0,0.000842395,0.0202499,0.254169,8.17782e-07,0.0219631,0.00611078,0.0,0.00937918,0.0,0.00809703,0.0042083,0.0,0.00521725,0.00352316,0.000301058,0.00321033,0.0,0.0,0.0,0.0,0.0,0.0,0.0,0.0,0.0,0.0,0.0,0.0,0.0,0.0,0.0,0.0,0.0,0.0,0.0,0.0,0.0,0.0,0.0,0.0,0.0,0.0,0.0,0.0,0.0,0.0,0.0,0.0,0.0,0.0,0.0,0.0,0.0,0.0,0.0,0.0,0.0,0.0,0.0,0.0,0.0,0.0,0.0,0.0,0.0,0.0,0.0,0.185074,0.0379292,0.536433,0.55076,0.167246,0.233302,0.0120518,0.0446119,0.0,0.222295,0.178897,0.122847,0.120104,0.0195275,0.226354,0.00725977,0.0283352,0.00976055,0.0
0.0,0.0,0.00727977,0.014093,0.0,0.0,0.0,0.0,0.0,0.00336185,0.0340043,0.00442825,0.00428902,0.00223993,0.0,5.47641e-05,0.00272999,0.0215011,0.0,0.00189274,0.0400172,0.0,0.0,0.0,0.0,0.0,0.0578025,0.0,0.000847672,0.0204015,0.254236,8.17782e-07,0.0221748,0.00611732,0.0,0.00938355,0.0,0.00812352,0.00424207,0.0,0.00521871,0.0035271,0.000301794,0.0032112,0.0,0.0,0.0,0.0,0.0,0.0,0.0,0.0,0.0,0.0,0.0,0.0,0.0,0.0,0.0,0.0,0.0,0.0,0.0,0.0,0.0,0.0,0.0,0.0,0.0,0.0,0.0,0.0,0.0,0.0,0.0,0.0,0.0,0.0,0.0,0.0,0.0,0.0,0.0,0.0,0.0,0.0,0.0,0.0,0.0,0.0,0.0,0.0,0.0,0.0,0.0,0.184165,0.0380327,0.537662,0.551887,0.168377,0.233957,0.0114273,0.044699,0.0,0.223042,0.179915,0.123094,0.120541,0.0196012,0.225185,0.00730499,0.028352,0.0097915,0.0
0.0,0.0,0.00732898,0.0140918,0.0,0.0,0.0,0.0,0.0,0.00339732,0.0340246,0.004448,0.00430258,0.00223984,0.0,5.47718e-05,0.00273076,0.0215251,0.0,0.00189169,0.0400394,0.0,0.0,0.0,0.0,0.0,0.0578703,0.0,0.000852995,0.020553,0.254305,8.17782e-07,0.0223864,0.00612378,0.0,0.00938793,0.0,0.00814972,0.00427569,0.0,0.00522017,0.00353103,0.00030254,0.0032122,0.0,0.0,0.0,0.0,0.0,0.0,0.0,0.0,0.0,0.0,0.0,0.0,0.0,0.0,0.0,0.0,0.0,0.0,0.0,0.0,0.0,0.0,0.0,0.0,0.0,0.0,0.0,0.0,0.0,0.0,0.0,0.0,0.0,0.0,0.0,0.0,0.0,0.0,0.0,0.0,0.0,0.0,0.0,0.0,0.0,0.0,0.0,0.0,0.0,0.0,0.0,0.18313,0.0381361,0.53889,0.552707,0.16951,0.234612,0.010778,0.0447862,0.0,0.223708,0.180935,0.123341,0.120979,0.0196752,0.223987,0.00735044,0.0283686,0.00982239,0.0
0.0,0.0,0.00737806,0.0140904,0.0,0.0,0.0,0.0,0.0,0.00343284,0.0340446,0.00446772,0.0043163,0.00223975,0.0,5.47794e-05,0.00273155,0.0215491,0.0,0.00189064,0.0400617,0.0,0.0,0.0,0.0,0.0,0.0579379,0.0,0.00085833,0.0207045,0.254373,8.17782e-07,0.0225978,0.00613029,0.0,0.00939241,0.0,0.0081762,0.00430949,0.0,0.00522162,0.00353499,0.000303267,0.00321305,0.0,0.0,0.0,0.0,0.0,0.0,0.0,0.0,0.0,0.0,0.0,0.0,0.0,0.0,0.0,0.0,0.0,0.0,0.0,0.0,0.0,0.0,0.0,0.0,0.0,0.0,0.0,0.0,0.0,0.0,0.0,0.0,0.0,0.0,0.0,0.0,0.0,0.0,0.0,0.0,0.0,0.0,0.0,0.0,0.0,0.0,0.0,0.0,0.0,0.0,0.0,0.181997,0.0382395,0.54012,0.553165,0.170641,0.235266,0.0101121,0.0448734,0.0,0.224314,0.181954,0.123588,0.121416,0.019749,0.222761,0.00739567,0.0283852,0.00985347,0.0
0.0,0.0,0.00742728,0.014089,0.0,0.0,0.0,0.0,0.0,0.00346832,0.0340646,0.00448752,0.00432994,0.00223966,0.0,5.47859e-05,0.00273237,0.0215733,0.0,0.0018896,0.0400841,0.0,0.0,0.0,0.0,0.0,0.0580057,0.0,0.000863615,0.020856,0.254441,8.17782e-07,0.0228092,0.00613679,0.0,0.00939674,0.0,0.00820278,0.00434314,0.0,0.00522307,0.00353899,0.000304001,0.00321401,0.0,0.0,0.0,0.0,0.0,0.0,0.0,0.0,0.0,0.0,0.0,0.0,0.0,0.0,0.0,0.0,0.0,0.0,0.0,0.0,0.0,0.0,0.0,0.0,0.0,0.0,0.0,0.0,0.0,0.0,0.0,0.0,0.0,0.0,0.0,0.0,0.0,0.0,0.0,0.0,0.0,0.0,0.0,0.0,0.0,0.0,0.0,0.0,0.0,0.0,0.0,0.180854,0.0383427,0.54135,0.553225,0.171774,0.23592,0.00942965,0.0449602,0.0,0.224781,0.182972,0.123835,0.121854,0.019823,0.221508,0.00744091,0.0284017,0.00988436,0.0
0.0,0.0,0.00747639,0.0140879,0.0,0.0,0.0,0.0,0.0,0.00350378,0.0340847,0.00450718,0.00434357,0.00223943,0.0,5.47936e-05,0.00273302,0.0215976,0.0,0.00188865,0.0401069,0.0,0.0,0.0,0.0,0.0,0.0580734,0.0,0.000868989,0.0210075,0.254342,8.17782e-07,0.0230207,0.0061433,0.0,0.00940128,0.0,0.00822928,0.00437693,0.0,0.00522368,0.00354291,0.000304747,0.00321489,0.0,0.0,0.0,0.0,0.0,0.0,0.0,0.0,0.0,0.0,0.0,0.0,0.0,0.0,0.0,0.0,0.0,0.0,0.0,0.0,0.0,0.0,0.0,0.0,0.0,0.0,0.0,0.0,0.0,0.0,0.0,0.0,0.0,0.0,0.0,0.0,0.0,0.0,0.0,0.0,0.0,0.0,0.0,0.0,0.0,0.0,0.0,0.0,0.0,0.0,0.0,0.179101,0.0384452,0.542297,0.556457,0.172866,0.236565,0.00947691,0.0450563,0.0,0.226096,0.184001,0.124077,0.122291,0.0198969,0.221963,0.00748613,0.0284184,0.00991488,0.0
0.0,0.0,0.00750619,0.0140863,0.0,0.0,0.0,0.0,0.0,0.00354017,0.0340926,0.00452711,0.00435017,0.00223918,0.0,5.47959e-05,0.00273332,0.021624,0.0,0.00188767,0.0401235,0.0,0.0,0.0,0.0,0.0,0.058134,0.0,0.000873795,0.021131,0.254177,8.17782e-07,0.0231939,0.00614931,0.0,0.00940359,0.0,0.00824495,0.00440515,0.0,0.00522379,0.00354614,0.000305371,0.00321563,0.0,0.0,0.0,0.0,0.0,0.0,0.0,0.0,0.0,0.0,0.0,0.0,0.0,0.0,0.0,0.0,0.0,0.0,0.0,0.0,0.0,0.0,0.0,0.0,0.0,0.0,0.0,0.0,0.0,0.0,0.0,0.0,0.0,0.0,0.0,0.0,0.0,0.0,0.0,0.0,0.0,0.0,0.0,0.0,0.0,0.0,0.0,0.0,0.0,0.0,0.0,0.1768,0.0385373,0.542536,0.558009,0.173492,0.236822,0.00958046,0.0451138,0.0,0.226689,0.184707,0.124215,0.122473,0.0199365,0.22253,0.00751435,0.0284409,0.00992751,0.0
0.0,0.0,0.00753599,0.0140848,0.0,0.0,0.0,0.0,0.0,0.00357658,0.0341007,0.00454705,0.00435678,0.00223896,0.0,5.47977e-05,0.00273369,0.0216505,0.0,0.0018867,0.0401401,0.0,0.0,0.0,0.0,0.0,0.0581947,0.0,0.000878622,0.0212544,0.254013,8.17782e-07,0.023367,0.00615483,0.0,0.00940612,0.0,0.00826093,0.0044334,0.0,0.00522397,0.00354937,0.000305988,0.00321627,0.0,0.0,0.0,0.0,0.0,0.0,0.0,0.0,0.0,0.0,0.0,0.0,0.0,0.0,0.0,0.0,0.0,0.0,0.0,0.0,0.0,0.0,0.0,0.0,0.0,0.0,0.0,0.0,0.0,0.0,0.0,0.0,0.0,0.0,0.0,0.0,0.0,0.0,0.0,0.0,0.0,0.0,0.0,0.0,0.0,0.0,0.0,0.0,0.0,0.0,0.0,0.174493,0.0386287,0.542757,0.559477,0.174119,0.237079,0.00965323,0.0451709,0.0,0.227108,0.185413,0.124354,0.122654,0.019976,0.223094,0.00754288,0.0284638,0.00994027,0.0
0.0,0.0,0.00756575,0.0140823,0.0,0.0,0.0,0.0,0.0,0.00361295,0.0341086,0.00456705,0.00436341,0.00223871,0.0,5.47995e-05,0.00273401,0.021677,0.0,0.00188573,0.0401567,0.0,0.0,0.0,0.0,0.0,0.0582556,0.0,0.0008834,0.0213777,0.253847,8.17782e-07,0.0235401,0.00616068,0.0,0.00940846,0.0,0.00827652,0.00446165,0.0,0.00522415,0.00355261,0.00030662,0.00321685,0.0,0.0,0.0,0.0,0.0,0.0,0.0,0.0,0.0,0.0,0.0,0.0,0.0,0.0,0.0,0.0,0.0,0.0,0.0,0.0,0.0,0.0,0.0,0.0,0.0,0.0,0.0,0.0,0.0,0.0,0.0,0.0,0.0,0.0,0.0,0.0,0.0,0.0,0.0,0.0,0.0,0.0,0.0,0.0,0.0,0.0,0.0,0.0,0.0,0.0,0.0,0.172179,0.0387209,0.542968,0.560931,0.174745,0.237335,0.00968385,0.0452284,0.0,0.22746,0.18612,0.124492,0.122835,0.020016,0.223656,0.00757106,0.0284865,0.00995308,0.0
0.0,0.0,0.0075955,0.0140795,0.0,0.0,0.0,0.0,0.0,0.00364934,0.0341165,0.00458692,0.00436998,0.00223849,0.0,5.48012e-05,0.00273435,0.0217035,0.0,0.00188476,0.0401732,0.0,0.0,0.0,0.0,0.0,0.0583161,0.0,0.000888173,0.0215012,0.253682,8.17782e-07,0.0237132,0.00616652,0.0,0.00941105,0.0,0.00829257,0.0044901,0.0,0.00522431,0.00355589,0.000307235,0.00321757,0.0,0.0,0.0,0.0,0.0,0.0,0.0,0.0,0.0,0.0,0.0,0.0,0.0,0.0,0.0,0.0,0.0,0.0,0.0,0.0,0.0,0.0,0.0,0.0,0.0,0.0,0.0,0.0,0.0,0.0,0.0,0.0,0.0,0.0,0.0,0.0,0.0,0.0,0.0,0.0,0.0,0.0,0.0,0.0,0.0,0.0,0.0,0.0,0.0,0.0,0.0,0.169848,0.0388131,0.543117,0.562378,0.175372,0.237592,0.00971125,0.0452854,0.0,0.227669,0.186827,0.124631,0.123017,0.0200557,0.224217,0.0075996,0.028509,0.00996591,0.0
0.0,0.0,0.00762539,0.0140773,0.0,0.0,0.0,0.0,0.0,0.00368571,0.0341247,0.00460692,0.00437662,0.00223824,0.0,5.48036e-05,0.00273466,0.0217299,0.0,0.00188379,0.0401899,0.0,0.0,0.0,0.0,0.0,0.0583768,0.0,0.000892967,0.0216244,0.253517,8.17782e-07,0.0238865,0.00617217,0.0,0.00941343,0.0,0.00830855,0.00451823,0.0,0.00522449,0.00355916,0.00030785,0.00321819,0.0,0.0,0.0,0.0,0.0,0.0,0.0,0.0,0.0,0.0,0.0,0.0,0.0,0.0,0.0,0.0,0.0,0.0,0.0,0.0,0.0,0.0,0.0,0.0,0.0,0.0,0.0,0.0,0.0,0.0,0.0,0.0,0.0,0.0,0.0,0.0,0.0,0.0,0.0,0.0,0.0,0.0,0.0,0.0,0.0,0.0,0.0,0.0,0.0,0.0,0.0,0.167512,0.0389049,0.543123,0.563808,0.175998,0.237849,0.00972,0.0453429,0.0,0.227786,0.187533,0.12477,0.123199,0.0200954,0.224774,0.00762791,0.0285321,0.00997835,0.0
0.0,0.0,0.00765508,0.0140746,0.0,0.0,0.0,0.0,0.0,0.00372208,0.0341326,0.00462688,0.00438318,0.00223801,0.0,5.48054e-05,0.00273503,0.0217563,0.0,0.00188281,0.0402065,0.0,0.0,0.0,0.0,0.0,0.0584374,0.0,0.000897772,0.021748,0.253353,8.17782e-07,0.0240594,0.00617807,0.0,0.00941586,0.0,0.00832427,0.00454651,0.0,0.00522464,0.00356242,0.00030849,0.00321891,0.0,0.0,0.0,0.0,0.0,0.0,0.0,0.0,0.0,0.0,0.0,0.0,0.0,0.0,0.0,0.0,0.0,0.0,0.0,0.0,0.0,0.0,0.0,0.0,0.0,0.0,0.0,0.0,0.0,0.0,0.0,0.0,0.0,0.0,0.0,0.0,0.0,0.0,0.0,0.0,0.0,0.0,0.0,0.0,0.0,0.0,0.0,0.0,0.0,0.0,0.0,0.165172,0.0389969,0.54309,0.565069,0.176618,0.238106,0.00926135,0.0454,0.0,0.227807,0.18824,0.124908,0.12338,0.0201352,0.225329,0.00765634,0.0285548,0.00999116,0.0
0.0,0.0,0.00768492,0.014072,0.0,0.0,0.0,0.0,0.0,0.00375842,0.0341407,0.00464684,0.00438981,0.00223777,0.0,5.48071e-05,0.00273537,0.0217829,0.0,0.00188184,0.0402231,0.0,0.0,0.0,0.0,0.0,0.0584982,0.0,0.000902589,0.0218713,0.253188,8.17782e-07,0.0242327,0.00618371,0.0,0.00941832,0.0,0.00834016,0.00457492,0.0,0.00522488,0.00356566,0.000309105,0.00321952,0.0,0.0,0.0,0.0,0.0,0.0,0.0,0.0,0.0,0.0,0.0,0.0,0.0,0.0,0.0,0.0,0.0,0.0,0.0,0.0,0.0,0.0,0.0,0.0,0.0,0.0,0.0,0.0,0.0,0.0,0.0,0.0,0.0,0.0,0.0,0.0,0.0,0.0,0.0,0.0,0.0,0.0,0.0,0.0,0.0,0.0,0.0,0.0,0.0,0.0,0.0,0.162827,0.0390889,0.543048,0.566224,0.17721,0.238363,0.00879753,0.0454574,0.0,0.227766,0.188945,0.125047,0.123562,0.020175,0.22588,0.00768475,0.0285774,0.0100036,0.0
0.0,0.0,0.0077146,0.0140695,0.0,0.0,0.0,0.0,0.0,0.00379485,0.0341485,0.0046668,0.00439638,0.00223755,0.0,5.48095e-05,0.00273569,0.0218093,0.0,0.00188087,0.0402396,0.0,0.0,0.0,0.0,0.0,0.0585588,0.0,0.000907364,0.0219948,0.253022,8.17782e-07,0.024406,0.00618965,0.0,0.00942065,0.0,0.00835603,0.0046032,0.0,0.00522504,0.00356889,0.000309729,0.00322021,0.0,0.0,0.0,0.0,0.0,0.0,0.0,0.0,0.0,0.0,0.0,0.0,0.0,0.0,0.0,0.0,0.0,0.0,0.0,0.0,0.0,0.0,0.0,0.0,0.0,0.0,0.0,0.0,0.0,0.0,0.0,0.0,0.0,0.0,0.0,0.0,0.0,0.0,0.0,0.0,0.0,0.0,0.0,0.0,0.0,0.0,0.0,0.0,0.0,0.0,0.0,0.160478,0.0391809,0.542882,0.567244,0.17779,0.23862,0.00832837,0.0455146,0.0,0.227722,0.189653,0.125185,0.123743,0.0202144,0.226428,0.00771297,0.0286002,0.0100166,0.0
0.0,0.0,0.00774423,0.0140668,0.0,0.0,0.0,0.0,0.0,0.00383116,0.0341567,0.00468669,0.00440304,0.0022373,0.0,5.48113e-05,0.00273606,0.0218358,0.0,0.0018799,0.0402562,0.0,0.0,0.0,0.0,0.0,0.0586196,0.0,0.000912168,0.022118,0.252856,8.17782e-07,0.024579,0.00619533,0.0,0.00942318,0.0,0.00837202,0.00463145,0.0,0.00522519,0.00357212,0.000310344,0.00322082,0.0,0.0,0.0,0.0,0.0,0.0,0.0,0.0,0.0,0.0,0.0,0.0,0.0,0.0,0.0,0.0,0.0,0.0,0.0,0.0,0.0,0.0,0.0,0.0,0.0,0.0,0.0,0.0,0.0,0.0,0.0,0.0,0.0,0.0,0.0,0.0,0.0,0.0,0.0,0.0,0.0,0.0,0.0,0.0,0.0,0.0,0.0,0.0,0.0,0.0,0.0,0.158124,0.0392694,0.541989,0.568143,0.178371,0.238877,0.00778051,0.0455721,0.0,0.227666,0.190359,0.125324,0.123924,0.0202545,0.226973,0.00774159,0.028623,0.0100293,0.0
0.0,0.0,0.00777417,0.0140643,0.0,0.0,0.0,0.0,0.0,0.00386761,0.0341647,0.00470665,0.0044096,0.0022373,0.0,5.4813e-05,0.00273654,0.0218625,0.0,0.00187991,0.0402694,0.0,0.0,0.0,0.0,0.0,0.0586802,0.0,0.000916969,0.0222414,0.252859,8.17782e-07,0.0247521,0.00620108,0.0,0.00942566,0.0,0.00838806,0.00465978,0.0,0.00522619,0.00357539,0.000310966,0.00322174,0.0,0.0,0.0,0.0,0.0,0.0,0.0,0.0,0.0,0.0,0.0,0.0,0.0,0.0,0.0,0.0,0.0,0.0,0.0,0.0,0.0,0.0,0.0,0.0,0.0,0.0,0.0,0.0,0.0,0.0,0.0,0.0,0.0,0.0,0.0,0.0,0.0,0.0,0.0,0.0,0.0,0.0,0.0,0.0,0.0,0.0,0.0,0.0,0.0,0.0,0.0,0.156233,0.0392854,0.54193,0.56732,0.179024,0.239165,0.00766945,0.0456076,0.0,0.226666,0.19106,0.125504,0.124105,0.0202939,0.226025,0.00776971,0.0286458,0.0100424,0.0
0.0,0.0,0.0078584,0.0140632,0.0,0.0,0.0,0.0,0.0,0.00390532,0.034201,0.00473223,0.00443643,0.00224068,0.0,5.48348e-05,0.00274049,0.0218916,0.0,0.00188078,0.0402974,0.0,0.0,0.0,0.0,0.0,0.0588732,0.0,0.000924057,0.0224677,0.25391,8.17782e-07,0.0250564,0.00621109,0.0,0.00943782,0.0,0.00845153,0.00471422,0.0,0.00523043,0.00358157,0.00031199,0.00322399,0.0,0.0,0.0,0.0,0.0,0.0,0.0,0.0,0.0,0.0,0.0,0.0,0.0,0.0,0.0,0.0,0.0,0.0,0.0,0.0,0.0,0.0,0.0,0.0,0.0,0.0,0.0,0.0,0.0,0.0,0.0,0.0,0.0,0.0,0.0,0.0,0.0,0.0,0.0,0.0,0.0,0.0,0.0,0.0,0.0,0.0,0.0,0.0,0.0,0.0,0.0,0.15443,0.0393793,0.543362,0.569327,0.180817,0.240111,0.00758581,0.0457616,0.0,0.227111,0.192376,0.125969,0.125177,0.0204232,0.22523,0.00784761,0.0286848,0.010121,0.0
0.0,0.0,0.00794266,0.0140622,0.0,0.0,0.0,0.0,0.0,0.00394302,0.0342374,0.00475771,0.0044632,0.00224406,0.0,5.48584e-05,0.00274442,0.0219208,0.0,0.00188164,0.0403254,0.0,0.0,0.0,0.0,0.0,0.0590664,0.0,0.000931162,0.0226935,0.254961,8.17782e-07,0.0253602,0.00622104,0.0,0.00944975,0.0,0.00851521,0.00476872,0.0,0.00523462,0.00358774,0.000313021,0.00322629,0.0,0.0,0.0,0.0,0.0,0.0,0.0,0.0,0.0,0.0,0.0,0.0,0.0,0.0,0.0,0.0,0.0,0.0,0.0,0.0,0.0,0.0,0.0,0.0,0.0,0.0,0.0,0.0,0.0,0.0,0.0,0.0,0.0,0.0,0.0,0.0,0.0,0.0,0.0,0.0,0.0,0.0,0.0,0.0,0.0,0.0,0.0,0.0,0.0,0.0,0.0,0.152617,0.0394727,0.5447,0.571277,0.182585,0.241056,0.00746925,0.0459156,0.0,0.227294,0.193692,0.126434,0.126248,0.0205526,0.224393,0.0079251,0.0287244,0.0101996,0.0
0.0,0.0,0.00802692,0.0140607,0.0,0.0,0.0,0.0,0.0,0.00398074,0.0342736,0.0047832,0.00449004,0.00224746,0.0,5.48802e-05,0.00274837,0.02195,0.0,0.0018825,0.0403534,0.0,0.0,0.0,0.0,0.0,0.0592594,0.0,0.00093813,0.0229197,0.25601,8.17782e-07,0.0256646,0.00623091,0.0,0.0094619,0.0,0.00857885,0.00482315,0.0,0.00523876,0.00359389,0.000314052,0.00322848,0.0,0.0,0.0,0.0,0.0,0.0,0.0,0.0,0.0,0.0,0.0,0.0,0.0,0.0,0.0,0.0,0.0,0.0,0.0,0.0,0.0,0.0,0.0,0.0,0.0,0.0,0.0,0.0,0.0,0.0,0.0,0.0,0.0,0.0,0.0,0.0,0.0,0.0,0.0,0.0,0.0,0.0,0.0,0.0,0.0,0.0,0.0,0.0,0.0,0.0,0.0,0.150717,0.0395651,0.545968,0.572645,0.184338,0.242001,0.00700128,0.0460699,0.0,0.227173,0.195008,0.126899,0.12732,0.0206816,0.223513,0.0080028,0.0287635,0.0102783,0.0
0.0,0.0,0.00811114,0.0140598,0.0,0.0,0.0,0.0,0.0,0.00401845,0.03431,0.00480881,0.00451681,0.00225083,0.0,5.4902e-05,0.00275232,0.0219793,0.0,0.00188339,0.0403813,0.0,0.0,0.0,0.0,0.0,0.0594525,0.0,0.000945216,0.0231459,0.257061,8.17782e-07,0.025969,0.00624097,0.0,0.00947387,0.0,0.00864255,0.00487763,0.0,0.00524301,0.00360011,0.000315072,0.00323071,0.0,0.0,0.0,0.0,0.0,0.0,0.0,0.0,0.0,0.0,0.0,0.0,0.0,0.0,0.0,0.0,0.0,0.0,0.0,0.0,0.0,0.0,0.0,0.0,0.0,0.0,0.0,0.0,0.0,0.0,0.0,0.0,0.0,0.0,0.0,0.0,0.0,0.0,0.0,0.0,0.0,0.0,0.0,0.0,0.0,0.0,0.0,0.0,0.0,0.0,0.0,0.148763,0.0396315,0.547146,0.573546,0.186089,0.242946,0.00649239,0.0462237,0.0,0.226764,0.196325,0.127364,0.12839,0.0208108,0.222592,0.00808028,0.0288029,0.0103568,0.0
0.0,0.0,0.0081954,0.0140587,0.0,0.0,0.0,0.0,0.0,0.00405617,0.0343463,0.00483424,0.00454363,0.00225421,0.0,5.4925e-05,0.00275626,0.0220084,0.0,0.00188425,0.0404093,0.0,0.0,0.0,0.0,0.0,0.0596451,0.0,0.000952254,0.0233719,0.258112,8.17782e-07,0.0262731,0.00625093,0.0,0.00948602,0.0,0.00870627,0.00493215,0.0,0.00524717,0.00360626,0.000316105,0.00323301,0.0,0.0,0.0,0.0,0.0,0.0,0.0,0.0,0.0,0.0,0.0,0.0,0.0,0.0,0.0,0.0,0.0,0.0,0.0,0.0,0.0,0.0,0.0,0.0,0.0,0.0,0.0,0.0,0.0,0.0,0.0,0.0,0.0,0.0,0.0,0.0,0.0,0.0,0.0,0.0,0.0,0.0,0.0,0.0,0.0,0.0,0.0,0.0,0.0,0.0,0.0,0.146779,0.0396601,0.548279,0.574332,0.187841,0.243891,0.00595436,0.0463779,0.0,0.225962,0.197641,0.127829,0.129462,0.0209399,0.221626,0.00815799,0.0288423,0.0104356,0.0
0.0,0.0,0.00827975,0.0140573,0.0,0.0,0.0,0.0,0.0,0.0040939,0.0343825,0.00485977,0.00457044,0.00225758,0.0,5.49468e-05,0.00276019,0.0220375,0.0,0.00188511,0.0404374,0.0,0.0,0.0,0.0,0.0,0.059838,0.0,0.000959313,0.0235981,0.259161,8.17782e-07,0.0265775,0.0062609,0.0,0.00949801,0.0,0.00876987,0.00498664,0.0,0.00525137,0.00361247,0.000317129,0.00323526,0.0,0.0,0.0,0.0,0.0,0.0,0.0,0.0,0.0,0.0,0.0,0.0,0.0,0.0,0.0,0.0,0.0,0.0,0.0,0.0,0.0,0.0,0.0,0.0,0.0,0.0,0.0,0.0,0.0,0.0,0.0,0.0,0.0,0.0,0.0,0.0,0.0,0.0,0.0,0.0,0.0,0.0,0.0,0.0,0.0,0.0,0.0,0.0,0.0,0.0,0.0,0.144682,0.0396862,0.549289,0.574782,0.189592,0.244837,0.00520627,0.0465315,0.0,0.224185,0.198957,0.128294,0.130533,0.0210691,0.220618,0.00823547,0.0288815,0.0105141,0.0
0.0,0.0,0.00836395,0.0140563,0.0,0.0,0.0,0.0,0.0,0.00413158,0.0344189,0.00488535,0.00459722,0.00226098,0.0,5.49692e-05,0.00276414,0.0220668,0.0,0.00188599,0.0404654,0.0,0.0,0.0,0.0,0.0,0.0600313,0.0,0.000966382,0.0238241,0.260211,8.17782e-07,0.0268819,0.00627087,0.0,0.00951017,0.0,0.00883354,0.0050412,0.0,0.00525562,0.00361858,0.00031815,0.00323751,0.0,0.0,0.0,0.0,0.0,0.0,0.0,0.0,0.0,0.0,0.0,0.0,0.0,0.0,0.0,0.0,0.0,0.0,0.0,0.0,0.0,0.0,0.0,0.0,0.0,0.0,0.0,0.0,0.0,0.0,0.0,0.0,0.0,0.0,0.0,0.0,0.0,0.0,0.0,0.0,0.0,0.0,0.0,0.0,0.0,0.0,0.0,0.0,0.0,0.0,0.0,0.142537,0.0396388,0.550133,0.575139,0.191343,0.245782,0.00412021,0.0466856,0.0,0.221514,0.200275,0.128759,0.131604,0.0211982,0.219569,0.00831381,0.0289209,0.0105927,0.0
0.0,0.0,0.00844822,0.0140552,0.0,0.0,0.0,0.0,0.0,0.00416935,0.0344551,0.00491089,0.00462406,0.00226437,0.0,5.49922e-05,0.00276809,0.022096,0.0,0.00188685,0.0404933,0.0,0.0,0.0,0.0,0.0,0.0602242,0.0,0.000973413,0.0240502,0.261262,8.17782e-07,0.027186,0.00628088,0.0,0.00952217,0.0,0.00889713,0.00509568,0.0,0.00525983,0.00362476,0.000319181,0.00323976,0.0,0.0,0.0,0.0,0.0,0.0,0.0,0.0,0.0,0.0,0.0,0.0,0.0,0.0,0.0,0.0,0.0,0.0,0.0,0.0,0.0,0.0,0.0,0.0,0.0,0.0,0.0,0.0,0.0,0.0,0.0,0.0,0.0,0.0,0.0,0.0,0.0,0.0,0.0,0.0,0.0,0.0,0.0,0.0,0.0,0.0,0.0,0.0,0.0,0.0,0.0,0.140354,0.0395414,0.550871,0.575464,0.193094,0.246727,0.00300321,0.0468392,0.0,0.21806,0.20159,0.129224,0.132675,0.0213274,0.218476,0.00839117,0.0289602,0.0106711,0.0
0.0,0.0,0.0085325,0.0140539,0.0,0.0,0.0,0.0,0.0,0.00420704,0.0344916,0.00493633,0.00465082,0.00226774,0.0,5.5014e-05,0.00277201,0.0221251,0.0,0.00188772,0.0405212,0.0,0.0,0.0,0.0,0.0,0.0604169,0.0,0.000980445,0.0242763,0.262313,8.17782e-07,0.0274901,0.00629073,0.0,0.00953425,0.0,0.0089606,0.00515021,0.0,0.00526407,0.00363102,0.00032021,0.00324198,0.0,0.0,0.0,0.0,0.0,0.0,0.0,0.0,0.0,0.0,0.0,0.0,0.0,0.0,0.0,0.0,0.0,0.0,0.0,0.0,0.0,0.0,0.0,0.0,0.0,0.0,0.0,0.0,0.0,0.0,0.0,0.0,0.0,0.0,0.0,0.0,0.0,0.0,0.0,0.0,0.0,0.0,0.0,0.0,0.0,0.0,0.0,0.0,0.0,0.0,0.0,0.138128,0.0394408,0.551446,0.575759,0.194845,0.247672,0.00181378,0.0469929,0.0,0.213974,0.202906,0.129689,0.133747,0.0214566,0.217342,0.00846868,0.0289996,0.0107499,0.0
0.0,0.0,0.00861686,0.014053,0.0,0.0,0.0,0.0,0.0,0.00424473,0.0345278,0.00496196,0.00467766,0.00227112,0.0,5.50358e-05,0.00277597,0.0221547,0.0,0.00188859,0.0405507,0.0,0.0,0.0,0.0,0.0,0.0606099,0.0,0.000987559,0.0245025,0.263362,8.17782e-07,0.0277942,0.00630071,0.0,0.00954636,0.0,0.00902426,0.00520457,0.0,0.00526877,0.00363712,0.000321229,0.0032443,0.0,0.0,0.0,0.0,0.0,0.0,0.0,0.0,0.0,0.0,0.0,0.0,0.0,0.0,0.0,0.0,0.0,0.0,0.0,0.0,0.0,0.0,0.0,0.0,0.0,0.0,0.0,0.0,0.0,0.0,0.0,0.0,0.0,0.0,0.0,0.0,0.0,0.0,0.0,0.0,0.0,0.0,0.0,0.0,0.0,0.0,0.0,0.0,0.0,0.0,0.0,0.136619,0.0394676,0.553396,0.579741,0.196613,0.248617,0.00162189,0.0471558,0.0,0.21322,0.204217,0.130154,0.134817,0.0215859,0.216994,0.00854648,0.029039,0.0108284,0.0
0.0,0.0,0.00867403,0.0140515,0.0,0.0,0.0,0.0,0.0,0.00428033,0.0345503,0.00498466,0.00469531,0.0022727,0.0,5.50494e-05,0.00277816,0.0221821,0.0,0.00188928,0.0405694,0.0,0.0,0.0,0.0,0.0,0.0607376,0.0,0.000993627,0.0246761,0.263831,8.17782e-07,0.0280331,0.00630877,0.0,0.00955391,0.0,0.00906467,0.00524689,0.0,0.00527197,0.00364206,0.000322048,0.00324612,0.0,0.0,0.0,0.0,0.0,0.0,0.0,0.0,0.0,0.0,0.0,0.0,0.0,0.0,0.0,0.0,0.0,0.0,0.0,0.0,0.0,0.0,0.0,0.0,0.0,0.0,0.0,0.0,0.0,0.0,0.0,0.0,0.0,0.0,0.0,0.0,0.0,0.0,0.0,0.0,0.0,0.0,0.0,0.0,0.0,0.0,0.0,0.0,0.0,0.0,0.0,0.135051,0.0394432,0.55459,0.582439,0.197849,0.249308,0.00144682,0.0472721,0.0,0.211943,0.205268,0.130518,0.135477,0.0216774,0.21641,0.00859984,0.0290728,0.0108751,0.0
0.0,0.0,0.0087311,0.0140502,0.0,0.0,0.0,0.0,0.0,0.00431591,0.0345727,0.0050075,0.00471299,0.00227425,0.0,5.50612e-05,0.0027804,0.0222093,0.0,0.00188997,0.040588,0.0,0.0,0.0,0.0,0.0,0.0608653,0.0,0.000999702,0.0248497,0.264302,8.17782e-07,0.0282716,0.00631699,0.0,0.00956135,0.0,0.00910524,0.00528914,0.0,0.00527519,0.00364704,0.000322873,0.003248,0.0,0.0,0.0,0.0,0.0,0.0,0.0,0.0,0.0,0.0,0.0,0.0,0.0,0.0,0.0,0.0,0.0,0.0,0.0,0.0,0.0,0.0,0.0,0.0,0.0,0.0,0.0,0.0,0.0,0.0,0.0,0.0,0.0,0.0,0.0,0.0,0.0,0.0,0.0,0.0,0.0,0.0,0.0,0.0,0.0,0.0,0.0,0.0,0.0,0.0,0.0,0.13341,0.0394185,0.55575,0.584689,0.199087,0.249999,0.00127038,0.0473879,0.0,0.210596,0.206319,0.130882,0.136135,0.0217693,0.215577,0.00865342,0.029107,0.0109217,0.0
0.0,0.0,0.00878831,0.0140489,0.0,0.0,0.0,0.0,0.0,0.00435151,0.0345953,0.00503024,0.00473066,0.00227581,0.0,5.5073e-05,0.00278257,0.0222368,0.0,0.00189066,0.0406067,0.0,0.0,0.0,0.0,0.0,0.060993,0.0,0.0010058,0.0250236,0.264772,8.17782e-07,0.0285104,0.00632514,0.0,0.00956915,0.0,0.00914565,0.00533129,0.0,0.00527847,0.00365197,0.000323682,0.00324984,0.0,0.0,0.0,0.0,0.0,0.0,0.0,0.0,0.0,0.0,0.0,0.0,0.0,0.0,0.0,0.0,0.0,0.0,0.0,0.0,0.0,0.0,0.0,0.0,0.0,0.0,0.0,0.0,0.0,0.0,0.0,0.0,0.0,0.0,0.0,0.0,0.0,0.0,0.0,0.0,0.0,0.0,0.0,0.0,0.0,0.0,0.0,0.0,0.0,0.0,0.0,0.131688,0.0393911,0.556465,0.586881,0.200323,0.25069,0.00109272,0.0475043,0.0,0.209188,0.20737,0.131247,0.136795,0.0218607,0.214698,0.00870699,0.0291409,0.0109684,0.0
0.0,0.0,0.00884553,0.0140473,0.0,0.0,0.0,0.0,0.0,0.00438707,0.0346178,0.00505303,0.00474839,0.00227735,0.0,5.50865e-05,0.00278479,0.0222642,0.0,0.00189136,0.0406254,0.0,0.0,0.0,0.0,0.0,0.0611205,0.0,0.00101185,0.025197,0.265243,8.17782e-07,0.0287488,0.00633326,0.0,0.00957676,0.0,0.00918634,0.00537336,0.0,0.00528168,0.00365693,0.000324503,0.00325173,0.0,0.0,0.0,0.0,0.0,0.0,0.0,0.0,0.0,0.0,0.0,0.0,0.0,0.0,0.0,0.0,0.0,0.0,0.0,0.0,0.0,0.0,0.0,0.0,0.0,0.0,0.0,0.0,0.0,0.0,0.0,0.0,0.0,0.0,0.0,0.0,0.0,0.0,0.0,0.0,0.0,0.0,0.0,0.0,0.0,0.0,0.0,0.0,0.0,0.0,0.0,0.129898,0.0393626,0.556593,0.589066,0.201559,0.251381,0.00091363,0.0476201,0.0,0.207552,0.208421,0.13161,0.137454,0.0219525,0.213798,0.00875994,0.0291747,0.011015,0.0
0.0,0.0,0.00890255,0.0140459,0.0,0.0,0.0,0.0,0.0,0.00442273,0.0346403,0.0050758,0.00476601,0.00227892,0.0,5.50983e-05,0.00278702,0.0222914,0.0,0.00189204,0.0406442,0.0,0.0,0.0,0.0,0.0,0.0612479,0.0,0.00101797,0.0253707,0.265713,8.17782e-07,0.0289875,0.00634132,0.0,0.00958421,0.0,0.00922652,0.00541553,0.0,0.00528495,0.00366191,0.000325321,0.00325355,0.0,0.0,0.0,0.0,0.0,0.0,0.0,0.0,0.0,0.0,0.0,0.0,0.0,0.0,0.0,0.0,0.0,0.0,0.0,0.0,0.0,0.0,0.0,0.0,0.0,0.0,0.0,0.0,0.0,0.0,0.0,0.0,0.0,0.0,0.0,0.0,0.0,0.0,0.0,0.0,0.0,0.0,0.0,0.0,0.0,0.0,0.0,0.0,0.0,0.0,0.0,0.128106,0.039333,0.556505,0.590979,0.202796,0.252071,0.000733371,0.0477362,0.0,0.205437,0.209473,0.131975,0.138113,0.0220442,0.212878,0.00881383,0.0292087,0.0110616,0.0
0.0,0.0,0.00895975,0.0140443,0.0,0.0,0.0,0.0,0.0,0.00445832,0.0346627,0.00509863,0.00478373,0.00228047,0.0,5.51107e-05,0.0027892,0.0223189,0.0,0.00189273,0.0406627,0.0,0.0,0.0,0.0,0.0,0.0613758,0.0,0.00102404,0.0255445,0.266183,8.17782e-07,0.0292261,0.00634949,0.0,0.00959186,0.0,0.00926712,0.00545771,0.0,0.00528815,0.00366683,0.000326139,0.00325543,0.0,0.0,0.0,0.0,0.0,0.0,0.0,0.0,0.0,0.0,0.0,0.0,0.0,0.0,0.0,0.0,0.0,0.0,0.0,0.0,0.0,0.0,0.0,0.0,0.0,0.0,0.0,0.0,0.0,0.0,0.0,0.0,0.0,0.0,0.0,0.0,0.0,0.0,0.0,0.0,0.0,0.0,0.0,0.0,0.0,0.0,0.0,0.0,0.0,0.0,0.0,0.126275,0.039302,0.556326,0.592678,0.204033,0.252762,0.000551832,0.0478519,0.0,0.2024,0.210524,0.132338,0.138772,0.0221356,0.211935,0.00886739,0.0292427,0.0111083,0.0
0.0,0.0,0.00901709,0.0140431,0.0,0.0,0.0,0.0,0.0,0.00449393,0.0346852,0.00512136,0.0048014,0.00228204,0.0,5.51237e-05,0.00279142,0.0223463,0.0,0.00189343,0.0406814,0.0,0.0,0.0,0.0,0.0,0.0615034,0.0,0.00103013,0.0257179,0.266654,8.17782e-07,0.0294647,0.00635768,0.0,0.00959937,0.0,0.00930746,0.00550004,0.0,0.00529139,0.0036718,0.000326965,0.00325732,0.0,0.0,0.0,0.0,0.0,0.0,0.0,0.0,0.0,0.0,0.0,0.0,0.0,0.0,0.0,0.0,0.0,0.0,0.0,0.0,0.0,0.0,0.0,0.0,0.0,0.0,0.0,0.0,0.0,0.0,0.0,0.0,0.0,0.0,0.0,0.0,0.0,0.0,0.0,0.0,0.0,0.0,0.0,0.0,0.0,0.0,0.0,0.0,0.0,0.0,0.0,0.124433,0.0392699,0.556129,0.594243,0.205269,0.253454,0.000369082,0.0479681,0.0,0.198397,0.211575,0.132703,0.139431,0.0222277,0.210972,0.00892063,0.0292769,0.0111549,0.0
0.0,0.0,0.00907417,0.0140416,0.0,0.0,0.0,0.0,0.0,0.00452951,0.0347077,0.00514417,0.00481905,0.00228359,0.0,5.5136e-05,0.00279363,0.0223737,0.0,0.00189412,0.0407001,0.0,0.0,0.0,0.0,0.0,0.0616307,0.0,0.00103619,0.0258918,0.267123,8.17782e-07,0.0297034,0.00636587,0.0,0.00960703,0.0,0.00934811,0.00554217,0.0,0.00529468,0.00367674,0.000327774,0.00325914,0.0,0.0,0.0,0.0,0.0,0.0,0.0,0.0,0.0,0.0,0.0,0.0,0.0,0.0,0.0,0.0,0.0,0.0,0.0,0.0,0.0,0.0,0.0,0.0,0.0,0.0,0.0,0.0,0.0,0.0,0.0,0.0,0.0,0.0,0.0,0.0,0.0,0.0,0.0,0.0,0.0,0.0,0.0,0.0,0.0,0.0,0.0,0.0,0.0,0.0,0.0,0.122588,0.0392358,0.555918,0.595628,0.206505,0.254145,0.0001851,0.0480837,0.0,0.19407,0.212626,0.133067,0.14009,0.0223191,0.20999,0.00897442,0.0293109,0.0112015,0.0
0.0,0.0,0.00913135,0.0140401,0.0,0.0,0.0,0.0,0.0,0.00456507,0.0347301,0.00516701,0.00483677,0.00228515,0.0,5.51478e-05,0.00279581,0.0224011,0.0,0.0018948,0.0407189,0.0,0.0,0.0,0.0,0.0,0.0617583,0.0,0.0010423,0.0260654,0.267594,8.17782e-07,0.0299424,0.00637399,0.0,0.0096146,0.0,0.00938855,0.00558437,0.0,0.00529785,0.00368166,0.000328585,0.00326095,0.0,0.0,0.0,0.0,0.0,0.0,0.0,0.0,0.0,0.0,0.0,0.0,0.0,0.0,0.0,0.0,0.0,0.0,0.0,0.0,0.0,0.0,0.0,0.0,0.0,0.0,0.0,0.0,0.0,0.0,0.0,0.0,0.0,0.0,0.0,0.0,0.0,0.0,0.0,0.0,0.0,0.0,0.0,0.0,0.0,0.0,0.0,0.0,0.0,0.0,0.0,0.12074,0.0392007,0.555689,0.596862,0.207742,0.254836,0.0,0.0481995,0.0,0.188194,0.213677,0.133431,0.140749,0.0224109,0.208985,0.00902767,0.0293449,0.0112481,0.0
