0.0276091,0.0,0.0,0.295275,0.0,0.00772904,0.0153869,0.0,4.85289e-05,0.0,2.67778e-05,0.0,0.00028356,9.21834e-05,0.0,0.0,0.0,0.0,0.0,0.0,1.89487e-05,0.0,0.0,0.0,2.05861e-05,0.0193305,0.0049758,0.0,0.0,4.80793e-05,0.00128439,0.0,0.0,0.0,0.000180253,0.0,0.0,0.0,0.0,0.0,0.0,0.0,0.0,0.0,0.0,0.0,1.03388e-05,0.0,0.0,0.0110626,0.0,5.5623e-06,0.00298416,0.0997051,0.00239338,0.0,0.083643,0.0014052,0.0,0.0,1.00971e-05,0.0,4.42348e-05,0.00228431,0.000895859,0.0,0.0,0.0139614,0.00505437,0.00345273,0.000191648,0.0,2.82808e-06,0.0,0.0,0.000353041,0.0,0.0,0.0757849,0.000775488,0.0,7.34763e-05,0.0105448,0.0,0.0272275,0.00707377,0.022563,0.0115735,0.0201725,0.0532005,0.0440258,0.0,0.00086216,0.0,0.00551275,0.0,0.0,8.73483e-05,0.0,0.0,0.0,0.0,0.0,0.0,0.0,0.0,0.0,0.0,0.0,0.0,0.0,0.000121626,0.0,0.0
0.0276093,0.0,0.0,0.295274,0.0,0.00772867,0.0153865,0.0,4.84814e-05,0.0,2.67781e-05,0.0,0.000283448,9.21832e-05,0.0,0.0,0.0,0.0,0.0,0.0,1.93964e-05,0.0,0.0,0.0,2.06117e-05,0.0193291,0.00497613,0.0,0.0,4.80407e-05,0.00128422,0.0,0.0,0.0,0.000180141,0.0,0.0,0.0,0.0,0.0,0.0,0.0,0.0,0.0,0.0,0.0,1.03388e-05,0.0,0.0,0.0110619,0.0,5.63175e-06,0.00298517,0.0997056,0.0023937,0.0,0.0836433,0.00140566,0.0,0.0,9.87353e-06,0.0,4.4267e-05,0.00228393,0.000896078,0.0,0.0,0.013961,0.00505474,0.00345253,0.000191926,4.75988e-08,2.83194e-06,0.0,0.0,0.000352945,0.0,0.0,0.0757841,0.000775443,0.0,7.34763e-05,0.0105455,0.0,0.027228,0.00707386,0.0225628,0.0115739,0.0201709,0.0532014,0.0440251,0.0,0.000862295,0.0,0.00551302,0.0,0.0,8.70642e-05,0.0,0.0,0.0,0.0,0.0,0.0,0.0,0.0,0.0,0.0,0.0,0.0,0.0,0.000121586,0.0,0.0
0.0276096,0.0,0.0,0.295275,0.0,0.00772909,0.0153868,0.0,4.83703e-05,0.0,2.67778e-05,0.0,0.00028356,9.21945e-05,0.0,0.0,0.0,0.0,0.0,0.0,1.86968e-05,0.0,0.0,0.0,2.05811e-05,0.0193303,0.0049762,0.0,0.0,4.80274e-05,0.00128427,0.0,0.0,0.0,0.000180373,0.0,0.0,0.0,0.0,0.0,0.0,0.0,0.0,0.0,0.0,0.0,1.01574e-05,0.0,0.0,0.0110624,0.0,5.55232e-06,0.00298391,0.0997044,0.00239301,0.0,0.0836436,0.00140551,0.0,0.0,1.00971e-05,0.0,4.40855e-05,0.00228426,0.000895998,0.0,0.0,0.0139606,0.00505449,0.00345281,0.000191516,0.0,2.82808e-06,0.0,0.0,0.000353208,0.0,0.0,0.0757847,0.000775548,0.0,7.34485e-05,0.0105454,0.0,0.0272268,0.00707377,0.0225626,0.0115734,0.0201725,0.053201,0.0440262,0.0,0.000861875,0.0,0.00551306,0.0,0.0,8.79003e-05,0.0,0.0,0.0,0.0,0.0,0.0,0.0,0.0,0.0,0.0,0.0,0.0,0.0,0.00012158,0.0,0.0
0.0276086,0.0,0.0,0.295272,0.0,0.00772874,0.0153867,0.0,4.85956e-05,0.0,2.67777e-05,0.0,0.000283354,9.219e-05,0.0,0.0,0.0,0.0,0.0,0.0,1.98487e-05,0.0,0.0,0.0,2.06102e-05,0.0193293,0.00497533,0.0,0.0,4.80946e-05,0.0012841,0.0,0.0,0.0,0.000180197,0.0,0.0,0.0,0.0,0.0,0.0,0.0,0.0,0.0,0.0,0.0,1.03388e-05,0.0,0.0,0.0110625,0.0,5.58077e-06,0.00298503,0.0997051,0.00239329,0.0,0.0836435,0.00140526,0.0,0.0,9.91468e-06,0.0,4.43472e-05,0.00228399,0.000895334,0.0,0.0,0.0139596,0.00505464,0.00345202,0.000191826,0.0,3.00652e-06,0.0,0.0,0.000352964,0.0,0.0,0.0757844,0.000775367,0.0,7.34763e-05,0.0105452,0.0,0.0272272,0.00707372,0.0225625,0.0115736,0.0201727,0.0532008,0.044026,0.0,0.000862295,0.0,0.00551248,0.0,0.0,8.76253e-05,0.0,0.0,0.0,0.0,0.0,0.0,0.0,0.0,0.0,0.0,0.0,0.0,0.0,0.000121626,0.0,0.0
0.0276093,0.0,0.0,0.295275,0.0,0.00772891,0.0153867,0.0,4.84339e-05,0.0,2.67782e-05,0.0,0.00028356,9.21795e-05,0.0,0.0,0.0,0.0,0.0,0.0,1.89487e-05,0.0,0.0,0.0,2.05861e-05,0.0193303,0.00497562,0.0,0.0,4.80325e-05,0.00128436,0.0,0.0,0.0,0.000180237,0.0,0.0,0.0,0.0,0.0,0.0,0.0,0.0,0.0,0.0,0.0,1.03388e-05,0.0,0.0,0.0110623,0.0,5.58114e-06,0.00298319,0.0997053,0.00239401,0.0,0.0836431,0.00140504,0.0,0.0,1.02511e-05,0.0,4.43919e-05,0.00228412,0.000896158,0.0,0.0,0.0139619,0.00505446,0.00345228,0.000191744,5.6554e-08,2.65349e-06,0.0,0.0,0.000352883,0.0,0.0,0.0757849,0.000775325,0.0,7.34661e-05,0.0105452,0.0,0.027228,0.00707374,0.0225631,0.0115739,0.0201716,0.0532008,0.0440255,0.0,0.00086216,0.0,0.00551233,0.0,0.0,8.70705e-05,7.9384e-15,0.0,0.0,0.0,0.0,0.0,0.0,0.0,0.0,0.0,0.0,0.0,0.0,0.000121462,0.0,0.0
0.0294037,0.0,0.000102971,0.41992,0.0,0.00891755,0.000181672,0.0,0.00322526,1.32837e-05,0.000729126,0.0,6.1102e-05,2.92898e-11,0.0,0.0,5.7785e-06,0.0,0.0,0.0,0.00397231,0.0116468,0.0,0.0,0.0,0.00849926,0.0141796,0.0,0.023013,0.0,0.00535991,0.0,0.0,0.0,1.92594e-05,0.0,0.0,0.0,0.0,0.0,8.10311e-07,1.86848e-10,0.0,1.45842e-05,3.02998e-08,4.49892e-05,0.0177084,0.0,3.93399e-05,0.000229301,0.0,0.000217709,0.0159588,0.0588246,0.00220344,0.0,0.000438317,0.00650545,0.0,0.0,0.00015912,0.0,0.0139488,0.00144025,0.00365053,0.0,4.54477e-05,0.0938067,0.000506485,0.0787243,0.000856839,2.49331e-06,5.57079e-05,0.0,0.000580961,0.00191159,1.2402e-05,0.0,0.0979045,0.0,0.0,0.000409296,0.0202469,0.000684811,0.000174579,0.00424731,9.22235e-05,0.0133507,0.000652052,0.0716132,0.0135061,0.0,0.00100604,0.00406164,0.00263164,0.0,0.0,2.81881e-07,5.00551e-06,0.000616558,0.0261317,0.0,0.0,0.0,0.0,0.0,0.0,0.0,0.0397138,0.0416502,0.0,0.00208835,0.00180953,0.0
0.0294022,0.0,0.00010297,0.41992,0.0,0.00891799,0.00018141,0.0,0.00322533,1.32391e-05,0.000729133,0.0,6.09634e-05,2.92953e-11,0.0,0.0,5.7785e-06,0.0,0.0,0.0,0.00397187,0.011647,0.0,0.0,0.0,0.00849966,0.0141792,0.0,0.0230129,0.0,0.00536019,0.0,0.0,0.0,1.92553e-05,0.0,0.0,0.0,0.0,0.0,7.52432e-07,1.8685e-10,0.0,1.45843e-05,3.02998e-08,4.49701e-05,0.0177086,0.0,3.94431e-05,0.000228661,0.0,0.000217821,0.0159571,0.0588267,0.00220406,0.0,0.000438464,0.0065062,0.0,0.0,0.000159274,0.0,0.0139488,0.00143999,0.00364999,0.0,4.56075e-05,0.0938084,0.000506386,0.0787251,0.000856937,2.49835e-06,5.57079e-05,0.0,0.000581234,0.00191142,1.23524e-05,0.0,0.0979057,0.0,0.0,0.000409296,0.0202466,0.000684874,0.000174357,0.00424709,9.21265e-05,0.0133508,0.000651868,0.0716126,0.0135089,0.0,0.00100602,0.00406156,0.0026312,0.0,0.0,0.0,5.00551e-06,0.000616524,0.0261331,0.0,0.0,0.0,0.0,0.0,0.0,0.0,0.0397135,0.0416501,0.0,0.00208826,0.00180929,0.0
0.0294021,0.0,0.000102973,0.419921,0.0,0.00891804,0.000181523,0.0,0.00322463,1.32391e-05,0.00072911,0.0,6.11804e-05,2.92898e-11,0.0,0.0,5.7785e-06,0.0,0.0,0.0,0.00397169,0.0116468,0.0,0.0,0.0,0.00849889,0.0141796,0.0,0.0230126,0.0,0.00535948,0.0,0.0,0.0,1.92176e-05,0.0,0.0,0.0,0.0,0.0,7.52432e-07,1.86846e-10,0.0,1.45836e-05,3.02998e-08,4.50189e-05,0.0177086,0.0,3.93277e-05,0.000228845,0.0,0.000217826,0.0159574,0.0588246,0.00220406,0.0,0.000438008,0.00650455,0.0,0.0,0.000159498,0.0,0.0139485,0.00144014,0.00365035,0.0,4.5712e-05,0.0938066,0.000506382,0.0787241,0.000856746,2.45075e-06,5.57079e-05,0.0,0.00058092,0.0019114,1.24543e-05,0.0,0.097904,0.0,0.0,0.000409296,0.0202469,0.000684702,0.000174359,0.00424723,9.2028e-05,0.0133508,0.000651509,0.0716132,0.013508,0.0,0.00100604,0.00406168,0.00263141,0.0,0.0,0.0,5.00241e-06,0.000616546,0.0261322,0.0,0.0,0.0,0.0,0.0,0.0,0.0,0.0397133,0.041651,0.0,0.00208779,0.00180951,0.0
0.0294029,0.0,0.00010296,0.419918,0.0,0.00891777,0.000181662,0.0,0.00322542,1.32776e-05,0.000729097,0.0,6.10017e-05,2.92971e-11,0.0,0.0,5.79565e-06,0.0,0.0,0.0,0.00397232,0.0116465,0.0,0.0,0.0,0.00849913,0.0141794,0.0,0.0230131,0.0,0.00535999,0.0,0.0,0.0,1.92971e-05,0.0,0.0,0.0,0.0,0.0,8.10311e-07,1.86852e-10,0.0,1.45843e-05,3.02998e-08,4.48375e-05,0.0177088,0.0,3.95123e-05,0.000229583,0.0,0.000217826,0.0159564,0.0588268,0.00220424,0.0,0.000438584,0.00650498,0.0,0.0,0.000159274,0.0,0.0139488,0.00143985,0.00365009,0.0,4.56349e-05,0.0938082,0.000506457,0.0787245,0.00085703,2.48435e-06,5.57079e-05,0.0,0.000581234,0.00191137,1.2402e-05,0.0,0.0979052,0.0,0.0,0.000409318,0.020247,0.000684811,0.000174579,0.00424727,9.21573e-05,0.013351,0.000652348,0.0716124,0.0135081,0.0,0.00100619,0.00406171,0.00263163,0.0,0.0,0.0,5.00551e-06,0.000616496,0.0261337,0.0,0.0,0.0,0.0,0.0,0.0,0.0,0.0397137,0.0416491,0.0,0.00208796,0.00180953,0.0
0.0294025,0.0,0.000103003,0.419922,0.0,0.00891772,0.000181656,0.0,0.00322547,1.32391e-05,0.000729012,0.0,6.10319e-05,2.92953e-11,0.0,0.0,5.75226e-06,0.0,0.0,0.0,0.00397232,0.011647,0.0,0.0,0.0,0.00849884,0.0141796,0.0,0.0230129,0.0,0.00535952,0.0,0.0,0.0,1.92176e-05,0.0,0.0,6.13187e-15,0.0,0.0,7.52432e-07,1.86848e-10,0.0,1.45842e-05,3.02998e-08,4.51938e-05,0.0177084,0.0,3.92972e-05,0.000229069,0.0,0.000217796,0.0159569,0.0588261,0.00220395,0.0,0.000438356,0.00650498,0.0,0.0,0.000159498,0.0,0.0139486,0.00144015,0.00365049,0.0,4.56075e-05,0.093807,0.00050625,0.0787243,0.000856746,2.45075e-06,5.57079e-05,0.0,0.000581086,0.00191139,1.2402e-05,0.0,0.0979035,0.0,0.0,0.000409296,0.0202467,0.000684805,0.000174357,0.00424706,9.23665e-05,0.0133507,0.000652025,0.0716124,0.0135069,0.0,0.00100604,0.00406144,0.00263141,0.0,0.0,0.0,4.94704e-06,0.000616536,0.0261317,0.0,0.0,0.0,0.0,0.0,0.0,0.0,0.0397135,0.0416491,0.0,0.00208842,0.00180929,0.0
0.0208333,0.0,0.0,0.398394,0.0,0.0109298,0.00360307,0.00125461,0.022037,0.0,0.00117423,1.90444e-10,0.00632618,0.000124948,0.0,0.0,4.41511e-05,0.0,2.06569e-11,0.0,0.0216459,0.0,0.000235254,0.0,0.000126243,0.0279518,0.0954855,0.0,0.00409475,4.75389e-06,0.00122843,0.00443841,4.15301e-07,1.07102e-05,0.0,0.00016141,0.0,1.28971e-10,3.15078e-05,4.9315e-06,2.52974e-05,0.0,3.09016e-05,1.66691e-06,0.0,8.55904e-05,0.000220978,0.0,8.84389e-05,0.000258009,0.0,0.000260488,0.0143407,0.00212968,0.000724284,0.0,0.0351228,0.00886243,0.0,0.0,0.000168421,0.0,0.00631605,0.00106928,0.000917222,0.0,4.64221e-05,0.0636114,0.000562923,0.0475663,0.00015255,3.04376e-06,6.72025e-05,0.0,0.000254243,0.000536164,8.08612e-06,0.0,0.0636952,3.43604e-07,0.0,4.00425e-05,0.0339722,0.00912229,0.009515,6.70121e-06,1.98224e-05,5.01604e-06,0.000915786,0.0499365,0.0180894,0.0,0.00169679,0.0,0.000681775,0.0,0.0,0.0,0.000770862,0.0100286,0.00679396,0.0204617,0.0,0.0,0.000125926,0.00106366,0.0,0.00216282,0.000902443,0.0669263,0.0,0.0202427,0.00148503,0.0
0.0208339,0.0,0.0,0.398394,0.0,0.0109292,0.00360237,0.00125466,0.022037,0.0,0.00117422,0.0,0.00632616,0.000124955,0.0,0.0,4.41546e-05,0.0,2.06648e-11,0.0,0.0216457,0.0,0.000235348,0.0,0.000126149,0.0279503,0.0954856,0.0,0.00409544,4.79031e-06,0.00122829,0.00443799,4.07291e-07,1.07116e-05,0.0,0.000161567,0.0,1.28935e-10,3.15082e-05,4.93045e-06,2.53035e-05,0.0,3.0901e-05,1.66691e-06,0.0,8.5931e-05,0.000220782,0.0,8.83123e-05,0.000258166,0.0,0.000260458,0.0143411,0.00213073,0.000724106,0.0,0.0351227,0.00886213,0.0,0.0,0.000168799,0.0,0.00631582,0.0010694,0.000917009,0.0,4.6345e-05,0.0636128,0.00056299,0.0475663,0.000151991,3.08632e-06,6.7028e-05,0.0,0.000254436,0.000536142,8.03651e-06,0.0,0.0636953,4.29505e-07,0.0,4.00425e-05,0.0339727,0.00912232,0.00951564,6.84181e-06,2.02333e-05,4.95863e-06,0.000915011,0.0499357,0.0180896,0.0,0.00169672,0.0,0.000681477,0.0,0.0,0.0,0.000770875,0.0100284,0.00679421,0.0204617,0.0,0.0,0.000125945,0.0010636,0.0,0.00216249,0.00090213,0.0669262,0.0,0.0202424,0.00148526,0.0
0.0208332,0.0,0.0,0.39839,0.0,0.0109295,0.00360301,0.00125463,0.0220368,0.0,0.00117416,0.0,0.00632596,0.000124953,0.0,0.0,4.41511e-05,0.0,2.06569e-11,0.0,0.0216467,0.0,0.000235348,0.0,0.000126243,0.027952,0.0954867,0.0,0.00409519,4.75389e-06,0.00122853,0.00443782,4.14752e-07,1.08639e-05,0.0,0.000161485,0.0,1.2897e-10,3.14933e-05,4.9315e-06,2.53036e-05,0.0,3.09021e-05,1.66691e-06,0.0,8.5526e-05,0.000220796,0.0,8.82181e-05,0.000258325,0.0,0.000260452,0.0143416,0.0021308,0.000724215,0.0,0.035123,0.00886384,0.0,0.0,0.000168645,0.0,0.00631566,0.00106914,0.000916802,0.0,4.6345e-05,0.0636133,0.000562926,0.0475661,0.000152171,2.99616e-06,6.72025e-05,0.0,0.000254199,0.000535989,8.13835e-06,0.0,0.0636953,3.43604e-07,0.0,4.00425e-05,0.0339722,0.00912225,0.00951542,6.74542e-06,2.03128e-05,5.15089e-06,0.000914697,0.0499376,0.0180892,0.0,0.00169694,0.0,0.000681542,0.0,0.0,0.0,0.000770921,0.0100282,0.00679446,0.0204617,0.0,0.0,0.000125676,0.00106364,0.0,0.00216258,0.000902465,0.0669258,0.0,0.0202427,0.00148544,0.0
0.0208333,0.0,0.0,0.398393,0.0,0.0109296,0.00360259,0.00125466,0.022037,0.0,0.00117422,0.0,0.00632616,0.000124953,0.0,0.0,4.41546e-05,0.0,2.06557e-11,0.0,0.021645,0.0,0.000235348,0.0,0.000126149,0.0279512,0.0954863,0.0,0.0040957,4.75471e-06,0.00122809,0.00443878,4.18125e-07,1.07087e-05,0.0,0.000161372,0.0,1.28945e-10,3.15081e-05,4.93045e-06,2.53035e-05,0.0,3.09012e-05,1.66713e-06,0.0,8.57073e-05,0.000220585,0.0,8.82988e-05,0.000258179,0.0,0.000260514,0.0143411,0.00212948,0.00072389,0.0,0.0351222,0.00886327,0.0,0.0,0.000168799,0.0,0.00631561,0.00106936,0.000917168,0.0,4.64221e-05,0.0636121,0.00056288,0.0475666,0.000152384,3.07612e-06,6.7028e-05,0.0,0.000254387,0.000536026,8.08612e-06,0.0,0.0636956,4.29505e-07,0.0,4.00425e-05,0.0339729,0.00912255,0.00951542,6.80494e-06,2.0083e-05,5.0084e-06,0.000914751,0.0499355,0.018089,0.0,0.00169695,0.0,0.000681964,0.0,0.0,0.0,0.00077082,0.0100289,0.00679422,0.0204615,0.0,0.0,0.000126067,0.00106367,0.0,0.00216267,0.000902443,0.0669271,0.0,0.0202429,0.00148485,0.0
0.0208323,0.0,0.0,0.398393,0.0,0.0109294,0.00360265,0.00125462,0.0220371,0.0,0.00117422,0.0,0.00632606,0.000124966,0.0,0.0,4.41511e-05,0.0,2.06648e-11,0.0,0.0216454,0.0,0.000235254,0.0,0.000126243,0.0279514,0.0954853,0.0,0.00409511,4.75445e-06,0.0012286,0.00443785,4.07179e-07,1.07106e-05,0.0,0.00016172,0.0,1.28966e-10,3.15077e-05,4.9315e-06,2.52974e-05,0.0,3.09029e-05,1.66691e-06,0.0,8.57698e-05,0.000220782,0.0,8.81516e-05,0.000258237,0.0,0.000260615,0.01434,0.00213029,0.000724653,0.0,0.0351232,0.00886245,0.0,0.0,0.000168799,0.0,0.00631618,0.0010689,0.000916792,0.0,4.65322e-05,0.0636121,0.000563029,0.0475664,0.000151968,3.04376e-06,6.72025e-05,0.0,0.000254367,0.00053604,8.03651e-06,0.0,0.0636948,3.43604e-07,0.0,3.97457e-05,0.0339724,0.00912206,0.00951521,6.9365e-06,2.01609e-05,4.99441e-06,0.000915137,0.049936,0.0180897,0.0,0.00169674,0.0,0.000681767,0.0,0.0,0.0,0.000770875,0.0100279,0.00679421,0.0204617,0.0,0.0,0.000125926,0.00106363,0.0,0.00216281,0.000902492,0.0669252,0.0,0.0202427,0.00148505,0.0
0.00150141,0.0,4.15816e-06,0.261685,0.0,0.000421457,0.0,0.0,0.0,0.0,0.00172626,8.51912e-08,0.000773402,3.23638e-10,1.59917e-09,0.000242064,4.70618e-06,1.14109e-07,0.0,0.0,0.0416728,0.0,0.0,0.0,0.000665993,0.0201998,0.0282549,0.0,0.00125029,1.41557e-07,0.00232422,3.38942e-05,1.08812e-07,2.10132e-05,0.0,0.0,0.0,7.97966e-06,1.97877e-07,0.0,2.31518e-07,0.0,2.63667e-08,0.0,0.0,0.0,6.2413e-05,0.0,8.8721e-06,9.29368e-05,0.0,9.83232e-05,0.00243755,0.000635731,0.000207151,0.0,4.43004e-05,0.00258046,0.0,0.0,4.0555e-05,0.0,2.97286e-05,0.000966173,0.0126796,0.0,0.0,0.0347706,0.000213936,0.042302,1.5768e-05,1.17078e-06,2.49367e-05,0.0,8.13702e-05,0.00534387,2.4804e-06,0.0,0.0636306,0.000112929,0.000785995,0.00381946,0.0256576,3.00766e-06,0.0,0.0,0.0,0.0,0.000243965,0.001281,0.00180883,0.0,1.50513e-05,0.0,1.53656e-05,0.0,0.0,0.00093945,0.0,0.0128548,0.00106297,0.00327679,0.000548587,0.0,0.00178254,0.000181049,0.0,0.00520676,0.000109165,0.0023587,0.000312295,0.000811678,0.00530711,0.0
0.00149997,0.0,4.15816e-06,0.261683,0.0,0.000421686,0.0,0.0,0.0,0.0,0.00172616,7.81583e-08,0.00077342,1.54799e-08,1.59917e-09,0.000242064,4.84435e-06,1.36623e-07,0.0,0.0,0.0416712,0.0,0.0,0.0,0.000665837,0.0202004,0.0282548,0.0,0.00124913,1.42846e-07,0.00232394,3.36715e-05,1.14252e-07,2.10132e-05,0.0,0.0,0.0,8.02722e-06,1.95666e-07,0.0,2.89397e-07,0.0,2.63667e-08,0.0,0.0,0.0,6.2413e-05,0.0,8.80288e-06,9.36321e-05,0.0,9.8352e-05,0.00243756,0.000636618,0.000207202,0.0,4.44824e-05,0.00257833,0.0,0.0,4.0709e-05,0.0,2.94777e-05,0.000966009,0.0126796,0.0,0.0,0.0347669,0.000213837,0.0423024,1.58469e-05,1.12822e-06,2.51113e-05,0.0,8.11739e-05,0.00534404,2.4308e-06,0.0,0.0636306,0.000112849,0.000785961,0.00381952,0.0256579,2.95446e-06,0.0,0.0,0.0,0.0,0.000244747,0.00128058,0.00180906,0.0,1.48039e-05,0.0,1.53656e-05,0.0,0.0,0.00093947,0.0,0.012855,0.00106312,0.00327679,0.000548853,0.0,0.00178205,0.000181014,0.0,0.00520718,0.000108696,0.00235851,0.00031186,0.000811733,0.00530725,0.0
0.00150093,0.0,4.14669e-06,0.261683,0.0,0.000421576,0.0,0.0,0.0,0.0,0.00172624,7.25847e-08,0.000773252,1.41831e-08,1.65508e-09,0.000242064,4.7478e-06,1.38733e-07,0.0,0.0,0.0416719,0.0,0.0,0.0,0.000665874,0.0201995,0.0282548,0.0,0.00124977,1.41709e-07,0.00232433,3.37853e-05,1.08812e-07,2.11207e-05,0.0,0.0,0.0,7.7449e-06,1.97885e-07,0.0,2.31518e-07,0.0,2.74647e-08,0.0,0.0,0.0,6.20189e-05,0.0,8.80288e-06,9.31167e-05,0.0,9.82828e-05,0.00243786,0.000635123,0.00020628,0.0,4.38396e-05,0.00258103,0.0,0.0,4.07374e-05,0.0,2.99332e-05,0.000965562,0.01268,0.0,0.0,0.0347682,0.000213777,0.0423029,1.5563e-05,1.17078e-06,2.49367e-05,0.0,8.10358e-05,0.00534382,2.48303e-06,0.0,0.0636303,0.000112929,0.000786269,0.00381946,0.0256582,3.00766e-06,0.0,0.0,0.0,0.0,0.000244036,0.00128091,0.00180872,0.0,1.50416e-05,0.0,1.53656e-05,0.0,0.0,0.000939441,0.0,0.0128558,0.00106363,0.00327634,0.000548643,0.0,0.00178245,0.000181015,0.0,0.00520683,0.000108864,0.00235971,0.000312519,0.000811663,0.00530712,0.0
0.00150087,0.0,4.15816e-06,0.261685,0.0,0.00042153,0.0,0.0,0.0,0.0,0.00172621,7.46917e-08,0.000773574,2.1577e-10,2.50658e-09,0.000242064,4.72212e-06,1.12747e-07,0.0,0.0,0.0416731,0.0,0.0,0.0,0.000665992,0.0202004,0.0282544,0.0,0.00125002,1.4246e-07,0.00232402,3.37804e-05,1.14252e-07,2.10132e-05,0.0,0.0,0.0,7.92086e-06,1.97885e-07,0.0,2.31518e-07,0.0,2.63667e-08,0.0,0.0,0.0,6.22316e-05,0.0,8.80288e-06,9.32687e-05,0.0,9.83561e-05,0.00243784,0.000636381,0.000206843,0.0,4.46878e-05,0.0025799,0.0,0.0,4.0709e-05,0.0,2.95795e-05,0.000965762,0.0126796,0.0,0.0,0.034769,0.000213907,0.0423024,1.56561e-05,1.12822e-06,2.49367e-05,0.0,8.16151e-05,0.0053438,2.4308e-06,0.0,0.0636302,0.000112929,0.000786147,0.00381954,0.0256576,2.97623e-06,0.0,0.0,0.0,0.0,0.000244844,0.00128034,0.00180928,0.0,1.43118e-05,0.0,1.51252e-05,0.0,0.0,0.000939468,1.26568e-08,0.0128545,0.00106306,0.00327692,0.000549107,0.0,0.00178212,0.000181072,0.0,0.00520731,0.00010863,0.00235837,0.000311842,0.000812212,0.00530728,0.0
0.0015014,0.0,4.15697e-06,0.261683,0.0,0.000421586,0.0,0.0,0.0,0.0,0.00172607,7.97727e-08,0.000773404,1.41831e-08,1.13341e-14,0.000242055,4.81534e-06,1.35099e-07,0.0,0.0,0.0416717,0.0,0.0,0.0,0.000665841,0.0201998,0.0282548,0.0,0.00124957,1.42437e-07,0.00232408,3.37853e-05,1.08812e-07,2.07078e-05,0.0,0.0,0.0,7.9514e-06,1.95666e-07,0.0,2.31518e-07,0.0,2.80655e-08,0.0,0.0,0.0,6.20189e-05,0.0,8.80288e-06,9.32441e-05,0.0,9.82918e-05,0.00243755,0.000636158,0.000207362,0.0,4.40151e-05,0.00257934,0.0,0.0,4.0555e-05,0.0,2.93514e-05,0.000965504,0.0126795,0.0,0.0,0.0347686,0.000213844,0.0423027,1.5768e-05,1.13842e-06,2.51113e-05,0.0,8.13021e-05,0.00534387,2.4308e-06,0.0,0.0636311,0.000112849,0.000786146,0.00381944,0.0256578,3.00766e-06,0.0,0.0,0.0,0.0,0.000244067,0.00128088,0.00180906,0.0,1.456e-05,0.0,1.53656e-05,0.0,0.0,0.000939455,0.0,0.012855,0.0010631,0.00327674,0.000548587,0.0,0.00178224,0.000181018,0.0,0.0052071,0.000109016,0.00235846,0.000312297,0.000811484,0.00530726,0.0
0.0128796,0.000428004,3.37041e-05,0.143435,0.0,0.0139712,0.0123185,0.0,2.89334e-06,0.0,0.000208343,0.0,1.79691e-05,0.0,0.0,1.18169e-06,0.000578933,4.42758e-06,0.0,0.0354945,0.185022,0.0178029,0.0,0.0,0.000432741,0.0366363,0.0230273,0.0,0.000253489,0.00039063,0.000952271,0.0,9.97997e-06,0.00022898,3.08529e-07,2.37062e-05,0.0,0.000152965,4.40103e-14,2.81621e-05,5.43561e-07,4.73426e-10,1.14551e-05,0.0,0.000510938,0.000443493,5.90278e-07,0.0,0.000333109,3.60804e-06,0.0,9.39481e-07,0.000671855,0.0,0.000455541,0.0,0.0,0.000499267,1.13782e-05,0.0,0.0,0.0,6.43816e-07,0.000719346,0.0,0.000231925,0.0,0.000694058,1.68235e-05,1.66935e-05,0.0,0.0,0.0,0.0,0.0,0.000679429,0.0,2.3287e-05,0.0142282,0.00262364,2.79664e-05,0.0,4.95121e-06,0.0,0.00227451,0.0,0.0,0.0,0.0133902,0.0,0.0,0.0,0.0,0.0,7.85385e-05,0.0,0.0,0.000147022,0.0,0.000719716,7.18894e-05,1.09873e-13,2.32315e-05,0.0,0.00250407,0.000433716,0.0,0.0010064,0.0,0.000428449,0.00103765,0.00310491,0.00180437,0.0
0.0128806,0.000428151,3.36746e-05,0.143433,0.0,0.0139712,0.0123183,0.0,2.8e-06,0.0,0.000208355,0.0,1.78264e-05,0.0,0.0,1.18169e-06,0.000578736,4.42861e-06,0.0,0.035494,0.185023,0.0178027,0.0,0.0,0.000432975,0.0366343,0.0230278,0.0,0.000253635,0.000390833,0.000952571,0.0,9.97675e-06,0.000228797,3.11615e-07,2.37233e-05,0.0,0.000152881,3.66753e-14,2.81658e-05,5.43561e-07,4.73435e-10,1.14474e-05,0.0,0.000510938,0.000443644,1.96244e-07,0.0,0.000333114,3.40905e-06,0.0,8.72059e-07,0.000672014,0.0,0.000455382,0.0,0.0,0.000499362,1.12838e-05,0.0,0.0,0.0,9.92738e-07,0.000719407,0.0,0.000231967,0.0,0.000694202,1.67893e-05,1.67948e-05,0.0,0.0,0.0,0.0,0.0,0.000679282,0.0,2.31069e-05,0.0142302,0.00262325,2.79664e-05,0.0,4.97974e-06,0.0,0.00227427,0.0,0.0,0.0,0.0133899,0.0,0.0,0.0,0.0,0.0,7.85385e-05,0.0,0.0,0.000147045,0.0,0.000719592,7.18894e-05,1.04435e-13,2.31794e-05,0.0,0.00250435,0.000433952,0.0,0.0010068,0.0,0.000428673,0.00103727,0.00310402,0.00180417,0.0
0.01288,0.000427938,3.3717e-05,0.143434,0.0,0.0139709,0.0123188,0.0,2.89334e-06,0.0,0.000208186,0.0,1.79415e-05,0.0,0.0,1.18169e-06,0.000578856,4.42861e-06,0.0,0.0354939,0.185022,0.0178029,0.0,0.0,0.000432636,0.0366341,0.0230276,0.0,0.000253455,0.000390622,0.000952635,0.0,9.95228e-06,0.00022884,3.08529e-07,2.3678e-05,0.0,0.000152968,4.40103e-14,2.81658e-05,4.85682e-07,4.73443e-10,1.14551e-05,0.0,0.000510928,0.000443493,1.96269e-07,0.0,0.000333329,3.48803e-06,0.0,9.79439e-07,0.000671271,0.0,0.000455375,0.0,0.0,0.000500102,1.13353e-05,0.0,0.0,0.0,7.90295e-07,0.00071913,0.0,0.000231848,0.0,0.000694391,1.68919e-05,1.67648e-05,0.0,0.0,0.0,0.0,0.0,0.000679342,0.0,2.31069e-05,0.0142284,0.00262423,2.80885e-05,0.0,5.04978e-06,0.0,0.0022747,0.0,0.0,0.0,0.0133903,0.0,0.0,0.0,0.0,0.0,7.8289e-05,0.0,0.0,0.000146965,1.13058e-27,0.000720288,7.18894e-05,1.04435e-13,2.34021e-05,0.0,0.00250422,0.000433628,0.0,0.0010063,0.0,0.000428961,0.00103763,0.00310458,0.00180373,0.0
0.0128802,0.000428218,3.37027e-05,0.143434,0.0,0.0139712,0.0123184,0.0,2.8e-06,0.0,0.000208417,0.0,1.78221e-05,0.0,0.0,1.18795e-06,0.000578838,4.34905e-06,0.0,0.0354944,0.185023,0.0178032,0.0,0.0,0.000433021,0.0366366,0.0230282,0.0,0.000253328,0.000391012,0.000952025,0.0,9.98917e-06,0.000228636,3.08529e-07,2.37796e-05,0.0,0.000152958,3.66753e-14,2.81621e-05,5.43561e-07,4.73431e-10,1.14551e-05,0.0,0.000510938,0.000443493,5.90278e-07,0.0,0.000333161,3.65677e-06,0.0,8.97753e-07,0.000672777,0.0,0.000455359,0.0,0.0,0.000499366,1.13205e-05,0.0,0.0,0.0,4.80915e-07,0.000719167,0.0,0.000231902,0.0,0.000693416,1.6922e-05,1.66935e-05,0.0,0.0,0.0,0.0,0.0,0.000679181,0.0,2.31069e-05,0.0142296,0.00262327,2.79541e-05,0.0,4.99328e-06,0.0,0.00227448,0.0,0.0,0.0,0.0133908,0.0,0.0,0.0,0.0,0.0,7.85385e-05,0.0,0.0,0.000147248,0.0,0.000719176,7.18894e-05,1.16944e-13,2.31794e-05,0.0,0.0025041,0.00043388,0.0,0.0010068,0.0,0.000428867,0.00103707,0.00310422,0.00180414,0.0
0.0128799,0.000428009,3.371e-05,0.143436,0.0,0.0139712,0.0123183,0.0,2.8e-06,0.0,0.000208418,0.0,1.78875e-05,0.0,0.0,1.17338e-06,0.000578735,4.42861e-06,0.0,0.0354936,0.185022,0.0178029,0.0,0.0,0.000432595,0.0366348,0.0230277,0.0,0.000253473,0.000390624,0.000952692,0.0,9.93352e-06,0.000228993,3.11615e-07,2.37234e-05,0.0,0.000152971,4.40103e-14,2.81658e-05,5.43561e-07,4.73435e-10,1.14551e-05,0.0,0.000510938,0.000443849,3.92513e-07,0.0,0.000333196,3.51655e-06,0.0,8.57836e-07,0.000671345,0.0,0.000455563,0.0,0.0,0.000499553,1.13105e-05,0.0,0.0,0.0,4.88755e-07,0.00071944,0.0,0.000231934,0.0,0.000694916,1.67789e-05,1.68645e-05,0.0,0.0,0.0,0.0,0.0,0.000679465,5.22329e-08,2.3287e-05,0.0142287,0.0026234,2.79664e-05,0.0,4.87468e-06,0.0,0.00227448,0.0,0.0,0.0,0.0133905,0.0,0.0,0.0,0.0,0.0,7.85385e-05,0.0,0.0,0.000147301,0.0,0.000719793,7.18894e-05,1.04435e-13,2.32315e-05,0.0,0.0025042,0.000433677,0.0,0.00100632,0.0,0.000428098,0.00103759,0.00310478,0.00180435,0.0
0.00347238,8.0825e-05,3.64864e-06,0.0207096,0.0,5.36662e-05,0.0132209,3.20327e-05,1.11526e-05,1.13577e-05,0.000158564,1.93805e-06,0.000130219,2.42482e-07,1.39511e-06,3.54165e-13,3.5688e-05,6.65365e-06,0.0,3.22053e-07,0.246416,0.0108638,0.0,4.74882e-07,0.000197916,0.0105962,0.0,0.0,0.000551692,1.36676e-05,0.000774257,1.66262e-05,9.40155e-06,3.54523e-05,0.0,3.80418e-23,0.0,0.00216451,1.95207e-08,1.40322e-08,6.2679e-05,1.13992e-05,6.56201e-05,5.82168e-06,0.0027418,0.0,0.000169987,1.9369e-06,3.06127e-05,9.46353e-06,0.0,2.66883e-05,0.00101652,0.000182098,0.00214827,0.000593224,0.0,0.000491319,1.72038e-06,1.04157e-05,0.0,0.0,0.0,0.00126389,0.00069798,0.0,0.0,0.0052905,3.10312e-05,1.211e-06,0.0,0.0,0.0,0.0,0.0,0.000633285,2.7284e-05,0.00023699,0.000175215,0.000982355,0.000117941,3.0221e-06,4.88645e-05,0.0,0.0,0.0,0.0,0.0,0.0,6.99074e-06,0.0,0.0,4.19544e-06,0.0,0.00322245,0.0,0.0,0.000198532,0.0,0.00627119,0.000530477,5.61678e-07,0.0,0.0,0.000954614,0.00028389,0.000632578,0.00261467,0.000735178,0.00460579,0.000465151,0.000999077,0.000584312,0.0
0.00347188,8.07775e-05,3.65141e-06,0.0207136,0.0,5.36364e-05,0.0132207,3.20401e-05,1.13136e-05,1.1316e-05,0.000158596,1.92836e-06,0.00013012,2.42482e-07,1.36757e-06,3.54165e-13,3.55068e-05,6.60822e-06,0.0,2.71253e-07,0.246416,0.0108649,0.0,0.0,0.000198086,0.0105963,0.0,0.0,0.000551666,1.37406e-05,0.000773985,1.66325e-05,9.38818e-06,3.57377e-05,0.0,0.0,0.0,0.00216422,1.95295e-08,1.40322e-08,6.26887e-05,1.14423e-05,6.56146e-05,5.75012e-06,0.00274169,0.0,0.000170312,1.8187e-06,3.07169e-05,9.23153e-06,0.0,2.64843e-05,0.00101801,0.000182056,0.00214864,0.000593806,0.0,0.00049135,1.66644e-06,1.0446e-05,0.0,0.0,0.0,0.00126433,0.000698302,0.0,0.0,0.00529273,3.11042e-05,1.42347e-06,0.0,0.0,0.0,0.0,0.0,0.000633386,2.72115e-05,0.000237001,0.000174836,0.000982329,0.000118338,3.04633e-06,4.90583e-05,0.0,0.0,0.0,0.0,0.0,0.0,7.23538e-06,0.0,0.0,3.70724e-06,0.0,0.00322236,0.0,0.0,0.00019907,3.17905e-27,0.00627227,0.000530176,5.60899e-07,0.0,0.0,0.00095408,0.000283858,0.000632536,0.00261366,0.00073705,0.00460636,0.000465853,0.000998703,0.000584829,0.0
0.00347183,8.07775e-05,3.64869e-06,0.0207117,0.0,5.36364e-05,0.013221,3.2067e-05,1.12352e-05,1.12966e-05,0.000158536,1.94153e-06,0.000130283,2.54937e-07,1.2902e-06,3.48658e-13,3.54551e-05,6.64947e-06,0.0,2.85939e-07,0.246417,0.0108641,0.0,0.0,0.000197974,0.010597,0.0,0.0,0.000551643,1.36563e-05,0.000774291,1.6318e-05,9.39426e-06,3.56433e-05,0.0,0.0,0.0,0.00216462,1.95207e-08,1.40322e-08,6.24691e-05,1.13992e-05,6.56201e-05,5.75099e-06,0.00274182,0.0,0.000170318,1.8187e-06,3.07169e-05,9.37014e-06,0.0,2.66623e-05,0.00101778,0.000181839,0.00214882,0.000593365,0.0,0.000491505,1.59689e-06,1.05019e-05,0.0,0.0,1.49273e-07,0.00126427,0.000697841,0.0,0.0,0.00529029,3.1019e-05,1.38314e-06,0.0,0.0,0.0,0.0,0.0,0.000633397,2.72193e-05,0.000236957,0.000175042,0.00098261,0.00011807,3.04166e-06,4.90766e-05,0.0,0.0,0.0,0.0,0.0,0.0,6.99074e-06,0.0,0.0,4.18508e-06,0.0,0.00322316,0.0,0.0,0.000199078,0.0,0.00627198,0.000530609,5.61678e-07,0.0,0.0,0.00095517,0.000283808,0.000632621,0.00261468,0.000735323,0.0046056,0.000464992,0.00099878,0.000584914,0.0
0.00347273,8.07775e-05,3.65132e-06,0.0207118,0.0,5.36364e-05,0.0132205,3.20327e-05,1.13186e-05,1.13564e-05,0.000158565,1.94544e-06,0.000130101,2.42482e-07,1.329e-06,3.49273e-13,3.56164e-05,6.6465e-06,0.0,2.53966e-07,0.246416,0.0108644,0.0,0.0,0.000198025,0.0105966,0.0,0.0,0.00055163,1.3698e-05,0.000773861,1.66325e-05,9.40474e-06,3.56055e-05,0.0,0.0,0.0,0.00216422,1.73101e-08,1.4094e-08,6.2679e-05,1.13992e-05,6.5621e-05,5.8027e-06,0.00274159,0.0,0.000170169,1.807e-06,3.04507e-05,9.20091e-06,0.0,2.66575e-05,0.00101763,0.000182479,0.00214845,0.000593619,0.0,0.000491079,1.72038e-06,1.02751e-05,0.0,0.0,1.12444e-07,0.00126451,0.000697827,0.0,0.0,0.00529119,3.10532e-05,1.29334e-06,0.0,0.0,0.0,0.0,0.0,0.000633482,2.7091e-05,0.00023727,0.000175099,0.000982049,0.000117941,3.0221e-06,4.89447e-05,0.0,0.0,0.0,0.0,0.0,0.0,6.84807e-06,0.0,0.0,3.70381e-06,0.0,0.00322218,0.0,0.0,0.000199362,0.0,0.00627206,0.000530313,5.61678e-07,0.0,0.0,0.000954099,0.000283927,0.000632478,0.00261459,0.000735881,0.00460532,0.000465403,0.000999445,0.000584668,0.0
0.0034716,8.0825e-05,3.65141e-06,0.0207109,0.0,5.36662e-05,0.013221,3.20401e-05,1.09184e-05,1.12937e-05,0.000158665,1.93719e-06,0.000130105,2.42482e-07,1.39395e-06,3.54165e-13,3.56012e-05,6.61002e-06,0.0,2.7646e-07,0.246415,0.0108646,0.0,0.0,0.000197995,0.0105962,0.0,0.0,0.000551444,1.37303e-05,0.000774316,1.66262e-05,9.36021e-06,3.56517e-05,0.0,0.0,0.0,0.00216453,1.95207e-08,1.40322e-08,6.26887e-05,1.1435e-05,6.56137e-05,5.75014e-06,0.00274184,0.0,0.000170114,1.95213e-06,3.07169e-05,9.27845e-06,0.0,2.65986e-05,0.00101711,0.000182596,0.00214865,0.000593903,0.0,0.000490874,1.66644e-06,1.04028e-05,0.0,0.0,0.0,0.00126425,0.00069821,0.0,0.0,0.0052906,3.11493e-05,1.51214e-06,0.0,0.0,0.0,0.0,0.0,0.000633381,2.72193e-05,0.000237028,0.000174717,0.000982402,0.000118177,3.0221e-06,4.90167e-05,0.0,0.0,0.0,0.0,0.0,0.0,7.05421e-06,0.0,0.0,4.19675e-06,0.0,0.00322315,0.0,0.0,0.000198798,0.0,0.00627199,0.00053,5.60899e-07,0.0,0.0,0.000954431,0.000283823,0.000632569,0.00261381,0.000735651,0.00460592,0.000465325,0.000999445,0.000584468,0.0
0.0048267,0.00119965,3.93734e-10,0.12117,0.0,2.43735e-06,0.000789296,0.0,0.000170051,0.00126321,0.00026722,0.000619832,0.0315401,8.27498e-09,0.0,0.0,0.00284701,0.0,0.0,0.0,0.0777754,0.0504162,0.0117502,4.57263e-06,0.000796253,0.0429001,0.0116746,0.0,0.000977528,0.000363342,0.00302987,0.0,9.13944e-06,3.63909e-06,3.43679e-05,1.26841e-05,0.0,0.000111266,3.44706e-06,0.00065168,4.35085e-05,5.93863e-05,0.0,0.0,0.0,0.000248838,8.64743e-06,8.97648e-07,3.36005e-06,6.80811e-06,0.0,8.16849e-06,0.000514153,3.82784e-05,0.000123847,0.000480546,0.0325515,0.00135289,0.0,0.0,0.0,0.0,1.34993e-05,0.000654843,0.000316853,0.0,0.0,0.0269328,1.30169e-05,3.87822e-06,0.0,0.0,0.0,0.0,0.0,0.00488829,4.46473e-07,0.000120986,0.0232813,0.000544941,2.53394e-05,1.2199e-05,0.00393196,1.39935e-06,0.0,0.0,2.09834e-06,0.0,0.000110137,0.00126215,0.000153813,0.0,5.91397e-06,7.15869e-05,0.000180989,0.0329928,0.0,0.0496077,0.0190337,0.00161316,0.0252557,0.0,0.0,0.0,0.000723595,0.000372896,0.0,0.00251097,0.0,0.0621707,0.0,0.0,0.0,0.0
0.00482622,0.00119987,3.93739e-10,0.121169,0.0,2.2505e-06,0.000789713,0.0,0.000170051,0.00126318,0.000267189,0.000619826,0.03154,7.01489e-09,0.0,0.0,0.00284695,0.0,0.0,0.0,0.0777714,0.0504165,0.0117503,4.72375e-06,0.000796535,0.0428983,0.0116738,0.0,0.000977556,0.000364091,0.00303,0.0,9.15304e-06,3.62943e-06,3.4422e-05,1.27415e-05,0.0,0.000111291,3.44712e-06,0.000651669,4.35085e-05,5.93863e-05,0.0,0.0,0.0,0.000248564,8.44967e-06,7.79442e-07,3.2026e-06,6.90726e-06,0.0,8.20005e-06,0.000512707,3.78084e-05,0.000124018,0.000480814,0.0325511,0.00135255,0.0,0.0,0.0,0.0,1.36164e-05,0.000654356,0.000316576,0.0,0.0,0.0269314,1.29153e-05,3.58997e-06,0.0,0.0,0.0,0.0,0.0,0.00488859,4.96081e-07,0.000121066,0.0232818,0.000544685,2.49164e-05,1.20445e-05,0.00393152,1.31323e-06,0.0,0.0,1.67474e-06,0.0,0.000110257,0.00126205,0.000153786,0.0,5.4335e-06,7.15562e-05,0.00018138,0.0329919,0.0,0.0496077,0.0190337,0.00161315,0.0252561,0.0,0.0,0.0,0.000723589,0.000372662,0.0,0.0025112,0.0,0.0621718,0.0,0.0,0.0,0.0
0.00482628,0.00119971,1.72198e-14,0.12117,0.0,2.40404e-06,0.000788995,0.0,0.000169864,0.00126321,0.000267116,0.00061983,0.0315403,8.27498e-09,0.0,0.0,0.00284693,0.0,0.0,0.0,0.0777705,0.0504164,0.0117503,4.41204e-06,0.000796416,0.0429001,0.0116762,0.0,0.000977702,0.000363393,0.00302984,0.0,9.14938e-06,3.65483e-06,3.43679e-05,1.27994e-05,0.0,0.000111134,3.44706e-06,0.000651661,4.35447e-05,5.93902e-05,0.0,0.0,0.0,0.000248838,8.64743e-06,7.79442e-07,3.3068e-06,6.68863e-06,0.0,8.13662e-06,0.000513915,3.9311e-05,0.000123893,0.000480596,0.0325515,0.00135257,0.0,0.0,0.0,0.0,1.32194e-05,0.000654264,0.000316845,0.0,0.0,0.0269316,1.30441e-05,3.17501e-06,0.0,0.0,0.0,0.0,0.0,0.00488816,4.46473e-07,0.000120937,0.0232815,0.000544759,2.53587e-05,1.20445e-05,0.00393237,1.41815e-06,0.0,0.0,2.16153e-06,0.0,0.000111257,0.00126196,0.000154058,0.0,5.67959e-06,7.16416e-05,0.000181004,0.0329923,0.0,0.0496077,0.0190336,0.0016133,0.0252561,0.0,0.0,0.0,0.000723503,0.000372811,0.0,0.00251108,0.0,0.0621707,0.0,0.0,0.0,0.0
0.00482659,0.00119991,3.93729e-10,0.12117,0.0,2.41307e-06,0.000789642,0.0,0.00017031,0.00126318,0.000267206,0.000619835,0.03154,8.27499e-09,0.0,0.0,0.00284696,0.0,0.0,0.0,0.0777724,0.050416,0.0117504,4.6591e-06,0.000796277,0.0428983,0.0116739,0.0,0.000977382,0.000363763,0.0030298,0.0,9.13853e-06,3.62613e-06,3.43679e-05,1.26463e-05,0.0,0.000111387,3.44706e-06,0.000651675,4.35085e-05,5.93863e-05,0.0,0.0,0.0,0.000248838,8.64594e-06,7.79442e-07,3.28432e-06,6.91436e-06,0.0,8.10606e-06,0.000512818,3.84259e-05,0.000123843,0.000480878,0.0325515,0.0013524,0.0,0.0,0.0,0.0,1.35257e-05,0.000654617,0.000316625,0.0,0.0,0.0269311,1.30162e-05,3.6441e-06,0.0,0.0,0.0,0.0,0.0,0.00488839,4.96081e-07,0.000121066,0.0232817,0.000544663,2.53835e-05,1.20445e-05,0.00393182,1.30558e-06,0.0,0.0,1.8001e-06,0.0,0.000110714,0.00126201,0.000153755,0.0,5.90559e-06,7.14178e-05,0.00018113,0.0329923,0.0,0.0496075,0.0190337,0.00161304,0.0252557,0.0,0.0,0.0,0.00072368,0.000372632,0.0,0.0025112,0.0,0.062171,0.0,0.0,0.0,0.0
0.00482584,0.00119985,1.72198e-14,0.12117,0.0,2.24568e-06,0.000789285,0.0,0.000169864,0.00126323,0.000267157,0.00061982,0.03154,7.01489e-09,0.0,0.0,0.00284699,0.0,0.0,0.0,0.0777734,0.0504161,0.0117503,4.87388e-06,0.000796167,0.0428998,0.0116746,0.0,0.000977702,0.000363746,0.00302979,0.0,9.13654e-06,3.65275e-06,3.44132e-05,1.27902e-05,0.0,0.000111182,3.44865e-06,0.000651658,4.35085e-05,5.93863e-05,0.0,0.0,0.0,0.000248564,8.45119e-06,8.97648e-07,3.46883e-06,6.80101e-06,0.0,8.2876e-06,0.000514653,3.81777e-05,0.000124341,0.000480748,0.0325512,0.00135297,0.0,0.0,0.0,0.0,1.33685e-05,0.000654167,0.000316427,0.0,0.0,0.026932,1.30597e-05,3.38159e-06,0.0,0.0,0.0,0.0,0.0,0.00488825,4.46473e-07,0.000120937,0.0232824,0.000545021,2.50769e-05,1.2199e-05,0.00393155,1.34615e-06,0.0,0.0,1.88709e-06,0.0,0.000110117,0.00126208,0.000154078,0.0,5.92352e-06,7.186e-05,0.000180973,0.0329926,0.0,0.0496077,0.0190338,0.00161311,0.0252556,0.0,0.0,0.0,0.000723589,0.000372783,0.0,0.00251109,0.0,0.0621712,0.0,0.0,0.0,0.0
0.00246599,0.0,3.41203e-09,0.0842471,0.0,7.7411e-05,0.0109761,0.0,0.000991682,0.0,0.000164774,0.000896106,0.00649361,0.0,6.22918e-23,0.0,0.00165527,0.000670406,0.0,0.0250198,0.0379445,0.0,0.000249835,0.014819,0.0339142,0.0294437,0.0599244,0.0,0.0287722,0.0255908,0.0168638,0.0,0.000185179,0.000496016,0.02026,0.0090212,0.00149068,0.000497496,2.1022e-05,0.0,1.09971e-06,6.4424e-05,0.0,2.78262e-05,0.0002297,7.56809e-05,7.66204e-05,6.53064e-07,6.37751e-05,0.000114769,0.0,0.000129316,0.0104303,0.000810754,0.0157713,0.000123835,1.01381e-06,0.0626765,0.0,0.0,8.25917e-05,0.0,3.42904e-05,0.000603741,0.000230554,0.0,1.7153e-05,0.0106737,0.00426728,0.0130039,4.99758e-05,1.37013e-06,2.86492e-05,7.94675e-06,0.0,0.000217958,4.9112e-06,0.0,0.00578192,0.000615683,0.0,3.69944e-05,3.06508e-06,0.0,0.0,0.0,2.24949e-06,0.0,0.00105285,0.0508197,0.0767648,0.0,1.4841e-06,2.69036e-06,0.00222059,0.0498825,0.0,0.00826712,0.0969058,0.0948293,0.0021085,0.051115,0.0058538,0.0,0.08077,0.0178845,1.37774e-06,0.0442523,0.0163578,0.23365,0.0,0.00665024,0.0751425,0.0
0.00246593,0.0,5.01454e-09,0.0842468,0.0,7.70085e-05,0.010976,0.0,0.000991626,0.0,0.000164562,0.000896099,0.00649349,0.0,0.0,0.0,0.0016553,0.000670445,0.0,0.0250199,0.0379446,0.0,0.000249754,0.0148189,0.0339142,0.0294446,0.0599244,0.0,0.028772,0.0255909,0.0168639,0.0,0.000185158,0.000496049,0.0202602,0.00902147,0.00149078,0.000497267,2.1022e-05,0.0,1.04183e-06,6.44252e-05,0.0,2.76753e-05,0.000229693,7.52486e-05,7.62443e-05,5.19628e-07,6.39372e-05,0.000114606,0.0,0.000129321,0.0104307,0.000810529,0.0157722,0.000123897,9.59132e-07,0.0626747,0.0,0.0,8.27585e-05,0.0,3.48554e-05,0.000603842,0.000231087,0.0,1.72575e-05,0.0106743,0.00426768,0.013004,4.99651e-05,1.32757e-06,2.82962e-05,7.94675e-06,0.0,0.000217381,4.9112e-06,0.0,0.00578159,0.000616174,0.0,3.70414e-05,3.00984e-06,0.0,0.0,0.0,2.07742e-06,0.0,0.001053,0.0508188,0.0767649,0.0,2.22313e-06,2.98516e-06,0.00222081,0.0498823,0.0,0.00826698,0.0969059,0.0948292,0.00210799,0.0511148,0.00585387,0.0,0.080769,0.0178846,1.37831e-06,0.0442521,0.0163575,0.233653,0.0,0.00665017,0.0751421,0.0
0.00246604,0.0,3.412e-09,0.0842464,0.0,7.71271e-05,0.010976,0.0,0.000991669,0.0,0.000164564,0.000896105,0.00649346,0.0,0.0,0.0,0.00165532,0.000670441,0.0,0.0250193,0.037945,0.0,0.000249835,0.0148187,0.0339141,0.0294439,0.0599244,0.0,0.0287719,0.0255909,0.0168634,0.0,0.000185166,0.000496034,0.0202599,0.00902134,0.00149068,0.000497463,2.1022e-05,0.0,1.09971e-06,6.43563e-05,0.0,2.78262e-05,0.0002297,7.54453e-05,7.66204e-05,6.37835e-07,6.38793e-05,0.000114945,0.0,0.000129347,0.0104303,0.00081068,0.0157722,0.00012407,7.65265e-07,0.0626774,0.0,0.0,8.24093e-05,0.0,3.45224e-05,0.000603772,0.000230477,0.0,1.7153e-05,0.0106752,0.00426749,0.013004,4.98446e-05,1.42668e-06,2.82962e-05,7.89124e-06,0.0,0.000217708,4.9112e-06,0.0,0.00578236,0.00061548,0.0,3.69944e-05,3.01681e-06,0.0,0.0,0.0,2.01471e-06,0.0,0.00105266,0.0508195,0.0767654,0.0,2.2093e-06,2.85881e-06,0.00222038,0.0498822,0.0,0.00826732,0.0969062,0.0948292,0.0021075,0.0511153,0.0058538,0.0,0.0807704,0.0178846,1.37833e-06,0.0442523,0.0163578,0.233651,0.0,0.00665015,0.0751434,0.0
0.00246585,0.0,5.53403e-09,0.084247,0.0,7.70805e-05,0.0109758,0.0,0.000991726,0.0,0.000164729,0.00089609,0.00649349,0.0,0.0,0.0,0.0016553,0.000670406,0.0,0.0250197,0.0379443,7.86317e-08,0.000249654,0.0148189,0.0339142,0.0294451,0.0599243,0.0,0.0287724,0.0255908,0.016864,0.0,0.000185157,0.000496029,0.0202602,0.00902151,0.00149076,0.000497387,2.10198e-05,0.0,1.09971e-06,6.44252e-05,0.0,2.77414e-05,0.000229695,7.53407e-05,7.6439e-05,5.19628e-07,6.38756e-05,0.000114843,0.0,0.000129302,0.0104307,0.00081013,0.0157723,0.00012405,1.01381e-06,0.0626756,0.0,0.0,8.26045e-05,0.0,3.42904e-05,0.000603765,0.000230686,0.0,1.69658e-05,0.0106754,0.00426749,0.0130046,5.02653e-05,1.37013e-06,2.84747e-05,7.94675e-06,0.0,0.000217422,4.9112e-06,0.0,0.00578263,0.000615754,0.0,3.71273e-05,2.95892e-06,0.0,0.0,0.0,2.11819e-06,0.0,0.00105329,0.0508194,0.0767648,0.0,1.97578e-06,2.98516e-06,0.00222081,0.0498825,0.0,0.00826622,0.0969049,0.0948288,0.00210821,0.0511149,0.00585377,0.0,0.0807694,0.0178845,1.37759e-06,0.0442516,0.0163577,0.233653,0.0,0.00665024,0.0751424,0.0
0.00246542,0.0,3.41202e-09,0.0842474,0.0,7.70818e-05,0.0109762,0.0,0.000991626,0.0,0.000164663,0.000896123,0.0064935,0.0,0.0,0.0,0.0016553,0.000670406,0.0,0.0250198,0.0379439,0.0,0.000249806,0.0148191,0.033914,0.0294428,0.0599249,0.0,0.0287718,0.025591,0.0168631,0.0,0.000185164,0.000496049,0.02026,0.00902131,0.00149072,0.000497437,2.1022e-05,0.0,1.09971e-06,6.44378e-05,0.0,2.77414e-05,0.000229699,7.55173e-05,7.66219e-05,6.49535e-07,6.37751e-05,0.000114934,0.0,0.000129385,0.0104305,0.000809872,0.0157724,0.000123903,7.65265e-07,0.0626757,0.0,0.0,8.25917e-05,0.0,3.48554e-05,0.000603511,0.000230721,0.0,1.7153e-05,0.0106736,0.00426747,0.0130042,5.00628e-05,1.45009e-06,2.84708e-05,7.92253e-06,0.0,0.000217834,4.9112e-06,0.0,0.00578177,0.000615722,0.0,3.69589e-05,2.80674e-06,0.0,0.0,0.0,1.95206e-06,0.0,0.00105289,0.0508192,0.0767643,0.0,1.72802e-06,2.69036e-06,0.00222059,0.0498819,0.0,0.00826622,0.0969064,0.0948292,0.00210774,0.0511153,0.00585404,0.0,0.0807701,0.0178846,1.37831e-06,0.0442525,0.016358,0.233651,0.0,0.00665017,0.0751434,0.0
0.224595,0.0,1.17735e-05,0.007356,0.0,0.00670498,0.000240583,6.72324e-05,0.0,0.00033745,0.000185949,0.00166205,0.00254833,0.0,0.0,0.0,0.00919328,7.18971e-05,0.0,3.33178e-08,0.00123926,0.0,0.0,0.0,0.0480705,0.368609,0.115718,0.0,0.000864783,0.00754898,0.00441296,7.94523e-07,3.57997e-06,1.32169e-05,0.000334087,0.00131076,0.0,0.000360325,1.79757e-06,5.13848e-07,2.0457e-05,0.00134601,1.11287e-06,0.000852733,4.09859e-05,5.57118e-05,3.00667e-05,0.0,0.000111491,0.000183719,0.00506164,0.000213518,0.00424528,0.00138096,0.00171153,0.0279151,0.0329222,0.0043607,0.0,0.0,0.000113021,0.0,4.68659e-05,0.00199363,0.00230706,0.0,3.15096e-05,0.103314,0.000391486,0.0237396,1.47361e-05,2.41335e-06,4.89888e-05,3.05799e-06,0.000623422,0.017245,5.20885e-06,0.0,0.0229789,6.73518e-05,0.0,0.000274018,0.0108063,0.0,0.0,3.16364e-07,0.0,7.49922e-08,0.0,0.0569441,0.0307294,0.0,0.00210832,0.0,0.00257898,0.180431,0.0,0.0679743,0.116086,0.127515,0.0101177,0.00913398,0.0391996,0.0,0.0130964,0.0213793,0.00394274,0.0154807,0.00140601,0.0929508,0.0,0.00112818,0.0258888,0.0
0.224592,0.0,1.17719e-05,0.00735667,0.0,0.0067044,0.000240602,6.72581e-05,0.0,0.000337452,0.000185775,0.00166205,0.00254831,0.0,0.0,0.0,0.00919314,7.18954e-05,0.0,0.0,0.00123937,0.0,0.0,0.0,0.0480706,0.368609,0.115719,0.0,0.000864641,0.00754849,0.00441291,7.19307e-07,3.58687e-06,1.32048e-05,0.000334121,0.00131063,0.0,0.000360424,1.7966e-06,5.13848e-07,2.0457e-05,0.00134627,1.11312e-06,0.000852699,4.09873e-05,5.56197e-05,3.02645e-05,0.0,0.000111199,0.000183856,0.00506166,0.000213559,0.00424489,0.00138065,0.00171199,0.027915,0.0329224,0.0043598,0.0,0.0,0.000112672,0.0,4.70336e-05,0.00199334,0.00230708,0.0,3.16197e-05,0.103313,0.000391262,0.0237406,1.47361e-05,2.3942e-06,4.89888e-05,3.03377e-06,0.000623405,0.0172448,5.15924e-06,0.0,0.022979,6.73038e-05,0.0,0.000274381,0.0108065,0.0,0.0,3.37937e-07,0.0,6.92584e-08,0.0,0.0569446,0.0307302,0.0,0.0021085,0.0,0.00257948,0.18043,0.0,0.0679742,0.116087,0.127515,0.0101177,0.00913376,0.0392003,0.0,0.0130968,0.0213793,0.00394287,0.0154811,0.00140649,0.092951,0.0,0.00112812,0.0258883,0.0
0.224596,0.0,1.17734e-05,0.00735611,0.0,0.00670483,0.000240729,6.72791e-05,0.0,0.000337443,0.000186231,0.00166206,0.00254849,0.0,0.0,0.0,0.00919325,7.18955e-05,0.0,0.0,0.0012393,0.0,0.0,0.0,0.0480707,0.368606,0.115718,0.0,0.000864722,0.00754842,0.00441282,5.99423e-07,3.59512e-06,1.3227e-05,0.000334086,0.00131087,0.0,0.000360378,1.80991e-06,5.13848e-07,2.04694e-05,0.00134603,1.11312e-06,0.00085267,4.09873e-05,5.59651e-05,3.00668e-05,0.0,0.000111255,0.000183945,0.00506168,0.000213549,0.0042418,0.00138014,0.00171258,0.027915,0.0329226,0.00436001,0.0,0.0,0.000112672,0.0,4.72038e-05,0.00199356,0.00230706,0.0,3.15096e-05,0.103314,0.000391476,0.02374,1.47361e-05,2.45075e-06,4.8985e-05,3.03377e-06,0.00062345,0.017245,5.20885e-06,0.0,0.0229789,6.72955e-05,0.0,0.000274127,0.0108062,0.0,0.0,4.11054e-07,0.0,7.49922e-08,0.0,0.0569446,0.0307296,0.0,0.00210794,0.0,0.00257921,0.18043,0.0,0.0679741,0.116086,0.127517,0.0101172,0.00913378,0.0391996,0.0,0.0130967,0.0213793,0.00394274,0.0154809,0.00140606,0.0929511,0.0,0.00112841,0.0258888,0.0
0.224593,0.0,1.17719e-05,0.00735624,0.0,0.0067046,0.000240779,6.72791e-05,0.0,0.000337451,0.000185949,0.00166205,0.00254842,0.0,0.0,0.0,0.00919324,7.18971e-05,0.0,0.0,0.00123939,0.0,0.0,0.0,0.0480702,0.36861,0.115719,0.0,0.0008645,0.00754879,0.00441299,7.19307e-07,3.58992e-06,1.32015e-05,0.000333994,0.00131062,0.0,0.000360582,1.79764e-06,5.12797e-07,2.04474e-05,0.00134623,1.11312e-06,0.000852734,4.09851e-05,5.57714e-05,3.02645e-05,0.0,0.000111226,0.000184144,0.00506167,0.000213593,0.0042451,0.00138063,0.00171151,0.0279157,0.032922,0.00435866,0.0,0.0,0.000112826,0.0,4.68016e-05,0.00199279,0.00230719,0.0,3.14325e-05,0.103312,0.000391455,0.0237406,1.49137e-05,2.49331e-06,4.89888e-05,3.08928e-06,0.000623517,0.0172451,5.15924e-06,0.0,0.0229789,6.73653e-05,0.0,0.000274285,0.010806,0.0,0.0,3.37937e-07,0.0,4.76515e-08,0.0,0.0569437,0.0307291,0.0,0.00210783,0.0,0.00257949,0.180431,0.0,0.0679742,0.116087,0.127516,0.0101176,0.0091341,0.0392003,0.0,0.0130962,0.0213795,0.00394284,0.0154808,0.00140707,0.0929502,0.0,0.00112831,0.0258885,0.0
0.224595,0.0,1.17735e-05,0.00735637,0.0,0.00670462,0.000240627,6.72791e-05,0.0,0.000337444,0.000185795,0.00166206,0.00254846,0.0,0.0,0.0,0.00919335,7.18954e-05,0.0,0.0,0.00123924,0.0,0.0,0.0,0.0480706,0.368608,0.115719,0.0,0.00086493,0.00754867,0.00441286,7.19307e-07,3.58465e-06,1.32045e-05,0.000334105,0.00131096,0.0,0.000360303,1.79659e-06,5.13848e-07,2.0457e-05,0.00134608,1.11353e-06,0.000852721,4.09873e-05,5.57118e-05,3.00668e-05,0.0,0.000111301,0.000183324,0.00506157,0.000213635,0.00424383,0.00138028,0.00171275,0.0279152,0.032923,0.00435967,0.0,0.0,0.000112672,0.0,4.68903e-05,0.00199386,0.00230729,0.0,3.15096e-05,0.103313,0.00039137,0.0237397,1.47361e-05,2.3466e-06,4.91634e-05,3.03377e-06,0.00062345,0.0172448,5.20885e-06,0.0,0.0229779,6.73863e-05,0.0,0.000274068,0.0108063,0.0,0.0,3.01064e-07,0.0,7.10712e-08,0.0,0.0569449,0.0307297,0.0,0.00210863,0.0,0.00257898,0.18043,0.0,0.0679742,0.116086,0.127516,0.0101176,0.0091338,0.0391996,0.0,0.013097,0.0213794,0.00394278,0.0154815,0.00140634,0.0929517,0.0,0.00112826,0.0258892,0.0
0.022129,0.000231435,2.36805e-11,0.0422639,0.0,0.00576762,0.000702361,3.47624e-05,1.12e-06,0.000342485,0.00100251,0.0,0.0,0.0,0.0,0.0,0.0,1.17408e-05,0.0,0.0,0.0262728,0.0,0.0,0.0,0.0,0.00928494,0.00344086,0.0,0.0203024,2.54291e-05,0.00424667,1.11121e-07,0.0,0.0,0.0,6.12778e-07,0.0,1.32399e-12,0.0,0.0,3.45701e-05,2.01114e-05,4.31197e-06,9.14205e-06,8.98011e-06,0.000461245,0.0,0.0114694,0.00038555,4.41686e-06,6.12325e-06,3.9575e-06,0.0,6.87056e-05,0.000166042,0.000776133,0.0,5.33164e-05,9.19229e-05,0.000152524,0.0,0.0,1.57094e-07,0.0010712,0.0051471,0.000183639,4.32121e-06,0.0198727,0.00162586,0.0,0.0,4.75988e-08,0.0,2.31223e-05,0.00122419,0.000115032,7.74917e-05,0.00358477,0.0135436,0.000838019,9.69105e-05,0.00133562,0.00181444,1.50919e-05,0.000104232,1.19692e-06,0.0,2.8745e-07,0.00291176,0.0058117,0.000848347,0.0,2.22313e-06,0.0,0.00262409,0.01514,0.0,0.0296404,0.00119657,0.00451314,0.0262887,4.64665e-05,0.00122521,0.0,0.00288014,0.000612191,4.8071e-05,0.00281609,0.00207282,0.0332457,0.00114585,0.00286647,0.00140596,0.0
0.0221283,0.000231517,2.36805e-11,0.0422653,0.0,0.00576739,0.000702155,3.4788e-05,1.02667e-06,0.000342482,0.00100255,0.0,0.0,0.0,0.0,0.0,0.0,1.17408e-05,0.0,0.0,0.0262727,0.0,0.0,0.0,0.0,0.00928488,0.00344199,0.0,0.020303,2.54303e-05,0.00424699,1.11121e-07,0.0,0.0,0.0,4.07401e-07,0.0,1.31124e-12,0.0,0.0,3.45121e-05,2.00372e-05,4.30429e-06,9.2797e-06,9.00772e-06,0.000461495,0.0,0.0114697,0.000385928,4.23909e-06,6.1931e-06,4.10208e-06,0.0,6.8698e-05,0.000165659,0.000776116,0.0,5.39058e-05,9.22018e-05,0.000152516,0.0,0.0,1.35512e-07,0.00107063,0.00514722,0.000183389,4.58551e-06,0.0198729,0.00162573,0.0,0.0,0.0,0.0,2.32425e-05,0.00122405,0.000114974,7.7635e-05,0.00358511,0.0135437,0.000837162,9.66956e-05,0.0013357,0.00181425,1.50919e-05,0.000103611,1.19692e-06,0.0,2.48386e-07,0.00291135,0.00581131,0.000847907,0.0,2.22097e-06,0.0,0.00262579,0.0151386,0.0,0.0296425,0.00119575,0.00451309,0.0262883,4.62541e-05,0.00122504,0.0,0.00287989,0.000612605,4.827e-05,0.00281652,0.00207116,0.0332457,0.00114454,0.00286794,0.00140539,0.0
0.0221288,0.000231376,2.36851e-11,0.0422629,0.0,0.00576744,0.000702361,3.4809e-05,1.12e-06,0.000342479,0.00100252,0.0,0.0,0.0,0.0,0.0,0.0,1.17408e-05,0.0,0.0,0.0262725,0.0,0.0,0.0,0.0,0.00928509,0.00344174,0.0,0.0203023,2.54302e-05,0.0042469,1.11121e-07,0.0,0.0,0.0,2.11951e-07,0.0,1.34416e-12,7.33506e-15,0.0,3.45701e-05,2.00288e-05,4.31197e-06,9.14205e-06,8.98493e-06,0.000461307,0.0,0.0114694,0.000385617,4.19218e-06,6.18735e-06,4.08229e-06,0.0,6.85861e-05,0.000166257,0.000776248,0.0,5.30431e-05,9.19906e-05,0.000152455,0.0,0.0,2.14273e-07,0.00107064,0.00514723,0.000183533,4.32121e-06,0.0198739,0.00162588,0.0,0.0,0.0,0.0,2.30426e-05,0.00122509,0.000114795,7.75564e-05,0.00358502,0.0135434,0.000839047,9.69228e-05,0.00133554,0.00181427,1.4939e-05,0.000104256,1.3086e-06,0.0,2.60109e-07,0.00291144,0.00581152,0.000848409,0.0,2.22313e-06,0.0,0.00262531,0.0151407,0.0,0.0296412,0.00119621,0.00451335,0.0262875,4.6399e-05,0.00122539,0.0,0.00287803,0.000612216,4.80906e-05,0.00281626,0.00207216,0.0332451,0.00114593,0.00286734,0.00140614,0.0
0.0221281,0.000231517,2.36805e-11,0.042264,0.0,0.00576729,0.000702246,3.4809e-05,1.02667e-06,0.000342482,0.00100257,0.0,0.0,0.0,0.0,0.0,0.0,1.17408e-05,0.0,0.0,0.0262723,0.0,0.0,0.0,0.0,0.00928518,0.00344137,0.0,0.0203026,2.54299e-05,0.00424646,0.0,0.0,0.0,0.0,5.9799e-07,0.0,1.31727e-12,0.0,0.0,3.46421e-05,2.00372e-05,4.30429e-06,9.14205e-06,9.01064e-06,0.000461149,0.0,0.0114694,0.000385612,4.21249e-06,6.17604e-06,4.05228e-06,0.0,6.88121e-05,0.000166057,0.000775549,0.0,5.36646e-05,9.19657e-05,0.000152506,0.0,0.0,0.0,0.00107099,0.00514713,0.000183445,4.37095e-06,0.0198735,0.00162578,0.0,0.0,0.0,0.0,2.31223e-05,0.00122373,0.000114894,7.73831e-05,0.00358479,0.0135434,0.000837453,9.67953e-05,0.00133562,0.00181474,1.50919e-05,0.0001038,1.19692e-06,0.0,2.47491e-07,0.00291215,0.0058113,0.000847953,0.0,2.46706e-06,0.0,0.0026246,0.0151402,0.0,0.0296412,0.00119663,0.00451433,0.0262888,4.63105e-05,0.00122549,0.0,0.00288053,0.000612698,4.80923e-05,0.00281592,0.00207149,0.0332475,0.00114519,0.00286692,0.00140572,0.0
0.0221281,0.000231435,2.36805e-11,0.0422638,0.0,0.00576746,0.000702387,3.47624e-05,1.02667e-06,0.00034248,0.00100254,0.0,0.0,0.0,0.0,0.0,0.0,1.17408e-05,0.0,0.0,0.0262731,0.0,0.0,0.0,0.0,0.00928492,0.00344092,0.0,0.0203032,2.54303e-05,0.0042469,1.11121e-07,1.08857e-29,0.0,0.0,2.11951e-07,0.0,1.32399e-12,0.0,0.0,3.45122e-05,2.00719e-05,4.31197e-06,9.2797e-06,9.00428e-06,0.000461442,0.0,0.0114694,0.000385723,4.15251e-06,6.14031e-06,4.16689e-06,0.0,6.86859e-05,0.000165833,0.000776234,0.0,5.35546e-05,9.2074e-05,0.000152562,0.0,0.0,1.12444e-07,0.00107127,0.00514706,0.000183277,4.50842e-06,0.0198731,0.00162574,0.0,0.0,0.0,0.0,2.32425e-05,0.00122429,0.000114902,7.75564e-05,0.00358404,0.0135435,0.000837758,9.67028e-05,0.00133552,0.00181444,1.50919e-05,0.000104437,1.19692e-06,0.0,2.86399e-07,0.00291174,0.00581137,0.00084836,0.0,1.97704e-06,0.0,0.00262507,0.0151387,0.0,0.0296427,0.00119581,0.00451373,0.0262884,4.62862e-05,0.00122489,0.0,0.00287888,0.000611805,4.8035e-05,0.00281634,0.00207069,0.0332453,0.00114489,0.0028686,0.00140614,0.0
0.00130498,0.00114905,7.03068e-06,0.00562119,0.0,3.13342e-06,0.000525357,0.0,0.0,0.0,0.0010879,0.00132004,0.0,0.0,6.61562e-23,0.0,0.00232072,0.0,0.0,0.000223721,0.046007,0.00641406,8.75542e-09,0.042795,0.000610671,0.0322237,0.000436549,0.0,0.00111592,0.000623256,0.0015259,0.000447284,0.000508246,0.00020922,0.000399625,0.000341097,0.00015902,0.00086727,3.69169e-06,0.0,1.49684e-05,0.0,4.62437e-06,5.8207e-07,1.76505e-05,0.000424857,0.0,0.0,0.00124585,2.21364e-05,3.71374e-06,4.04892e-05,0.00123407,0.00107649,0.000151098,0.000696824,0.0,0.000331031,6.81603e-05,0.000100463,0.000392762,0.0,0.0,0.000709277,3.7796e-05,0.000158034,1.46209e-05,0.00273151,2.34646e-05,5.31181e-06,0.0,0.0,0.0,2.00643e-05,0.00129985,5.82045e-05,3.71634e-05,0.00294193,0.00884404,0.000645987,8.05738e-05,0.000894147,0.00041124,2.42562e-05,0.00677552,7.16285e-06,2.40659e-06,6.87528e-05,0.0,9.25143e-06,0.0,0.0,1.47942e-06,0.0,8.00018e-05,0.0,0.0,0.00021364,2.4938e-08,1.3814e-08,0.00714145,0.0,7.98878e-08,0.0,0.000552024,1.09546e-06,0.0,0.0,0.0,0.00314299,0.0,0.00349817,2.6379e-06,0.0
0.00130377,0.0011494,7.03055e-06,0.00562216,0.0,3.04959e-06,0.000525387,0.0,0.0,0.0,0.00108811,0.00132006,0.0,0.0,4.84839e-15,0.0,0.0023207,0.0,0.0,0.000223752,0.04601,0.00641425,3.14659e-08,0.0427961,0.000610416,0.0322246,0.000436508,0.0,0.00111422,0.000623503,0.00152612,0.000447501,0.000508279,0.000209039,0.000399638,0.000340865,0.000159025,0.000867317,3.6921e-06,0.0,1.51206e-05,0.0,4.6161e-06,5.67975e-07,1.76217e-05,0.000424856,0.0,0.0,0.0012453,2.1715e-05,3.68583e-06,4.05924e-05,0.0012335,0.00107549,0.000150718,0.00069637,0.0,0.000331411,6.81888e-05,0.000100387,0.000392579,0.0,0.0,0.000709287,3.78296e-05,0.000158013,1.46482e-05,0.0027315,2.33705e-05,5.52167e-06,0.0,0.0,0.0,2.00088e-05,0.00129975,5.81236e-05,3.70924e-05,0.00294145,0.00884377,0.000645567,8.0747e-05,0.000893731,0.000411527,2.43381e-05,0.00677608,7.11864e-06,2.52519e-06,6.89403e-05,0.0,9.03637e-06,0.0,0.0,1.71803e-06,0.0,8.0023e-05,0.0,0.0,0.00021308,1.2469e-08,7.83878e-09,0.00714195,0.0,7.98878e-08,0.0,0.000552209,1.01416e-06,0.0,0.0,0.0,0.00314074,0.0,0.00349772,2.40196e-06,0.0
0.00130465,0.00114944,7.03063e-06,0.00562115,0.0,3.11439e-06,0.00052535,0.0,0.0,0.0,0.00108813,0.00132002,0.0,0.0,0.0,0.0,0.00232074,0.0,0.0,0.000222997,0.0460109,0.00641375,4.17916e-08,0.0427952,0.00061067,0.0322263,0.000436987,0.0,0.0011146,0.000623728,0.00152614,0.000448504,0.000508384,0.000209329,0.000399503,0.000340276,0.000158989,0.000867467,3.69163e-06,0.0,1.50626e-05,0.0,4.62437e-06,5.90112e-07,1.76511e-05,0.000425135,0.0,0.0,0.00124561,2.20403e-05,3.65599e-06,4.05717e-05,0.00123259,0.00107608,0.0001511,0.000696258,0.0,0.000331322,6.81752e-05,0.000100408,0.000392762,0.0,0.0,0.000709317,3.7796e-05,0.000157977,1.48081e-05,0.00273313,2.34712e-05,5.74355e-06,0.0,0.0,0.0,2.00331e-05,0.00129967,5.82262e-05,3.6954e-05,0.00294179,0.00884517,0.000645134,8.02164e-05,0.000893653,0.000411225,2.42562e-05,0.00677549,7.16285e-06,2.11819e-06,6.87528e-05,0.0,9.31331e-06,0.0,0.0,9.89401e-07,0.0,8.0007e-05,0.0,0.0,0.000213627,2.4938e-08,9.70215e-09,0.00714165,0.0,7.98878e-08,0.0,0.000552209,1.06954e-06,0.0,0.0,0.0,0.00314214,0.0,0.0034983,2.4213e-06,0.0
0.00130448,0.00114943,7.0322e-06,0.00562168,0.0,3.00424e-06,0.000525424,0.0,0.0,0.0,0.00108824,0.0013201,0.0,0.0,0.0,0.0,0.00232071,0.0,0.0,0.000223331,0.0460115,0.00641351,8.75541e-09,0.0427955,0.000610729,0.0322225,0.00043641,0.0,0.00111523,0.000623209,0.0015257,0.000447375,0.000508224,0.000209123,0.000399974,0.000340141,0.000158981,0.000867093,3.69168e-06,0.0,1.48886e-05,0.0,4.62487e-06,5.82e-07,1.75588e-05,0.000424566,0.0,0.0,0.00124581,2.20428e-05,3.71522e-06,4.05471e-05,0.0012338,0.00107513,0.000150796,0.000696695,0.0,0.000331744,6.80212e-05,0.000100378,0.000392608,0.0,0.0,0.000709529,3.79655e-05,0.000157695,1.46482e-05,0.00273338,2.33705e-05,5.22907e-06,0.0,0.0,0.0,2.00643e-05,0.00129989,5.80805e-05,3.70924e-05,0.002942,0.00884418,0.000645687,8.09517e-05,0.000894108,0.000411305,2.42671e-05,0.00677594,7.11864e-06,2.44054e-06,6.87797e-05,0.0,8.80672e-06,0.0,0.0,1.97448e-06,0.0,8.05414e-05,0.0,0.0,0.000213367,1.2469e-08,1.3814e-08,0.00714183,0.0,7.98878e-08,0.0,0.000551933,1.09472e-06,0.0,0.0,0.0,0.00314271,0.0,0.00349831,2.40196e-06,0.0
0.00130451,0.00114904,7.03063e-06,0.00562157,0.0,3.11241e-06,0.000525597,0.0,0.0,0.0,0.00108803,0.00132004,0.0,1.1594e-08,0.0,0.0,0.0023207,0.0,0.0,0.000223755,0.0460087,0.00641367,3.13574e-08,0.0427959,0.000610591,0.0322241,0.000436682,0.0,0.00111482,0.000623121,0.00152578,0.000447528,0.00050828,0.000209246,0.000399773,0.000340634,0.000159099,0.000867324,3.6921e-06,0.0,1.51206e-05,0.0,4.63113e-06,5.67759e-07,1.76708e-05,0.000425378,0.0,0.0,0.00124553,2.20501e-05,3.71971e-06,4.0561e-05,0.00123369,0.0010766,0.000150905,0.000696618,0.0,0.00033114,6.80642e-05,0.000100471,0.000392762,0.0,0.0,0.000709234,3.80371e-05,0.000158118,1.48081e-05,0.00273166,2.34646e-05,5.6288e-06,0.0,0.0,0.0,2.00088e-05,0.00129963,5.8068e-05,3.70924e-05,0.00294096,0.008845,0.000645446,8.03125e-05,0.000893878,0.000411439,2.42562e-05,0.0067758,7.16285e-06,2.24949e-06,6.89063e-05,0.0,8.96325e-06,0.0,0.0,1.23332e-06,0.0,7.97801e-05,0.0,0.0,0.000213633,2.4938e-08,9.70217e-09,0.00714151,0.0,7.98878e-08,0.0,0.000552209,1.04858e-06,0.0,0.0,0.0,0.00314158,0.0,0.00349844,2.6379e-06,0.0
0.00142847,0.000773693,9.49908e-10,0.0171664,0.0,3.0702e-06,0.000111579,8.02034e-06,2.98667e-06,3.12915e-07,5.62668e-05,1.44534e-08,6.80259e-06,5.65277e-08,1.59917e-09,0.0,3.85051e-06,0.000430078,0.0,1.84314e-06,0.102046,0.0380077,0.0,0.0124797,4.7721e-05,0.0237521,0.00707673,0.0,0.000402881,0.0,0.017527,1.11121e-07,0.0,0.0,5.96387e-06,1.05976e-07,0.0,1.42021e-12,2.20052e-14,0.0,1.97446e-05,0.000202251,2.77938e-05,8.98206e-05,1.27489e-05,0.000387432,5.1286e-05,0.0,0.000132923,7.00926e-05,2.38638e-06,9.34657e-05,0.00448945,0.000555938,0.000956732,0.000554115,6.61467e-06,0.0028746,2.69588e-05,9.06524e-05,5.23417e-05,0.0,2.4342e-05,0.000282884,7.73936e-05,0.000110513,3.58308e-05,0.00545147,0.000165747,0.0,2.38365e-05,8.39956e-07,1.85706e-05,1.37113e-05,0.0010664,0.000143406,2.2628e-05,0.00205139,0.0144939,0.000568503,6.79942e-05,0.000687976,3.27268e-05,0.0,0.0,2.66617e-05,2.83344e-06,0.000256991,0.0,0.000921758,0.0,0.0,2.4735e-07,0.0,0.0,0.0,0.0,4.47898e-05,0.0,0.000110292,0.00163652,0.0,0.0,0.0,1.89251e-05,1.13251e-05,0.0,7.07247e-07,0.0,4.8918e-07,0.0,0.0,2.58685e-05,0.0
0.00142896,0.000773664,2.59764e-09,0.017168,0.0,3.24832e-06,0.000111683,7.97842e-06,2.98667e-06,3.09931e-07,5.62355e-05,1.44534e-08,6.67944e-06,5.66355e-08,1.60816e-09,0.0,3.93028e-06,0.000430135,0.0,1.79109e-06,0.102047,0.038006,0.0,0.0124795,4.77324e-05,0.0237513,0.00707969,0.0,0.000402996,0.0,0.0175259,0.0,0.0,0.0,5.96387e-06,4.07401e-07,0.0,1.39888e-12,2.20052e-14,0.0,1.97808e-05,0.000202215,2.77934e-05,8.99715e-05,1.2691e-05,0.000388107,5.11061e-05,0.0,0.000132709,6.99807e-05,2.37024e-06,9.3484e-05,0.00448897,0.000555131,0.000957481,0.000554283,7.53141e-06,0.00287585,2.69815e-05,9.04601e-05,5.24956e-05,0.0,2.48596e-05,0.000283319,7.7548e-05,0.000110591,3.60951e-05,0.00545061,0.000165758,0.0,2.41071e-05,8.2472e-07,1.85667e-05,1.36315e-05,0.00106713,0.000143139,2.24408e-05,0.00204977,0.0144942,0.000570491,6.79902e-05,0.000687309,3.28088e-05,0.0,0.0,2.66617e-05,3.39959e-06,0.000257006,0.0,0.000921568,0.0,0.0,2.4735e-07,0.0,0.0,0.0,0.0,4.53474e-05,0.0,0.000110274,0.00163683,0.0,0.0,0.0,1.89828e-05,1.13251e-05,0.0,6.34344e-07,0.0,3.67353e-07,0.0,0.0,2.58685e-05,0.0
0.00142866,0.000773623,9.95123e-10,0.0171651,0.0,3.1467e-06,0.000111631,7.9862e-06,2.98667e-06,2.76389e-07,5.62937e-05,6.07882e-09,6.62395e-06,4.71292e-08,2.50661e-09,0.0,4.11168e-06,0.000430024,0.0,2.27049e-06,0.102045,0.0380081,0.0,0.0124798,4.77059e-05,0.023752,0.00707938,0.0,0.000402881,0.0,0.017527,1.11121e-07,0.0,0.0,5.96387e-06,4.89543e-07,0.0,1.40745e-12,2.20052e-14,0.0,1.98025e-05,0.000202292,2.77938e-05,8.99054e-05,1.27608e-05,0.00038831,5.09099e-05,0.0,0.000133016,6.97797e-05,2.44811e-06,9.34806e-05,0.00448931,0.000554888,0.000957459,0.000554333,6.83255e-06,0.00287365,2.69868e-05,9.04622e-05,5.23289e-05,0.0,2.4342e-05,0.000283022,7.7412e-05,0.000110593,3.6018e-05,0.00544988,0.000165828,8.25479e-08,2.37474e-05,8.81274e-07,1.85706e-05,1.35113e-05,0.00106703,0.00014325,2.26209e-05,0.00205001,0.0144936,0.000568536,6.77814e-05,0.000688042,3.27679e-05,0.0,0.0,2.66617e-05,2.96863e-06,0.000256847,0.0,0.000920984,0.0,0.0,2.4735e-07,0.0,0.0,0.0,0.0,4.47773e-05,0.0,0.000110242,0.00163705,0.0,0.0,0.0,1.89251e-05,1.12844e-05,0.0,6.3426e-07,0.0,3.14906e-07,0.0,0.0,2.60851e-05,0.0
0.00142905,0.000773629,9.49881e-10,0.0171682,0.0,3.22857e-06,0.000111603,7.97094e-06,2.98667e-06,2.98765e-07,5.62456e-05,1.71103e-08,7.28923e-06,5.65277e-08,1.60815e-09,0.0,3.93532e-06,0.000430133,0.0,1.95831e-06,0.102046,0.0380061,0.0,0.0124798,4.77165e-05,0.023752,0.00707819,0.0,0.000402863,0.0,0.0175268,1.11121e-07,0.0,0.0,5.96696e-06,1.05976e-07,0.0,1.40562e-12,1.46701e-14,0.0,1.97808e-05,0.00020222,2.77934e-05,8.98206e-05,1.26184e-05,0.000388194,5.12875e-05,0.0,0.000132638,6.99985e-05,2.36615e-06,9.34858e-05,0.0044913,0.000555383,0.000956844,0.000554035,7.15782e-06,0.00287618,2.69448e-05,9.05322e-05,5.23417e-05,0.0,2.45188e-05,0.000283102,7.76417e-05,0.000110649,3.60951e-05,0.00544988,0.00016597,0.0,2.37841e-05,8.34912e-07,1.83922e-05,1.3687e-05,0.00106651,0.000142878,2.25494e-05,0.00205164,0.0144942,0.000569766,6.81877e-05,0.000687059,3.28265e-05,0.0,0.0,2.66617e-05,3.09134e-06,0.00025704,0.0,0.000921316,0.0,0.0,0.0,0.0,0.0,0.0,0.0,4.50676e-05,0.0,0.000110292,0.00163697,0.0,0.0,0.0,1.89828e-05,1.13251e-05,0.0,5.73933e-07,0.0,2.76903e-07,0.0,0.0,2.58685e-05,0.0
0.00142776,0.000773627,9.49891e-10,0.0171644,0.0,3.23113e-06,0.000111844,8.01758e-06,2.98667e-06,3.17355e-07,5.62919e-05,1.44534e-08,6.45652e-06,5.66355e-08,1.59919e-09,0.0,3.99195e-06,0.000430091,0.0,1.74791e-06,0.102047,0.038007,0.0,0.0124794,4.76999e-05,0.0237518,0.00707818,0.0,0.000402741,0.0,0.0175274,0.0,0.0,0.0,5.96387e-06,3.01426e-07,0.0,1.39277e-12,2.20052e-14,0.0,1.98025e-05,0.00020221,2.77938e-05,8.99054e-05,1.27606e-05,0.00038757,5.09099e-05,0.0,0.000132858,6.98676e-05,2.37029e-06,9.3429e-05,0.0044894,0.000555764,0.000957377,0.000554224,7.23683e-06,0.0028752,2.69218e-05,9.05317e-05,5.21465e-05,0.0,2.45337e-05,0.000283604,7.73493e-05,0.000110513,3.58308e-05,0.00545052,0.000165721,0.0,2.39296e-05,9.28873e-07,1.83922e-05,1.36315e-05,0.00106679,0.000143502,2.2628e-05,0.00204955,0.0144955,0.000569029,6.8073e-05,0.000688342,3.27679e-05,0.0,0.0,2.66617e-05,2.96474e-06,0.000257038,0.0,0.000921359,0.0,0.0,4.92942e-07,0.0,0.0,0.0,0.0,4.53432e-05,0.0,0.000110255,0.00163678,0.0,0.0,0.0,1.89828e-05,1.13251e-05,0.0,6.3405e-07,0.0,6.33382e-07,0.0,0.0,2.58685e-05,0.0
0.00259349,7.84231e-05,7.06434e-07,0.00316475,0.0,5.87495e-05,0.00094213,0.0,0.000176528,0.0,0.000322062,0.0,0.0,0.0,0.0,0.0,0.0090018,0.0,0.0,1.19261e-05,0.130634,0.0236497,0.0,1.74729e-05,0.000515531,0.0273427,0.0,0.0,0.000266193,0.0010561,0.00241161,1.26636e-05,0.000155572,0.000216882,0.000329748,0.000632572,7.87909e-05,0.000454547,1.12855e-06,0.0,1.21547e-06,9.98464e-12,2.61198e-14,4.43903e-07,0.000274036,6.72637e-05,7.67245e-05,0.0,4.47178e-05,0.000150105,0.0,0.000159549,0.00451128,0.000721206,0.00124312,6.25465e-05,1.27164e-06,0.00379261,0.0,2.14728e-06,0.0,0.0,0.0,0.00067918,0.000158339,0.0,3.6018e-05,0.00557042,0.000317356,3.1038e-05,5.849e-05,1.87298e-06,4.03223e-05,0.0,0.000226632,0.000376486,4.51434e-06,4.82312e-05,0.00454737,0.000309414,4.5328e-05,0.000112735,0.000568429,0.0,6.58831e-07,0.0,3.68513e-06,3.87553e-06,6.52702e-07,6.3466e-06,0.0,0.0,4.45761e-06,0.0,0.0,0.0,0.0,5.42399e-05,4.98762e-05,0.00424956,0.0231406,0.0,0.000468189,0.0,0.0013618,0.000196463,1.10332e-05,0.00228858,0.000773393,0.00867858,0.00123057,0.0013352,0.00228665,0.0
0.00259285,7.84231e-05,7.13483e-07,0.00316385,0.0,5.89914e-05,0.000942243,0.0,0.000175996,0.0,0.000322316,0.0,2.22785e-08,0.0,0.0,0.0,0.00900185,0.0,0.0,1.14316e-05,0.130634,0.0236491,0.0,1.75774e-05,0.000515682,0.0273389,0.0,0.0,0.000266401,0.00105622,0.00241184,1.24826e-05,0.000155667,0.000216376,0.000329698,0.000632674,7.86778e-05,0.000454126,1.12668e-06,0.0,1.27335e-06,9.98464e-12,3.0983e-14,4.49735e-07,0.000273951,6.72145e-05,7.67245e-05,0.0,4.4716e-05,0.000150048,0.0,0.000159615,0.00451272,0.000721391,0.00124357,6.21722e-05,1.70161e-06,0.00379279,0.0,2.18496e-06,0.0,0.0,0.0,0.000679499,0.000158208,0.0,3.58035e-05,0.00556861,0.000317469,3.0752e-05,5.84672e-05,1.9479e-06,4.05007e-05,0.0,0.000226361,0.000376363,4.46473e-06,4.84113e-05,0.00454706,0.000308545,4.60847e-05,0.00011258,0.000568552,0.0,4.41917e-07,0.0,3.09993e-06,3.93342e-06,8.65683e-07,6.37157e-06,0.0,0.0,4.45761e-06,0.0,0.0,0.0,0.0,5.42413e-05,4.98484e-05,0.00425066,0.0231403,0.0,0.000467474,0.0,0.00136045,0.000197049,1.10379e-05,0.00228875,0.000774036,0.00867701,0.00123034,0.00133491,0.00228642,0.0
0.00259436,7.83279e-05,7.0375e-07,0.00316273,0.0,5.8801e-05,0.000942259,0.0,0.000176422,0.0,0.000322272,0.0,0.0,0.0,0.0,0.0,0.00900181,0.0,0.0,1.16001e-05,0.13063,0.0236497,0.0,1.84169e-05,0.000515533,0.0273407,0.0,0.0,0.000266807,0.00105599,0.00241184,1.25386e-05,0.000155604,0.000217022,0.000329482,0.000631816,7.87499e-05,0.000454591,1.13008e-06,0.0,1.27335e-06,9.98464e-12,2.61198e-14,4.43037e-07,0.000273928,6.72637e-05,7.67245e-05,0.0,4.47793e-05,0.000149934,0.0,0.000159563,0.00451113,0.000721311,0.00124302,6.2491e-05,1.13909e-06,0.00379315,0.0,2.2504e-06,0.0,0.0,0.0,0.000679075,0.000158341,0.0,3.6018e-05,0.0055711,0.00031741,3.02411e-05,5.84738e-05,1.91554e-06,4.04969e-05,0.0,0.000226361,0.000376377,4.46473e-06,4.82312e-05,0.00454693,0.00030879,4.55786e-05,0.00011274,0.000568366,0.0,2.1721e-07,0.0,3.67529e-06,3.79572e-06,4.31339e-07,6.55274e-06,0.0,0.0,4.45761e-06,0.0,0.0,0.0,0.0,5.39728e-05,4.98236e-05,0.00424944,0.0231408,0.0,0.000467812,0.0,0.00136154,0.00019596,1.10392e-05,0.00228936,0.000774432,0.00867787,0.0012308,0.00133434,0.00228629,0.0
0.00259305,7.85007e-05,7.11836e-07,0.00316291,0.0,5.89265e-05,0.000942202,0.0,0.000176432,0.0,0.000322068,0.0,2.22785e-08,0.0,0.0,0.0,0.00900179,0.0,0.0,1.16896e-05,0.130636,0.0236496,0.0,1.78177e-05,0.000516007,0.0273415,0.0,0.0,0.000266126,0.00105617,0.00241171,1.25542e-05,0.000155578,0.000216934,0.00032958,0.000632653,7.87001e-05,0.000454388,1.12633e-06,0.0,1.21547e-06,9.98464e-12,2.79463e-14,4.43601e-07,0.000274036,6.72637e-05,7.69059e-05,0.0,4.48697e-05,0.000150353,0.0,0.000159675,0.00451208,0.000721972,0.00124345,6.22998e-05,1.41147e-06,0.00379222,0.0,2.23958e-06,0.0,0.0,0.0,0.000679629,0.000158339,0.0,3.57537e-05,0.00556892,0.000317305,3.06227e-05,5.86808e-05,1.90535e-06,4.03223e-05,0.0,0.000226715,0.000376515,4.51434e-06,4.82312e-05,0.00454741,0.000308879,4.60139e-05,0.00011258,0.000568488,0.0,6.58831e-07,0.0,3.43134e-06,3.93342e-06,6.48939e-07,6.16543e-06,0.0,0.0,4.45761e-06,0.0,0.0,0.0,0.0,5.3967e-05,4.98393e-05,0.0042507,0.0231404,0.0,0.000467823,0.0,0.00136136,0.00019639,1.10319e-05,0.00228822,0.000773377,0.00867828,0.00123036,0.00133413,0.00228728,0.0
0.00259357,7.84231e-05,7.0375e-07,0.00316409,0.0,5.88675e-05,0.000942208,0.0,0.000176088,0.0,0.000322172,0.0,0.0,0.0,0.0,0.0,0.00900182,0.0,0.0,1.17365e-05,0.130632,0.0236496,0.0,1.73273e-05,0.000515427,0.02734,0.0,0.0,0.000266813,0.00105623,0.0024124,1.25386e-05,0.000155601,0.000216479,0.000329703,0.000632334,7.8705e-05,0.000454416,1.12827e-06,0.0,1.27335e-06,9.98464e-12,2.79463e-14,4.41954e-07,0.000273858,6.71993e-05,7.67245e-05,0.0,4.46003e-05,0.000150402,0.0,0.00015952,0.00451229,0.000721738,0.00124336,6.2284e-05,1.59912e-06,0.00379168,0.0,2.15476e-06,0.0,0.0,0.0,0.000679352,0.000157968,0.0,3.58308e-05,0.00557113,0.000317424,3.08311e-05,5.84672e-05,1.91554e-06,4.03223e-05,0.0,0.000226361,0.000376576,4.46473e-06,4.82312e-05,0.00454755,0.000309274,4.58794e-05,0.00011258,0.000568542,0.0,4.43852e-07,0.0,3.42978e-06,3.83573e-06,6.54262e-07,6.55274e-06,0.0,0.0,4.45761e-06,0.0,0.0,0.0,0.0,5.36816e-05,4.98853e-05,0.00424948,0.0231396,0.0,0.000467863,0.0,0.00136035,0.000196906,1.10396e-05,0.00228886,0.000775062,0.00867779,0.00123058,0.00133481,0.00228716,0.0
0.00540828,0.000899757,5.45394e-08,0.145308,0.0,0.00403693,4.56179e-05,1.01544e-05,4.03534e-05,0.0,0.00029561,0.0,1.18501e-07,0.0,0.0,0.0,0.00450765,6.00457e-07,0.0,1.52693e-05,0.00832178,0.0385873,0.0,0.00013035,0.00512378,0.078691,0.00303963,0.0,0.000185542,4.78342e-06,0.00508816,0.000371184,0.0,0.0,1.21869e-06,0.000949423,4.84596e-07,9.27309e-13,1.46701e-14,5.8237e-07,8.68191e-07,0.0,4.31197e-06,0.0,1.28403e-05,0.000994625,2.39676e-05,0.0,0.000690491,0.000177673,7.31183e-06,0.00124779,0.046983,0.00853893,0.0023738,0.00114769,9.84116e-06,0.00436886,6.97784e-05,0.000172286,0.00921753,0.0,0.00114176,0.000570568,0.0129793,0.000297215,8.57322e-05,0.036592,0.000434272,0.010825,6.91547e-05,2.3942e-06,4.91634e-05,4.1196e-05,0.00199794,3.46426e-05,6.98514e-05,0.00478417,0.0354818,0.000313677,2.92183e-05,0.00158401,0.00114213,0.0,0.000457039,0.0,4.40119e-06,0.0,0.0023302,0.0447861,0.0300948,0.0,0.0,0.0,0.0,0.0,0.0,0.000319113,0.00843779,0.0,0.000662756,0.000175566,0.0,0.0,0.0,8.39843e-07,0.0,0.0,0.0,0.000566618,0.0,0.0,0.0,0.0
0.00540927,0.00089976,5.45846e-08,0.145307,0.0,0.00403667,4.57158e-05,1.0102e-05,4.04972e-05,0.0,0.000295593,0.0,0.0,0.0,0.0,0.0,0.00450759,6.00457e-07,0.0,1.52638e-05,0.00832233,0.0385862,0.0,0.000130756,0.00512382,0.0786906,0.00303977,0.0,0.000185634,4.81685e-06,0.00508813,0.000371323,0.0,0.0,1.21869e-06,0.000949473,4.63527e-07,9.33949e-13,7.33506e-15,5.78723e-07,9.2607e-07,0.0,4.31964e-06,0.0,1.2772e-05,0.000994647,2.39661e-05,0.0,0.000690544,0.000178015,7.37994e-06,0.00124791,0.0469826,0.00854017,0.00237337,0.00114808,1.00583e-05,0.00436794,6.98541e-05,0.000172334,0.00921721,0.0,0.00114175,0.000570671,0.0129789,0.000296955,8.56825e-05,0.0365915,0.000433973,0.0108244,6.88769e-05,2.40315e-06,4.93419e-05,4.11718e-05,0.00199761,3.48513e-05,6.9853e-05,0.00478493,0.0354822,0.000315144,2.92754e-05,0.00158384,0.00114194,0.0,0.000457063,0.0,4.70538e-06,0.0,0.00233001,0.0447862,0.0300954,0.0,0.0,0.0,0.0,0.0,0.0,0.000319471,0.00843777,0.0,0.000662838,0.000175294,0.0,0.0,0.0,7.61858e-07,0.0,0.0,0.0,0.000566597,0.0,0.0,0.0,0.0
0.00540621,0.000899446,5.45336e-08,0.145305,0.0,0.00403698,4.56418e-05,1.01486e-05,3.9981e-05,0.0,0.000295902,0.0,0.0,0.0,0.0,0.0,0.00450762,6.00457e-07,0.0,1.52018e-05,0.00832092,0.0385864,0.0,0.000130223,0.0051238,0.0786909,0.00303931,0.0,0.000185517,4.78536e-06,0.0050872,0.000371225,0.0,0.0,1.21869e-06,0.000949291,4.63527e-07,9.32809e-13,1.46701e-14,5.8237e-07,8.68191e-07,0.0,4.31964e-06,0.0,1.28613e-05,0.00099473,2.39676e-05,0.0,0.000690616,0.000177768,7.30186e-06,0.00124791,0.0469832,0.00854011,0.00237344,0.00114725,9.67447e-06,0.00436774,6.99015e-05,0.000172265,0.00921718,0.0,0.00114162,0.000570396,0.0129792,0.000297032,8.54679e-05,0.0365918,0.000433888,0.0108251,6.92565e-05,2.38916e-06,4.89888e-05,4.12515e-05,0.00199778,3.49019e-05,6.98514e-05,0.00478544,0.0354826,0.000313946,2.92551e-05,0.00158338,0.00114205,0.0,0.000457263,0.0,4.49959e-06,0.0,0.00233064,0.0447854,0.0300953,0.0,0.0,0.0,0.0,0.0,0.0,0.000319126,0.00843771,0.0,0.000662751,0.000175162,0.0,0.0,0.0,8.21681e-07,0.0,0.0,0.0,0.000566499,0.0,0.0,0.0,0.0
0.00540907,0.000899607,5.18558e-08,0.145309,0.0,0.00403705,4.57007e-05,1.01623e-05,4.14975e-05,0.0,0.000295472,0.0,0.0,0.0,0.0,0.0,0.00450757,7.00533e-07,0.0,1.54092e-05,0.00832453,0.0385863,0.0,0.000130084,0.0051238,0.0786905,0.00303955,0.0,0.000185659,4.80221e-06,0.00508881,0.000371309,0.0,0.0,1.22178e-06,0.000950075,4.84596e-07,9.33949e-13,1.46701e-14,5.83171e-07,8.68191e-07,0.0,4.31197e-06,0.0,1.27429e-05,0.000994851,2.39676e-05,0.0,0.000690524,0.000178174,7.36729e-06,0.00124792,0.0469842,0.00854081,0.00237414,0.00114763,9.65504e-06,0.00436818,6.98609e-05,0.000172306,0.00921703,0.0,0.00114176,0.000570482,0.012979,0.00029695,8.56825e-05,0.0365918,0.000434164,0.0108248,6.92727e-05,2.40315e-06,4.93419e-05,4.12919e-05,0.00199823,3.48116e-05,6.98018e-05,0.00478476,0.035482,0.000314537,2.93205e-05,0.00158384,0.00114206,0.0,0.000457053,0.0,4.56136e-06,0.0,0.00232962,0.0447864,0.0300952,0.0,0.0,0.0,0.0,0.0,0.0,0.000319234,0.00843775,0.0,0.000662517,0.000175142,0.0,0.0,0.0,7.79097e-07,0.0,0.0,0.0,0.000566618,0.0,0.0,0.0,0.0
0.00540816,0.000899716,5.62324e-08,0.145306,0.0,0.00403694,4.56707e-05,1.01544e-05,3.99668e-05,0.0,0.000295862,0.0,0.0,0.0,0.0,0.0,0.00450765,6.00457e-07,0.0,1.54959e-05,0.0083209,0.038586,0.0,0.000130274,0.00512379,0.0786914,0.00303974,0.0,0.000185634,4.79806e-06,0.00508798,0.000371331,0.0,0.0,1.21869e-06,0.000949276,4.63527e-07,9.33338e-13,1.46701e-14,5.8237e-07,9.2607e-07,0.0,4.31964e-06,0.0,1.28071e-05,0.000995055,2.39661e-05,0.0,0.000690624,0.00017769,7.36205e-06,0.00124784,0.0469819,0.0085393,0.00237376,0.00114783,9.99894e-06,0.00436748,6.98222e-05,0.000172277,0.00921718,0.0,0.0011418,0.00057076,0.0129791,0.000297436,8.54952e-05,0.0365924,0.000434129,0.0108249,6.897e-05,2.31424e-06,4.91634e-05,4.1196e-05,0.00199808,3.48239e-05,7.00387e-05,0.00478512,0.0354808,0.000314174,2.93182e-05,0.00158386,0.0011421,0.0,0.000457046,0.0,4.62353e-06,0.0,0.00233061,0.0447857,0.0300954,0.0,0.0,0.0,0.0,0.0,0.0,0.00031961,0.00843774,3.24153e-11,0.000662965,0.000175206,0.0,0.0,0.0,8.22605e-07,0.0,0.0,0.0,0.00056653,0.0,0.0,0.0,0.0
0.00570151,0.000744772,1.69174e-07,0.000946964,0.0,0.00232935,9.61328e-06,0.0,0.0102766,0.0,0.00196717,0.0,0.0,0.0,0.0,0.0,0.0,0.0,0.0,0.000165149,0.0104956,0.0346022,1.83235e-07,4.71779e-05,0.0146505,0.22448,0.030596,0.0,0.0421874,0.0014664,0.0238304,0.0214054,0.00037333,0.0004202,0.000606874,0.0357191,0.000163288,0.00543971,3.80743e-06,2.21256e-07,1.38839e-05,0.0,1.06047e-05,3.87207e-06,4.96329e-06,0.000224126,3.02288e-05,0.0,0.000134289,6.07872e-05,1.35442e-06,3.75569e-05,0.00173938,0.0321842,0.000626897,0.000167118,5.21281e-06,0.000991825,2.07516e-05,2.07016e-05,3.39244e-05,0.0,1.17266e-05,0.0349139,4.94534e-05,5.36902e-05,3.3673e-05,0.00148407,6.12585e-05,0.000548882,2.86415e-05,2.74268e-07,1.14946e-05,8.73361e-06,0.000266279,5.24633e-05,1.45155e-05,0.00078433,0.0194294,0.00118801,5.46469e-05,0.000302433,0.00186915,0.000176434,0.000539373,0.0,0.0,8.88755e-09,0.00158533,0.00248661,0.00682183,7.26436e-06,9.77734e-07,1.56674e-06,4.22444e-05,0.00568584,0.000358592,0.00746426,0.00530114,0.00698202,0.00119854,0.00010468,0.000491264,0.0,0.00256849,0.000777385,2.96939e-05,0.00638487,0.00155587,0.0447944,0.000963492,0.00431005,0.00125192,0.0
0.00570019,0.00074459,1.6714e-07,0.00094813,0.0,0.00232896,9.36345e-06,0.0,0.0102765,0.0,0.00196747,0.0,0.0,0.0,0.0,0.0,0.0,0.0,0.0,0.000166102,0.0104952,0.034602,2.04384e-07,4.71458e-05,0.01465,0.224482,0.0305979,0.0,0.0421864,0.00146574,0.0238295,0.0214052,0.000373168,0.00042011,0.000606475,0.0357185,0.000163185,0.00543956,3.80956e-06,2.20205e-07,1.39875e-05,0.0,1.06209e-05,3.89189e-06,5.11452e-06,0.000224518,3.044e-05,0.0,0.000134342,6.10519e-05,1.37042e-06,3.73081e-05,0.00173952,0.0321842,0.000628238,0.000166473,5.22406e-06,0.000992394,2.0632e-05,2.07186e-05,3.35753e-05,0.0,1.18895e-05,0.034913,4.93943e-05,5.37439e-05,3.34858e-05,0.0014843,6.13938e-05,0.000548158,2.9426e-05,1.9935e-07,1.16731e-05,8.79827e-06,0.000266797,5.21821e-05,1.45719e-05,0.000785454,0.0194269,0.00118878,5.4438e-05,0.000302988,0.00186855,0.000176264,0.000540631,5.21739e-08,0.0,9.93879e-09,0.00158388,0.0024853,0.00682174,7.4897e-06,1.23373e-06,1.34292e-06,4.27082e-05,0.00568501,0.000359442,0.00746381,0.00530423,0.00698253,0.00120032,0.000104483,0.000491179,0.0,0.00256909,0.000777732,2.96363e-05,0.00638583,0.00155671,0.0447937,0.000964156,0.00430944,0.00125232,0.0
0.00570222,0.000744714,1.69128e-07,0.000947575,0.0,0.00232903,9.50556e-06,0.0,0.0102765,0.0,0.00196724,0.0,0.0,0.0,0.0,0.0,0.0,0.0,0.0,0.000165904,0.0104944,0.0346014,1.94936e-07,4.71731e-05,0.01465,0.224479,0.0305995,0.0,0.0421862,0.0014665,0.0238308,0.0214054,0.000373616,0.000420044,0.000606552,0.0357193,0.000163295,0.00543939,3.82072e-06,2.22057e-07,1.39638e-05,0.0,1.06041e-05,3.88528e-06,4.95329e-06,0.000224299,3.02437e-05,0.0,0.000134672,6.07105e-05,1.40317e-06,3.75807e-05,0.00173874,0.0321827,0.000627258,0.00016721,5.3474e-06,0.000991507,2.05922e-05,2.08259e-05,3.37704e-05,0.0,1.15349e-05,0.0349131,4.94534e-05,5.39379e-05,3.34087e-05,0.0014829,6.12565e-05,0.000548355,2.87346e-05,1.9935e-07,1.14946e-05,8.6781e-06,0.000266404,5.23292e-05,1.46297e-05,0.000783633,0.0194296,0.00118716,5.4769e-05,0.000302396,0.00186864,0.000176408,0.000539306,1.53003e-08,0.0,8.88755e-09,0.001585,0.00248675,0.00682229,7.26816e-06,7.42051e-07,1.79605e-06,4.22444e-05,0.00568658,0.000359738,0.00746468,0.00530087,0.00698302,0.00119903,0.00010489,0.000491378,0.0,0.00256862,0.000777222,2.96761e-05,0.00638586,0.00155572,0.0447952,0.000963462,0.0043105,0.00125264,0.0
0.00570146,0.000744966,1.6649e-07,0.000947954,0.0,0.00232927,9.54613e-06,0.0,0.0102764,0.0,0.00196711,0.0,0.0,0.0,0.0,0.0,0.0,0.0,0.0,0.000165798,0.0104948,0.0346017,2.04743e-07,4.70628e-05,0.0146503,0.224481,0.0305961,0.0,0.0421856,0.00146581,0.0238307,0.0214053,0.000372954,0.000420325,0.000606961,0.0357191,0.00016319,0.00543936,3.80706e-06,2.20205e-07,1.37993e-05,0.0,1.06366e-05,4.04221e-06,5.03674e-06,0.000224315,3.00459e-05,0.0,0.00013431,6.08084e-05,1.34681e-06,3.73343e-05,0.00173849,0.0321845,0.000627736,0.000167042,5.56125e-06,0.000992012,2.07504e-05,2.04839e-05,3.35469e-05,0.0,1.17266e-05,0.0349137,4.92008e-05,5.39094e-05,3.34858e-05,0.00148415,6.13341e-05,0.000548685,2.88414e-05,2.98459e-07,1.16731e-05,8.85378e-06,0.000267055,5.1951e-05,1.46437e-05,0.000783698,0.0194269,0.00118882,5.4446e-05,0.000302366,0.00186856,0.000176228,0.000540204,5.21739e-08,0.0,8.88755e-09,0.00158497,0.00248653,0.00682232,7.26546e-06,7.38624e-07,1.34292e-06,4.22394e-05,0.00568686,0.000358564,0.00746477,0.00530229,0.00698281,0.00119897,0.000104406,0.000491425,0.0,0.0025687,0.000777765,2.96258e-05,0.00638567,0.00155574,0.0447949,0.000963954,0.00430955,0.00125272,0.0
0.00570093,0.000744521,1.69174e-07,0.000947923,0.0,0.00232935,9.49993e-06,0.0,0.0102765,0.0,0.0019673,0.0,0.0,0.0,0.0,0.0,0.0,0.0,0.0,0.000165814,0.010495,0.0346012,2.04932e-07,4.75588e-05,0.0146501,0.224479,0.0305991,0.0,0.0421871,0.00146648,0.0238305,0.0214056,0.000373487,0.000420071,0.000606825,0.0357187,0.000163284,0.00543949,3.80841e-06,2.21256e-07,1.38963e-05,0.0,1.06036e-05,4.31253e-06,4.99136e-06,0.000224299,3.044e-05,0.0,0.000134568,6.07195e-05,1.41798e-06,3.75034e-05,0.00174048,0.0321827,0.000627612,0.000166739,5.1592e-06,0.000991948,2.06351e-05,2.08208e-05,3.37704e-05,0.0,1.18895e-05,0.0349132,4.96352e-05,5.38732e-05,3.34858e-05,0.00148354,6.14303e-05,0.000548262,2.87346e-05,1.9935e-07,1.14946e-05,8.6781e-06,0.000266022,5.23026e-05,1.47662e-05,0.000785021,0.0194293,0.00118883,5.49702e-05,0.00030254,0.00186954,0.000176239,0.000540058,1.53003e-08,0.0,1.56726e-08,0.00158434,0.00248574,0.00682164,5.36761e-06,9.87643e-07,1.56674e-06,4.22444e-05,0.0056852,0.000359379,0.00746359,0.00530325,0.0069819,0.0011996,0.00010438,0.000490962,0.0,0.00256896,0.000777087,2.96825e-05,0.00638514,0.00155634,0.0447936,0.000963901,0.00431019,0.00125218,0.0
0.00129248,0.00016594,1.26133e-07,0.0691374,0.0,0.00273279,9.76751e-08,2.11058e-05,0.00329323,0.0,2.70643e-05,0.0,1.13474e-05,0.0,0.0,0.0,0.0,7.31728e-06,0.0,5.37185e-05,0.100392,0.0993051,1.97596e-07,0.0331737,0.000290875,0.0168391,0.00135281,0.0,0.0,0.00151604,0.000466228,1.11121e-07,0.0,0.0,0.0,0.000337086,0.0,1.5313e-13,0.0,4.88421e-06,5.96352e-05,1.04226e-05,1.92973e-07,3.55081e-06,1.39655e-05,0.000150751,2.4649e-05,0.0,9.87245e-05,3.20423e-06,1.37726e-06,4.69436e-06,0.00152271,0.00039161,0.000555059,0.000138049,0.0,0.000903704,2.14178e-05,2.15696e-05,3.12847e-05,0.0,9.64257e-06,0.000159502,3.49185e-05,5.72752e-05,3.13554e-05,0.00278975,5.85672e-05,0.0,2.77638e-05,4.75988e-08,1.20261e-05,8.98902e-06,0.000271592,7.58457e-05,1.45403e-05,0.000597244,0.00356441,0.000609267,2.72703e-05,0.000306474,0.0,4.50323e-07,0.0265229,5.21739e-08,0.0,1.77751e-08,0.0313986,0.0012448,0.000114479,2.53136e-06,9.82748e-05,5.46255e-05,6.10858e-05,0.0,0.0,0.00032071,0.0,0.000179561,0.00022669,0.000146134,8.89075e-05,0.0,0.000320533,0.000595141,0.000210977,0.000269703,0.000262559,0.0133727,0.000224636,0.00158581,0.000157864,0.0
0.0012936,0.000165793,1.2778e-07,0.069139,0.0,0.00273265,3.60044e-08,2.1083e-05,0.00329337,0.0,2.68981e-05,0.0,1.15454e-05,0.0,0.0,0.0,0.0,7.41838e-06,0.0,5.32534e-05,0.100391,0.0993062,1.4182e-07,0.0331739,0.000291118,0.0168394,0.00135414,0.0,0.0,0.00151613,0.000467067,0.0,0.0,0.0,0.0,0.000336296,0.0,1.5315e-13,7.33506e-15,4.84823e-06,5.96534e-05,1.04029e-05,2.00332e-07,3.61757e-06,1.39484e-05,0.000150732,2.48468e-05,0.0,9.89663e-05,3.20423e-06,1.39817e-06,4.66384e-06,0.00152183,0.000392035,0.000555855,0.000137852,0.0,0.000902899,2.15964e-05,2.16712e-05,3.14798e-05,0.0,9.62871e-06,0.000159573,3.5499e-05,5.70092e-05,3.12453e-05,0.00279054,5.86517e-05,0.0,2.76793e-05,4.75988e-08,1.20261e-05,8.89307e-06,0.000271696,7.58005e-05,1.48794e-05,0.000597569,0.00356382,0.000610118,2.77269e-05,0.000305738,0.0,6.64446e-07,0.026523,6.74743e-08,0.0,1.77751e-08,0.0313982,0.00124475,0.00011452,2.53136e-06,9.82136e-05,5.43366e-05,6.04113e-05,0.0,0.0,0.000320695,0.0,0.000178713,0.000226719,0.000146077,8.87317e-05,0.0,0.000321556,0.00059391,0.000211026,0.00027054,0.000264258,0.01337,0.00022551,0.00158669,0.000157553,0.0
0.00129297,0.000165996,1.28816e-07,0.0691389,0.0,0.00273282,2.23445e-07,2.11132e-05,0.00329301,0.0,2.67854e-05,0.0,1.14599e-05,0.0,0.0,0.0,0.0,7.41735e-06,0.0,5.36759e-05,0.100388,0.0993055,1.85784e-07,0.0331743,0.000290502,0.0168407,0.00135372,0.0,0.0,0.00151604,0.000467035,1.11121e-07,0.0,0.0,0.0,0.000336705,0.0,1.46426e-13,0.0,4.84801e-06,5.96905e-05,1.0412e-05,1.94672e-07,3.55855e-06,1.39811e-05,0.000150568,2.4649e-05,0.0,9.89903e-05,3.1832e-06,1.34748e-06,4.6502e-06,0.00152277,0.000392277,0.00055501,0.000137608,0.0,0.000904068,2.14561e-05,2.16692e-05,3.12847e-05,0.0,9.49348e-06,0.00016002,3.51114e-05,5.72752e-05,3.13281e-05,0.00278848,5.83668e-05,0.0,2.7859e-05,4.75988e-08,1.20261e-05,9.06875e-06,0.0002711,7.60433e-05,1.46112e-05,0.000596989,0.00356456,0.00060964,2.75803e-05,0.000306538,0.0,2.32155e-07,0.026522,5.21739e-08,0.0,1.77751e-08,0.0313983,0.00124592,0.00011452,2.76148e-06,9.849e-05,5.44624e-05,6.08378e-05,0.0,0.0,0.000320687,0.0,0.000180158,0.00022669,0.000146116,8.86078e-05,0.0,0.000321057,0.000594802,0.000210759,0.000269418,0.000263261,0.0133706,0.000225107,0.00158593,0.000157577,0.0
0.00129347,0.000165974,1.26133e-07,0.0691373,0.0,0.00273269,2.82619e-08,2.10592e-05,0.00329248,0.0,2.68e-05,0.0,1.14513e-05,0.0,0.0,5.50691e-15,0.0,7.39684e-06,0.0,5.3625e-05,0.100393,0.0993049,1.75914e-07,0.0331737,0.000290649,0.0168386,0.00135168,0.0,0.0,0.00151623,0.00046749,1.11121e-07,0.0,0.0,0.0,0.000336136,0.0,1.40989e-13,0.0,4.86347e-06,5.9447e-05,1.0396e-05,1.93166e-07,3.5506e-06,1.40075e-05,0.000150612,2.5043e-05,0.0,9.90309e-05,3.20423e-06,1.41537e-06,4.71618e-06,0.00152232,0.000392309,0.000555881,0.00013774,0.0,0.000903533,2.14921e-05,2.16098e-05,3.12847e-05,0.0,9.62871e-06,0.000159385,3.48947e-05,5.74628e-05,3.11682e-05,0.00279036,5.87077e-05,0.0,2.76793e-05,4.75988e-08,1.20261e-05,8.89307e-06,0.000271228,7.57887e-05,1.47275e-05,0.000597309,0.00356387,0.000610492,2.74833e-05,0.000305692,0.0,4.50323e-07,0.0265232,5.21739e-08,0.0,1.77751e-08,0.0313978,0.00124456,0.000114713,2.53136e-06,9.81124e-05,5.41111e-05,6.08578e-05,0.0,0.0,0.000320653,7.90066e-11,0.000179392,0.000226719,0.000145862,8.87004e-05,0.0,0.000321174,0.000594074,0.000211175,0.000270064,0.000263073,0.0133705,0.000225074,0.00158588,0.000157974,0.0
0.00129172,0.00016587,1.26133e-07,0.0691378,0.0,0.0027329,1.56385e-07,2.11481e-05,0.00329334,0.0,2.71355e-05,0.0,1.14634e-05,0.0,0.0,0.0,0.0,7.41735e-06,0.0,5.40352e-05,0.100391,0.0993039,1.97227e-07,0.0331744,0.000291343,0.0168397,0.00135449,0.0,0.0,0.00151592,0.000465975,1.11121e-07,0.0,0.0,0.0,0.00033653,0.0,1.5315e-13,0.0,4.84322e-06,5.9707e-05,1.0412e-05,2.00086e-07,3.5517e-06,1.4019e-05,0.00015064,2.44527e-05,0.0,9.90684e-05,3.3237e-06,1.44165e-06,4.71365e-06,0.0015232,0.000391586,0.000554562,0.000137824,0.0,0.000902526,2.14537e-05,2.17183e-05,3.14798e-05,0.0,9.50843e-06,0.000159209,3.52943e-05,5.70092e-05,3.14325e-05,0.00278839,5.86089e-05,0.0,2.77638e-05,4.75988e-08,1.20261e-05,9.01324e-06,0.000271682,7.56885e-05,1.48778e-05,0.000596863,0.00356482,0.000609129,2.74449e-05,0.000305965,0.0,4.50323e-07,0.0265221,6.74743e-08,0.0,1.77751e-08,0.0313986,0.00124529,0.000114285,2.53136e-06,9.80187e-05,5.40951e-05,6.04113e-05,0.0,0.0,0.000320704,8.34032e-08,0.000178907,0.00022669,0.000146134,8.89552e-05,0.0,0.000320511,0.000594443,0.000211046,0.00027011,0.000262766,0.0133716,0.000225033,0.00158724,0.000157544,0.0
0.00522542,0.000677567,7.52648e-07,0.0240014,0.0,1.60687e-05,0.000114959,0.0,8.21614e-05,1.53854e-08,0.000257616,1.48475e-06,2.78378e-05,4.12712e-08,1.12262e-07,0.0,0.00450655,5.70408e-08,0.0,9.2596e-05,0.0741308,0.0190427,2.74249e-08,0.0432953,0.000436937,0.0144476,0.00403721,0.0,0.0070684,0.00160264,0.000601892,0.00145419,0.000248727,0.000675296,0.00183442,0.000572504,0.000221653,0.000586157,3.85702e-06,8.28785e-05,0.000193487,0.000342999,9.95952e-05,1.89195e-05,0.000255219,2.59692e-05,8.64442e-06,0.0,8.58185e-05,3.29697e-05,9.29303e-07,1.7232e-05,0.00143572,0.000382558,0.000183615,0.000107623,2.98949e-06,0.000520674,3.36984e-05,2.23841e-05,3.22348e-05,0.0,1.11664e-05,0.000184559,3.69911e-05,3.71779e-05,1.39643e-05,0.00365605,6.13323e-05,0.0,2.85555e-05,2.74268e-07,1.23791e-05,4.69197e-06,0.000278827,0.000181006,0.0,0.000841806,0.0238166,0.000720263,2.83669e-05,9.74995e-05,0.00261402,1.33069e-05,0.000723204,1.83254e-06,0.000440665,6.18006e-06,0.000342913,0.000286935,0.0,4.37234e-06,0.000127885,8.38931e-05,3.92765e-05,0.00532408,0.000386415,0.00623444,0.00189327,0.000223323,0.00975586,0.00364438,0.0,0.0,0.0,1.10131e-05,1.23982e-05,1.06063e-05,0.0,0.0254516,0.0,6.00163e-07,0.0,0.0
0.0052218,0.000677828,7.5028e-07,0.0240001,0.0,1.6095e-05,0.000115387,0.0,8.21614e-05,0.0,0.000257778,1.49867e-06,2.82977e-05,3.62323e-08,6.13606e-08,0.0,0.00450657,9.79832e-09,0.0,9.33516e-05,0.0741328,0.0190427,5.65831e-09,0.0432954,0.000436768,0.0144472,0.00403542,0.0,0.00706683,0.00160206,0.000601523,0.00145522,0.000248278,0.000675587,0.00183448,0.000572791,0.000221792,0.000585699,3.84364e-06,8.28686e-05,0.000193668,0.000343033,9.95684e-05,1.90701e-05,0.000255186,2.58587e-05,8.25041e-06,0.0,8.56659e-05,3.28808e-05,8.88802e-07,1.72452e-05,0.00143528,0.000384238,0.00018369,0.000107637,3.15487e-06,0.00052141,3.36997e-05,2.25005e-05,3.20525e-05,0.0,1.11952e-05,0.000184238,3.69326e-05,3.6715e-05,1.40414e-05,0.00365738,6.15304e-05,0.0,2.85032e-05,1.9935e-07,1.23791e-05,4.71619e-06,0.000278363,0.000181034,0.0,0.000841479,0.0238168,0.000719809,2.87184e-05,9.73823e-05,0.00261328,1.24401e-05,0.000722443,1.93387e-06,0.000440621,6.00313e-06,0.000342467,0.000286909,0.0,4.37234e-06,0.000128131,8.3847e-05,3.90378e-05,0.00532466,0.000386089,0.00623552,0.00189277,0.000223401,0.00975692,0.00364443,0.0,0.0,0.0,1.09949e-05,1.24906e-05,1.04396e-05,0.0,0.0254525,0.0,7.95597e-07,0.0,0.0
0.00522309,0.000677759,7.48359e-07,0.0240006,0.0,1.62323e-05,0.000115342,0.0,8.22129e-05,0.0,0.000257625,1.4799e-06,2.82279e-05,4.13912e-08,1.30355e-07,0.0,0.00450669,4.05821e-08,0.0,9.30413e-05,0.0741325,0.0190416,1.54135e-08,0.0432956,0.000437076,0.0144464,0.00403682,0.0,0.00706879,0.00160205,0.000601154,0.00145467,0.000249153,0.000675778,0.00183412,0.000572176,0.000221613,0.000585932,3.8563e-06,8.28912e-05,0.000193614,0.000343065,9.9594e-05,1.89866e-05,0.00025531,2.59508e-05,8.44815e-06,0.0,8.57324e-05,3.29883e-05,8.95225e-07,1.72388e-05,0.00143638,0.000383721,0.000182604,0.000107236,3.11954e-06,0.000521178,3.37682e-05,2.24184e-05,3.243e-05,0.0,1.13581e-05,0.00018505,3.72412e-05,3.69538e-05,1.40414e-05,0.00365569,6.16819e-05,0.0,2.82487e-05,1.9935e-07,1.25576e-05,4.71619e-06,0.000278471,0.00018092,0.0,0.000841568,0.0238194,0.000719493,2.83117e-05,9.76549e-05,0.00261271,1.23192e-05,0.000720909,1.94479e-06,0.000440897,6.00146e-06,0.000342311,0.000286991,0.0,4.14222e-06,0.000127638,8.36949e-05,3.90361e-05,0.00532532,0.000385196,0.00623476,0.00189171,0.000223202,0.00975548,0.00364456,0.0,0.0,0.0,1.10007e-05,1.24038e-05,1.03494e-05,0.0,0.0254507,0.0,6.97034e-07,0.0,0.0
0.00522264,0.0006776,7.52648e-07,0.0240006,0.0,1.61307e-05,0.000115214,0.0,8.20786e-05,4.6236e-08,0.000257761,1.51984e-06,2.80245e-05,4.12713e-08,9.37849e-08,0.0,0.00450662,8.85884e-09,0.0,9.36023e-05,0.0741317,0.0190426,2.73163e-08,0.0432966,0.000436415,0.0144479,0.00403522,0.0,0.00706695,0.00160206,0.000601855,0.00145492,0.000248468,0.000675546,0.001834,0.000573143,0.000221696,0.000585886,3.85702e-06,8.28736e-05,0.000193678,0.000343019,9.95932e-05,1.92612e-05,0.000255205,2.60223e-05,8.44665e-06,0.0,8.57054e-05,3.30115e-05,8.7133e-07,1.73909e-05,0.00143676,0.00038375,0.000183849,0.000107909,2.88653e-06,0.000520853,3.35823e-05,2.25001e-05,3.20525e-05,0.0,1.1209e-05,0.000184276,3.72383e-05,3.69839e-05,1.40414e-05,0.00365754,6.14561e-05,0.0,2.87331e-05,2.98459e-07,1.23791e-05,4.69197e-06,0.000278703,0.000180929,0.0,0.000841363,0.0238177,0.000719874,2.82776e-05,9.76198e-05,0.00261359,1.28208e-05,0.000722002,1.93387e-06,0.000440387,6.04727e-06,0.000343094,0.000286536,0.0,4.37234e-06,0.000127836,8.38862e-05,3.92873e-05,0.00532441,0.000386768,0.00623459,0.00189286,0.000223254,0.009756,0.00364449,0.0,0.0,0.0,1.09943e-05,1.24863e-05,1.04396e-05,0.0,0.0254531,0.0,6.19715e-07,0.0,0.0
0.00522279,0.000678006,7.48317e-07,0.0240005,0.0,1.62422e-05,0.000115223,0.0,8.22036e-05,1.53854e-08,0.000257593,1.49215e-06,2.80321e-05,3.62323e-08,1.14854e-07,0.0,0.00450651,4.53427e-11,0.0,9.23815e-05,0.0741349,0.0190422,4.97931e-09,0.0432951,0.000436907,0.0144482,0.00403744,0.0,0.00706801,0.00160164,0.000601015,0.00145471,0.000248978,0.000675399,0.00183466,0.000573065,0.000221699,0.000586272,3.83948e-06,8.28735e-05,0.000193615,0.000343035,9.95772e-05,1.89858e-05,0.000255318,2.59692e-05,8.64442e-06,0.0,8.58139e-05,3.31651e-05,8.65135e-07,1.7235e-05,0.00143539,0.000383505,0.000183601,0.000107161,3.44771e-06,0.000521682,3.36721e-05,2.2406e-05,3.22348e-05,0.0,1.11952e-05,0.000184758,3.69054e-05,3.68534e-05,1.40414e-05,0.00365674,6.15579e-05,0.0,2.84375e-05,2.46949e-07,1.23791e-05,4.71619e-06,0.000278259,0.000181193,0.0,0.000841077,0.0238158,0.000719601,2.87572e-05,9.76696e-05,0.00261257,1.24271e-05,0.000721631,1.92516e-06,0.000440502,6.08412e-06,0.000342664,0.00028726,0.0,4.37234e-06,0.000127758,8.37113e-05,3.90361e-05,0.00532525,0.000385619,0.00623371,0.00189264,0.000223509,0.00975601,0.00364417,0.0,0.0,0.0,1.09949e-05,1.24591e-05,1.01616e-05,0.0,0.0254514,0.0,5.85174e-07,0.0,0.0
0.00501551,0.00058509,1.19496e-06,0.0480108,0.0,4.42653e-05,0.000124854,0.000102327,0.00163514,0.0,0.000199247,0.0,2.40639e-05,1.1594e-08,0.0,0.0,0.0,2.60353e-05,0.0,0.0,0.148084,0.151867,2.06152e-07,0.000119676,0.000573044,0.0170319,1.2852e-05,0.0,0.0,0.0,0.00235978,2.31832e-07,0.0,0.0,0.0,0.000724549,0.0,0.000804219,0.0,5.43962e-09,0.000252896,4.45773e-05,3.37941e-06,1.80103e-05,9.71534e-05,7.28129e-05,1.08048e-05,0.0,0.000122122,3.41412e-05,1.25284e-06,1.78213e-05,0.00253159,0.000423069,0.000146507,4.01467e-05,0.0,0.000650395,3.49473e-05,2.33058e-05,3.33517e-05,0.0,1.45038e-05,0.000176909,3.71156e-05,3.8233e-05,0.0,0.00151035,6.38308e-05,0.0,2.93956e-05,1.9935e-07,1.29106e-05,0.0,0.000286101,0.000394042,0.0,0.000798505,0.00923545,0.000964128,2.91868e-05,3.82533e-05,0.000174474,4.50323e-07,0.000454205,1.2891e-06,6.85128e-06,1.76015e-06,0.000352439,0.000179349,0.0,7.36395e-06,0.000179025,0.000132861,5.74256e-05,0.0,0.0,0.0250062,0.000239608,0.00729085,0.033128,0.000607006,0.00254397,0.0,0.00236251,0.000713531,5.19037e-07,0.00330297,0.00111075,0.013259,0.00364985,0.00282286,0.0010368,0.0
0.00501459,0.000585369,1.19423e-06,0.0480131,0.0,4.43935e-05,0.000124913,0.000102381,0.00163499,0.0,0.000199316,0.0,2.38561e-05,0.0,0.0,0.0,0.0,2.61346e-05,0.0,0.0,0.148081,0.151868,2.16402e-07,0.00011904,0.000573013,0.0170322,1.23434e-05,0.0,0.0,0.0,0.00235856,0.0,0.0,0.0,0.0,0.000724201,0.0,0.000804074,5.91312e-28,4.38881e-09,0.000252823,4.4629e-05,3.38642e-06,1.8082e-05,9.69534e-05,7.29646e-05,1.1001e-05,0.0,0.000122245,3.41531e-05,1.27823e-06,1.80323e-05,0.00253119,0.000422391,0.000146929,4.01467e-05,0.0,0.000649514,3.48702e-05,2.31465e-05,3.33929e-05,0.0,1.45038e-05,0.000175999,3.74485e-05,3.80203e-05,0.0,0.00151229,6.36537e-05,0.0,2.9218e-05,3.30822e-07,1.30852e-05,0.0,0.000286467,0.000393882,0.0,0.000797385,0.00923293,0.000964711,2.94759e-05,3.82338e-05,0.000174505,6.64446e-07,0.000454575,1.20368e-06,6.52657e-06,1.83541e-06,0.000352797,0.0001787,0.0,7.13382e-06,0.000178722,0.00013302,5.67527e-05,0.0,0.0,0.0250064,0.000239506,0.00729035,0.0331291,0.000607099,0.002544,0.0,0.00236277,0.000712759,5.18645e-07,0.00330313,0.00110917,0.0132602,0.0036501,0.00282303,0.00103613,0.0
0.00501653,0.000584993,1.19397e-06,0.0480094,0.0,4.43886e-05,0.000125091,0.000102327,0.00163453,0.0,0.000198977,0.0,2.40286e-05,0.0,0.0,0.0,0.0,2.61346e-05,0.0,0.0,0.148086,0.151868,2.06417e-07,0.000119125,0.000572953,0.0170313,1.28334e-05,0.0,0.0,0.0,0.00236033,0.0,0.0,0.0,0.0,0.000723906,0.0,0.000804356,7.33506e-15,5.3778e-09,0.000252829,4.45859e-05,3.38702e-06,1.80818e-05,9.7204e-05,7.28129e-05,1.08048e-05,0.0,0.000121983,3.40136e-05,1.29218e-06,1.78465e-05,0.00253142,0.00042315,0.0001464,3.99959e-05,0.0,0.00065052,3.4992e-05,2.3223e-05,3.31978e-05,0.0,1.4327e-05,0.000176832,3.72758e-05,3.81769e-05,0.0,0.00151105,6.38647e-05,0.0,2.94663e-05,2.46949e-07,1.29106e-05,0.0,0.000285886,0.000394465,0.0,0.000799103,0.00923377,0.0009642,2.91611e-05,3.80954e-05,0.000174153,7.47607e-07,0.000454107,1.25284e-06,6.64987e-06,1.68427e-06,0.000352952,0.000178963,0.0,7.36395e-06,0.000178834,0.000133057,5.7176e-05,0.0,0.0,0.0250062,0.000239581,0.00729035,0.0331284,0.000607255,0.00254351,0.0,0.00236227,0.000713302,5.19037e-07,0.00330286,0.00111026,0.0132593,0.00365031,0.00282192,0.00103615,0.0
0.00501406,0.000585144,1.19423e-06,0.0480144,0.0,4.44374e-05,0.000124983,0.000102309,0.00163541,0.0,0.000199381,0.0,2.40639e-05,0.0,0.0,0.0,0.0,2.61346e-05,0.0,0.0,0.148085,0.151869,2.3825e-07,0.000119579,0.000572896,0.0170304,1.26303e-05,0.0,0.0,0.0,0.00235896,0.0,0.0,0.0,0.0,0.000724129,0.0,0.000803842,0.0,4.38881e-09,0.000253075,4.4584e-05,3.38684e-06,1.79974e-05,9.7083e-05,7.29942e-05,1.1001e-05,0.0,0.000121888,3.4179e-05,1.26844e-06,1.79722e-05,0.00253065,0.000423393,0.000146629,4.01467e-05,0.0,0.000649568,3.4933e-05,2.32618e-05,3.33517e-05,0.0,1.46817e-05,0.000177232,3.72435e-05,3.80089e-05,0.0,0.00151039,6.39577e-05,0.0,2.94088e-05,1.9935e-07,1.29106e-05,0.0,0.000286437,0.000393826,0.0,0.000796961,0.00923462,0.000965141,2.9489e-05,3.82533e-05,0.00017454,6.82478e-07,0.000455344,1.29568e-06,6.64987e-06,1.90631e-06,0.000352257,0.000179704,0.0,7.36395e-06,0.000178678,0.000132863,5.71901e-05,0.0,0.0,0.0250065,0.000239572,0.00729148,0.0331281,0.000606622,0.00254427,0.0,0.00236251,0.000712794,5.18621e-07,0.00330295,0.00111013,0.0132594,0.00364989,0.00282413,0.00103656,0.0
0.00501606,0.000585327,1.19228e-06,0.0480086,0.0,4.42754e-05,0.000125022,0.000102327,0.00163533,0.0,0.000198916,0.0,2.40968e-05,0.0,0.0,0.0,0.0,2.60346e-05,0.0,0.0,0.148082,0.151867,2.06699e-07,0.000119335,0.000572868,0.0170308,1.25184e-05,0.0,0.0,0.0,0.00235916,0.0,0.0,0.0,0.0,0.000724412,0.0,0.000804152,0.0,5.43962e-09,0.000252886,4.46122e-05,3.38666e-06,1.80945e-05,9.7081e-05,7.29646e-05,1.08048e-05,0.0,0.000122259,3.42299e-05,1.2689e-06,1.7994e-05,0.00253038,0.000422792,0.000146916,4.01467e-05,0.0,0.000651173,3.48739e-05,2.30596e-05,3.31978e-05,0.0,1.45038e-05,0.000176648,3.7196e-05,3.81793e-05,0.0,0.00151208,6.37212e-05,0.0,2.93793e-05,2.98459e-07,1.29106e-05,0.0,0.000285527,0.000394462,0.0,0.000798247,0.00923349,0.000964009,2.93016e-05,3.81877e-05,0.00017445,4.32291e-07,0.000454449,1.26947e-06,6.49953e-06,1.75337e-06,0.000352376,0.000178739,0.0,7.36395e-06,0.000179224,0.000133179,5.69882e-05,0.0,0.0,0.0250061,0.000239512,0.00729085,0.0331284,0.000607367,0.00254398,0.0,0.00236248,0.000713568,5.19492e-07,0.00330339,0.00110932,0.0132598,0.0036501,0.00282312,0.00103594,0.0
0.0530621,0.0006565,1.28899e-06,0.00346068,0.0,2.01202e-05,0.00659349,0.0,0.000503508,0.0,0.000265247,0.00136886,0.000692306,0.000140949,2.62971e-06,0.0,0.00684034,2.76893e-06,0.0,9.59269e-05,0.187495,0.072392,8.80885e-06,2.71195e-05,0.000800698,0.0144224,0.00508593,0.0,0.00668746,0.00164308,0.00100783,0.00123065,0.000578949,0.000403537,0.00106736,0.000595754,0.000226242,0.000741064,3.59987e-06,1.38478e-05,0.000205991,4.53489e-05,1.62658e-06,1.78177e-05,9.55708e-05,0.000219745,9.14977e-05,0.0,0.000155427,0.000191973,1.71653e-07,0.000259222,0.00711169,0.00117296,0.000703054,3.41216e-05,0.0,0.00476895,1.41134e-05,9.93408e-07,8.9106e-05,0.0,5.47215e-05,2.67818e-05,2.88294e-05,1.54363e-05,5.6672e-05,0.00442558,0.00049116,0.000169983,6.93615e-05,3.27547e-06,6.5259e-05,1.56225e-06,0.000193459,0.000387817,4.76511e-06,0.0001616,0.0131594,0.00392924,0.00023367,4.12862e-05,0.00243105,6.98441e-06,0.0423237,7.82204e-07,0.0,4.06917e-06,0.0289609,0.0569828,0.0154738,5.29284e-06,0.000147936,9.69199e-05,1.89533e-05,0.00635549,0.000423998,0.0067609,0.0022207,0.0631692,0.000282906,0.000352129,0.0,0.0,0.041687,0.0171647,1.55766e-05,0.00374326,0.0,0.00610885,0.0265636,0.0667934,0.00337595,0.0
0.0530622,0.000656863,1.28441e-06,0.00346174,0.0,2.00019e-05,0.00659343,0.0,0.000503606,0.0,0.000265139,0.00136882,0.00069289,0.000140952,2.6599e-06,0.0,0.00684048,2.75907e-06,0.0,9.63934e-05,0.187494,0.0723921,8.74304e-06,2.63313e-05,0.000800593,0.0144214,0.00508462,0.0,0.00668724,0.00164371,0.00100789,0.00122933,0.000578753,0.000403624,0.00106686,0.000596967,0.000226108,0.000741196,3.59636e-06,1.38305e-05,0.000206084,4.5391e-05,1.62658e-06,1.78832e-05,9.56468e-05,0.000219623,9.14977e-05,0.0,0.000155565,0.000192478,1.25699e-07,0.00025932,0.00711271,0.00117191,0.000703886,3.42525e-05,0.0,0.0047698,1.39015e-05,7.68574e-07,8.87696e-05,0.0,5.45436e-05,2.63576e-05,2.86011e-05,1.52305e-05,5.68319e-05,0.00442486,0.000491221,0.000170072,6.94365e-05,3.33326e-06,6.54336e-05,1.56225e-06,0.000194078,0.00038835,4.61355e-06,0.000161196,0.0131573,0.00392923,0.000233247,4.13144e-05,0.00243072,7.45965e-06,0.0423242,8.98181e-07,0.0,4.04324e-06,0.028959,0.0569833,0.0154743,5.29284e-06,0.00014783,9.70025e-05,1.93723e-05,0.00635428,0.000423802,0.00676341,0.00222073,0.0631691,0.000283045,0.000352502,0.0,0.0,0.0416862,0.0171644,1.55766e-05,0.0037431,0.0,0.00610995,0.0265633,0.0667939,0.00337607,0.0
0.0530616,0.000656359,1.28704e-06,0.00346235,0.0,1.98948e-05,0.00659342,0.0,0.000503523,0.0,0.000265003,0.00136885,0.000692216,0.000140947,2.82579e-06,0.0,0.00684039,2.74111e-06,0.0,9.63068e-05,0.187495,0.0723909,8.77623e-06,2.71501e-05,0.000800698,0.0144192,0.00508735,0.0,0.00668786,0.00164271,0.00100688,0.0012296,0.000579287,0.000403495,0.00106762,0.000594978,0.000226086,0.000740971,3.61125e-06,1.38436e-05,0.000206145,4.54276e-05,1.63274e-06,1.7824e-05,9.55822e-05,0.000219557,9.11201e-05,0.0,0.000155523,0.000192296,6.0952e-08,0.000259295,0.00711145,0.00117291,0.000703912,3.41399e-05,0.0,0.00476935,1.40252e-05,8.72087e-07,8.91187e-05,0.0,5.47215e-05,2.66675e-05,2.87183e-05,1.54363e-05,5.65949e-05,0.00442398,0.000491278,0.000170159,6.93388e-05,3.27547e-06,6.54336e-05,1.56225e-06,0.000193827,0.000388187,4.61355e-06,0.000161729,0.0131601,0.00392856,0.00023387,4.12738e-05,0.00242959,6.94509e-06,0.0423247,7.82204e-07,0.0,3.98818e-06,0.02896,0.0569823,0.015474,5.29284e-06,0.000147764,9.69121e-05,1.93749e-05,0.00635555,0.000423993,0.00676186,0.00222191,0.0631689,0.000283093,0.000352392,0.0,0.0,0.041687,0.0171645,1.55766e-05,0.00374324,0.0,0.0061095,0.0265645,0.0667936,0.0033761,0.0
0.0530636,0.00065673,1.28436e-06,0.00346175,0.0,2.0037e-05,0.00659349,0.0,0.000503453,0.0,0.000264987,0.00136886,0.000692393,0.000140954,2.63344e-06,0.0,0.00684045,2.75907e-06,0.0,9.611e-05,0.187491,0.0723923,8.78049e-06,2.67564e-05,0.00080125,0.0144214,0.00508582,0.0,0.00668743,0.00164333,0.00100771,0.00122988,0.000579126,0.000403438,0.00106714,0.000595687,0.000226167,0.000740789,3.59719e-06,1.38305e-05,0.000205994,4.53544e-05,1.62658e-06,1.78182e-05,9.55793e-05,0.000219711,9.14977e-05,0.0,0.000155467,0.000192246,1.002e-07,0.000259295,0.00711142,0.00117248,0.000704336,3.41216e-05,0.0,0.00477086,1.39409e-05,9.6161e-07,8.87696e-05,0.0,5.45298e-05,2.66145e-05,2.8726e-05,1.54363e-05,5.66447e-05,0.00442592,0.000491053,0.000170065,6.95524e-05,3.34222e-06,6.54374e-05,1.56225e-06,0.000193787,0.000388069,4.69996e-06,0.000161563,0.0131586,0.00392998,0.000233752,4.11655e-05,0.00243051,7.52376e-06,0.0423239,8.46051e-07,0.0,4.06917e-06,0.0289597,0.0569828,0.0154735,5.29284e-06,0.000148206,9.70999e-05,1.89533e-05,0.00635544,0.000423703,0.0067617,0.00222034,0.0631689,0.000282877,0.000352226,0.0,0.0,0.0416867,0.0171644,1.55766e-05,0.00374324,0.0,0.00610916,0.0265636,0.0667943,0.00337595,0.0
0.0530612,0.00065658,1.28904e-06,0.0034609,0.0,1.99754e-05,0.00659311,0.0,0.000503615,0.0,0.000265139,0.00136882,0.000692671,0.000140957,2.71622e-06,0.0,0.00684042,2.74111e-06,0.0,9.59269e-05,0.187498,0.0723916,8.78742e-06,2.66901e-05,0.000800847,0.0144205,0.00508537,0.0,0.00668715,0.00164279,0.00100731,0.00122945,0.000578882,0.000403537,0.00106746,0.000595579,0.00022615,0.000741092,3.59829e-06,1.38436e-05,0.000206088,4.53592e-05,1.63298e-06,1.77982e-05,9.56605e-05,0.000219537,9.14977e-05,0.0,0.000155498,0.000192432,5.05847e-08,0.000259226,0.00711276,0.00117147,0.00070333,3.41192e-05,0.0,0.00476915,1.40357e-05,8.69148e-07,8.89236e-05,0.0,5.47353e-05,2.62962e-05,2.85123e-05,1.54363e-05,5.68592e-05,0.00442536,0.000491045,0.000170166,6.92456e-05,3.36563e-06,6.54336e-05,1.56225e-06,0.000193265,0.000388276,4.61355e-06,0.000161147,0.0131601,0.00392909,0.000233417,4.13857e-05,0.00243139,6.82959e-06,0.0423242,8.34334e-07,0.0,4.02214e-06,0.0289605,0.0569829,0.0154742,5.29284e-06,0.000147736,9.69365e-05,1.91395e-05,0.00635339,0.000424685,0.00676276,0.00222197,0.0631692,0.000283001,0.000352201,0.0,0.0,0.0416871,0.0171643,1.55452e-05,0.00374311,0.0,0.00611025,0.026564,0.0667938,0.00337586,0.0
