0.139943,0.00021184,0.000949245,0.00014364,0.0,4.32612e-05,2.16314e-05,2.64459e-07,6.55286e-08,0.0,0.000611363,3.83977e-05,0.000111413,2.41735e-05,2.06648e-05,0.0,3.36011e-05,6.77543e-06,8.57269e-08,4.05761e-05,0.0180509,0.00389016,1.49724e-05,0.00147276,0.0,0.0,0.0,0.0,0.0,0.0,0.0,0.0,0.0,0.0,0.0,0.0,0.0,0.0,0.0,0.0,0.0,0.0,0.0,0.0,0.0,5.31736e-05,0.0,0.0,4.20361e-05,0.0,0.0,0.0,0.0,2.81351e-05,0.000100303,0.000982683,0.0,0.0,0.0,1.55404e-05,0.0,0.0,0.0,0.00103571,0.0,3.83125e-05,7.33214e-07,0.0,0.0,0.0,0.0,0.0,0.0,0.000285954,0.00140098,0.0,0.000463897,0.000834049,0.0,8.36786e-06,0.000142054,0.00120355,0.0,0.0,0.000102771,0.0,0.0,0.0,0.000234242,0.0,0.0,0.0,0.0,0.0,0.0,0.0,0.0,0.0,0.0,0.0,0.0,0.0,0.0,0.0,0.0,0.0,0.0,0.0,0.0,0.0,0.0,0.0,0.0,0.0
0.1399,0.00021157,0.000950068,0.000143904,0.0,4.34058e-05,2.06114e-05,5.36184e-07,6.0488e-08,0.0,0.000611679,3.85457e-05,0.000111132,2.41391e-05,2.06665e-05,0.0,3.33233e-05,6.65806e-06,8.57269e-08,4.03821e-05,0.0180614,0.00389203,1.45297e-05,0.00146948,0.0,0.0,0.0,0.0,0.0,0.0,0.0,0.0,0.0,0.0,0.0,0.0,0.0,0.0,0.0,0.0,0.0,0.0,0.0,0.0,0.0,5.29884e-05,0.0,0.0,4.20327e-05,0.0,0.0,0.0,0.0,2.80988e-05,0.000100303,0.000983198,0.0,0.0,0.0,1.56356e-05,0.0,0.0,0.0,0.00103524,0.0,3.83234e-05,7.34598e-07,0.0,0.0,0.0,0.0,0.0,0.0,0.000286134,0.0014005,0.0,0.000464502,0.000833642,0.0,8.36786e-06,0.000142045,0.00120354,0.0,0.0,0.000102235,0.0,0.0,0.0,0.000234184,0.0,0.0,0.0,0.0,0.0,0.0,0.0,0.0,0.0,0.0,0.0,0.0,0.0,0.0,0.0,0.0,0.0,0.0,0.0,0.0,0.0,0.0,0.0,0.0,0.0
0.139937,0.000211445,0.000948404,0.000143382,0.0,4.34243e-05,2.11856e-05,2.64459e-07,6.55286e-08,0.0,0.000611353,3.84122e-05,0.000111363,2.44756e-05,2.02407e-05,0.0,3.36305e-05,6.77543e-06,8.57269e-08,4.05761e-05,0.0180482,0.00389032,1.46667e-05,0.0014724,0.0,0.0,0.0,0.0,0.0,0.0,0.0,0.0,0.0,0.0,0.0,0.0,0.0,0.0,0.0,0.0,0.0,0.0,0.0,0.0,0.0,5.31731e-05,0.0,0.0,4.20263e-05,0.0,0.0,0.0,0.0,2.80807e-05,0.000100303,0.000982814,0.0,0.0,0.0,1.55278e-05,0.0,0.0,0.0,0.00103603,0.0,3.83051e-05,7.33214e-07,0.0,0.0,0.0,0.0,0.0,0.0,0.000286112,0.00140095,0.0,0.000464007,0.000834197,0.0,8.36786e-06,0.000142268,0.00120346,0.0,0.0,0.000103013,0.0,0.0,0.0,0.000233973,0.0,0.0,0.0,0.0,0.0,0.0,0.0,0.0,0.0,0.0,0.0,0.0,0.0,0.0,0.0,0.0,0.0,0.0,0.0,0.0,0.0,0.0,0.0,0.0,0.0
0.139943,0.000211584,0.000950589,0.000143643,0.0,4.40392e-05,2.06218e-05,5.36184e-07,6.0488e-08,0.0,0.000612488,3.8514e-05,0.000111343,2.45667e-05,2.09256e-05,0.0,3.35471e-05,6.64584e-06,8.57269e-08,4.03821e-05,0.0180568,0.00389028,1.45297e-05,0.00147017,0.0,0.0,0.0,0.0,0.0,0.0,0.0,0.0,0.0,0.0,0.0,0.0,0.0,0.0,0.0,0.0,0.0,0.0,0.0,0.0,0.0,5.3151e-05,0.0,0.0,4.20197e-05,0.0,0.0,0.0,0.0,2.81121e-05,0.000100397,0.000982769,0.0,0.0,0.0,1.55251e-05,0.0,0.0,0.0,0.00103545,0.0,3.83142e-05,7.33906e-07,0.0,0.0,0.0,0.0,0.0,0.0,0.000286129,0.00140099,0.0,0.000463859,0.000833944,0.0,8.36786e-06,0.000142045,0.00120418,0.0,0.0,0.000102721,0.0,0.0,0.0,0.000234484,0.0,0.0,0.0,0.0,0.0,0.0,0.0,0.0,0.0,0.0,0.0,0.0,0.0,0.0,0.0,0.0,0.0,0.0,0.0,0.0,0.0,0.0,0.0,0.0,0.0
0.139904,0.000211794,0.000948166,0.000143651,0.0,4.23652e-05,2.16076e-05,2.64459e-07,6.55286e-08,0.0,0.000611219,3.84299e-05,0.000111375,2.44667e-05,2.0369e-05,0.0,3.33035e-05,6.77543e-06,8.57269e-08,4.0799e-05,0.0180552,0.00389121,1.5075e-05,0.00147114,0.0,0.0,0.0,0.0,0.0,0.0,0.0,0.0,0.0,0.0,0.0,0.0,0.0,0.0,0.0,0.0,0.0,0.0,0.0,0.0,0.0,5.31736e-05,0.0,0.0,4.20465e-05,0.0,0.0,0.0,0.0,2.81308e-05,0.000100303,0.000983049,0.0,0.0,0.0,1.56223e-05,0.0,0.0,0.0,0.00103546,0.0,3.83284e-05,7.33214e-07,0.0,0.0,0.0,0.0,0.0,0.0,0.000285955,0.00140067,0.0,0.000464503,0.000834146,1.60647e-07,8.36786e-06,0.000142207,0.00120356,0.0,0.0,0.000102283,0.0,0.0,0.0,0.000234219,0.0,0.0,0.0,0.0,0.0,0.0,0.0,0.0,0.0,0.0,0.0,0.0,0.0,0.0,0.0,0.0,0.0,0.0,0.0,0.0,0.0,0.0,0.0,0.0,0.0
0.10931,0.00082631,0.000946101,0.00014344,0.0,4.35008e-05,2.13068e-05,5.36184e-07,6.0488e-08,0.0,0.000609534,3.8261e-05,0.00011072,2.41031e-05,2.03801e-05,0.0,3.34217e-05,6.6458e-06,8.57269e-08,4.02235e-05,0.0180545,0.00388001,1.46613e-05,0.00146708,0.0,0.0,0.0,0.0,0.0,0.0,0.0,0.0,0.0,0.0,0.0,0.0,0.0,0.0,0.0,0.0,0.0,0.0,0.0,0.0,0.0,5.29884e-05,0.0,0.0,4.20434e-05,0.0,0.0,0.0,0.0,2.80941e-05,0.000100303,0.000983051,0.0,0.0,0.0,1.55663e-05,0.0,0.0,0.0,0.001036,0.0,3.83081e-05,7.33906e-07,0.0,0.0,0.0,0.0,0.0,0.0,0.000286191,0.00140033,0.0,0.000463548,0.000833962,0.0,8.36786e-06,0.000141866,0.00120293,0.0,0.0,0.000101797,0.0,0.0,0.0,0.000233159,0.0,0.0,0.0,0.0,0.0,0.0,0.0,0.0,0.0,0.0,0.0,0.0,0.0,0.0,0.0,0.0,0.0,0.0,0.0,0.0,0.0,0.0,0.0,0.0,0.0
0.109273,0.00082474,0.000944864,0.000143353,0.0,4.41664e-05,2.08235e-05,2.64459e-07,6.0488e-08,0.0,0.000607289,3.8322e-05,0.000110974,2.43197e-05,2.04156e-05,0.0,3.34823e-05,6.64472e-06,8.57269e-08,4.05761e-05,0.0180562,0.00388055,1.47382e-05,0.00146532,0.0,0.0,0.0,0.0,0.0,0.0,0.0,0.0,0.0,0.0,0.0,0.0,0.0,0.0,0.0,0.0,0.0,0.0,0.0,0.0,0.0,5.31674e-05,0.0,0.0,4.20439e-05,0.0,0.0,0.0,0.0,2.80857e-05,0.000100303,0.000982463,0.0,0.0,0.0,1.55278e-05,0.0,0.0,0.0,0.00103472,0.0,3.82909e-05,7.33906e-07,0.0,0.0,0.0,0.0,0.0,0.0,0.00028598,0.00140137,0.0,0.000464477,0.000833864,0.0,8.36786e-06,0.000142447,0.00120434,0.0,0.0,0.000102285,0.0,0.0,0.0,0.000233409,0.0,0.0,0.0,0.0,0.0,0.0,0.0,0.0,0.0,0.0,0.0,0.0,0.0,0.0,0.0,0.0,0.0,0.0,0.0,0.0,0.0,0.0,0.0,0.0,0.0
0.109261,0.000827142,0.00094608,0.000143389,0.0,4.19385e-05,2.10951e-05,5.36184e-07,6.55286e-08,0.0,0.000610931,3.82814e-05,0.000110877,2.41295e-05,2.09601e-05,0.0,3.31514e-05,6.65834e-06,8.57269e-08,4.03821e-05,0.0180553,0.00388248,1.47125e-05,0.00147004,0.0,0.0,0.0,0.0,0.0,0.0,0.0,0.0,0.0,0.0,0.0,0.0,0.0,0.0,0.0,0.0,0.0,0.0,0.0,0.0,0.0,5.31731e-05,0.0,0.0,4.20209e-05,0.0,0.0,0.0,0.0,2.81119e-05,0.000100303,0.000982457,0.0,0.0,0.0,1.56713e-05,0.0,0.0,0.0,0.00103603,0.0,3.83285e-05,7.33899e-07,0.0,0.0,0.0,0.0,0.0,0.0,0.000286283,0.00140004,0.0,0.000464379,0.000833936,0.0,8.36786e-06,0.000141866,0.00120309,0.0,0.0,0.00010248,0.0,0.0,0.0,0.000234215,0.0,0.0,0.0,0.0,0.0,0.0,0.0,0.0,0.0,0.0,0.0,0.0,0.0,0.0,0.0,0.0,0.0,0.0,0.0,0.0,0.0,0.0,0.0,0.0,0.0
0.109266,0.000824647,0.000946894,0.000143061,0.0,4.46432e-05,2.09492e-05,0.0,6.55286e-08,0.0,0.000608541,3.82348e-05,0.000110743,2.4156e-05,2.04819e-05,0.0,3.35536e-05,6.77515e-06,8.57269e-08,4.07276e-05,0.018055,0.00388018,1.43813e-05,0.00146578,0.0,0.0,0.0,0.0,0.0,0.0,0.0,0.0,0.0,0.0,0.0,0.0,0.0,0.0,0.0,0.0,0.0,0.0,0.0,0.0,0.0,5.31674e-05,0.0,0.0,4.20349e-05,0.0,0.0,0.0,0.0,2.81173e-05,0.000100303,0.000983254,0.0,0.0,0.0,1.55404e-05,0.0,0.0,0.0,0.00103522,0.0,3.83123e-05,7.33906e-07,0.0,0.0,0.0,0.0,0.0,0.0,0.000286024,0.00140028,0.0,0.000463968,0.000833797,0.0,8.36786e-06,0.000141866,0.00120369,0.0,0.0,0.000102527,0.0,0.0,0.0,0.000233427,0.0,0.0,0.0,0.0,0.0,0.0,0.0,0.0,0.0,0.0,0.0,0.0,0.0,0.0,0.0,0.0,0.0,0.0,0.0,0.0,0.0,0.0,0.0,0.0,0.0
0.109263,0.000825901,0.000946133,0.000143901,0.0,4.24536e-05,2.14421e-05,5.36184e-07,6.0488e-08,0.0,0.000608573,3.83829e-05,0.000110884,2.39828e-05,2.06745e-05,0.0,3.33653e-05,6.63358e-06,0.0,4.05761e-05,0.0180534,0.00388207,1.47638e-05,0.00146795,0.0,0.0,0.0,0.0,0.0,0.0,0.0,0.0,0.0,0.0,0.0,0.0,0.0,0.0,0.0,0.0,0.0,0.0,0.0,0.0,0.0,5.31579e-05,0.0,0.0,4.20206e-05,0.0,0.0,0.0,0.0,2.80853e-05,0.00010021,0.000982431,0.0,0.0,0.0,1.55377e-05,0.0,0.0,0.0,0.00103526,0.0,3.83067e-05,7.33906e-07,0.0,0.0,0.0,0.0,0.0,0.0,0.000286341,0.00140103,0.0,0.000464008,0.000833847,0.0,8.36786e-06,0.000142233,0.00120376,0.0,0.0,0.000102042,0.0,0.0,0.0,0.00023314,0.0,0.0,0.0,0.0,0.0,0.0,0.0,0.0,0.0,0.0,0.0,0.0,0.0,0.0,0.0,0.0,0.0,0.0,0.0,0.0,0.0,0.0,0.0,0.0,0.0
0.109265,0.000825681,0.000944141,0.00014364,0.0,4.21717e-05,2.04615e-05,2.64459e-07,6.55286e-08,0.0,0.000609124,3.82104e-05,0.000110689,2.44456e-05,1.98348e-05,0.0,3.31764e-05,6.63866e-06,8.57269e-08,4.03821e-05,0.0180539,0.00387891,1.47382e-05,0.0014663,0.0,0.0,0.0,0.0,0.0,0.0,0.0,0.0,0.0,0.0,0.0,0.0,0.0,0.0,0.0,0.0,0.0,0.0,0.0,0.0,0.0,5.29877e-05,0.0,0.0,4.20529e-05,0.0,0.0,0.0,0.0,2.81122e-05,0.000100303,0.000982738,0.0,0.0,0.0,1.56812e-05,0.0,0.0,0.0,0.0010355,0.0,3.83173e-05,7.33906e-07,0.0,0.0,0.0,0.0,0.0,0.0,0.000285777,0.00140036,0.0,0.000464466,0.000833713,0.0,8.45503e-06,0.000142268,0.00120344,0.0,0.0,0.000102038,0.0,0.0,0.0,0.00023422,0.0,0.0,0.0,0.0,0.0,0.0,0.0,0.0,0.0,0.0,0.0,0.0,0.0,0.0,0.0,0.0,0.0,0.0,0.0,0.0,0.0,0.0,0.0,0.0,0.0
0.109328,0.000825743,0.000947912,0.000143381,0.0,4.50608e-05,2.13853e-05,5.36184e-07,6.0488e-08,0.0,0.000609474,3.8335e-05,0.00011105,2.43101e-05,2.12465e-05,0.0,3.35303e-05,6.76289e-06,8.57269e-08,4.05761e-05,0.0180554,0.003882,1.47638e-05,0.00146665,0.0,0.0,0.0,0.0,0.0,0.0,0.0,0.0,0.0,0.0,0.0,0.0,0.0,0.0,0.0,0.0,0.0,0.0,0.0,0.0,0.0,5.31736e-05,0.0,0.0,4.20296e-05,0.0,0.0,0.0,0.0,2.81077e-05,0.000100303,0.000982896,0.0,0.0,0.0,1.55377e-05,0.0,0.0,0.0,0.00103528,0.0,3.83209e-05,7.33214e-07,0.0,0.0,0.0,0.0,0.0,0.0,0.000286369,0.00140017,0.0,0.000464305,0.000834432,0.0,8.36786e-06,0.000142045,0.00120352,0.0,0.0,0.000102042,0.0,0.0,0.0,0.000232595,0.0,0.0,0.0,0.0,0.0,0.0,0.0,0.0,0.0,0.0,0.0,0.0,0.0,0.0,0.0,0.0,0.0,0.0,0.0,0.0,0.0,0.0,0.0,0.0,0.0
0.109255,0.000825577,0.000945065,0.000143061,0.0,4.27639e-05,2.14111e-05,2.64459e-07,6.55286e-08,0.0,0.000608831,3.81828e-05,0.000110749,2.41123e-05,2.00746e-05,0.0,3.34215e-05,6.63358e-06,8.57269e-08,4.03821e-05,0.018053,0.0038792,1.46154e-05,0.00146837,0.0,0.0,0.0,0.0,0.0,0.0,0.0,0.0,0.0,0.0,0.0,0.0,0.0,0.0,0.0,0.0,0.0,0.0,0.0,0.0,0.0,5.31512e-05,0.0,0.0,4.20476e-05,0.0,0.0,0.0,0.0,2.81172e-05,0.000100303,0.000982524,0.0,0.0,0.0,1.55305e-05,0.0,0.0,0.0,0.00103575,0.0,3.8309e-05,7.34598e-07,0.0,0.0,0.0,0.0,0.0,0.0,0.000286115,0.00140094,0.0,0.000464053,0.000833632,0.0,8.36786e-06,0.000142054,0.00120345,0.0,0.0,0.000102721,0.0,0.0,0.0,0.000234235,0.0,0.0,0.0,0.0,0.0,0.0,0.0,0.0,0.0,0.0,0.0,0.0,0.0,0.0,0.0,0.0,0.0,0.0,0.0,0.0,0.0,0.0,0.0,0.0,0.0
0.109274,0.000825696,0.000946516,0.000143108,0.0,4.26562e-05,2.08599e-05,5.36184e-07,6.55286e-08,0.0,0.000608875,3.83801e-05,0.000110929,2.43196e-05,2.05128e-05,0.0,3.32439e-05,6.68174e-06,8.57269e-08,4.06109e-05,0.0180561,0.00388278,1.45297e-05,0.00146677,0.0,0.0,0.0,0.0,0.0,0.0,0.0,0.0,0.0,0.0,0.0,0.0,0.0,0.0,0.0,0.0,0.0,0.0,0.0,0.0,0.0,5.31736e-05,0.0,0.0,4.20121e-05,0.0,0.0,0.0,0.0,2.80765e-05,0.000100303,0.000982748,0.0,0.0,0.0,1.56918e-05,0.0,0.0,0.0,0.00103526,0.0,3.83044e-05,7.33214e-07,0.0,0.0,0.0,0.0,0.0,0.0,0.000285974,0.00140084,0.0,0.000464323,0.000834067,1.60647e-07,8.36786e-06,0.000141677,0.00120342,0.0,0.0,0.000101796,0.0,0.0,0.0,0.000233409,0.0,0.0,0.0,0.0,0.0,0.0,0.0,0.0,0.0,0.0,0.0,0.0,0.0,0.0,0.0,0.0,0.0,0.0,0.0,0.0,0.0,0.0,0.0,0.0,0.0
0.109265,0.00082584,0.000945862,0.000143983,0.0,4.48906e-05,2.13291e-05,2.64459e-07,6.0488e-08,0.0,0.000608823,3.83187e-05,0.000110836,2.41206e-05,2.04024e-05,0.0,3.34305e-05,6.63358e-06,8.57269e-08,4.05702e-05,0.0180516,0.00388409,1.49724e-05,0.00146579,0.0,0.0,0.0,0.0,0.0,0.0,0.0,0.0,0.0,0.0,0.0,0.0,0.0,0.0,0.0,0.0,0.0,0.0,0.0,0.0,0.0,5.30041e-05,0.0,0.0,4.20414e-05,0.0,0.0,0.0,0.0,2.81121e-05,0.000100303,0.000982226,0.0,0.0,0.0,1.55377e-05,0.0,0.0,0.0,0.00103568,0.0,3.83101e-05,7.33906e-07,0.0,0.0,0.0,0.0,0.0,0.0,0.000286016,0.00140057,0.0,0.000464048,0.000833898,0.0,8.36786e-06,0.000142421,0.00120383,0.0,0.0,0.000102528,0.0,0.0,0.0,0.000233963,0.0,0.0,0.0,0.0,0.0,0.0,0.0,0.0,0.0,0.0,0.0,0.0,0.0,0.0,0.0,0.0,0.0,0.0,0.0,0.0,0.0,0.0,0.0,0.0,0.0
0.0,0.0,0.0,3.31799e-19,0.0,0.000512348,1.7379e-05,4.53939e-06,4.5366e-08,0.0,0.0,0.0,0.0,0.0,0.0,0.0,0.0,0.0,0.0,0.0,1.06186e-05,0.0,0.0,0.0,0.0,0.0,0.0,0.0,0.0,0.0,0.0,0.0,0.0,0.0,0.0,0.0,0.0,0.0,0.0,0.0,0.0,0.0,0.0,0.0,0.0,1.83979e-05,0.0,0.0,0.000119774,0.0,0.0,0.0,0.0,0.000107881,0.000458036,0.00295042,0.0,0.0,0.0,1.94274e-05,0.0,0.0,0.0,0.00377087,0.0,0.000116576,0.0,0.0,0.0,0.0,0.0,0.0,0.0,0.000469362,0.00544657,0.0,0.000887361,0.00196135,1.60647e-07,5.14275e-06,0.000502155,0.00366988,0.0,0.0,0.0,0.0,0.0,0.0,0.0,0.0,0.0,0.0,0.0,0.0,0.0,0.0,0.0,0.0,0.0,0.0,0.0,0.0,0.0,0.0,0.0,0.0,0.0,0.0,0.0,0.0,0.0,0.0,0.0,0.0
0.0,0.0,0.0,5.03451e-20,0.0,0.00051318,1.68927e-05,4.53939e-06,4.5366e-08,0.0,0.0,0.0,0.0,0.0,0.0,0.0,0.0,0.0,0.0,0.0,9.59833e-06,0.0,0.0,0.0,0.0,0.0,0.0,0.0,0.0,0.0,0.0,0.0,0.0,0.0,0.0,0.0,0.0,0.0,0.0,0.0,0.0,0.0,0.0,0.0,0.0,1.84131e-05,0.0,0.0,0.000119752,0.0,0.0,0.0,0.0,0.000107941,0.000458036,0.00295017,0.0,0.0,0.0,1.95528e-05,0.0,0.0,0.0,0.0037712,0.0,0.000116571,0.0,0.0,0.0,0.0,0.0,0.0,0.0,0.000469524,0.00544765,0.0,0.000887342,0.00196065,1.60647e-07,5.22991e-06,0.000502001,0.00366997,0.0,0.0,0.0,0.0,0.0,0.0,0.0,0.0,0.0,0.0,0.0,0.0,0.0,0.0,0.0,0.0,0.0,0.0,0.0,0.0,0.0,0.0,0.0,0.0,0.0,0.0,0.0,0.0,0.0,0.0,0.0,0.0
0.0,0.0,0.0,0.0,0.0,0.000514419,1.6909e-05,4.53939e-06,4.5366e-08,0.0,0.0,0.0,0.0,0.0,0.0,0.0,0.0,0.0,0.0,0.0,1.01562e-05,0.0,0.0,0.0,0.0,0.0,0.0,0.0,0.0,0.0,0.0,0.0,0.0,0.0,0.0,0.0,0.0,0.0,0.0,0.0,0.0,0.0,0.0,0.0,0.0,1.83979e-05,0.0,0.0,0.000119782,0.0,0.0,0.0,0.0,0.000107872,0.000457943,0.00294998,0.0,0.0,0.0,1.94274e-05,0.0,0.0,0.0,0.00377143,0.0,0.00011658,0.0,0.0,0.0,0.0,0.0,0.0,0.0,0.000469523,0.00544712,0.0,0.000887557,0.00196179,1.60647e-07,5.22991e-06,0.000502155,0.00367024,0.0,0.0,0.0,0.0,0.0,0.0,0.0,0.0,0.0,0.0,0.0,0.0,0.0,0.0,0.0,0.0,0.0,0.0,0.0,0.0,0.0,0.0,0.0,0.0,0.0,0.0,0.0,0.0,0.0,0.0,0.0,0.0
0.0,0.0,0.0,5.01312e-20,0.0,0.000513522,1.77797e-05,4.80385e-06,5.04067e-08,0.0,0.0,0.0,0.0,0.0,0.0,0.0,0.0,0.0,0.0,0.0,9.59833e-06,0.0,0.0,0.0,0.0,0.0,0.0,0.0,0.0,0.0,0.0,0.0,0.0,0.0,0.0,0.0,0.0,0.0,0.0,0.0,0.0,0.0,0.0,0.0,0.0,1.84138e-05,0.0,0.0,0.000119765,0.0,0.0,0.0,0.0,0.000107891,0.000458129,0.00295039,0.0,0.0,0.0,1.94274e-05,0.0,0.0,0.0,0.00377125,0.0,0.000116588,0.0,0.0,0.0,0.0,0.0,0.0,0.0,0.000469363,0.00544707,0.0,0.000887283,0.00196095,3.21295e-07,5.14275e-06,0.000501813,0.0036701,0.0,0.0,0.0,0.0,0.0,0.0,0.0,0.0,0.0,0.0,0.0,0.0,0.0,0.0,0.0,0.0,0.0,0.0,0.0,0.0,0.0,0.0,0.0,0.0,0.0,0.0,0.0,0.0,0.0,0.0,0.0,0.0
0.0,0.0,0.0,2.83924e-07,0.0,0.000513023,1.76577e-05,4.53939e-06,4.03253e-08,0.0,0.0,0.0,0.0,0.0,0.0,0.0,0.0,0.0,0.0,0.0,9.88206e-06,0.0,0.0,0.0,0.0,0.0,0.0,0.0,0.0,0.0,0.0,0.0,0.0,0.0,0.0,0.0,0.0,0.0,0.0,0.0,0.0,0.0,0.0,0.0,0.0,1.84136e-05,0.0,0.0,0.000119767,0.0,0.0,0.0,0.0,0.00010789,0.000457943,0.0029493,0.0,0.0,0.0,1.94246e-05,0.0,0.0,0.0,0.00377102,0.0,0.000116544,0.0,0.0,0.0,0.0,0.0,0.0,0.0,0.000469362,0.00544729,0.0,0.000887462,0.0019608,1.60647e-07,5.22991e-06,0.00050219,0.00367014,0.0,0.0,0.0,0.0,0.0,0.0,0.0,0.0,0.0,0.0,0.0,0.0,0.0,0.0,0.0,0.0,0.0,0.0,0.0,0.0,0.0,0.0,0.0,0.0,0.0,0.0,0.0,0.0,0.0,0.0,0.0,0.0
0.0,0.0,0.0,3.14097e-19,0.0,0.000512424,1.65248e-05,4.53939e-06,4.5366e-08,0.0,0.0,0.0,0.0,0.0,0.0,0.0,0.0,0.0,0.0,0.0,9.59833e-06,0.0,0.0,0.0,0.0,0.0,0.0,0.0,0.0,0.0,0.0,0.0,0.0,0.0,0.0,0.0,0.0,0.0,0.0,0.0,0.0,0.0,0.0,0.0,0.0,1.83979e-05,0.0,0.0,0.000119772,0.0,0.0,0.0,0.0,0.000107918,0.000458036,0.00294977,0.0,0.0,0.0,1.95609e-05,0.0,0.0,0.0,0.00377143,0.0,0.000116585,0.0,0.0,0.0,0.0,0.0,0.0,0.0,0.000469684,0.00544765,0.0,0.000887452,0.00196166,1.60647e-07,5.14275e-06,0.00050212,0.00366971,0.0,0.0,0.0,0.0,0.0,0.0,0.0,0.0,0.0,0.0,0.0,0.0,0.0,0.0,0.0,0.0,0.0,0.0,0.0,0.0,0.0,0.0,0.0,0.0,0.0,0.0,0.0,0.0,0.0,0.0,0.0,0.0
0.0,0.0,0.0,0.0,0.0,0.000515197,1.78831e-05,4.53939e-06,5.04067e-08,0.0,0.0,0.0,0.0,0.0,0.0,0.0,0.0,0.0,0.0,0.0,9.59833e-06,0.0,0.0,0.0,0.0,0.0,0.0,0.0,0.0,0.0,0.0,0.0,0.0,0.0,0.0,0.0,0.0,0.0,0.0,0.0,0.0,0.0,0.0,0.0,0.0,1.83974e-05,0.0,0.0,0.000119762,0.0,0.0,0.0,0.0,0.000107881,0.000458036,0.00295008,0.0,0.0,0.0,1.94274e-05,0.0,0.0,0.0,0.00377102,0.0,0.000116571,0.0,0.0,0.0,0.0,0.0,0.0,0.0,0.000469363,0.00544662,0.0,0.000887472,0.00196116,3.21295e-07,5.22991e-06,0.00050219,0.00367018,0.0,0.0,0.0,0.0,0.0,0.0,0.0,0.0,0.0,0.0,0.0,0.0,0.0,0.0,0.0,0.0,0.0,0.0,0.0,0.0,0.0,0.0,0.0,0.0,0.0,0.0,0.0,0.0,0.0,0.0,0.0,0.0
0.0,0.0,0.0,5.01312e-20,0.0,0.000511272,1.67693e-05,4.53939e-06,4.5366e-08,0.0,0.0,0.0,0.0,0.0,0.0,0.0,0.0,0.0,0.0,0.0,9.88206e-06,0.0,0.0,0.0,0.0,0.0,0.0,0.0,0.0,0.0,0.0,0.0,0.0,0.0,0.0,0.0,0.0,0.0,0.0,0.0,0.0,0.0,0.0,0.0,0.0,1.84136e-05,0.0,0.0,0.000119771,0.0,0.0,0.0,0.0,0.000107895,0.000457943,0.0029501,0.0,0.0,0.0,1.94246e-05,0.0,0.0,0.0,0.00377115,0.0,0.000116571,0.0,0.0,0.0,0.0,0.0,0.0,0.0,0.000469362,0.00544712,0.0,0.000887379,0.00196089,1.60647e-07,5.22991e-06,0.00050194,0.0036696,0.0,0.0,0.0,0.0,0.0,0.0,0.0,0.0,0.0,0.0,0.0,0.0,0.0,0.0,0.0,0.0,0.0,0.0,0.0,0.0,0.0,0.0,0.0,0.0,0.0,0.0,0.0,0.0,0.0,0.0,0.0,0.0
0.0,0.0,0.0,5.7817e-19,0.0,0.000514983,1.7724e-05,4.53939e-06,4.5366e-08,0.0,0.0,0.0,0.0,0.0,0.0,0.0,0.0,0.0,0.0,0.0,9.59833e-06,0.0,0.0,0.0,0.0,0.0,0.0,0.0,0.0,0.0,0.0,0.0,0.0,0.0,0.0,0.0,0.0,0.0,0.0,0.0,0.0,0.0,0.0,0.0,0.0,1.84138e-05,0.0,0.0,0.000119765,0.0,0.0,0.0,0.0,0.000107899,0.000458036,0.00294997,0.0,0.0,0.0,1.94274e-05,0.0,0.0,0.0,0.00377128,0.0,0.000116597,0.0,0.0,0.0,0.0,0.0,0.0,0.0,0.000469524,0.00544723,0.0,0.00088755,0.00196134,1.60647e-07,5.14275e-06,0.000502028,0.00367046,0.0,0.0,0.0,0.0,0.0,0.0,0.0,0.0,0.0,0.0,0.0,0.0,0.0,0.0,0.0,0.0,0.0,0.0,0.0,0.0,0.0,0.0,0.0,0.0,0.0,0.0,0.0,0.0,0.0,0.0,0.0,0.0
0.0,0.0,0.0,0.0,0.0,0.000513335,1.64624e-05,4.26767e-06,5.04067e-08,0.0,0.0,0.0,0.0,0.0,0.0,0.0,0.0,0.0,0.0,0.0,1.01562e-05,0.0,0.0,0.0,0.0,0.0,0.0,0.0,0.0,0.0,0.0,0.0,0.0,0.0,0.0,0.0,0.0,0.0,0.0,0.0,0.0,0.0,0.0,0.0,0.0,1.83979e-05,0.0,0.0,0.000119755,0.0,0.0,0.0,0.0,0.000107895,0.000458036,0.00294988,0.0,0.0,0.0,1.95528e-05,0.0,0.0,0.0,0.00377104,0.0,0.000116567,0.0,0.0,0.0,0.0,0.0,0.0,0.0,0.000469523,0.00544728,0.0,0.000887462,0.0019614,1.60647e-07,5.22991e-06,0.00050219,0.00366963,0.0,0.0,0.0,0.0,0.0,0.0,0.0,0.0,0.0,0.0,0.0,0.0,0.0,0.0,0.0,0.0,0.0,0.0,0.0,0.0,0.0,0.0,0.0,0.0,0.0,0.0,0.0,0.0,0.0,0.0,0.0,0.0
0.0,0.0,0.0,2.13446e-19,0.0,0.000740747,2.55706e-05,6.67686e-06,6.55286e-08,0.0,0.0,0.0,0.0,0.0,0.0,0.0,0.0,0.0,0.0,0.0,0.0,0.0,0.0,0.0,0.0,0.0,0.0,0.0,0.0,0.0,0.0,0.0,0.0,0.0,0.0,0.0,0.0,0.0,0.0,0.0,0.0,0.0,0.0,0.0,0.0,1.53977e-05,0.0,0.0,0.000102192,0.0,0.0,0.0,0.0,9.25169e-05,0.000397294,0.00247763,0.0,0.0,0.0,1.66105e-05,0.0,0.0,0.0,0.00322277,0.0,0.000100117,0.0,0.0,0.0,0.0,0.0,0.0,0.0,0.00040417,0.00467432,0.0,0.00075874,0.00162171,3.21295e-07,2.78929e-06,0.000427722,0.00313977,0.0,0.0,0.0,0.0,0.0,0.0,0.0,0.0,0.0,0.0,0.0,0.0,0.0,0.0,0.0,0.0,0.0,0.0,0.0,0.0,0.0,0.0,0.0,0.0,0.0,0.0,0.0,0.0,0.0,0.0,0.0,0.0
0.0,0.0,0.0,3.44331e-19,0.0,0.00074131,2.626e-05,6.40514e-06,7.05693e-08,0.0,0.0,0.0,0.0,0.0,0.0,0.0,0.0,0.0,0.0,0.0,0.0,0.0,0.0,0.0,0.0,0.0,0.0,0.0,0.0,0.0,0.0,0.0,0.0,0.0,0.0,0.0,0.0,0.0,0.0,0.0,0.0,0.0,0.0,0.0,0.0,1.53825e-05,0.0,0.0,0.000102193,0.0,0.0,0.0,0.0,9.24978e-05,0.000397294,0.0024771,0.0,0.0,0.0,1.66077e-05,0.0,0.0,0.0,0.00322238,0.0,0.000100112,0.0,0.0,0.0,0.0,0.0,0.0,0.0,0.000404332,0.00467517,0.0,0.000759476,0.00162225,3.21295e-07,2.70212e-06,0.000427757,0.00313912,0.0,0.0,0.0,0.0,0.0,0.0,0.0,0.0,0.0,0.0,0.0,0.0,0.0,0.0,0.0,0.0,0.0,0.0,0.0,0.0,0.0,0.0,0.0,0.0,0.0,0.0,0.0,0.0,0.0,0.0,0.0,0.0
0.0,0.0,0.0,1.25595e-19,0.0,0.00074028,2.52941e-05,6.67686e-06,6.55286e-08,0.0,0.0,0.0,0.0,0.0,0.0,0.0,0.0,0.0,0.0,0.0,0.0,0.0,0.0,0.0,0.0,0.0,0.0,0.0,0.0,0.0,0.0,0.0,0.0,0.0,0.0,0.0,0.0,0.0,0.0,0.0,0.0,0.0,0.0,0.0,0.0,1.5382e-05,0.0,0.0,0.000102183,0.0,0.0,0.0,0.0,9.25128e-05,0.000397201,0.00247735,0.0,0.0,0.0,1.6605e-05,0.0,0.0,0.0,0.0032222,0.0,0.00010013,0.0,0.0,0.0,0.0,0.0,0.0,0.0,0.000404331,0.00467431,0.0,0.000759375,0.00162176,3.21295e-07,2.78929e-06,0.000427757,0.0031394,0.0,0.0,0.0,0.0,0.0,0.0,0.0,0.0,0.0,0.0,0.0,0.0,0.0,0.0,0.0,0.0,0.0,0.0,0.0,0.0,0.0,0.0,0.0,0.0,0.0,0.0,0.0,0.0,0.0,0.0,0.0,0.0
0.0,0.0,0.0,1.25863e-20,0.0,0.000742361,2.61364e-05,6.40514e-06,7.561e-08,0.0,0.0,0.0,0.0,0.0,0.0,0.0,0.0,0.0,0.0,0.0,0.0,0.0,0.0,0.0,0.0,0.0,0.0,0.0,0.0,0.0,0.0,0.0,0.0,0.0,0.0,0.0,0.0,0.0,0.0,0.0,0.0,0.0,0.0,0.0,0.0,1.5414e-05,0.0,0.0,0.000102196,0.0,0.0,0.0,0.0,9.2512e-05,0.000397294,0.00247799,0.0,0.0,0.0,1.67413e-05,0.0,0.0,0.0,0.00322296,0.0,0.000100135,0.0,0.0,0.0,0.0,0.0,0.0,0.0,0.000404332,0.00467509,0.0,0.000759062,0.00162188,3.21295e-07,2.78929e-06,0.000427415,0.00313896,0.0,0.0,0.0,0.0,0.0,0.0,0.0,0.0,0.0,0.0,0.0,0.0,0.0,0.0,0.0,0.0,0.0,0.0,0.0,0.0,0.0,0.0,0.0,0.0,0.0,0.0,0.0,0.0,0.0,0.0,0.0,0.0
0.0,0.0,0.0,2.50656e-20,0.0,0.000742168,2.52465e-05,6.94132e-06,6.55286e-08,0.0,0.0,0.0,0.0,0.0,0.0,0.0,0.0,0.0,0.0,0.0,0.0,0.0,0.0,0.0,0.0,0.0,0.0,0.0,0.0,0.0,0.0,0.0,0.0,0.0,0.0,0.0,0.0,0.0,0.0,0.0,0.0,0.0,0.0,0.0,0.0,1.5382e-05,0.0,0.0,0.000102182,0.0,0.0,0.0,0.0,9.24986e-05,0.000397294,0.00247719,0.0,0.0,0.0,1.66077e-05,0.0,0.0,0.0,0.00322216,0.0,0.000100126,0.0,0.0,0.0,0.0,0.0,0.0,0.0,0.00040417,0.00467463,0.0,0.000759366,0.00162206,3.21295e-07,2.70212e-06,0.000427945,0.00313921,0.0,0.0,0.0,0.0,0.0,0.0,0.0,0.0,0.0,0.0,0.0,0.0,0.0,0.0,0.0,0.0,0.0,0.0,0.0,0.0,0.0,0.0,0.0,0.0,0.0,0.0,0.0,0.0,0.0,0.0,0.0,0.0
0.0,0.0,0.0,2.51726e-20,0.0,0.000740586,2.58175e-05,6.40514e-06,7.05693e-08,0.0,0.0,0.0,0.0,0.0,0.0,0.0,0.0,0.0,0.0,0.0,0.0,0.0,0.0,0.0,0.0,0.0,0.0,0.0,0.0,0.0,0.0,0.0,0.0,0.0,0.0,0.0,0.0,0.0,0.0,0.0,0.0,0.0,0.0,0.0,0.0,1.53825e-05,0.0,0.0,0.000102185,0.0,0.0,0.0,0.0,9.2503e-05,0.000397294,0.00247769,0.0,0.0,0.0,1.6605e-05,0.0,0.0,0.0,0.0032228,0.0,0.000100117,0.0,0.0,0.0,0.0,0.0,0.0,0.0,0.000404171,0.00467479,0.0,0.000759237,0.00162177,1.60647e-07,2.78929e-06,0.000427722,0.00313936,0.0,0.0,0.0,0.0,0.0,0.0,0.0,0.0,0.0,0.0,0.0,0.0,0.0,0.0,0.0,0.0,0.0,0.0,0.0,0.0,0.0,0.0,0.0,0.0,0.0,0.0,0.0,0.0,0.0,0.0,0.0,0.0
0.0,0.0,0.0,2.9022e-08,0.0,0.000742228,2.59257e-05,6.67686e-06,6.55286e-08,0.0,0.0,0.0,0.0,0.0,0.0,0.0,0.0,0.0,0.0,0.0,0.0,0.0,0.0,0.0,0.0,0.0,0.0,0.0,0.0,0.0,0.0,0.0,0.0,0.0,0.0,0.0,0.0,0.0,0.0,0.0,0.0,0.0,0.0,0.0,0.0,1.53977e-05,0.0,0.0,0.000102184,0.0,0.0,0.0,0.0,9.25343e-05,0.000397201,0.00247765,0.0,0.0,0.0,1.66077e-05,0.0,0.0,0.0,0.00322263,0.0,0.000100126,0.0,0.0,0.0,0.0,0.0,0.0,0.0,0.000404492,0.00467421,0.0,0.000759053,0.00162243,3.21295e-07,2.78929e-06,0.000427757,0.00313931,0.0,0.0,0.0,0.0,0.0,0.0,0.0,0.0,0.0,0.0,0.0,0.0,0.0,0.0,0.0,0.0,0.0,0.0,0.0,0.0,0.0,0.0,0.0,0.0,0.0,0.0,0.0,0.0,0.0,0.0,0.0,0.0
0.0,0.0,0.0,3.71981e-19,0.0,0.00074012,2.49278e-05,6.40514e-06,7.05693e-08,0.0,0.0,0.0,0.0,0.0,0.0,0.0,0.0,0.0,0.0,0.0,0.0,0.0,0.0,0.0,0.0,0.0,0.0,0.0,0.0,0.0,0.0,0.0,0.0,0.0,0.0,0.0,0.0,0.0,0.0,0.0,0.0,0.0,0.0,0.0,0.0,1.53825e-05,0.0,0.0,0.000102183,0.0,0.0,0.0,0.0,9.25217e-05,0.000397294,0.00247722,0.0,0.0,0.0,1.66159e-05,0.0,0.0,0.0,0.00322253,0.0,0.000100135,0.0,0.0,0.0,0.0,0.0,0.0,0.0,0.00040401,0.0046749,0.0,0.000759088,0.00162181,3.21295e-07,2.70212e-06,0.000427604,0.00313892,0.0,0.0,0.0,0.0,0.0,0.0,0.0,0.0,0.0,0.0,0.0,0.0,0.0,0.0,0.0,0.0,0.0,0.0,0.0,0.0,0.0,0.0,0.0,0.0,0.0,0.0,0.0,0.0,0.0,0.0,0.0,0.0
0.0,0.0,0.0,2.46265e-19,0.0,0.000741621,2.59322e-05,6.67686e-06,7.05693e-08,0.0,0.0,0.0,0.0,0.0,0.0,0.0,0.0,0.0,0.0,0.0,0.0,0.0,0.0,0.0,0.0,0.0,0.0,0.0,0.0,0.0,0.0,0.0,0.0,0.0,0.0,0.0,0.0,0.0,0.0,0.0,0.0,0.0,0.0,0.0,0.0,1.53978e-05,0.0,0.0,0.000102183,0.0,0.0,0.0,0.0,9.2489e-05,0.000397294,0.00247809,0.0,0.0,0.0,1.67359e-05,0.0,0.0,0.0,0.0032222,0.0,0.000100099,0.0,0.0,0.0,0.0,0.0,0.0,0.0,0.000404331,0.00467491,0.0,0.000759136,0.00162204,3.21295e-07,2.78929e-06,0.000427757,0.00313943,0.0,0.0,0.0,0.0,0.0,0.0,0.0,0.0,0.0,0.0,0.0,0.0,0.0,0.0,0.0,0.0,0.0,0.0,0.0,0.0,0.0,0.0,0.0,0.0,0.0,0.0,0.0,0.0,0.0,0.0,0.0,0.0
0.0,0.0,0.0,1.25863e-20,0.0,0.000740514,2.55874e-05,6.67686e-06,6.55286e-08,0.0,0.0,0.0,0.0,0.0,0.0,0.0,0.0,0.0,0.0,0.0,0.0,0.0,0.0,0.0,0.0,0.0,0.0,0.0,0.0,0.0,0.0,0.0,0.0,0.0,0.0,0.0,0.0,0.0,0.0,0.0,0.0,0.0,0.0,0.0,0.0,1.53982e-05,0.0,0.0,0.000102194,0.0,0.0,0.0,0.0,9.25169e-05,0.000397294,0.0024767,0.0,0.0,0.0,1.6605e-05,0.0,0.0,0.0,0.003223,0.0,0.000100148,0.0,0.0,0.0,0.0,0.0,0.0,0.0,0.000404332,0.00467458,0.0,0.000759455,0.00162215,3.21295e-07,2.78929e-06,0.000427569,0.00313924,0.0,0.0,0.0,0.0,0.0,0.0,0.0,0.0,0.0,0.0,0.0,0.0,0.0,0.0,0.0,0.0,0.0,0.0,0.0,0.0,0.0,0.0,0.0,0.0,0.0,0.0,0.0,0.0,0.0,0.0,0.0,0.0
0.0,0.0,0.0,2.50656e-20,0.0,0.000970135,3.39987e-05,8.54261e-06,9.57726e-08,0.0,0.0,0.0,0.0,0.0,0.0,0.0,0.0,0.0,0.0,0.0,0.0,0.0,0.0,0.0,0.0,0.0,0.0,0.0,0.0,0.0,0.0,0.0,0.0,0.0,0.0,0.0,0.0,0.0,0.0,0.0,0.0,0.0,0.0,0.0,0.0,1.26255e-05,0.0,0.0,8.61738e-05,0.0,0.0,0.0,0.0,7.84843e-05,0.000342057,0.002047,0.0,0.0,0.0,1.39641e-05,0.0,0.0,0.0,0.00272306,0.0,8.51634e-05,0.0,0.0,0.0,0.0,0.0,0.0,0.0,0.000344759,0.00397204,0.0,0.000642447,0.00132038,3.21295e-07,5.22991e-07,0.00036054,0.00265626,0.0,0.0,0.0,0.0,0.0,0.0,0.0,0.0,0.0,0.0,0.0,0.0,0.0,0.0,0.0,0.0,0.0,1.66396e-08,0.0,0.0,0.0,0.0,0.0,0.0,0.0,0.0,0.0,0.0,0.0,0.0,0.0,0.0
0.0,0.0,0.0,1.50782e-19,0.0,0.000968999,3.4327e-05,8.54261e-06,9.0732e-08,0.0,0.0,0.0,0.0,0.0,0.0,0.0,0.0,0.0,0.0,0.0,0.0,0.0,0.0,0.0,0.0,0.0,0.0,0.0,0.0,0.0,0.0,0.0,0.0,0.0,0.0,0.0,0.0,0.0,0.0,0.0,0.0,0.0,0.0,0.0,0.0,1.26419e-05,0.0,0.0,8.61769e-05,0.0,0.0,0.0,0.0,7.85015e-05,0.000341964,0.00204733,0.0,0.0,0.0,1.4095e-05,0.0,0.0,0.0,0.00272295,0.0,8.51578e-05,0.0,0.0,0.0,0.0,0.0,0.0,0.0,0.00034508,0.00397158,0.0,0.000642628,0.00132024,4.81942e-07,5.22991e-07,0.00035977,0.0026559,0.0,0.0,0.0,0.0,0.0,0.0,0.0,0.0,0.0,0.0,0.0,0.0,0.0,0.0,0.0,0.0,0.0,0.0,0.0,0.0,0.0,0.0,0.0,0.0,0.0,0.0,0.0,0.0,0.0,0.0,0.0,0.0
0.0,0.0,0.0,2.55025e-07,0.0,0.000969612,3.48491e-05,8.54261e-06,9.0732e-08,0.0,0.0,0.0,0.0,0.0,0.0,0.0,0.0,0.0,0.0,0.0,0.0,0.0,0.0,0.0,0.0,0.0,0.0,0.0,0.0,0.0,0.0,0.0,0.0,0.0,0.0,0.0,0.0,0.0,0.0,0.0,0.0,0.0,0.0,0.0,0.0,1.26576e-05,0.0,0.0,8.61921e-05,0.0,0.0,0.0,0.0,7.85295e-05,0.000342057,0.00204689,0.0,0.0,0.0,1.40896e-05,0.0,0.0,0.0,0.00272345,0.0,8.51443e-05,0.0,0.0,0.0,0.0,0.0,0.0,0.0,0.00034476,0.00397201,0.0,0.000642486,0.00132066,3.21295e-07,5.22991e-07,0.00036001,0.00265594,0.0,0.0,0.0,0.0,0.0,0.0,0.0,0.0,0.0,0.0,0.0,0.0,0.0,0.0,0.0,0.0,0.0,0.0,0.0,0.0,0.0,0.0,0.0,0.0,0.0,0.0,0.0,0.0,0.0,0.0,0.0,0.0
0.0,0.0,0.0,1.22047e-19,0.0,0.000968768,3.34046e-05,8.54261e-06,9.57726e-08,0.0,0.0,0.0,0.0,0.0,0.0,0.0,0.0,0.0,0.0,0.0,0.0,0.0,0.0,0.0,0.0,0.0,0.0,0.0,0.0,0.0,0.0,0.0,0.0,0.0,0.0,0.0,0.0,0.0,0.0,0.0,0.0,0.0,0.0,0.0,0.0,1.26255e-05,0.0,0.0,8.61684e-05,0.0,0.0,0.0,0.0,7.84792e-05,0.000342057,0.00204703,0.0,0.0,0.0,1.4095e-05,0.0,0.0,0.0,0.00272329,0.0,8.51675e-05,0.0,0.0,0.0,0.0,0.0,0.0,0.0,0.00034508,0.00397098,0.0,0.000642392,0.00132073,4.81942e-07,5.22991e-07,0.000359984,0.00265591,0.0,0.0,0.0,0.0,0.0,0.0,0.0,0.0,0.0,0.0,0.0,0.0,0.0,0.0,0.0,0.0,0.0,0.0,0.0,0.0,0.0,0.0,0.0,0.0,0.0,0.0,0.0,0.0,0.0,0.0,0.0,0.0
0.0,0.0,0.0,2.76499e-20,0.0,0.000969108,3.43966e-05,8.54261e-06,8.56913e-08,0.0,0.0,0.0,0.0,0.0,0.0,0.0,0.0,0.0,0.0,0.0,0.0,0.0,0.0,0.0,0.0,0.0,0.0,0.0,0.0,0.0,0.0,0.0,0.0,0.0,0.0,0.0,0.0,0.0,0.0,0.0,0.0,0.0,0.0,0.0,0.0,1.26576e-05,0.0,0.0,8.61958e-05,0.0,0.0,0.0,0.0,7.85023e-05,0.000342151,0.00204716,0.0,0.0,0.0,1.39614e-05,0.0,0.0,0.0,0.00272304,0.0,8.51536e-05,0.0,0.0,0.0,0.0,0.0,0.0,0.0,0.000344921,0.00397233,0.0,0.000642628,0.00132048,3.21295e-07,5.22991e-07,0.000360137,0.00265643,0.0,0.0,0.0,0.0,0.0,0.0,0.0,0.0,0.0,0.0,0.0,0.0,0.0,0.0,0.0,0.0,0.0,1.13893e-20,0.0,0.0,0.0,0.0,0.0,0.0,0.0,0.0,0.0,0.0,0.0,0.0,0.0,0.0
0.0,0.0,0.0,2.84047e-07,0.0,0.000968643,3.45369e-05,8.54261e-06,9.57726e-08,0.0,0.0,0.0,0.0,0.0,0.0,0.0,0.0,0.0,0.0,0.0,0.0,0.0,0.0,0.0,0.0,0.0,0.0,0.0,0.0,0.0,0.0,0.0,0.0,0.0,0.0,0.0,0.0,0.0,0.0,0.0,0.0,0.0,0.0,0.0,0.0,1.26255e-05,0.0,0.0,8.61831e-05,0.0,0.0,0.0,0.0,7.85155e-05,0.000341964,0.00204697,0.0,0.0,0.0,1.40896e-05,0.0,0.0,0.0,0.00272336,0.0,8.51534e-05,0.0,0.0,0.0,0.0,0.0,0.0,0.0,0.00034508,0.0039714,0.0,0.000642536,0.00132069,3.21295e-07,5.22991e-07,0.000360045,0.00265606,0.0,0.0,0.0,0.0,0.0,0.0,0.0,0.0,0.0,0.0,0.0,0.0,0.0,0.0,0.0,0.0,0.0,0.0,0.0,0.0,0.0,0.0,0.0,0.0,0.0,0.0,0.0,0.0,0.0,0.0,0.0,0.0
0.0,0.0,0.0,0.0,0.0,0.000968973,3.36284e-05,8.54261e-06,9.57726e-08,0.0,0.0,0.0,0.0,0.0,0.0,0.0,0.0,0.0,0.0,0.0,0.0,0.0,0.0,0.0,0.0,0.0,0.0,0.0,0.0,0.0,0.0,0.0,0.0,0.0,0.0,0.0,0.0,0.0,0.0,0.0,0.0,0.0,0.0,0.0,0.0,1.26576e-05,0.0,0.0,8.61802e-05,0.0,0.0,0.0,0.0,7.85022e-05,0.000342057,0.00204692,0.0,0.0,0.0,1.40923e-05,0.0,0.0,0.0,0.00272312,0.0,8.51583e-05,0.0,0.0,0.0,0.0,0.0,0.0,0.0,0.00034492,0.00397178,0.0,0.000642465,0.00132074,4.81942e-07,5.22991e-07,0.000359984,0.00265652,0.0,0.0,0.0,0.0,0.0,0.0,0.0,0.0,0.0,0.0,0.0,0.0,0.0,0.0,0.0,0.0,0.0,0.0,0.0,0.0,0.0,0.0,0.0,0.0,0.0,0.0,0.0,0.0,0.0,0.0,0.0,0.0
0.0,0.0,0.0,6.89839e-20,0.0,0.000969551,3.32189e-05,8.81433e-06,8.56913e-08,0.0,0.0,0.0,0.0,0.0,0.0,0.0,0.0,0.0,0.0,0.0,0.0,0.0,0.0,0.0,0.0,0.0,0.0,0.0,0.0,0.0,0.0,0.0,0.0,0.0,0.0,0.0,0.0,0.0,0.0,0.0,0.0,0.0,0.0,0.0,0.0,1.26261e-05,0.0,0.0,8.61914e-05,0.0,0.0,0.0,0.0,7.85065e-05,0.000342057,0.00204705,0.0,0.0,0.0,1.40977e-05,0.0,0.0,0.0,0.00272317,0.0,8.5172e-05,0.0,0.0,0.0,0.0,0.0,0.0,0.0,0.000344759,0.00397202,0.0,0.000642461,0.00132035,3.21295e-07,5.22991e-07,0.000359984,0.00265525,0.0,0.0,0.0,0.0,0.0,0.0,0.0,0.0,0.0,0.0,0.0,0.0,0.0,0.0,0.0,0.0,0.0,0.0,0.0,0.0,0.0,0.0,0.0,0.0,0.0,0.0,0.0,0.0,0.0,0.0,0.0,0.0
0.0,0.0,0.0,4.14748e-19,0.0,0.000969582,3.51215e-05,8.54261e-06,9.57726e-08,0.0,0.0,0.0,0.0,0.0,0.0,0.0,0.0,0.0,0.0,0.0,0.0,0.0,0.0,0.0,0.0,0.0,0.0,0.0,0.0,0.0,0.0,0.0,0.0,0.0,0.0,0.0,0.0,0.0,0.0,0.0,0.0,0.0,0.0,0.0,0.0,1.26571e-05,0.0,0.0,8.61866e-05,0.0,0.0,0.0,0.0,7.85157e-05,0.000342057,0.0020468,0.0,0.0,0.0,1.40896e-05,0.0,0.0,0.0,0.00272325,0.0,8.51487e-05,0.0,0.0,0.0,0.0,0.0,0.0,0.0,0.00034492,0.00397172,0.0,0.000642643,0.00132083,4.81942e-07,5.22991e-07,0.000360137,0.00265592,0.0,0.0,0.0,0.0,0.0,0.0,0.0,0.0,0.0,0.0,0.0,0.0,0.0,0.0,0.0,0.0,0.0,0.0,0.0,0.0,0.0,0.0,0.0,0.0,0.0,0.0,0.0,0.0,0.0,0.0,0.0,0.0
0.0,0.0,0.0,8.80237e-20,0.0,0.000969394,3.41967e-05,8.54261e-06,9.0732e-08,0.0,0.0,0.0,0.0,0.0,0.0,0.0,0.0,0.0,0.0,0.0,0.0,0.0,0.0,0.0,0.0,0.0,0.0,0.0,0.0,0.0,0.0,0.0,0.0,0.0,0.0,0.0,0.0,0.0,0.0,0.0,0.0,0.0,0.0,0.0,0.0,1.26261e-05,0.0,0.0,8.61616e-05,0.0,0.0,0.0,0.0,7.84843e-05,0.000341964,0.00204709,0.0,0.0,0.0,1.39641e-05,0.0,0.0,0.0,0.00272293,0.0,8.51534e-05,0.0,0.0,0.0,0.0,0.0,0.0,0.0,0.00034508,0.00397177,0.0,0.000642223,0.00132072,3.21295e-07,5.22991e-07,0.000359984,0.00265628,0.0,0.0,0.0,0.0,0.0,0.0,0.0,0.0,0.0,0.0,0.0,0.0,0.0,0.0,0.0,0.0,0.0,0.0,0.0,0.0,0.0,0.0,0.0,0.0,0.0,0.0,0.0,0.0,0.0,0.0,0.0,0.0
0.0,0.0,0.0,0.0,0.0,0.000569693,7.75839e-05,4.80385e-06,2.31871e-07,0.0,0.0,0.0,0.0,0.0,0.0,0.0,0.0,0.0,0.0,0.0,0.0,4.62209e-06,0.0,0.0,0.0,0.0,0.0,0.0,0.0,0.0,0.0,0.0,0.0,0.0,0.0,0.0,0.0,0.0,0.0,0.0,0.0,0.0,0.0,0.0,0.0,3.69093e-06,0.0,0.0,3.20773e-05,0.0,0.0,0.0,0.0,3.08941e-05,0.000151341,0.000635528,0.0,0.0,0.0,5.43852e-06,0.0,0.0,0.0,0.00103205,0.0,3.4171e-05,0.0,0.0,0.0,0.0,0.0,0.0,0.0,0.000142118,0.00157852,0.0,0.000247058,0.000399023,1.60647e-07,0.0,0.00013182,0.00102355,0.0,0.0,0.0,0.0,0.0,0.0,0.00083431,0.0,0.00237562,1.08375e-06,0.0,0.0,0.0,0.0,0.0,0.0,0.0,0.0,0.0,0.0,0.0,0.0,0.0,0.0,0.0,0.0,0.0,0.0,0.0,0.0,0.0,0.0
0.0,0.0,0.0,0.0,0.0,0.000569931,7.90825e-05,5.07558e-06,2.2683e-07,0.0,0.0,0.0,0.0,0.0,0.0,0.0,0.0,0.0,0.0,0.0,0.0,4.89398e-06,0.0,0.0,0.0,0.0,0.0,0.0,0.0,0.0,0.0,0.0,0.0,0.0,0.0,0.0,0.0,0.0,0.0,0.0,0.0,0.0,0.0,0.0,0.0,3.65941e-06,0.0,0.0,3.20983e-05,0.0,0.0,0.0,0.0,3.08711e-05,0.000151248,0.000636134,0.0,0.0,0.0,5.31306e-06,0.0,0.0,0.0,0.00103197,0.0,3.41313e-05,0.0,0.0,0.0,0.0,0.0,0.0,0.0,0.000142117,0.00157808,0.0,0.000246512,0.000398989,3.21295e-07,0.0,0.000131641,0.00102341,0.0,0.0,0.0,0.0,0.0,0.0,0.000833307,0.0,0.00234618,1.35563e-06,0.0,0.0,0.0,0.0,0.0,0.0,0.0,0.0,0.0,0.0,0.0,0.0,0.0,0.0,0.0,0.0,0.0,0.0,0.0,0.0,0.0,0.0
0.0,0.0,0.0,0.0,0.0,0.000571322,7.92995e-05,5.06831e-06,2.31871e-07,0.0,0.0,0.0,0.0,0.0,0.0,0.0,0.0,0.0,0.0,0.0,0.0,4.62209e-06,0.0,0.0,0.0,0.0,0.0,0.0,0.0,0.0,0.0,0.0,0.0,0.0,0.0,0.0,0.0,0.0,0.0,0.0,0.0,0.0,0.0,0.0,0.0,3.67509e-06,0.0,0.0,3.20798e-05,0.0,0.0,0.0,0.0,3.08941e-05,0.000151248,0.000636022,0.0,0.0,0.0,5.31306e-06,0.0,0.0,0.0,0.00103219,0.0,3.41577e-05,0.0,0.0,0.0,0.0,0.0,0.0,0.0,0.000142118,0.00157847,0.0,0.000246815,0.000398845,1.60647e-07,0.0,0.00013182,0.00102329,0.0,0.0,0.0,0.0,0.0,0.0,0.000836889,0.0,0.00234713,1.08501e-06,0.0,0.0,0.0,0.0,0.0,0.0,0.0,0.0,0.0,0.0,0.0,0.0,0.0,0.0,0.0,0.0,0.0,0.0,0.0,0.0,0.0,0.0
0.0,0.0,0.0,0.0,0.0,0.000569805,7.72245e-05,5.07558e-06,2.2683e-07,0.0,0.0,0.0,0.0,0.0,0.0,0.0,0.0,0.0,0.0,0.0,0.0,4.62209e-06,0.0,0.0,0.0,0.0,0.0,0.0,0.0,0.0,0.0,0.0,0.0,0.0,0.0,0.0,0.0,0.0,0.0,0.0,0.0,0.0,0.0,0.0,0.0,3.67524e-06,0.0,0.0,3.20834e-05,0.0,0.0,0.0,0.0,3.08853e-05,0.000151248,0.000635966,0.0,0.0,0.0,5.31034e-06,0.0,0.0,0.0,0.00103209,0.0,3.4144e-05,0.0,0.0,0.0,0.0,0.0,0.0,0.0,0.000142117,0.00157832,0.0,0.000247107,0.000399366,3.21295e-07,0.0,0.000131606,0.00102333,0.0,0.0,0.0,0.0,0.0,0.0,0.000835314,0.0,0.00237207,1.35563e-06,0.0,0.0,0.0,0.0,0.0,0.0,0.0,0.0,0.0,0.0,0.0,0.0,0.0,0.0,0.0,0.0,0.0,0.0,0.0,0.0,0.0,0.0
0.0,0.0,0.0,0.0,0.0,0.000569633,7.92407e-05,4.80385e-06,2.31871e-07,0.0,0.0,0.0,0.0,0.0,0.0,0.0,0.0,0.0,0.0,0.0,0.0,4.89398e-06,0.0,0.0,0.0,0.0,0.0,0.0,0.0,0.0,0.0,0.0,0.0,0.0,0.0,0.0,0.0,0.0,0.0,0.0,0.0,0.0,0.0,0.0,0.0,3.67509e-06,0.0,0.0,3.2082e-05,0.0,0.0,0.0,0.0,3.08941e-05,0.000151248,0.00063572,0.0,0.0,0.0,5.44123e-06,0.0,0.0,0.0,0.00103214,0.0,3.41755e-05,0.0,0.0,0.0,0.0,0.0,0.0,0.0,0.000142118,0.00157908,0.0,0.000246537,0.00039868,1.60647e-07,0.0,0.000131453,0.00102387,0.0,0.0,0.0,0.0,0.0,0.0,0.000835622,0.0,0.00235294,1.35563e-06,0.0,0.0,0.0,0.0,0.0,0.0,0.0,0.0,0.0,0.0,0.0,0.0,0.0,0.0,0.0,0.0,0.0,0.0,0.0,0.0,0.0,0.0
0.0,0.0,0.0,0.0,0.0,0.000568929,7.76326e-05,5.34004e-06,2.2683e-07,0.0,0.0,0.0,0.0,0.0,0.0,0.0,0.0,0.0,0.0,0.0,0.0,4.62209e-06,0.0,0.0,0.0,0.0,0.0,0.0,0.0,0.0,0.0,0.0,0.0,0.0,0.0,0.0,0.0,0.0,0.0,0.0,0.0,0.0,0.0,0.0,0.0,3.65941e-06,0.0,0.0,3.20737e-05,0.0,0.0,0.0,0.0,3.08802e-05,0.000151248,0.000636113,0.0,0.0,0.0,5.31034e-06,0.0,0.0,0.0,0.00103174,0.0,3.41448e-05,0.0,0.0,0.0,0.0,0.0,0.0,0.0,0.000142117,0.00157858,0.0,0.000246999,0.000399425,3.21295e-07,0.0,0.000132009,0.0010232,0.0,0.0,0.0,0.0,0.0,0.0,0.000832505,0.0,0.00235195,1.08375e-06,0.0,0.0,0.0,0.0,0.0,0.0,0.0,0.0,0.0,0.0,0.0,0.0,0.0,0.0,0.0,0.0,0.0,0.0,0.0,0.0,0.0,0.0
0.0,0.0,0.0,0.0,0.0,0.000571903,7.84825e-05,5.07558e-06,2.31871e-07,0.0,0.0,0.0,0.0,0.0,0.0,0.0,0.0,0.0,0.0,0.0,0.0,4.89398e-06,0.0,0.0,0.0,0.0,0.0,0.0,0.0,0.0,0.0,0.0,0.0,0.0,0.0,0.0,0.0,0.0,0.0,0.0,0.0,0.0,0.0,0.0,0.0,3.69093e-06,0.0,0.0,3.20987e-05,0.0,0.0,0.0,0.0,3.08628e-05,0.000151341,0.000635986,0.0,0.0,0.0,5.31034e-06,0.0,0.0,0.0,0.00103242,0.0,3.41305e-05,0.0,0.0,0.0,0.0,0.0,0.0,0.0,0.000142278,0.001578,0.0,0.00024674,0.000398917,1.60647e-07,0.0,0.000131606,0.00102343,0.0,0.0,0.0,0.0,0.0,0.0,0.000838793,0.0,0.00236613,1.35563e-06,0.0,0.0,0.0,0.0,0.0,0.0,0.0,0.0,0.0,0.0,0.0,0.0,0.0,0.0,0.0,0.0,0.0,0.0,0.0,0.0,0.0,0.0
0.0,0.0,0.0,0.0,0.0,0.000570311,7.96697e-05,4.80385e-06,2.31871e-07,0.0,0.0,0.0,0.0,0.0,0.0,0.0,0.0,0.0,0.0,0.0,0.0,4.62209e-06,0.0,0.0,0.0,0.0,0.0,0.0,0.0,0.0,0.0,0.0,0.0,0.0,0.0,0.0,0.0,0.0,0.0,0.0,0.0,0.0,0.0,0.0,0.0,3.65941e-06,0.0,0.0,3.2085e-05,0.0,0.0,0.0,0.0,3.0885e-05,0.000151155,0.000635845,0.0,0.0,0.0,5.31306e-06,0.0,0.0,0.0,0.00103179,0.0,3.4162e-05,0.0,0.0,0.0,0.0,0.0,0.0,0.0,0.000141796,0.00157879,0.0,0.000246512,0.0003991,1.60647e-07,0.0,0.000131641,0.00102334,0.0,0.0,0.0,0.0,0.0,0.0,0.000834051,0.0,0.00235269,1.08501e-06,0.0,0.0,0.0,0.0,0.0,0.0,0.0,0.0,0.0,0.0,0.0,0.0,0.0,0.0,0.0,0.0,0.0,0.0,0.0,0.0,0.0,0.0
0.0,0.0,0.0,0.0,0.0,0.00057162,7.76574e-05,5.34004e-06,2.31871e-07,0.0,0.0,0.0,0.0,0.0,0.0,0.0,0.0,0.0,0.0,0.0,0.0,4.62209e-06,0.0,0.0,0.0,0.0,0.0,0.0,0.0,0.0,0.0,0.0,0.0,0.0,0.0,0.0,0.0,0.0,0.0,0.0,0.0,0.0,0.0,0.0,0.0,3.67509e-06,0.0,0.0,3.20845e-05,0.0,0.0,0.0,0.0,3.08853e-05,0.000151341,0.000636145,0.0,0.0,0.0,5.44123e-06,0.0,0.0,0.0,0.00103225,0.0,3.41448e-05,0.0,0.0,0.0,0.0,0.0,0.0,0.0,0.000142278,0.00157868,0.0,0.000247044,0.000399275,3.21295e-07,0.0,0.00013182,0.00102361,0.0,0.0,0.0,0.0,0.0,0.0,0.000834319,0.0,0.00234491,1.35563e-06,0.0,0.0,0.0,0.0,0.0,0.0,0.0,0.0,0.0,0.0,0.0,0.0,0.0,0.0,0.0,0.0,0.0,0.0,0.0,0.0,0.0,0.0
0.0,0.0,0.0,0.0,0.0,0.000568989,7.80125e-05,4.80385e-06,2.31871e-07,0.0,0.0,0.0,0.0,0.0,0.0,0.0,0.0,0.0,0.0,0.0,0.0,4.89398e-06,0.0,0.0,0.0,0.0,0.0,0.0,0.0,0.0,0.0,0.0,0.0,0.0,0.0,0.0,0.0,0.0,0.0,0.0,0.0,0.0,0.0,0.0,0.0,3.67524e-06,0.0,0.0,3.209e-05,0.0,0.0,0.0,0.0,3.08898e-05,0.000151248,0.000635378,0.0,0.0,0.0,5.31306e-06,0.0,0.0,0.0,0.00103206,0.0,3.41668e-05,0.0,0.0,0.0,0.0,0.0,0.0,0.0,0.000141957,0.00157832,0.0,0.000246878,0.000398797,1.60647e-07,0.0,0.000131606,0.00102339,0.0,0.0,0.0,0.0,0.0,0.0,0.000835315,0.0,0.00237322,1.08375e-06,0.0,0.0,0.0,0.0,0.0,0.0,0.0,0.0,0.0,0.0,0.0,0.0,0.0,0.0,0.0,0.0,0.0,0.0,0.0,0.0,0.0,0.0
0.0,0.0,0.0,0.0797519,0.0,0.000436773,4.94921e-05,6.93072e-06,0.0105331,3.56874e-06,0.0,0.0,0.0,0.0,0.0,0.0,3.41088e-06,5.17693e-05,0.0,0.0,0.000729868,5.48385e-05,0.0,0.0,0.0,0.0,0.0,0.0,0.0,0.0,0.0,0.0,0.0,0.0,0.0,0.0,0.0,0.0,0.0,0.0,0.0,0.0,0.0,0.0,0.0,1.18477e-07,0.0,0.0,3.13085e-07,0.0,0.0,0.0,0.0,2.31828e-06,0.000120737,0.0,0.0,0.0,0.0,0.0,0.0,0.0,0.0,1.29093e-05,0.0,5.299e-06,0.0,0.0,0.0,0.0,0.0,0.0,0.0,2.74052e-06,0.000245815,0.0,3.0411e-05,7.47569e-05,4.89749e-06,0.0,2.31382e-05,0.000141744,2.15031e-05,0.000167322,0.0,0.0,0.0,0.0,0.00521531,0.0,0.0118851,7.04751e-06,0.0,0.0,0.0,0.0,0.0,0.0,0.0,0.0,0.0,0.0,0.0,0.0,0.0,0.0,0.0,0.0,0.0,0.0,0.0,0.0,0.0,0.0
0.0,0.0,0.0,0.0797491,0.0,0.000435885,4.90323e-05,6.66626e-06,0.0105376,3.56874e-06,0.0,0.0,0.0,0.0,0.0,0.0,3.41088e-06,5.17703e-05,0.0,0.0,0.000730343,5.50848e-05,0.0,0.0,0.0,0.0,0.0,0.0,0.0,0.0,0.0,0.0,0.0,0.0,0.0,0.0,0.0,0.0,0.0,0.0,0.0,0.0,0.0,0.0,0.0,1.18477e-07,0.0,0.0,3.13085e-07,0.0,0.0,0.0,0.0,2.32713e-06,0.00012083,0.0,0.0,0.0,0.0,0.0,0.0,0.0,0.0,1.2916e-05,0.0,5.30284e-06,0.0,0.0,0.0,0.0,0.0,0.0,0.0,2.90173e-06,0.000245759,0.0,3.03863e-05,7.46692e-05,4.99041e-06,0.0,2.31382e-05,0.000141892,2.13145e-05,0.000167301,0.0,0.0,0.0,0.0,0.00521057,0.0,0.0119102,7.04751e-06,0.0,0.0,0.0,0.0,0.0,0.0,0.0,0.0,0.0,0.0,0.0,0.0,0.0,0.0,0.0,0.0,0.0,0.0,0.0,0.0,0.0,0.0
0.0,0.0,0.0,0.0797489,0.0,0.000437695,4.80363e-05,6.93072e-06,0.0105347,3.64633e-06,0.0,0.0,0.0,0.0,0.0,0.0,3.41088e-06,5.19926e-05,0.0,0.0,0.000729582,5.48129e-05,0.0,0.0,0.0,0.0,0.0,0.0,0.0,0.0,0.0,0.0,0.0,0.0,0.0,0.0,0.0,0.0,0.0,0.0,0.0,0.0,0.0,0.0,0.0,1.1796e-07,0.0,0.0,3.13085e-07,0.0,0.0,0.0,0.0,2.31828e-06,0.000120737,0.0,0.0,0.0,0.0,0.0,0.0,0.0,0.0,1.29042e-05,0.0,5.29409e-06,0.0,0.0,0.0,0.0,0.0,0.0,0.0,2.74052e-06,0.000246077,0.0,3.0411e-05,7.47572e-05,4.89259e-06,0.0,2.31382e-05,0.000141519,2.14624e-05,0.000167517,0.0,0.0,0.0,0.0,0.00521319,0.0,0.0119014,6.77689e-06,0.0,0.0,0.0,0.0,0.0,0.0,0.0,0.0,0.0,0.0,0.0,0.0,0.0,0.0,0.0,0.0,0.0,0.0,0.0,0.0,0.0,0.0
0.0,0.0,0.0,0.079755,0.0,0.000436332,4.9141e-05,6.66626e-06,0.0105341,3.56874e-06,0.0,0.0,0.0,0.0,0.0,0.0,3.41088e-06,5.17693e-05,0.0,0.0,0.000729581,5.50848e-05,0.0,0.0,0.0,0.0,0.0,0.0,0.0,0.0,0.0,0.0,0.0,0.0,0.0,0.0,0.0,0.0,0.0,0.0,0.0,0.0,0.0,0.0,0.0,1.18477e-07,0.0,0.0,3.13085e-07,0.0,0.0,0.0,0.0,2.32713e-06,0.00012083,0.0,0.0,0.0,0.0,0.0,0.0,0.0,0.0,1.2902e-05,0.0,5.30335e-06,0.0,0.0,0.0,0.0,0.0,0.0,0.0,2.74052e-06,0.000246054,0.0,3.0411e-05,7.4695e-05,5.02324e-06,0.0,2.31382e-05,0.00014177,2.15031e-05,0.000167538,0.0,0.0,0.0,0.0,0.00521347,0.0,0.0118878,7.04751e-06,0.0,0.0,0.0,0.0,0.0,0.0,0.0,0.0,0.0,0.0,0.0,0.0,0.0,0.0,0.0,0.0,0.0,0.0,0.0,0.0,0.0,0.0
0.0,0.0,0.0,0.0797496,0.0,0.000436342,4.89552e-05,6.66626e-06,0.010535,3.60757e-06,0.0,0.0,0.0,0.0,0.0,0.0,3.38598e-06,5.19928e-05,0.0,0.0,0.000730375,5.50848e-05,0.0,0.0,0.0,0.0,0.0,0.0,0.0,0.0,0.0,0.0,0.0,0.0,0.0,0.0,0.0,0.0,0.0,0.0,0.0,0.0,0.0,0.0,0.0,1.1796e-07,0.0,0.0,3.13085e-07,0.0,0.0,0.0,0.0,2.31828e-06,0.000120737,0.0,0.0,0.0,0.0,0.0,0.0,0.0,0.0,1.3001e-05,0.0,5.29413e-06,0.0,0.0,0.0,0.0,0.0,0.0,0.0,2.90173e-06,0.000246149,0.0,3.03863e-05,7.47704e-05,4.89516e-06,0.0,2.2924e-05,0.000141943,2.13145e-05,0.000167517,0.0,0.0,0.0,0.0,0.00521224,0.0,0.0119021,7.04751e-06,0.0,0.0,0.0,0.0,0.0,0.0,0.0,0.0,0.0,0.0,0.0,0.0,0.0,0.0,0.0,0.0,0.0,0.0,0.0,0.0,0.0,0.0
0.0,0.0,0.0,0.0797483,0.0,0.000436558,4.88964e-05,6.93072e-06,0.0105372,3.56874e-06,0.0,0.0,0.0,0.0,0.0,0.0,3.41088e-06,5.17701e-05,0.0,0.0,0.000729837,5.50848e-05,0.0,0.0,0.0,0.0,0.0,0.0,0.0,0.0,0.0,0.0,0.0,0.0,0.0,0.0,0.0,0.0,0.0,0.0,0.0,0.0,0.0,0.0,0.0,1.18477e-07,0.0,0.0,3.13085e-07,0.0,0.0,0.0,0.0,2.31828e-06,0.000120737,0.0,0.0,0.0,0.0,0.0,0.0,0.0,0.0,1.29026e-05,0.0,5.29409e-06,0.0,0.0,0.0,0.0,0.0,0.0,0.0,2.74052e-06,0.000245759,0.0,3.0411e-05,7.46524e-05,4.89516e-06,0.0,2.31382e-05,0.000141732,2.14624e-05,0.000167538,0.0,0.0,0.0,0.0,0.00521417,0.0,0.0118823,6.77689e-06,0.0,0.0,0.0,0.0,0.0,0.0,0.0,0.0,0.0,0.0,0.0,0.0,0.0,0.0,0.0,0.0,0.0,0.0,0.0,0.0,0.0,0.0
0.0,0.0,0.0,0.0797522,0.0,0.000435948,4.8027e-05,6.66626e-06,0.0105363,3.60757e-06,0.0,0.0,0.0,0.0,0.0,0.0,3.41088e-06,5.17115e-05,0.0,0.0,0.000730341,5.50848e-05,0.0,0.0,0.0,0.0,0.0,0.0,0.0,0.0,0.0,0.0,0.0,0.0,0.0,0.0,0.0,0.0,0.0,0.0,0.0,0.0,0.0,0.0,0.0,1.18477e-07,0.0,0.0,3.13085e-07,0.0,0.0,0.0,0.0,2.32713e-06,0.00012083,0.0,0.0,0.0,0.0,0.0,0.0,0.0,0.0,1.29094e-05,0.0,5.30335e-06,0.0,0.0,0.0,0.0,0.0,0.0,0.0,2.74052e-06,0.000245815,0.0,3.0411e-05,7.47419e-05,4.95528e-06,0.0,2.31382e-05,0.000142126,2.15031e-05,0.000167301,0.0,0.0,0.0,0.0,0.0052134,0.0,0.0119056,7.04751e-06,0.0,0.0,0.0,0.0,0.0,0.0,0.0,0.0,0.0,0.0,0.0,0.0,0.0,0.0,0.0,0.0,0.0,0.0,0.0,0.0,0.0,0.0
0.0,0.0,0.0,0.0797487,0.0,0.000437006,4.99548e-05,6.93072e-06,0.0105338,3.60749e-06,0.0,0.0,0.0,0.0,0.0,0.0,3.41088e-06,5.19922e-05,0.0,0.0,0.000729361,5.48385e-05,0.0,0.0,0.0,0.0,0.0,0.0,0.0,0.0,0.0,0.0,0.0,0.0,0.0,0.0,0.0,0.0,0.0,0.0,0.0,0.0,0.0,0.0,0.0,1.18477e-07,0.0,0.0,3.13085e-07,0.0,0.0,0.0,0.0,2.31828e-06,0.00012083,0.0,0.0,0.0,0.0,0.0,0.0,0.0,0.0,1.29026e-05,0.0,5.29413e-06,0.0,0.0,0.0,0.0,0.0,0.0,0.0,2.90173e-06,0.000245948,0.0,3.06354e-05,7.47425e-05,4.89516e-06,0.0,2.31382e-05,0.000141717,2.13145e-05,0.000167754,0.0,0.0,0.0,0.0,0.00521219,0.0,0.0119093,6.77563e-06,0.0,0.0,0.0,0.0,0.0,0.0,0.0,0.0,0.0,0.0,0.0,0.0,0.0,0.0,0.0,0.0,0.0,0.0,0.0,0.0,0.0,0.0
0.0,0.0,0.0,0.0797482,0.0,0.000435956,4.90306e-05,6.66626e-06,0.0105363,3.60757e-06,0.0,0.0,0.0,0.0,0.0,0.0,3.41088e-06,5.15473e-05,0.0,0.0,0.000730593,5.50848e-05,0.0,0.0,0.0,0.0,0.0,0.0,0.0,0.0,0.0,0.0,0.0,0.0,0.0,0.0,0.0,0.0,0.0,0.0,0.0,0.0,0.0,0.0,0.0,1.1796e-07,0.0,0.0,3.13085e-07,0.0,0.0,0.0,0.0,2.32713e-06,0.000120737,0.0,0.0,0.0,0.0,0.0,0.0,0.0,0.0,1.29177e-05,0.0,5.29409e-06,0.0,0.0,0.0,0.0,0.0,0.0,0.0,2.74052e-06,0.000246003,0.0,3.03863e-05,7.47416e-05,4.89516e-06,0.0,2.31382e-05,0.000141711,2.14624e-05,0.000167301,0.0,0.0,0.0,0.0,0.00521322,0.0,0.0118825,7.04751e-06,0.0,0.0,0.0,0.0,0.0,0.0,0.0,0.0,0.0,0.0,0.0,0.0,0.0,0.0,0.0,0.0,0.0,0.0,0.0,0.0,0.0,0.0
0.0,0.0,0.0,0.0797539,0.0,0.000437174,4.83213e-05,6.93072e-06,0.0105384,3.56874e-06,0.0,0.0,0.0,0.0,0.0,0.0,3.41088e-06,5.22766e-05,0.0,0.0,0.000729331,5.50848e-05,0.0,0.0,0.0,0.0,0.0,0.0,0.0,0.0,0.0,0.0,0.0,0.0,0.0,0.0,0.0,0.0,0.0,0.0,0.0,0.0,0.0,0.0,0.0,1.18477e-07,0.0,0.0,3.13085e-07,0.0,0.0,0.0,0.0,2.31828e-06,0.000120737,0.0,0.0,0.0,0.0,0.0,0.0,0.0,0.0,1.29058e-05,0.0,5.30335e-06,0.0,0.0,0.0,0.0,0.0,0.0,0.0,2.74052e-06,0.000246132,0.0,3.0411e-05,7.46849e-05,4.85769e-06,0.0,2.2924e-05,0.000141812,2.15031e-05,0.000167754,0.0,0.0,0.0,0.0,0.00521516,0.0,0.011907,6.77689e-06,0.0,0.0,0.0,0.0,0.0,0.0,0.0,0.0,0.0,0.0,0.0,0.0,0.0,0.0,0.0,0.0,0.0,0.0,0.0,0.0,0.0,0.0
0.00187485,3.85929e-05,0.0,0.181281,0.0,0.0,0.0,1.68411e-05,0.0235284,2.31227e-05,0.0,0.0,0.0,0.0,0.0,0.0,1.4241e-05,0.000229205,0.0,0.0,0.00161639,0.000120057,0.0,0.0,6.4133e-05,0.011472,1.14808e-05,0.0,0.0,0.0,0.0,0.0,0.0,0.0,0.0,0.0,0.0,0.0,0.0,0.0,0.0,0.0,0.0,0.0,0.0,0.000103183,0.0,0.0,3.03587e-05,0.0,0.0,0.0,0.0,0.0,8.25752e-05,0.0,0.0,0.0,0.0,5.98819e-05,0.0,0.0,0.0,2.89525e-05,0.0,2.18183e-05,1.55339e-06,0.0,0.0,0.0,0.0,0.0,0.0,0.000447614,5.40103e-05,0.0,0.000736104,0.000104549,2.02892e-05,3.37052e-05,0.0,0.000676732,7.0955e-05,0.000376757,0.0,0.0,0.0,0.0,0.00996711,0.0,0.0215888,5.88592e-05,0.00137986,0.000264804,0.0106414,0.0,4.53743e-05,0.00427629,0.00399606,0.000416314,0.00186566,5.10245e-05,0.0,0.0,0.000109551,4.4729e-05,0.0,0.000146462,5.34724e-05,0.00725447,0.00136232,0.000140809,0.00245589,0.0
0.00189291,3.87891e-05,0.0,0.181276,0.0,0.0,0.0,1.6575e-05,0.0235338,2.30838e-05,0.0,0.0,0.0,0.0,0.0,0.0,1.4241e-05,0.00022972,0.0,0.0,0.00161614,0.000120057,0.0,0.0,6.41085e-05,0.01147,1.12245e-05,0.0,0.0,0.0,0.0,0.0,0.0,0.0,0.0,0.0,0.0,0.0,0.0,0.0,0.0,0.0,0.0,0.0,0.0,0.000103013,0.0,0.0,3.03427e-05,0.0,0.0,0.0,0.0,0.0,8.23886e-05,0.0,0.0,0.0,0.0,5.98819e-05,0.0,0.0,0.0,2.88496e-05,0.0,2.18149e-05,1.55476e-06,0.0,0.0,0.0,0.0,0.0,0.0,0.000447662,5.43066e-05,0.0,0.000736312,0.000104554,2.01421e-05,3.37435e-05,0.0,0.000676773,7.09125e-05,0.000376304,0.0,0.0,0.0,0.0,0.00996339,0.0,0.0216006,5.85898e-05,0.00137952,0.000265544,0.0106413,0.0,4.42077e-05,0.0042766,0.00399589,0.000418536,0.00187204,5.05931e-05,0.0,0.0,0.000109114,4.44072e-05,0.0,0.000145888,5.43225e-05,0.00725809,0.00136509,0.000145006,0.0024535,0.0
0.00194498,3.92841e-05,0.0,0.181275,0.0,0.0,0.0,1.68411e-05,0.0235323,2.30839e-05,0.0,0.0,0.0,0.0,0.0,0.0,1.42659e-05,0.000228436,0.0,0.0,0.00161592,0.000120057,0.0,0.0,6.41304e-05,0.0114699,1.14808e-05,0.0,0.0,0.0,0.0,0.0,0.0,0.0,0.0,0.0,0.0,0.0,0.0,0.0,0.0,0.0,0.0,0.0,0.0,0.000103019,0.0,0.0,3.03552e-05,0.0,0.0,0.0,0.0,0.0,8.24819e-05,0.0,0.0,0.0,0.0,5.98587e-05,0.0,0.0,0.0,2.89445e-05,0.0,2.18173e-05,1.55339e-06,0.0,0.0,0.0,0.0,0.0,0.0,0.000447488,5.40448e-05,0.0,0.000735952,0.00010457,2.02459e-05,3.37052e-05,0.0,0.000676988,7.09532e-05,0.000376973,0.0,0.0,0.0,0.0,0.00996591,0.0,0.0215951,5.77717e-05,0.00137534,0.000265058,0.0106344,0.0,4.44133e-05,0.0042721,0.00399398,0.000417816,0.00186552,5.02862e-05,0.0,0.0,0.000110204,4.40617e-05,0.0,0.0001466,5.37419e-05,0.00725872,0.00136936,0.000141169,0.00245391,0.0
0.00189189,3.89485e-05,0.0,0.181279,0.0,0.0,0.0,1.6575e-05,0.0235321,2.30839e-05,0.0,0.0,0.0,0.0,0.0,0.0,1.4241e-05,0.000229483,0.0,0.0,0.00161639,0.000120057,0.0,0.0,6.44585e-05,0.011472,1.17406e-05,0.0,0.0,0.0,0.0,0.0,0.0,0.0,0.0,0.0,0.0,0.0,0.0,0.0,0.0,0.0,0.0,0.0,0.0,0.000103019,0.0,0.0,3.03655e-05,0.0,0.0,0.0,0.0,0.0,8.23886e-05,0.0,0.0,0.0,0.0,5.98714e-05,0.0,0.0,0.0,2.88527e-05,0.0,2.18183e-05,1.55408e-06,0.0,0.0,0.0,0.0,0.0,0.0,0.000447552,5.43066e-05,0.0,0.000736099,0.000104557,2.02195e-05,3.37052e-05,0.0,0.000676526,7.07645e-05,0.000376757,0.0,0.0,0.0,0.0,0.0099641,0.0,0.021569,5.83218e-05,0.00137971,0.000264774,0.0106455,3.06146e-07,4.44985e-05,0.00427576,0.00399231,0.000416898,0.00187465,5.04903e-05,0.0,0.0,0.000109899,4.49036e-05,0.0,0.000145947,5.34884e-05,0.00726118,0.00136679,0.000141565,0.00244975,0.0
0.00189403,3.91236e-05,0.0,0.181286,0.0,0.0,0.0,1.68411e-05,0.0235311,2.31226e-05,0.0,0.0,0.0,0.0,0.0,0.0,1.4241e-05,0.000229219,0.0,0.0,0.00161589,0.000120057,0.0,0.0,6.40579e-05,0.0114676,1.09579e-05,0.0,0.0,0.0,0.0,0.0,0.0,0.0,0.0,0.0,0.0,0.0,0.0,0.0,0.0,0.0,0.0,0.0,0.0,0.000103177,0.0,0.0,3.03552e-05,0.0,0.0,0.0,0.0,0.0,8.24819e-05,0.0,0.0,0.0,0.0,5.98819e-05,0.0,0.0,0.0,2.8951e-05,0.0,2.18207e-05,1.55339e-06,0.0,0.0,0.0,0.0,0.0,0.0,0.000447663,5.41992e-05,0.0,0.000736357,0.000104552,2.01771e-05,3.37435e-05,0.0,0.000676763,7.0955e-05,0.000376757,0.0,0.0,0.0,0.0,0.00996744,0.0,0.0215991,5.80571e-05,0.00137749,0.000265568,0.0106382,0.0,4.42088e-05,0.00427654,0.00399792,0.000417565,0.00187374,4.99007e-05,0.0,0.0,0.000109846,4.43939e-05,0.0,0.000146316,5.40327e-05,0.00725905,0.00136338,0.00014509,0.00245763,0.0
0.00188691,3.93944e-05,0.0,0.181274,0.0,0.0,0.0,1.6575e-05,0.0235346,2.3045e-05,0.0,0.0,0.0,0.0,0.0,0.0,1.42659e-05,0.000229427,0.0,0.0,0.00161563,0.000120057,0.0,0.0,6.42328e-05,0.0114726,1.14808e-05,0.0,0.0,0.0,0.0,0.0,0.0,0.0,0.0,0.0,0.0,0.0,0.0,0.0,0.0,0.0,0.0,0.0,0.0,0.000103019,0.0,0.0,3.03515e-05,0.0,0.0,0.0,0.0,0.0,8.23886e-05,0.0,0.0,0.0,0.0,5.98819e-05,0.0,0.0,0.0,2.885e-05,0.0,2.1809e-05,1.55408e-06,0.0,0.0,0.0,0.0,0.0,0.0,0.000447815,5.41177e-05,0.0,0.000736236,0.000104526,2.02542e-05,3.37052e-05,0.0,0.000676784,7.09532e-05,0.000376973,0.0,0.0,0.0,0.0,0.00996445,0.0,0.0215891,5.88592e-05,0.00138135,0.000264811,0.0106382,0.0,4.41648e-05,0.00428056,0.00399385,0.000417608,0.00186493,5.12474e-05,0.0,0.0,0.00010948,4.47506e-05,0.0,0.000146052,5.37614e-05,0.00725817,0.00136593,0.000140993,0.0024542,0.0
0.00189205,3.8559e-05,0.0,0.181279,0.0,0.0,0.0,1.68411e-05,0.0235312,2.31227e-05,0.0,0.0,0.0,0.0,0.0,0.0,1.4241e-05,0.000228938,0.0,0.0,0.00161664,0.000120057,0.0,0.0,6.42487e-05,0.0114681,1.12245e-05,0.0,0.0,0.0,0.0,0.0,0.0,0.0,0.0,0.0,0.0,0.0,0.0,0.0,0.0,0.0,0.0,0.0,0.0,0.000103019,0.0,0.0,3.03605e-05,0.0,0.0,0.0,0.0,0.0,8.25752e-05,0.0,0.0,0.0,0.0,5.98587e-05,0.0,0.0,0.0,2.89495e-05,0.0,2.18182e-05,1.55338e-06,0.0,0.0,0.0,0.0,0.0,0.0,0.000447461,5.41992e-05,0.0,0.000736117,0.000104574,2.02351e-05,3.37435e-05,0.0,0.000676754,7.07645e-05,0.000376757,0.0,0.0,0.0,0.0,0.00996741,0.0,0.0216012,5.83045e-05,0.00137744,0.000265051,0.0106375,3.06146e-07,4.50324e-05,0.00426792,0.00399443,0.000416096,0.00187255,5.01252e-05,0.0,0.0,0.000109845,4.45363e-05,0.0,0.000146123,5.37419e-05,0.00725724,0.00136768,0.000146333,0.00245117,0.0
0.00189287,3.87708e-05,0.0,0.181277,0.0,0.0,0.0,1.62902e-05,0.0235327,2.30838e-05,0.0,0.0,0.0,0.0,0.0,0.0,1.4241e-05,0.000228996,0.0,0.0,0.00161592,0.000120057,0.0,0.0,6.40571e-05,0.0114689,1.14808e-05,0.0,0.0,0.0,0.0,0.0,0.0,0.0,0.0,0.0,0.0,0.0,0.0,0.0,0.0,0.0,0.0,0.0,0.0,0.000103019,0.0,0.0,3.03481e-05,0.0,0.0,0.0,0.0,0.0,8.24819e-05,0.0,0.0,0.0,0.0,5.98587e-05,0.0,0.0,0.0,2.89495e-05,0.0,2.18173e-05,1.55408e-06,0.0,0.0,0.0,0.0,0.0,0.0,0.000447513,5.43412e-05,0.0,0.000736293,0.000104525,2.0124e-05,3.37052e-05,0.0,0.000676671,7.09125e-05,0.000376757,0.0,0.0,0.0,0.0,0.00996682,0.0,0.0215939,5.80571e-05,0.00137863,0.000265054,0.010647,0.0,4.4167e-05,0.00428133,0.00399311,0.000417666,0.00186491,5.08472e-05,0.0,0.0,0.000110121,4.46351e-05,0.0,0.000145932,5.40327e-05,0.00725724,0.00136232,0.000140717,0.00245501,0.0
0.00189523,3.9557e-05,0.0,0.181281,0.0,0.0,0.0,1.68411e-05,0.0235326,2.30839e-05,0.0,0.0,0.0,0.0,0.0,0.0,1.4241e-05,0.000229428,0.0,0.0,0.00161664,0.000120057,0.0,0.0,6.43257e-05,0.0114741,1.12245e-05,0.0,0.0,0.0,0.0,0.0,0.0,0.0,0.0,0.0,0.0,0.0,0.0,0.0,0.0,0.0,0.0,0.0,0.0,0.000103177,0.0,0.0,3.03639e-05,0.0,0.0,0.0,0.0,0.0,8.23886e-05,0.0,0.0,0.0,0.0,5.99071e-05,0.0,0.0,0.0,2.88511e-05,0.0,2.18207e-05,1.55339e-06,0.0,0.0,0.0,0.0,0.0,0.0,0.000447724,5.40103e-05,0.0,0.000736333,0.000104553,2.02723e-05,3.37435e-05,0.0,0.000676665,7.11436e-05,0.000376973,0.0,0.0,0.0,0.0,0.00996926,0.0,0.0215987,5.85898e-05,0.00137561,0.000264757,0.0106346,0.0,4.47472e-05,0.00427233,0.00399657,0.000417606,0.00187421,5.00056e-05,0.0,0.0,0.000109912,4.43215e-05,0.0,0.000146592,5.34884e-05,0.00725467,0.00136708,0.000145246,0.00245289,0.0
0.00188704,3.87361e-05,0.0,0.181284,0.0,0.0,0.0,1.6575e-05,0.0235319,2.30839e-05,0.0,0.0,0.0,0.0,0.0,0.0,1.42659e-05,0.000228938,0.0,0.0,0.00161589,0.000120057,0.0,0.0,6.41618e-05,0.0114657,1.14808e-05,0.0,0.0,0.0,0.0,0.0,0.0,0.0,0.0,0.0,0.0,0.0,0.0,0.0,0.0,0.0,0.0,0.0,0.0,0.000103019,0.0,0.0,3.03481e-05,0.0,0.0,0.0,0.0,0.0,8.24819e-05,0.0,0.0,0.0,0.0,5.98819e-05,0.0,0.0,0.0,2.89494e-05,0.0,2.18158e-05,1.55408e-06,0.0,0.0,0.0,0.0,0.0,0.0,0.000447535,5.43066e-05,0.0,0.000736317,0.000104524,2.01566e-05,3.37052e-05,0.0,0.000676983,7.07645e-05,0.000376541,0.0,0.0,0.0,0.0,0.0099661,0.0,0.0215978,5.83192e-05,0.00138013,0.000265818,0.0106389,3.06146e-07,4.42079e-05,0.004279,0.00399574,0.00041864,0.00186462,4.98472e-05,0.0,0.0,0.000109675,4.48524e-05,0.0,0.000145597,5.37419e-05,0.00725824,0.00136653,0.000139726,0.0024548,0.0
0.0179371,0.000303696,5.78138e-05,0.159762,0.0,0.0,0.0,1.57766e-05,0.0206893,2.19979e-05,1.99074e-05,4.71615e-07,2.33035e-06,1.2922e-07,0.0,0.0,1.35702e-05,0.000214029,0.0,5.57718e-06,0.00155083,0.000662517,0.0,0.000217867,0.000121815,0.0204493,0.000806668,0.0,0.00320506,0.000473855,0.000608888,0.00116555,5.62591e-05,4.47268e-06,2.12461e-05,0.000515951,2.41028e-07,8.63582e-05,3.60376e-05,0.0,0.0,0.0,2.14294e-06,1.32565e-06,3.03635e-05,3.1909e-05,0.0,2.49514e-06,9.37609e-06,0.0,0.0,1.96684e-05,1.69325e-05,0.0,1.65518e-05,0.0,0.0,1.29013e-05,0.0,1.84996e-05,0.0,0.0,0.0,8.75858e-06,7.54874e-06,6.39021e-06,4.8009e-07,1.55125e-05,6.25134e-05,1.4246e-06,0.0,5.24344e-05,0.000290366,0.00013912,5.10064e-06,0.0,0.000226439,2.8707e-05,0.000373968,1.0418e-05,0.0,0.00020165,0.00214632,0.000335294,0.00127846,0.0,0.0,0.0,0.00973104,4.48716e-06,0.0202033,7.9164e-05,0.00204778,0.000383803,0.0164673,3.06146e-07,7.96373e-05,0.00665494,0.00597817,0.000751442,0.00297976,0.000113748,0.0,0.0,0.000229188,0.00010782,5.9723e-07,0.000291836,0.00015005,0.0108926,0.00224639,0.000262239,0.00372184,0.0
0.0178735,0.000302891,5.75256e-05,0.159764,0.0,0.0,0.0,1.57766e-05,0.0206907,2.20367e-05,2.07319e-05,4.71859e-07,2.3489e-06,2.5844e-07,0.0,0.0,1.3565e-05,0.000213745,0.0,5.25941e-06,0.00155198,0.000661649,0.0,0.000217132,0.000121658,0.0204475,0.000808427,0.0,0.00320977,0.00047147,0.000610357,0.00116459,5.56333e-05,4.01933e-06,2.02862e-05,0.000517092,2.41028e-07,8.66904e-05,3.62931e-05,0.0,0.0,0.0,1.75878e-06,1.30023e-06,3.02975e-05,3.17401e-05,0.0,1.99645e-06,9.38519e-06,0.0,0.0,1.96793e-05,1.79729e-05,0.0,1.66445e-05,0.0,0.0,1.39874e-05,0.0,1.84765e-05,0.0,0.0,0.0,8.75063e-06,7.68617e-06,6.39939e-06,4.80083e-07,1.54456e-05,6.25987e-05,9.29827e-07,0.0,5.21518e-05,0.000290604,0.000139065,5.28955e-06,0.0,0.000226974,2.87337e-05,0.000372613,1.0418e-05,0.0,0.000201769,0.00215449,0.000335057,0.00128411,0.0,0.0,0.0,0.00973749,4.56745e-06,0.0202257,7.91872e-05,0.00205022,0.000385828,0.016462,0.0,7.98532e-05,0.00665198,0.00597856,0.000751475,0.002982,0.000113663,0.0,0.0,0.000227981,0.000108365,6.37045e-07,0.000290372,0.000150333,0.0108979,0.00224385,0.000260367,0.00372077,0.0
0.0179284,0.000303852,5.67886e-05,0.159763,0.0,0.0,0.0,1.55104e-05,0.0206907,2.20368e-05,2.09766e-05,4.55979e-07,2.33035e-06,1.2922e-07,0.0,0.0,1.35702e-05,0.000213749,0.0,5.57015e-06,0.0015518,0.000660284,0.0,0.000218073,0.000121745,0.0204448,0.000808665,0.0,0.00320834,0.000471039,0.000608606,0.00116521,5.59223e-05,4.19028e-06,2.05953e-05,0.000516252,2.41028e-07,8.57036e-05,3.63223e-05,0.0,0.0,0.0,1.84575e-06,1.30025e-06,2.97344e-05,3.19096e-05,0.0,1.99645e-06,9.37456e-06,0.0,0.0,1.98217e-05,1.73504e-05,0.0,1.63968e-05,0.0,0.0,1.26407e-05,0.0,1.84996e-05,0.0,0.0,0.0,8.8518e-06,7.45694e-06,6.38778e-06,4.8009e-07,1.54681e-05,6.26103e-05,1.40989e-06,0.0,5.19671e-05,0.000290279,0.000139133,5.10064e-06,0.0,0.000226752,2.86861e-05,0.000373143,1.0418e-05,0.0,0.000201643,0.00215284,0.000335057,0.0012773,0.0,0.0,0.0,0.00973074,5.26774e-06,0.020232,7.89119e-05,0.0020467,0.00038452,0.0164655,3.06146e-07,8.00888e-05,0.00665218,0.00598331,0.000752175,0.00296743,0.000114919,0.0,0.0,0.000229037,0.000107295,6.37045e-07,0.000290918,0.000149742,0.0108975,0.0022489,0.00025526,0.00372158,0.0
0.0179425,0.000303808,5.81617e-05,0.159769,0.0,0.0,0.0,1.57766e-05,0.0206892,2.19979e-05,2.04289e-05,4.71859e-07,2.34902e-06,1.2922e-07,0.0,0.0,1.3565e-05,0.000213969,0.0,5.6061e-06,0.00155035,0.000663155,0.0,0.000217282,0.000121629,0.0204507,0.000807298,0.0,0.00320928,0.000471804,0.000608171,0.00116275,5.62825e-05,3.9727e-06,2.08243e-05,0.000515692,2.41028e-07,8.63575e-05,3.61062e-05,0.0,0.0,0.0,1.72423e-06,1.27956e-06,3.01821e-05,3.17395e-05,0.0,1.99645e-06,9.37798e-06,0.0,0.0,1.99617e-05,1.71678e-05,0.0,1.6133e-05,0.0,0.0,1.32441e-05,0.0,1.85102e-05,0.0,0.0,0.0,8.7571e-06,7.77797e-06,6.40033e-06,4.79398e-07,1.52255e-05,6.27323e-05,1.2608e-06,0.0,5.19866e-05,0.00029049,0.000139068,5.28955e-06,0.0,0.000226967,2.87112e-05,0.000373058,1.0418e-05,0.0,0.000201811,0.00214793,0.000335206,0.0012806,0.0,0.0,0.0,0.00973705,4.68066e-06,0.0201997,7.88947e-05,0.00205084,0.000385589,0.0164656,3.06146e-07,8.01415e-05,0.00665451,0.00597929,0.000751876,0.00297973,0.000112941,0.0,0.0,0.000229249,0.000108361,5.9723e-07,0.000291173,0.000149483,0.0108864,0.00224473,0.000260405,0.00372409,0.0
0.0178774,0.000303798,5.84566e-05,0.159769,0.0,0.0,0.0,1.52257e-05,0.0206944,2.19979e-05,2.06628e-05,4.70008e-07,2.36862e-06,1.2922e-07,0.0,0.0,1.35702e-05,0.000214263,0.0,5.57015e-06,0.00155071,0.000660392,0.0,0.000218512,0.000121801,0.0204497,0.000807761,0.0,0.00320946,0.000471186,0.000608844,0.00116307,5.57968e-05,4.21932e-06,2.08802e-05,0.000518871,2.41028e-07,8.61892e-05,3.64093e-05,0.0,0.0,0.0,2.05598e-06,1.31295e-06,3.03324e-05,3.19096e-05,0.0,2.24619e-06,9.3814e-06,0.0,0.0,1.98853e-05,1.77059e-05,0.0,1.63035e-05,0.0,0.0,1.27677e-05,0.0,1.84996e-05,0.0,0.0,0.0,8.75404e-06,7.46462e-06,6.39363e-06,4.80775e-07,1.5442e-05,6.21509e-05,1.29128e-06,0.0,5.16412e-05,0.000289855,0.000138933,5.10064e-06,0.0,0.000226629,2.87315e-05,0.000372692,1.0418e-05,0.0,0.000201645,0.00215641,0.000335273,0.00127848,0.0,0.0,0.0,0.00973202,4.53613e-06,0.0202235,7.94494e-05,0.0020459,0.000384503,0.016465,3.06146e-07,8.02157e-05,0.00665513,0.00598042,0.0007528,0.00298195,0.000113136,0.0,0.0,0.000228871,0.000107551,6.37045e-07,0.000290817,0.000149469,0.010899,0.00224444,0.000260669,0.00371573,0.0
0.0179297,0.000303406,5.84452e-05,0.159766,0.0,0.0,0.0,1.57766e-05,0.0206876,2.20368e-05,2.05371e-05,4.71859e-07,2.27953e-06,2.5844e-07,0.0,0.0,1.35702e-05,0.000213468,0.0,5.41797e-06,0.00155275,0.00066131,0.0,0.000218098,0.000121531,0.0204499,0.000804455,0.0,0.0032065,0.000471872,0.000609143,0.00116818,5.59049e-05,4.01263e-06,2.11372e-05,0.000512869,2.41028e-07,8.58285e-05,3.58978e-05,0.0,0.0,0.0,1.54855e-06,1.26683e-06,3.0553e-05,3.19029e-05,0.0,1.74615e-06,9.37266e-06,0.0,0.0,1.9654e-05,1.71059e-05,0.0,1.64106e-05,0.0,0.0,1.302e-05,0.0,1.84765e-05,0.0,0.0,0.0,8.85375e-06,7.67848e-06,6.39111e-06,4.8009e-07,1.54681e-05,6.29967e-05,1.40989e-06,0.0,5.19092e-05,0.000291367,0.000139246,5.28955e-06,0.0,0.00022682,2.87079e-05,0.00037361,1.0418e-05,0.0,0.000201798,0.00215115,0.000335422,0.00127917,0.0,0.0,0.0,0.00973388,4.66107e-06,0.0202385,7.89166e-05,0.00204959,0.000385324,0.0164655,3.06146e-07,7.94551e-05,0.00665426,0.00597964,0.000750483,0.00297704,0.000113622,0.0,0.0,0.000229047,0.000108516,6.37045e-07,0.000291459,0.000150044,0.0108849,0.002245,0.000261138,0.00372638,0.0
0.017886,0.000302702,5.78708e-05,0.159758,0.0,0.0,0.0,1.57766e-05,0.0206927,2.19979e-05,2.05006e-05,4.71615e-07,2.37208e-06,1.2922e-07,0.0,0.0,1.35454e-05,0.000213971,0.0,5.41862e-06,0.0015515,0.000661238,0.0,0.000217602,0.000121838,0.0204449,0.000809749,0.0,0.00320618,0.000473209,0.000608263,0.00116434,5.61733e-05,4.20344e-06,2.0316e-05,0.000517481,2.41028e-07,8.65117e-05,3.64078e-05,0.0,0.0,0.0,1.84575e-06,1.31295e-06,2.91499e-05,3.17462e-05,0.0,2.24541e-06,9.37989e-06,0.0,0.0,1.97457e-05,1.75234e-05,0.0,1.64368e-05,0.0,0.0,1.27498e-05,0.0,1.84996e-05,0.0,0.0,0.0,8.75695e-06,7.67074e-06,6.39696e-06,4.79398e-07,1.5606e-05,6.25154e-05,9.29827e-07,0.0,5.21685e-05,0.00029044,0.00013893,5.10064e-06,0.0,0.000226766,2.87073e-05,0.000373221,1.0418e-05,0.0,0.000201647,0.00215267,0.000335185,0.00128127,0.0,0.0,0.0,0.00973927,4.87586e-06,0.0201966,7.8896e-05,0.00205002,0.000385071,0.0164681,3.06146e-07,8.01009e-05,0.00665354,0.00597992,0.00075197,0.00297141,0.000112982,0.0,0.0,0.000228227,0.00010743,6.17137e-07,0.000291126,0.000150039,0.0108985,0.00224583,0.000259066,0.00372117,0.0
0.0179323,0.000304314,5.67077e-05,0.15977,0.0,0.0,0.0,1.55104e-05,0.0206902,2.20367e-05,2.05008e-05,4.71859e-07,2.32266e-06,1.2922e-07,0.0,0.0,1.3565e-05,0.000214029,0.0,5.72871e-06,0.00155283,0.000661822,0.0,0.000217829,0.000121715,0.0204478,0.000806357,0.0,0.0032133,0.000472335,0.000609119,0.00116395,5.56831e-05,4.15033e-06,2.08504e-05,0.000516242,2.41028e-07,8.60745e-05,3.64066e-05,0.0,0.0,0.0,2.05598e-06,1.31295e-06,3.1579e-05,3.19034e-05,0.0,1.99645e-06,9.36926e-06,0.0,0.0,1.98191e-05,1.73173e-05,0.0,1.60827e-05,0.0,0.0,1.32851e-05,0.0,1.85228e-05,0.0,0.0,0.0,8.75077e-06,7.45694e-06,6.39265e-06,4.80775e-07,1.54681e-05,6.27707e-05,1.2608e-06,0.0,5.23562e-05,0.000290106,0.000139316,5.28955e-06,0.0,0.000227091,2.86645e-05,0.000371863,1.0418e-05,0.0,0.000201833,0.00215433,0.000334714,0.00127874,0.0,0.0,0.0,0.00973109,4.75684e-06,0.020233,7.918e-05,0.00204724,0.000385273,0.0164588,3.06146e-07,7.96088e-05,0.00665628,0.00597946,0.000751546,0.00298033,0.000113775,0.0,0.0,0.000229547,0.000107993,6.17137e-07,0.000291422,0.00014979,0.0108969,0.00224443,0.000256668,0.00372105,0.0
0.0178745,0.000303913,5.85984e-05,0.159765,0.0,0.0,0.0,1.57766e-05,0.0206881,2.20368e-05,2.09674e-05,4.55979e-07,2.3566e-06,1.2922e-07,0.0,0.0,1.35899e-05,0.000213746,0.0,5.25941e-06,0.00154976,0.00066176,0.0,0.000217497,0.000121556,0.0204494,0.000808132,0.0,0.00320548,0.000471579,0.000607234,0.0011646,5.57781e-05,4.02256e-06,2.1108e-05,0.000515421,2.41028e-07,8.60694e-05,3.59788e-05,0.0,0.0,0.0,1.54855e-06,1.26683e-06,2.99495e-05,3.17457e-05,0.0,1.99645e-06,9.38136e-06,0.0,0.0,1.98273e-05,1.78271e-05,0.0,1.63968e-05,0.0,0.0,1.31947e-05,0.0,1.84996e-05,0.0,0.0,0.0,8.85679e-06,7.68617e-06,6.3936e-06,4.79398e-07,1.50787e-05,6.24272e-05,1.23998e-06,0.0,5.17471e-05,0.000290837,0.00013889,5.10064e-06,0.0,0.000226679,2.87334e-05,0.000373088,1.0418e-05,0.0,0.000201528,0.00214825,0.000335422,0.00128029,0.0,0.0,0.0,0.0097381,4.46985e-06,0.0202239,7.94494e-05,0.00204956,0.000383794,0.016466,3.06146e-07,7.99736e-05,0.00665133,0.00598218,0.000752364,0.00297912,0.000114232,0.0,0.0,0.00022791,0.00010834,6.37045e-07,0.000291229,0.000149483,0.0108841,0.00224918,0.000260256,0.00371876,0.0
0.0179418,0.000303267,5.76243e-05,0.159768,0.0,0.0,0.0,1.57766e-05,0.0206916,2.19979e-05,2.05631e-05,4.71859e-07,2.29502e-06,2.5844e-07,0.0,0.0,1.35702e-05,0.000214252,0.0,5.76531e-06,0.00155247,0.000660171,0.0,0.000219252,0.000121812,0.0204471,0.000806442,0.0,0.00320552,0.000471204,0.000609815,0.00116446,5.59571e-05,4.19946e-06,2.02684e-05,0.000516977,2.41028e-07,8.65042e-05,3.6367e-05,0.0,0.0,0.0,1.84575e-06,1.31295e-06,3.10581e-05,3.19029e-05,0.0,1.99645e-06,9.39206e-06,0.0,0.0,1.96866e-05,1.73468e-05,0.0,1.6277e-05,0.0,0.0,1.33033e-05,0.0,1.84765e-05,0.0,0.0,0.0,8.75209e-06,7.45694e-06,6.39357e-06,4.8009e-07,1.56729e-05,6.22457e-05,1.1043e-06,0.0,5.20879e-05,0.000289991,0.000138871,5.28955e-06,0.0,0.000226842,2.87311e-05,0.000373748,1.0418e-05,0.0,0.000201849,0.00215156,0.000335057,0.0012792,0.0,0.0,0.0,0.00973076,4.75684e-06,0.0202083,7.83767e-05,0.00204896,0.000386091,0.0164685,3.06146e-07,7.97037e-05,0.00665472,0.00597889,0.000751433,0.00298023,0.000113031,0.0,0.0,0.000228828,0.000107377,6.17137e-07,0.000290887,0.000149179,0.0109003,0.00224501,0.000260494,0.00372446,0.0
0.0178916,0.000302078,5.75072e-05,0.156431,0.0,0.0,0.0,1.49595e-05,0.0202671,2.12608e-05,1.996e-05,4.55979e-07,2.29023e-06,1.2922e-07,0.0,0.0,1.3147e-05,0.000206866,0.0,5.41095e-06,0.00152063,0.000655848,0.0,0.000216016,0.000120145,0.0202498,0.000805445,0.0,0.00320425,0.000469924,0.000607696,0.00116233,5.53727e-05,3.96352e-06,2.10191e-05,0.000513624,2.41028e-07,8.62894e-05,3.5829e-05,0.0,0.0,0.0,2.23436e-06,1.26686e-06,2.91655e-05,3.13913e-05,0.0,1.99589e-06,9.23315e-06,0.0,0.0,1.93645e-05,1.73445e-05,0.0,1.5837e-05,0.0,0.0,1.27264e-05,0.0,1.82135e-05,0.0,0.0,0.0,8.63153e-06,7.67848e-06,6.30037e-06,4.7319e-07,1.50803e-05,6.20303e-05,1.09973e-06,0.0,5.14172e-05,0.00028826,0.00013734,4.72281e-06,0.0,0.000223243,2.8268e-05,0.000369743,1.03031e-05,0.0,0.000198775,0.00213808,0.00032861,0.00127032,0.0,0.0,0.0,0.00971281,4.49028e-06,0.0201844,7.88947e-05,0.00203926,0.000383233,0.016402,3.06146e-07,7.9902e-05,0.00663104,0.00595761,0.000748599,0.00296357,0.000113288,0.0,0.0,0.000228479,0.000107579,6.17137e-07,0.000288897,0.000149463,0.0108535,0.002239,0.000260357,0.00370993,0.0
0.0178407,0.000302602,5.77448e-05,0.156433,0.0,0.0,0.0,1.52443e-05,0.0202656,2.12219e-05,2.00443e-05,4.55979e-07,2.36138e-06,1.2922e-07,0.0,0.0,1.3147e-05,0.000207412,0.0,5.57718e-06,0.00152188,0.00065568,0.0,0.00021621,0.000121007,0.0202516,0.000805389,0.0,0.00319765,0.000472531,0.000607587,0.00116218,5.62928e-05,4.19946e-06,2.06246e-05,0.000513658,2.41028e-07,8.63251e-05,3.63245e-05,0.0,0.0,0.0,1.84575e-06,1.30023e-06,3.08497e-05,3.13908e-05,0.0,1.99645e-06,9.24379e-06,0.0,0.0,1.95233e-05,1.66286e-05,0.0,1.52889e-05,0.0,0.0,1.21057e-05,0.0,1.82493e-05,0.0,0.0,0.0,8.63697e-06,7.34971e-06,6.30038e-06,4.7319e-07,1.50432e-05,6.17584e-05,1.39921e-06,0.0,5.18372e-05,0.000287813,0.000137095,4.91173e-06,0.0,0.000223712,2.82916e-05,0.000370218,1.02648e-05,0.0,0.000198686,0.00213675,0.000328246,0.00127037,0.0,0.0,0.0,0.00971321,4.69206e-06,0.0201844,7.86253e-05,0.00204144,0.000383255,0.0164056,0.0,7.97594e-05,0.006629,0.00596337,0.000748313,0.00296996,0.00011278,0.0,0.0,0.000227168,0.000107142,6.17137e-07,0.000289805,0.000149198,0.0108603,0.0022359,0.000253657,0.00370686,0.0
0.0178943,0.000303444,5.74903e-05,0.156426,0.0,0.0,0.0,1.49782e-05,0.0202698,2.12995e-05,2.00658e-05,4.55979e-07,2.31787e-06,1.2922e-07,0.0,0.0,1.31273e-05,0.00020685,0.0,5.25941e-06,0.00152284,0.000656,0.0,0.000214875,0.000120316,0.0202507,0.000803711,0.0,0.00320075,0.000470006,0.000606116,0.00116191,5.56622e-05,3.95451e-06,2.03907e-05,0.000517931,2.41028e-07,8.53979e-05,3.61722e-05,0.0,0.0,0.0,1.75878e-06,1.31295e-06,3.01752e-05,3.13851e-05,0.0,1.99645e-06,9.24381e-06,0.0,0.0,1.96049e-05,1.72009e-05,0.0,1.57408e-05,0.0,0.0,1.2693e-05,0.0,1.82135e-05,0.0,0.0,0.0,8.7266e-06,7.45694e-06,6.30373e-06,4.7319e-07,1.52851e-05,6.19547e-05,1.2608e-06,0.0,5.13225e-05,0.000287037,0.000136746,4.91173e-06,0.0,0.000223603,2.82911e-05,0.000370232,1.02648e-05,0.0,0.000198478,0.0021357,0.000328118,0.00127432,0.0,0.0,0.0,0.00971296,4.75446e-06,0.0201557,7.918e-05,0.00204184,0.000384283,0.0164099,3.06146e-07,7.92316e-05,0.00663165,0.00595651,0.000748722,0.00295971,0.00011333,0.0,0.0,0.00022817,0.00010747,6.17137e-07,0.000290172,0.000147785,0.0108547,0.00223758,0.000259829,0.00371099,0.0
0.0178449,0.000301878,5.63028e-05,0.156431,0.0,0.0,0.0,1.49595e-05,0.0202651,2.12219e-05,2.07954e-05,4.71859e-07,2.26727e-06,1.2922e-07,0.0,0.0,1.3147e-05,0.000207133,0.0,5.41862e-06,0.00152051,0.000653517,0.0,0.000216978,0.000120276,0.0202491,0.000804639,0.0,0.00320319,0.000470174,0.000607828,0.0011635,5.55283e-05,4.12452e-06,2.13946e-05,0.000513298,2.41028e-07,8.60246e-05,3.61613e-05,0.0,0.0,0.0,1.84575e-06,1.27956e-06,2.95116e-05,3.13913e-05,0.0,1.99645e-06,9.23846e-06,0.0,0.0,1.93782e-05,1.71386e-05,0.0,1.6178e-05,0.0,0.0,1.3344e-05,0.0,1.82493e-05,0.0,0.0,0.0,8.63519e-06,7.56357e-06,6.29699e-06,4.7319e-07,1.54681e-05,6.15386e-05,1.09089e-06,0.0,5.12716e-05,0.000287765,0.000137426,4.72281e-06,0.0,0.000223513,2.83163e-05,0.000368835,1.02648e-05,0.0,0.000199184,0.00214336,0.000328394,0.00127197,0.0,0.0,0.0,0.00971149,4.24249e-06,0.0201825,7.86338e-05,0.00204174,0.000383733,0.0164047,3.06146e-07,7.98522e-05,0.00662881,0.00596071,0.000749394,0.00297166,0.000113091,0.0,0.0,0.000227608,0.000107453,6.17137e-07,0.000289051,0.000149157,0.010857,0.00223815,0.000260561,0.00370917,0.0
0.0178899,0.000304429,5.75463e-05,0.15643,0.0,0.0,0.0,1.52443e-05,0.0202676,2.12608e-05,1.9021e-05,4.55979e-07,2.29879e-06,1.2922e-07,0.0,0.0,1.31273e-05,0.00020758,0.0,5.5695e-06,0.00152195,0.000655688,0.0,0.000216573,0.000120598,0.0202548,0.000806377,0.0,0.00320032,0.000472461,0.000605975,0.00116179,5.57222e-05,4.03845e-06,2.03202e-05,0.000514867,2.41028e-07,8.62678e-05,3.62592e-05,0.0,0.0,0.0,1.84575e-06,1.30023e-06,3.09835e-05,3.13908e-05,0.0,1.4972e-06,9.24719e-06,0.0,0.0,1.95018e-05,1.69853e-05,0.0,1.56074e-05,0.0,0.0,1.22672e-05,0.0,1.82261e-05,0.0,0.0,0.0,8.63013e-06,7.45694e-06,6.30377e-06,4.7319e-07,1.47134e-05,6.21574e-05,1.24882e-06,0.0,5.17556e-05,0.000288808,0.000136732,4.91173e-06,0.0,0.000223396,2.82667e-05,0.000370934,1.02648e-05,0.0,0.000198606,0.00213197,0.000328246,0.00127003,0.0,0.0,0.0,0.00971173,4.17963e-06,0.0201831,7.86375e-05,0.00204153,0.000383529,0.0164033,3.06146e-07,7.94673e-05,0.00663064,0.00596049,0.000749177,0.00296072,0.000113151,0.0,0.0,0.000227019,0.000107307,6.17137e-07,0.000289793,0.0001492,0.0108514,0.00223307,0.000259634,0.00370912,0.0
0.0178545,0.000302553,5.72441e-05,0.156438,0.0,0.0,0.0,1.52443e-05,0.0202666,2.12219e-05,2.05161e-05,4.55979e-07,2.33363e-06,1.2922e-07,0.0,0.0,1.31916e-05,0.000206922,0.0,5.41862e-06,0.00152166,0.000655418,0.0,0.000216461,0.000120371,0.0202451,0.000803807,0.0,0.00320209,0.00047066,0.000607286,0.00116278,5.59295e-05,4.18033e-06,2.01084e-05,0.000516472,2.41028e-07,8.60309e-05,3.58854e-05,0.0,0.0,0.0,1.75878e-06,1.26686e-06,2.9566e-05,3.13908e-05,0.0,2.24619e-06,9.24385e-06,0.0,0.0,1.95137e-05,1.6962e-05,0.0,1.53822e-05,0.0,0.0,1.30257e-05,0.0,1.82261e-05,0.0,0.0,0.0,8.63702e-06,7.34971e-06,6.30035e-06,4.7319e-07,1.52632e-05,6.16707e-05,1.09089e-06,0.0,5.14364e-05,0.000287536,0.00013711,4.91173e-06,0.0,0.000223642,2.82939e-05,0.000369742,1.02648e-05,0.0,0.000198909,0.00213311,0.000328482,0.00127137,0.0,0.0,0.0,0.00971176,5.29723e-06,0.0201575,7.8896e-05,0.00204322,0.000383766,0.0164077,3.06146e-07,7.96167e-05,0.00663088,0.00595827,0.000747453,0.00296682,0.000112698,0.0,0.0,0.000228838,0.000106475,6.17137e-07,0.000289715,0.000148919,0.0108613,0.00223957,0.000256797,0.00370876,0.0
0.0178872,0.000302077,5.76936e-05,0.15643,0.0,0.0,0.0,1.49595e-05,0.0202683,2.12995e-05,2.04642e-05,4.71859e-07,2.25178e-06,1.2922e-07,0.0,0.0,1.31221e-05,0.000207579,0.0,5.41797e-06,0.00152019,0.000655943,0.0,0.000214548,0.000120366,0.0202501,0.000806932,0.0,0.00320145,0.000471114,0.000605971,0.00116114,5.58773e-05,4.27499e-06,2.13383e-05,0.000513641,2.41028e-07,8.59177e-05,3.63678e-05,0.0,0.0,0.0,1.84575e-06,1.31295e-06,3.04e-05,3.12213e-05,0.0,1.99645e-06,9.23843e-06,0.0,0.0,1.9383e-05,1.75269e-05,0.0,1.5496e-05,0.0,0.0,1.25077e-05,0.0,1.82366e-05,0.0,0.0,0.0,8.63439e-06,7.57899e-06,6.30281e-06,4.72498e-07,1.49945e-05,6.16105e-05,1.2608e-06,0.0,5.1829e-05,0.000286749,0.000137147,4.91173e-06,0.0,0.000223404,2.82885e-05,0.000369807,1.02648e-05,0.0,0.000198419,0.00213861,0.000328462,0.00127051,0.0,0.0,0.0,0.00971548,4.17963e-06,0.0201917,7.8896e-05,0.00204268,0.000384008,0.016411,3.06146e-07,7.95159e-05,0.00663079,0.00596351,0.000747884,0.00296667,0.000112802,0.0,0.0,0.00022764,0.000107923,6.17137e-07,0.000290109,0.000148617,0.0108554,0.00223616,0.000257833,0.00370737,0.0
0.0178379,0.000303339,5.68329e-05,0.156428,0.0,0.0,0.0,1.52443e-05,0.0202676,2.12219e-05,1.93454e-05,4.55979e-07,2.33347e-06,1.2922e-07,0.0,0.0,1.31273e-05,0.000207133,0.0,5.41862e-06,0.00152238,0.000655632,0.0,0.000217295,0.000120857,0.0202534,0.00080298,0.0,0.00320391,0.000469927,0.000609489,0.00116234,5.54617e-05,4.19026e-06,2.03239e-05,0.000514942,2.41028e-07,8.58438e-05,3.591e-05,0.0,0.0,0.0,1.84575e-06,1.26683e-06,3.05968e-05,3.13913e-05,0.0,1.99645e-06,9.24385e-06,0.0,0.0,1.9641e-05,1.66286e-05,0.0,1.57436e-05,0.0,0.0,1.26213e-05,0.0,1.82261e-05,0.0,0.0,0.0,8.72919e-06,7.34971e-06,6.30128e-06,4.7319e-07,1.53076e-05,6.17557e-05,9.30954e-07,0.0,5.13943e-05,0.000288904,0.000136982,4.72281e-06,0.0,0.00022373,2.83402e-05,0.000370286,1.02648e-05,0.0,0.00019896,0.00213874,0.000328482,0.00127406,0.0,0.0,0.0,0.00970882,4.49181e-06,0.0201842,7.86473e-05,0.00203977,0.000383266,0.0164057,3.06146e-07,7.9432e-05,0.00662835,0.00595627,0.000749791,0.0029621,0.000113256,0.0,0.0,0.000227225,0.000107006,6.17137e-07,0.000289411,0.000148077,0.0108522,0.00223704,0.000259465,0.00371056,0.0
0.0179017,0.000302769,5.67435e-05,0.156433,0.0,0.0,0.0,1.52443e-05,0.0202679,2.12608e-05,2.04461e-05,4.55979e-07,2.26785e-06,1.2922e-07,0.0,0.0,1.31719e-05,0.000207634,0.0,5.59907e-06,0.00152203,0.000655453,0.0,0.000215822,0.000120183,0.0202534,0.000805766,0.0,0.00319953,0.000471398,0.000606665,0.00116378,5.59803e-05,4.21336e-06,2.06667e-05,0.000517023,2.41028e-07,8.60761e-05,3.62481e-05,0.0,0.0,0.0,2.23436e-06,1.31295e-06,3.00843e-05,3.13908e-05,0.0,1.74615e-06,9.24186e-06,0.0,0.0,1.95434e-05,1.71634e-05,0.0,1.61932e-05,0.0,0.0,1.2693e-05,0.0,1.82135e-05,0.0,0.0,0.0,8.62774e-06,7.67848e-06,6.30131e-06,4.7319e-07,1.50803e-05,6.16045e-05,1.09973e-06,0.0,5.14002e-05,0.000287848,0.000137175,4.91173e-06,0.0,0.000223269,2.82709e-05,0.000369474,1.02648e-05,0.0,0.000198825,0.00213576,0.000328246,0.00126967,0.0,0.0,0.0,0.00971151,4.73487e-06,0.020162,7.8896e-05,0.00204237,0.000383248,0.0164036,3.06146e-07,7.97956e-05,0.00662911,0.00596129,0.000748437,0.00297204,0.000112904,0.0,0.0,0.000227824,0.000107475,6.17137e-07,0.00028906,0.000149173,0.01086,0.00223874,0.000260064,0.00370873,0.0
0.0178362,0.000302668,5.79847e-05,0.156428,0.0,0.0,0.0,1.52443e-05,0.020265,2.12607e-05,2.07588e-05,4.71859e-07,2.35602e-06,1.2922e-07,0.0,0.0,1.31418e-05,0.000206911,0.0,5.57718e-06,0.00152112,0.000653871,0.0,0.0002172,0.00012037,0.020248,0.000802528,0.0,0.00320156,0.000472699,0.000606604,0.00115995,5.57337e-05,3.96873e-06,2.0889e-05,0.000513557,2.41028e-07,8.55405e-05,3.61863e-05,0.0,0.0,0.0,1.54855e-06,1.27956e-06,3.04571e-05,3.13913e-05,0.0,1.99645e-06,9.24379e-06,0.0,0.0,1.95054e-05,1.6962e-05,0.0,1.53822e-05,0.0,0.0,1.28096e-05,0.0,1.82366e-05,0.0,0.0,0.0,8.63842e-06,7.34971e-06,6.30281e-06,4.7319e-07,1.54665e-05,6.21481e-05,1.09089e-06,0.0,5.13926e-05,0.000286818,0.000136684,4.91173e-06,0.0,0.000223659,2.82668e-05,0.000369842,1.02648e-05,0.0,0.000198659,0.00213781,0.00032803,0.00127056,0.0,0.0,0.0,0.00971093,4.49181e-06,0.020182,7.89081e-05,0.00204099,0.00038405,0.0164095,3.06146e-07,7.99021e-05,0.00663115,0.00595851,0.00074712,0.00296028,0.000114082,0.0,0.0,0.000227689,0.000107269,6.17137e-07,0.000290316,0.000148335,0.0108543,0.00223869,0.000258741,0.00370578,0.0
