0.0,0.0,0.0,0.0,0.0,0.0,0.0,0.0,0.0,0.0,0.0,0.0,0.0,0.0,0.0,0.0,0.0,0.0,0.0,0.0,3.87316e-05,0.00857325,0.0,0.000375286,0.0,2.08351e-07,0.0,0.0,0.0,0.0,0.0,0.0,0.0,0.0,0.0,0.0,0.0,0.0,0.0,0.0,0.0,0.0,0.0,0.0,4.8624e-06,0.000120849,0.0,2.65194e-06,0.0,1.01146e-05,0.0,0.0,0.000140346,0.0108822,0.000214027,0.00210508,0.0,0.0,0.0,0.000246441,0.0,0.0,0.000403903,0.0107031,0.0,0.000238913,0.0,0.0,1.55591e-05,0.0,0.0,0.0,0.0,0.0,0.00227827,0.0,0.000116534,5.2044e-05,0.0,0.0,0.0,0.000199795,0.0,0.0,2.72358e-06,3.73925e-05,0.0,0.0,0.00040999,0.00439938,0.000455886,0.00475788,0.000339264,0.000842414,0.0026491,0.00850166,0.00200355,0.0246895,0.00303554,0.00106624,0.000403931,0.0,0.0,0.0,0.000111124,0.000244206,0.00983082,0.0,5.73535e-06,0.0110677,0.000449512,0.0105486,0.00111259,6.50569e-10
0.0,0.0,0.0,0.0,0.0,0.0,0.0,0.0,0.0,0.0,0.0,0.0,0.0,0.0,0.0,0.0,0.0,0.0,0.0,0.0,3.86316e-05,0.00855112,0.0,0.000374321,0.0,2.11089e-07,0.0,0.0,0.0,0.0,0.0,0.0,0.0,0.0,0.0,0.0,0.0,0.0,0.0,0.0,0.0,0.0,0.0,0.0,4.92631e-06,0.000121191,0.0,2.64363e-06,0.0,1.0054e-05,0.0,0.0,0.000139312,0.0108214,0.000214597,0.00211166,0.0,0.0,0.0,0.000247464,0.0,0.0,0.000402638,0.0107302,0.0,0.000238797,0.0,0.0,1.54513e-05,0.0,0.0,0.0,0.0,0.0,0.00228327,0.0,0.000116663,5.20784e-05,0.0,0.0,0.0,0.0002003,0.0,0.0,2.73558e-06,3.72393e-05,0.0,0.0,0.000410473,0.00437979,0.000456846,0.00475913,0.000346203,0.000859992,0.00270238,0.0065604,0.0020445,0.0246991,0.00307814,0.00102589,0.000410754,0.0,0.000259662,0.0,0.000156654,0.000247285,0.00957958,0.0,5.8318e-06,0.0110592,0.000457946,0.0107654,0.00113489,6.57421e-10
0.0,0.0,0.0,0.0,0.0,0.0,0.0,0.0,0.0,0.0,0.0,0.0,0.0,0.0,0.0,0.0,0.0,0.0,0.0,0.0,3.85317e-05,0.008529,0.0,0.000373355,0.0,2.13828e-07,0.0,0.0,0.0,0.0,0.0,0.0,0.0,0.0,0.0,0.0,0.0,0.0,0.0,0.0,0.0,0.0,0.0,0.0,4.99023e-06,0.000121399,0.0,2.63533e-06,0.0,9.99177e-06,0.0,0.0,0.000138157,0.01076,0.000215016,0.00211816,0.0,0.0,0.0,0.000247638,0.0,0.0,0.000401373,0.010759,0.0,0.000239071,0.0,0.0,1.53456e-05,0.0,0.0,0.0,0.0,0.0,0.00228842,0.0,0.000116628,5.22128e-05,0.0,0.0,0.0,0.000200709,0.0,0.0,2.74697e-06,3.70857e-05,0.0,0.0,0.000410958,0.0043602,0.000457806,0.00476038,0.000353237,0.000877536,0.00275574,0.00461114,0.00208557,0.0247172,0.00312119,0.000980434,0.000417569,0.0,0.000725671,0.0,0.000236739,0.000250235,0.00933365,0.0,5.93039e-06,0.0110502,0.000466409,0.0109824,0.00115726,6.65885e-10
0.0,0.0,0.0,0.0,0.0,0.0,0.0,0.0,0.0,0.0,0.0,0.0,0.0,0.0,0.0,0.0,0.0,0.0,0.0,0.0,4.12747e-05,0.00849559,0.0,0.000379434,0.0,2.16566e-07,0.0,0.0,0.0,0.0,0.0,0.0,0.0,0.0,0.0,0.0,0.0,0.0,0.0,0.0,0.0,0.0,0.0,0.0,5.05414e-06,0.000121624,0.0,2.62702e-06,0.0,9.93363e-06,0.0,0.0,0.000137011,0.0106986,0.000215428,0.00212458,0.0,0.0,0.0,0.000247802,0.0,0.0,0.000400108,0.0107877,0.0,0.000239382,0.0,0.0,1.52369e-05,0.0,0.0,0.0,0.0,0.0,0.00229358,0.0,0.00011662,5.2347e-05,0.0,0.0,0.0,0.000201114,0.0,0.0,2.75839e-06,3.69321e-05,0.0,0.0,0.000412829,0.00434062,0.000458766,0.00476162,0.00036028,0.00089507,0.00280906,0.00265292,0.00212667,0.024745,0.00316417,0.000936165,0.000424413,0.0,0.000948974,0.0,0.000276205,0.000251585,0.0090868,0.0,6.02863e-06,0.0110407,0.000474863,0.0111994,0.0011796,6.74211e-10
0.0,0.0,0.0,0.0,0.0,0.0,0.0,0.0,0.0,0.0,0.0,0.0,0.0,0.0,0.0,0.0,0.0,0.0,0.0,0.0,4.38649e-05,0.00846205,0.0,0.000385657,0.0,2.19305e-07,0.0,0.0,0.0,0.0,0.0,0.0,0.0,0.0,0.0,0.0,0.0,0.0,0.0,0.0,0.0,0.0,0.0,0.0,5.11805e-06,0.000121856,0.0,2.61872e-06,0.0,9.87878e-06,0.0,0.0,0.000135876,0.0106372,0.000215833,0.00213093,0.0,0.0,0.0,0.000247959,0.0,0.0,0.000398843,0.0108165,0.0,0.000239721,0.0,0.0,1.51254e-05,0.0,0.0,0.0,0.0,0.0,0.00229875,0.0,0.000116639,5.24812e-05,0.0,0.0,0.0,0.000201515,0.0,0.0,2.76984e-06,3.67786e-05,0.0,0.0,0.00041486,0.00432103,0.000459727,0.00476287,0.000367333,0.000912597,0.00286236,0.000688134,0.0021678,0.0247797,0.0032071,0.000894244,0.000431266,0.0,0.000911198,0.0,0.000271978,0.000252597,0.00883763,0.0,6.12676e-06,0.0110308,0.000483319,0.0114165,0.00120194,6.82424e-10
0.0,0.0,0.0,0.0,0.0,0.0,0.0,0.0,0.0,0.0,0.0,0.0,0.0,0.0,0.0,0.0,0.0,0.0,0.0,0.0,4.35893e-05,0.00844027,0.0,0.000384463,0.0,2.22044e-07,0.0,0.0,0.0,0.0,0.0,0.0,0.0,0.0,0.0,0.0,0.0,0.0,0.0,0.0,0.0,0.0,0.0,0.0,5.18197e-06,0.000122095,0.0,2.61042e-06,0.0,9.82673e-06,0.0,0.0,0.000134753,0.0105758,0.00021623,0.00213722,0.0,0.0,0.0,0.000248115,0.0,0.0,0.000397578,0.0108453,0.0,0.000240088,0.0,0.0,1.50123e-05,0.0,0.0,0.0,0.0,0.0,0.00230393,0.0,0.000116681,5.26157e-05,0.0,0.0,0.0,0.000201912,0.0,0.0,2.78131e-06,3.66251e-05,0.0,0.0,0.000415404,0.00430144,0.000460687,0.00476411,0.000374399,0.000930117,0.00291564,0.0,0.00220898,0.0249853,0.00325607,0.000856054,0.000438127,0.0,0.000872611,0.0,0.000267607,0.000254905,0.00859083,0.0,6.22501e-06,0.0110223,0.000491789,0.0116335,0.00122427,6.90532e-10
0.0,0.0,0.0,0.0,0.0,0.0,0.0,0.0,0.0,0.0,0.0,0.0,0.0,0.0,0.0,0.0,0.0,0.0,0.0,0.0,4.33355e-05,0.00841868,0.0,0.000383153,0.0,2.24782e-07,0.0,0.0,0.0,0.0,0.0,0.0,0.0,0.0,0.0,0.0,0.0,0.0,0.0,0.0,0.0,0.0,0.0,0.0,5.24588e-06,0.000122341,0.0,2.60211e-06,0.0,9.77707e-06,0.0,0.0,0.000133646,0.0105143,0.00021662,0.00214346,0.0,0.0,0.0,0.000248274,0.0,0.0,0.000396313,0.0108741,0.0,0.000240479,0.0,0.0,1.48976e-05,0.0,0.0,0.0,0.0,0.0,0.00230913,0.0,0.000116747,5.27503e-05,0.0,0.0,0.0,0.000202306,0.0,0.0,2.7928e-06,3.64716e-05,0.0,0.0,0.000415846,0.00428186,0.000461647,0.00476905,0.000382216,0.000948188,0.00296811,0.0,0.00225075,0.0253304,0.00330905,0.000832375,0.000445652,0.0,0.000850776,0.0,0.000265801,0.000261983,0.0084798,0.0,6.32938e-06,0.0110414,0.000500648,0.011851,0.00124702,6.9853e-10
0.0,0.0,0.0,0.0,0.0,0.0,0.0,0.0,0.0,0.0,0.0,0.0,0.0,0.0,0.0,0.0,0.0,0.0,0.0,0.0,4.30935e-05,0.00839702,0.0,0.000381891,0.0,2.27521e-07,0.0,0.0,0.0,0.0,0.0,0.0,0.0,0.0,0.0,0.0,0.0,0.0,0.0,0.0,0.0,0.0,0.0,0.0,5.30979e-06,0.000122592,0.0,2.59381e-06,0.0,9.7293e-06,0.0,0.0,0.000132555,0.0104529,0.000217001,0.00214966,0.0,0.0,0.0,0.000248438,0.0,0.0,0.000395048,0.0109028,0.0,0.00024089,0.0,0.0,1.47823e-05,0.0,0.0,0.0,0.0,0.0,0.00231433,0.0,0.000116833,5.28855e-05,0.0,0.0,0.0,0.000202697,0.0,0.0,2.80431e-06,3.63181e-05,0.0,0.0,0.000416306,0.00426227,0.000462608,0.00477399,0.000389876,0.000966055,0.00302089,0.0,0.00229244,0.0256756,0.00336226,0.00081207,0.000453028,0.0,0.000828945,0.0,0.000266978,0.000269061,0.0083654,0.0,0.000490439,0.0110605,0.000515428,0.0120684,0.00126975,7.06417e-10
0.0,0.0,0.0,0.0,0.0,0.0,0.0,0.0,0.0,0.0,0.0,0.0,0.0,0.0,0.0,0.0,0.0,0.0,0.0,0.0,4.28619e-05,0.0083753,0.0,0.000380666,0.0,2.30259e-07,0.0,0.0,0.0,0.0,0.0,0.0,0.0,0.0,0.0,0.0,0.0,0.0,0.0,0.0,0.0,0.0,0.0,0.0,5.3737e-06,0.000122847,0.0,2.5855e-06,0.0,9.68299e-06,0.0,0.0,0.000131481,0.0103914,0.000217375,0.00215581,0.0,0.0,0.0,0.000248613,0.0,0.0,0.000393783,0.0109316,0.0,0.000241321,0.0,0.0,1.46661e-05,0.0,0.0,0.0,0.0,0.0,0.00231955,0.0,0.000116938,5.30212e-05,0.0,0.0,0.0,0.000203084,0.0,0.0,2.81585e-06,3.61646e-05,0.0,0.0,0.000416776,0.00424269,0.000463568,0.00477894,0.000428342,0.000993282,0.00303177,0.0,0.00233421,0.0260224,0.00341572,0.000793248,0.000460368,0.0,0.000807124,0.0,0.000272228,0.000276136,0.00824936,0.0,0.00163802,0.0110796,0.000538286,0.0122858,0.00129246,7.14184e-10
0.0,0.0,0.0,0.0,0.0,0.0,0.0,0.0,0.0,0.0,0.0,0.0,0.0,0.0,0.0,0.0,0.0,0.0,0.0,0.0,4.26393e-05,0.00835354,0.0,0.000379468,0.0,2.32998e-07,0.0,0.0,0.0,0.0,0.0,0.0,0.0,0.0,0.0,0.0,0.0,0.0,0.0,0.0,0.0,0.0,0.0,0.0,5.43762e-06,0.000123107,0.0,2.5772e-06,0.0,9.63775e-06,0.0,0.0,0.000130425,0.0103299,0.000217742,0.00216192,0.0,0.0,0.0,0.0002488,0.0,0.0,0.000392518,0.0109604,0.0,0.00024177,0.0,0.0,1.455e-05,0.0,0.0,0.0,0.0,0.0,0.00232477,0.0,0.000117061,5.31575e-05,0.0,0.0,0.0,0.000203467,0.0,0.0,2.8274e-06,3.60112e-05,0.0,0.0,0.000417254,0.0042231,0.000464528,0.00478388,0.000437618,0.00101242,0.00308165,0.0,0.00237606,0.0263674,0.00346942,0.00077568,0.000467682,0.0,0.000785314,0.0,0.000274229,0.000283213,0.00813192,0.0,0.00225808,0.0110958,0.000554739,0.0125033,0.00131516,7.21836e-10
0.0,0.0,0.0,0.0,0.0,0.0,0.0,0.0,0.0,0.0,0.0,0.0,0.0,0.0,0.0,0.0,0.0,0.0,0.0,0.0,4.24246e-05,0.00833174,0.0,0.000378292,0.0,2.35737e-07,0.0,0.0,0.0,0.0,0.0,0.0,0.0,0.0,0.0,0.0,0.0,0.0,0.0,0.0,0.0,0.0,0.0,0.0,5.50153e-06,0.00012337,0.0,2.5689e-06,0.0,9.59321e-06,0.0,0.0,0.000129388,0.0102683,0.000218101,0.002168,0.0,0.0,0.0,0.000249,0.0,0.0,0.000391253,0.0109892,0.0,0.000242234,0.0,0.0,1.44339e-05,0.0,0.0,0.0,0.0,0.0,0.00233001,0.0,0.000117199,5.32944e-05,0.0,0.0,0.0,0.000203847,0.0,0.0,2.83898e-06,3.58577e-05,0.0,0.0,0.000417739,0.00420352,0.000465488,0.00478882,0.00044558,0.00103117,0.0031333,0.0,0.00241797,0.0267122,0.00352331,0.000759103,0.000474976,0.0,0.000763508,0.0,0.000272657,0.00029029,0.00801337,0.0,0.00229755,0.0111139,0.000564124,0.0127207,0.00133784,7.29373e-10
0.0,0.0,0.0,0.0,0.0,0.0,0.0,0.0,0.0,0.0,0.0,0.0,0.0,0.0,0.0,0.0,0.0,0.0,0.0,0.0,4.22166e-05,0.00830991,0.0,0.000377133,0.0,2.38475e-07,0.0,0.0,0.0,0.0,0.0,0.0,0.0,0.0,0.0,0.0,0.0,0.0,0.0,0.0,0.0,0.0,0.0,0.0,5.56544e-06,0.000123637,0.0,2.56059e-06,0.00104885,9.54903e-06,0.0,0.0,0.000128368,0.0104762,0.000218454,0.0022555,0.0,0.0,0.0,0.000249218,0.0,0.0,0.000389988,0.0111137,0.0,0.000730775,0.0,0.0,1.43187e-05,0.0,0.0,0.0,0.0,0.0,0.00233525,0.0,0.000117352,5.34317e-05,0.0,0.0,0.0,0.000204225,0.0,0.0,2.85057e-06,3.57043e-05,0.0,0.0,0.000418228,0.00418393,0.000466449,0.00479376,0.000453543,0.00104991,0.00318493,3.28197e-08,0.00245995,0.0270569,0.00357739,0.000743296,0.000482257,0.0,0.000741708,0.0,0.00027108,0.000297367,0.00789394,0.0,0.00233702,0.011133,0.000573507,0.0129381,0.00136049,7.36784e-10
0.0,0.0,0.0,0.0,0.0,0.0,0.0,0.0,0.0,0.0,0.0,0.0,0.0,0.0,0.0,0.0,0.0,0.0,0.0,0.0,4.20147e-05,0.00828806,0.0,0.000375986,0.0,2.41214e-07,0.0,0.0,0.0,0.0,0.0,0.0,0.0,0.0,0.0,0.0,0.0,0.0,0.0,0.0,0.0,0.0,0.0,0.0,5.62935e-06,0.000123906,0.0,2.55229e-06,0.00283193,9.50494e-06,0.0,0.0,0.000127366,0.0108728,0.000218799,0.00239999,0.0,0.0,0.0,0.000249452,0.0,0.0,0.000388723,0.0113054,0.0,0.00156099,0.0,0.0,1.4204e-05,0.0,0.0,0.0,0.0,0.0,0.00234051,0.0,0.000117519,5.35699e-05,0.0,0.0,0.0,0.0002046,0.0,0.0,2.86218e-06,3.55509e-05,0.0,0.0,0.000418719,0.00416435,0.000467409,0.0047987,0.000461508,0.00106867,0.00323653,1.06451e-07,0.00250199,0.0274014,0.00363163,0.000728085,0.00048953,0.0,0.000719912,0.0,0.0002695,0.000304443,0.00777383,0.0,0.00237648,0.011152,0.000582893,0.0131556,0.00138313,7.44076e-10
0.0,0.0,0.0,0.0,0.0,0.0,0.0,0.0,0.0,0.0,0.0,0.0,0.0,0.0,0.0,0.0,0.0,0.0,0.0,0.0,4.18181e-05,0.0082662,0.0,0.00037485,0.0,2.43952e-07,0.0,0.0,0.0,0.0,0.0,0.0,0.0,0.0,0.0,0.0,0.0,0.0,0.0,0.0,0.0,0.0,0.0,0.0,5.69326e-06,0.000124177,0.0,2.54398e-06,0.00355075,9.46069e-06,0.0,0.0,0.00012638,0.0109958,0.000219139,0.00246181,0.0,0.0,0.0,0.000249706,0.0,0.0,0.000387458,0.0113997,0.0,0.00189598,0.0,0.0,1.40903e-05,0.0,0.0,0.0,0.0,0.0,0.00234577,0.0,0.000117697,5.37087e-05,0.0,0.0,0.0,0.000204972,0.0,0.0,2.87382e-06,3.53975e-05,0.0,0.0,0.000419212,0.00414476,0.000468369,0.00480363,0.000469555,0.00108746,0.00328843,1.89136e-07,0.00254421,0.0277468,0.0036862,0.000713342,0.000496812,0.0,0.000698178,0.0,0.000267932,0.00031152,0.0076532,0.0,0.00241626,0.0111024,0.000592583,0.0133733,0.00140601,7.51249e-10
0.0,0.0,0.0,0.0,0.0,0.0,0.0,0.0,0.0,0.0,0.0,0.0,0.0,0.0,0.0,0.0,0.0,0.0,0.0,0.0,4.16262e-05,0.00824432,0.0,0.000373721,0.0,2.46691e-07,0.0,0.0,0.0,0.0,0.0,0.0,0.0,0.0,0.0,0.0,0.0,0.0,0.0,0.0,0.0,0.0,0.0,0.0,5.75718e-06,0.000124451,0.0,2.53568e-06,0.00356339,9.41608e-06,0.0,0.0,0.000125411,0.0109374,0.000219472,0.00246876,0.0,0.0,0.0,0.000249978,0.0,0.0,0.000386193,0.0114296,0.0,0.00190237,0.0,0.0,1.39777e-05,0.0,0.0,0.0,0.0,0.0,0.00235104,0.0,0.000117887,5.38479e-05,0.0,0.0,0.0,0.000205342,0.0,0.0,2.88547e-06,3.52442e-05,0.0,0.0,0.000419706,0.00412518,0.00046933,0.00480857,0.000477609,0.00110627,0.00334031,2.94807e-07,0.00258648,0.0280921,0.00374088,0.000698968,0.000504094,0.0,0.00067645,0.0,0.00026636,0.000318597,0.00753215,0.0,0.00245604,0.0110499,0.000602284,0.0135911,0.00142888,7.58301e-10
0.0,0.0,0.0,0.0,0.0,0.0,0.0,0.0,0.0,0.0,0.0,0.0,0.0,0.0,0.0,0.0,0.0,0.0,0.0,0.0,4.14399e-05,0.00822236,0.0,0.000372604,0.0,2.4943e-07,0.0,0.0,0.0,0.0,0.0,0.0,0.0,0.0,0.0,0.0,0.0,0.0,0.0,0.0,0.0,0.0,0.0,0.0,5.82109e-06,0.000124739,0.0,2.52738e-06,0.00357506,9.37e-06,0.0,0.0,0.000124446,0.0108777,0.000219717,0.00247565,0.0,0.0,0.0,0.000250225,0.0,0.0,0.000384928,0.0114585,0.0,0.00190815,0.0,0.0,1.3865e-05,0.0,0.0,0.0,0.0,0.0,0.00235637,0.0,0.000118026,5.40493e-05,0.0,0.0,0.0,0.000205678,0.0,0.0,2.89713e-06,3.50884e-05,0.0,0.0,0.000420205,0.00410535,0.00047029,0.00481351,0.000485679,0.00112511,0.00339222,4.44929e-07,0.00262879,0.0284456,0.00379588,0.000686292,0.000511459,0.0,0.000655137,0.0,0.000264857,0.000325412,0.00742469,0.0,0.00249587,0.0110089,0.000612039,0.0138089,0.00144356,7.65247e-10
0.0,0.0,0.0,0.0,0.0,0.0,0.0,0.0,0.0,0.0,0.0,0.0,0.0,0.0,0.0,0.0,0.0,0.0,0.0,0.0,4.11302e-05,0.00818546,0.0,0.000370424,0.0,2.52168e-07,0.0,0.0,0.0,0.0,0.0,0.0,0.0,0.0,0.0,0.0,0.0,0.0,0.0,0.0,0.0,0.0,0.0,0.0,5.885e-06,0.000124583,0.0,2.51907e-06,0.00350301,9.28451e-06,0.0,0.0,0.000122963,0.010701,0.00021995,0.00252878,0.0,0.0,0.0,0.000249621,0.0,0.0,0.000383663,0.0114402,0.0,0.00199753,0.0,0.0,1.36951e-05,0.0,0.0,0.0,0.0,0.0,0.0023617,0.0,0.000117753,5.42521e-05,0.0,0.0,0.0,0.000206013,0.0,0.0,2.91638e-06,3.48877e-05,0.0,0.0,0.000420312,0.00407943,0.000471254,0.00481407,0.000493472,0.00114281,0.00344647,4.95445e-07,0.00267083,0.0289221,0.00385465,0.000706384,0.000519627,0.0,0.000678962,0.0,0.000271337,0.000326322,0.00764536,0.0,0.00255223,0.0111632,0.000622597,0.0140273,0.00144985,7.72847e-10
0.0,0.0,0.0,0.0,0.0,0.0,0.0,0.0,0.0,0.0,0.0,0.0,0.0,0.0,0.0,0.0,0.0,0.0,0.0,0.0,4.08398e-05,0.00814839,0.0,0.000368357,0.0,2.54907e-07,0.0,0.0,0.0,0.0,0.0,0.0,0.0,0.0,0.0,0.0,0.0,0.0,0.0,0.0,0.0,0.0,0.0,0.0,5.94891e-06,0.000124428,0.0,2.51075e-06,0.00332759,9.19772e-06,0.0,0.0,0.000121498,0.0104175,0.000220179,0.00266574,0.0,0.0,0.0,0.000249037,0.0,0.0,0.000382398,0.0114146,0.0,0.0022206,0.0,0.0,1.35267e-05,0.0,0.0,0.0,0.0,0.0,0.00236704,0.0,0.000117489,5.44553e-05,0.0,0.0,0.0,0.000206346,0.0,0.0,2.93568e-06,3.46871e-05,0.0,0.0,0.000420463,0.00405351,0.000472219,0.00481462,0.000501339,0.00116078,0.00350033,5.56328e-07,0.00271305,0.0293982,0.00391346,0.000725746,0.000527937,0.0,0.000702781,0.0,0.000277751,0.000327232,0.0078666,0.0,0.00260852,0.0113175,0.00063301,0.0142457,0.00146104,7.79846e-10
0.0,0.0,0.0,0.0,0.0,0.0,0.0,0.0,0.0,0.0,0.0,0.0,0.0,0.0,0.0,0.0,0.0,0.0,0.0,0.0,4.05517e-05,0.00811131,0.0,0.000366289,0.0,2.57645e-07,0.0,0.0,0.0,0.0,0.0,0.0,0.0,0.0,0.0,0.0,0.0,0.0,0.0,0.0,0.0,0.0,0.0,0.0,6.01284e-06,0.000124276,0.0,2.50244e-06,0.00331864,9.11022e-06,0.0,0.0,0.00012005,0.010322,0.000220402,0.00265274,0.0,0.0,0.0,0.000248475,0.0,0.0,0.000381133,0.0114112,0.0,0.00221694,0.0,0.0,1.33604e-05,0.0,0.0,0.0,0.0,0.0,0.00237239,0.0,0.000117233,5.46592e-05,0.0,0.0,0.0,0.000206677,0.0,0.0,2.955e-06,3.44864e-05,0.0,0.0,0.000420611,0.00402759,0.000473183,0.00481517,0.000509196,0.00117873,0.00355416,5.97444e-07,0.00275523,0.0298743,0.00397227,0.000745699,0.000536287,0.0,0.000726594,0.0,0.000284163,0.000328145,0.00808727,0.0,0.00266478,0.0114717,0.000643407,0.0144641,0.0014786,7.86771e-10
0.0,0.0,0.0,0.0,0.0,0.0,0.0,0.0,0.0,0.0,0.0,0.0,0.0,0.0,0.0,0.0,0.0,0.0,0.0,0.0,4.02658e-05,0.00807424,0.0,0.000364219,0.0,2.60384e-07,0.0,0.0,0.0,0.0,0.0,0.0,0.0,0.0,0.0,0.0,0.0,0.0,0.0,0.0,0.0,0.0,0.0,0.0,6.07675e-06,0.000124126,0.0,2.49413e-06,0.00331948,9.02203e-06,0.0,0.0,0.000118618,0.0102286,0.000220621,0.00263738,0.0,0.0,0.0,0.000247935,0.0,0.0,0.000379868,0.011406,0.0,0.00220546,0.0,0.0,1.31956e-05,0.0,0.0,0.0,0.0,0.0,0.00237775,0.0,0.000116984,5.4864e-05,0.0,0.0,0.0,0.000207006,0.0,0.0,2.97433e-06,3.42858e-05,0.0,0.0,0.000420758,0.00400166,0.000474147,0.00481572,0.00051705,0.00119668,0.003608,6.33572e-07,0.00279739,0.0303503,0.00403107,0.000765866,0.000544683,0.0,0.000750407,0.0,0.000290576,0.000329061,0.00830775,0.0,0.00272103,0.0116258,0.000653812,0.0146825,0.00149614,7.93621e-10
0.0,0.0,0.0,0.0,0.0,0.0,0.0,0.0,0.0,0.0,0.0,0.0,0.0,0.0,0.0,0.0,0.0,0.0,0.0,0.0,3.9982e-05,0.00803717,0.0,0.000362148,0.0,2.63123e-07,0.0,0.0,0.0,0.0,0.0,0.0,0.0,0.0,0.0,0.0,0.0,0.0,0.0,0.0,0.0,0.0,0.0,0.0,6.14066e-06,0.000123979,0.0,2.48582e-06,0.00332334,8.93275e-06,0.0,0.0,0.0001172,0.0101388,0.000220836,0.00262051,0.0,0.0,0.0,0.000247415,0.0,0.0,0.000378603,0.011399,0.0,0.00219061,0.0,0.0,1.30326e-05,0.0,0.0,0.0,0.0,0.0,0.0023831,0.0,0.000116743,5.5069e-05,0.0,0.0,0.0,0.000207335,0.0,0.0,2.99368e-06,3.40851e-05,0.0,0.0,0.000420901,0.00397574,0.000475112,0.00481627,0.000524902,0.00121462,0.00366183,6.68865e-07,0.00283954,0.0308262,0.00408988,0.00078611,0.000553124,0.0,0.000774217,0.0,0.000296988,0.000329976,0.00852821,0.0,0.00277727,0.0117797,0.000664225,0.0149009,0.00151367,8.00396e-10
0.0,0.0,0.0,0.0,0.0,0.0,0.0,0.0,0.0,0.0,0.0,0.0,0.0,0.0,0.0,0.0,0.0,0.0,0.0,0.0,3.97003e-05,0.0080001,0.0,0.000360076,0.0,2.65861e-07,0.0,0.0,0.0,0.0,0.0,0.0,0.0,0.0,0.0,0.0,0.0,0.0,0.0,0.0,0.0,0.0,0.0,0.0,6.20457e-06,0.000123835,0.0,2.47751e-06,0.00332936,8.84261e-06,0.0,0.0,0.000115796,0.0100511,0.000221046,0.00260342,0.0,0.0,0.0,0.000246916,0.0,0.0,0.000377338,0.0113905,0.0,0.00217312,0.0,0.0,1.28712e-05,0.0,0.0,0.0,0.0,0.0,0.00238847,0.0,0.000116508,5.52748e-05,0.0,0.0,0.0,0.000207661,0.0,0.0,3.01304e-06,3.38845e-05,0.0,0.0,0.000421042,0.00394982,0.000476076,0.00481682,0.000532752,0.00123256,0.00371565,7.04599e-07,0.00288166,0.0313022,0.00414867,0.000806322,0.000561613,0.0,0.000798026,0.0,0.000303397,0.000330891,0.00874875,0.0,0.00283351,0.0119335,0.000674644,0.0151192,0.00153118,8.07099e-10
0.0,0.0,0.0,0.0,0.0,0.0,0.0,0.0,0.0,0.0,0.0,0.0,0.0,0.0,0.0,0.0,0.0,0.0,0.0,0.0,3.94204e-05,0.00796304,0.0,0.000358003,0.0,2.686e-07,0.0,0.0,0.0,0.0,0.0,0.0,0.0,0.0,0.0,0.0,0.0,0.0,0.0,0.0,0.0,0.0,0.0,0.0,6.26848e-06,0.000123692,0.0,2.4692e-06,0.00333676,8.75171e-06,0.0,0.0,0.000114405,0.00996489,0.000221253,0.00258674,0.0,0.0,0.0,0.000246435,0.0,0.0,0.000376073,0.0113809,0.0,0.00215358,0.0,0.0,1.27118e-05,0.0,0.0,0.0,0.0,0.0,0.00239384,0.0,0.000116278,5.54813e-05,0.0,0.0,0.0,0.000207987,0.0,0.0,3.03243e-06,3.36839e-05,0.0,0.0,0.000421181,0.0039239,0.00047704,0.00481737,0.000540601,0.00125048,0.00376947,7.41167e-07,0.00292378,0.0317781,0.00420747,0.000826441,0.000570148,0.0,0.000749722,0.0,0.000254659,0.000459062,0.00896946,0.0,0.00288973,0.0120872,0.00068507,0.0153375,0.00154867,8.13727e-10
0.0,0.0,0.0,0.0,0.0,0.0,0.0,0.0,0.0,0.0,0.0,0.0,0.0,0.0,0.0,0.0,0.0,0.0,0.0,0.0,3.91425e-05,0.00792597,0.0,0.000355931,0.0,2.71338e-07,0.0,0.0,0.0,0.0,0.0,0.0,0.0,0.0,0.0,0.0,0.0,0.0,0.0,0.0,0.0,0.0,0.0,0.0,6.3324e-06,0.000123551,0.0,2.46089e-06,0.0033446,8.65958e-06,0.0,0.0,0.000113025,0.00987897,0.000221457,0.00257103,0.0,0.0,0.0,0.000245972,0.0,0.0,0.000374808,0.0113704,0.0,0.00213308,0.0,0.0,1.25533e-05,0.0,0.0,0.0,0.0,0.0,0.00239921,0.0,0.000116054,5.56882e-05,0.0,0.0,0.0,0.000208312,0.0,0.0,3.05183e-06,3.34833e-05,0.0,0.0,0.000421318,0.00389797,0.000478005,0.00481792,0.000548449,0.0012684,0.00382329,7.78752e-07,0.00296588,0.032254,0.00426626,0.000846419,0.000578732,0.0,0.000758443,0.0,0.000249526,0.000486618,0.00919039,0.0,0.00294595,0.0122406,0.0006955,0.0155558,0.00156615,8.20282e-10
0.0,0.0,0.0,0.0,0.0,0.0,0.0,0.0,0.0,0.0,0.0,0.0,0.0,0.0,0.0,0.0,0.0,0.0,0.0,0.0,3.88663e-05,0.0078889,0.0,0.000353858,0.0,2.74077e-07,0.0,0.0,0.0,0.0,0.0,0.0,0.0,0.0,0.0,0.0,0.0,0.0,0.0,0.0,0.0,0.0,0.0,0.0,6.39631e-06,0.000123411,0.0,2.45258e-06,0.00335209,8.56685e-06,0.0,0.0,0.000111655,0.00979234,0.000221657,0.00255668,0.0,0.0,0.0,0.000245525,0.0,0.0,0.000373543,0.0113594,0.0,0.00211279,0.0,0.0,1.23967e-05,0.0,0.0,0.0,0.0,0.0,0.00240458,0.0,0.000115834,5.58957e-05,0.0,0.0,0.0,0.000208636,0.0,0.0,3.07125e-06,3.32827e-05,0.0,0.0,0.000421454,0.00387205,0.000478969,0.00481847,0.000556296,0.00128632,0.00387709,8.17398e-07,0.00300798,0.0327299,0.00432505,0.000866229,0.000587364,0.0,0.000780192,0.0,0.000254618,0.000490915,0.00941157,0.0,0.00300216,0.012394,0.000705936,0.0157741,0.00158361,8.26761e-10
0.0,0.0,0.0,1.40415e-06,0.0,0.0,0.0,0.0,0.0,0.0,1.70103e-06,0.0,0.0,0.0,0.0,0.0,0.0,0.0,0.0,8.79449e-07,0.00203978,0.00786698,0.0,0.000351785,0.0,2.76816e-07,0.0,0.0,0.0,0.0,0.0,0.0,0.0,0.0,0.0,0.0,0.0,0.0,0.0,0.0,0.0,0.0,0.0,0.0,6.46022e-06,0.000123272,0.0,2.44427e-06,0.00335857,8.4734e-06,0.0,0.0,0.000110296,0.00970411,0.000221863,0.00254398,0.0,0.0,0.0,0.000245096,0.0,0.0,0.000372278,0.011348,0.0,0.00209382,0.0,0.0,1.2241e-05,0.0,0.0,0.0,0.0,0.0,0.00240996,0.0,0.000115622,5.60979e-05,0.0,0.0,0.0,0.000208961,0.0,0.0,3.09069e-06,3.30821e-05,0.0,0.0,0.000421588,0.00384613,0.000479934,0.00481896,0.000564144,0.00130423,0.00393089,8.56894e-07,0.00305006,0.0332067,0.00438399,0.000886048,0.000596093,0.0,0.000802054,0.0,0.000259726,0.000495308,0.00963531,0.0,0.00305837,0.0125522,0.000716381,0.0159924,0.00160106,8.33177e-10
0.0,0.0,0.0,7.77498e-06,0.0,0.0,0.0,0.0,0.0,0.0,9.41883e-06,0.0,0.0,0.0,0.0,0.0,0.0,0.0,0.0,4.86964e-06,0.0111192,0.00790253,0.0,0.00035006,0.0,2.797e-07,0.0,0.0,0.0,0.0,0.0,0.0,0.0,0.0,0.0,0.0,0.0,0.0,0.0,0.0,0.0,0.0,0.0,0.0,6.52753e-06,0.000123167,0.0,2.43482e-06,0.00336461,8.36905e-06,0.0,0.0,0.000108814,0.00960363,0.000222063,0.00253374,0.0,0.0,0.0,0.000244743,0.0,0.0,0.000370841,0.0113391,0.0,0.00207745,0.0,0.0,1.20724e-05,0.0,0.0,0.0,0.0,0.0,0.00241532,0.0,0.000115446,5.63003e-05,0.0,0.0,0.0,0.000209286,0.0,0.0,3.10655e-06,3.28554e-05,0.0,0.0,0.000421838,0.00381726,0.000480903,0.00481899,0.000572541,0.0013231,0.00398814,8.94622e-07,0.00309458,0.0337291,0.0044488,0.000911183,0.000605845,0.0,0.000834677,0.0,0.000265924,0.000501913,0.00991984,0.0,0.00312691,0.0128058,0.000727853,0.0162235,0.00162116,8.40447e-10
0.0,0.0,0.0,1.16355e-05,0.0,0.0,0.0,0.0,0.0,0.0,1.40955e-05,0.0,0.0,0.0,0.0,0.0,0.0,0.0,0.0,7.28754e-06,0.0166209,0.00791107,0.0,0.000348292,0.0,2.82584e-07,0.0,0.0,0.0,0.0,0.0,0.0,0.0,0.0,0.0,0.0,0.0,0.0,0.0,0.0,0.0,0.0,0.0,0.0,6.59483e-06,0.000123063,0.0,2.42537e-06,0.00336913,8.264e-06,0.0,0.0,0.00010734,0.00950049,0.000222261,0.00252528,0.0,0.0,0.0,0.000244404,0.0,0.0,0.000369403,0.0113302,0.0,0.00206357,0.0,0.0,1.1905e-05,0.0,0.0,0.0,0.0,0.0,0.00242069,0.0,0.000115272,5.65032e-05,0.0,0.0,0.0,0.00020961,0.0,0.0,3.12242e-06,3.26287e-05,0.0,0.0,0.000422071,0.00378838,0.000481872,0.00481902,0.000580995,0.00134201,0.00404553,9.34134e-07,0.00313919,0.034252,0.00451365,0.000936098,0.000615782,0.0,0.000867303,0.0,0.000272129,0.00050857,0.0102047,0.0,0.00319564,0.0130101,0.000739514,0.0164548,0.00164129,8.47345e-10
0.0,0.0,0.0,9.75489e-06,0.0,0.0,0.0,0.0,0.0,0.0,1.18174e-05,0.0,0.0,0.0,0.0,0.0,0.0,0.0,0.0,6.1097e-06,0.0139405,0.00785769,0.0,0.000346526,0.0,2.85468e-07,0.0,0.0,0.0,0.0,0.0,0.0,0.0,0.0,0.0,0.0,0.0,0.0,0.0,0.0,0.0,0.0,0.0,0.0,6.66214e-06,0.00012296,0.0,2.41593e-06,0.00337216,8.1583e-06,0.0,0.0,0.000105874,0.00939461,0.000222457,0.0025185,0.0,0.0,0.0,0.000244077,0.0,0.0,0.000367965,0.0113212,0.0,0.00205227,0.0,0.0,1.17384e-05,0.0,0.0,0.0,0.0,0.0,0.00242606,0.0,0.000115101,5.67064e-05,0.0,0.0,0.0,0.000209934,0.0,0.0,3.13832e-06,3.2402e-05,0.0,0.0,0.000422304,0.00375951,0.000482841,0.00481905,0.000589532,0.00136094,0.00410323,9.7312e-07,0.00318387,0.0347757,0.00457872,0.00096076,0.000625786,0.0,0.000899945,0.0,0.000278318,0.000515291,0.0104899,0.0,0.00326465,0.0131429,0.000751476,0.0166864,0.0016617,8.54197e-10
0.0,0.0,0.0,7.87448e-06,0.0,0.0,0.0,0.0,0.0,0.0,9.53937e-06,0.0,0.0,0.0,0.0,0.0,0.0,0.0,0.0,4.93195e-06,0.0112603,0.00780431,0.0,0.000344762,0.0,2.88352e-07,0.0,0.0,0.0,0.0,0.0,0.0,0.0,0.0,0.0,0.0,0.0,0.0,0.0,0.0,0.0,0.0,0.0,0.0,6.72944e-06,0.000122859,0.0,2.40648e-06,0.00337384,8.05198e-06,0.0,0.0,0.000104416,0.00928622,0.000222653,0.00251318,0.0,0.0,0.0,0.000243761,0.0,0.0,0.000366527,0.0113121,0.0,0.00204338,0.0,0.0,1.15731e-05,0.0,0.0,0.0,0.0,0.0,0.00243143,0.0,0.000114933,5.69098e-05,0.0,0.0,0.0,0.000210258,0.0,0.0,3.15423e-06,3.21754e-05,0.0,0.0,0.000422536,0.00373064,0.00048381,0.00481907,0.000598031,0.00137984,0.00416078,1.02655e-06,0.00322849,0.035299,0.00464369,0.000985109,0.000635834,0.0,0.000932526,0.0,0.000284479,0.000522053,0.0107755,0.0,0.00333352,0.0133101,0.000763302,0.0169178,0.00168197,8.61003e-10
0.0,0.0,0.0,5.99407e-06,0.0,0.0,0.0,0.0,0.0,0.0,7.26138e-06,0.0,0.0,0.0,0.0,0.0,0.0,0.0,0.0,3.75421e-06,0.00858012,0.00775093,0.0,0.000343001,0.0,2.91236e-07,0.0,0.0,0.0,0.0,0.0,0.0,0.0,0.0,0.0,0.0,0.0,0.0,0.0,0.0,0.0,0.0,0.0,0.0,6.79675e-06,0.000122759,0.0,2.39704e-06,0.00337443,7.9451e-06,0.0,0.0,0.000102963,0.0091757,0.000222847,0.00250904,0.0,0.0,0.0,0.000243455,0.0,0.0,0.00036509,0.0113031,0.0,0.0020365,0.0,0.0,1.14085e-05,0.0,0.0,0.0,0.0,0.0,0.00243681,0.0,0.000114767,5.71135e-05,0.0,0.0,0.0,0.000210581,0.0,0.0,3.17016e-06,3.19487e-05,0.0,0.0,0.000422768,0.00370176,0.000484779,0.00481909,0.00060648,0.00139871,0.00421812,1.08481e-06,0.00327304,0.0358216,0.00470854,0.00100912,0.000645917,0.0,0.000965044,0.0,0.000290612,0.000528851,0.0110615,0.0,0.00340219,0.0135219,0.000774953,0.017149,0.00170208,8.67762e-10
0.0,0.0,0.0,4.11365e-06,0.0,0.0,0.0,0.0,0.0,0.0,4.98339e-06,0.0,0.0,0.0,0.0,0.0,0.0,0.0,0.0,2.57647e-06,0.00589994,0.00769754,0.0,0.000341242,0.0,2.9412e-07,0.0,0.0,0.0,0.0,0.0,0.0,0.0,0.0,0.0,0.0,0.0,0.0,0.0,0.0,0.0,0.0,0.0,0.0,6.86405e-06,0.00012266,0.0,2.38759e-06,0.00337419,7.83771e-06,0.0,0.0,0.000101516,0.00906357,0.00022304,0.00250578,0.0,0.0,0.0,0.000243158,0.0,0.0,0.000363652,0.0112941,0.0,0.00203117,0.0,0.0,1.12448e-05,0.0,0.0,0.0,0.0,0.0,0.00244218,0.0,0.000114603,5.73172e-05,0.0,0.0,0.0,0.000210905,0.0,0.0,3.18612e-06,3.17221e-05,0.0,0.0,0.000423,0.00367289,0.000485748,0.00481911,0.00061493,0.00141758,0.00427546,1.14502e-06,0.00331758,0.0363442,0.00477339,0.00103278,0.000656035,0.0,0.000997534,0.0,0.000296724,0.000535686,0.011348,0.0,0.00347085,0.0137335,0.000786613,0.0173802,0.0017222,8.74473e-10
0.0,0.0,0.0,2.23323e-06,0.0,0.0,0.0,0.0,0.0,0.0,2.7054e-06,0.0,0.0,0.0,0.0,0.0,0.0,0.0,0.0,1.39872e-06,0.00321975,0.00764415,0.0,0.000339485,0.0,2.97004e-07,0.0,0.0,0.0,0.0,0.0,0.0,0.0,0.0,0.0,0.0,0.0,0.0,0.0,0.0,0.0,0.0,0.0,0.0,6.93136e-06,0.000122561,0.0,2.37815e-06,0.00337339,7.72998e-06,0.0,0.0,0.000100075,0.0089503,0.000223233,0.00250311,0.0,0.0,0.0,0.000242869,0.0,0.0,0.000362214,0.011285,0.0,0.00202691,0.0,0.0,1.10819e-05,0.0,0.0,0.0,0.0,0.0,0.00244755,0.0,0.000114441,5.75213e-05,0.0,0.0,0.0,0.000211228,0.0,0.0,3.2021e-06,3.14955e-05,0.0,0.0,0.00042323,0.00364402,0.000486717,0.00481913,0.00062243,0.00143644,0.00433257,1.2073e-06,0.00336489,0.0368652,0.00483825,0.00105609,0.00066618,0.0,0.00103,0.0,0.000302817,0.000542553,0.0116349,0.0,0.00353951,0.013945,0.000798281,0.0176113,0.00174231,8.81139e-10
0.0,0.0,0.0,3.52818e-07,0.0,0.0,0.0,0.0,0.0,0.0,4.27413e-07,0.0,0.0,0.0,0.0,0.0,0.0,0.0,0.0,2.20977e-07,0.000539572,0.00759075,0.0,0.000337731,0.0,2.99888e-07,0.0,0.0,0.0,0.0,0.0,0.0,0.0,0.0,0.0,0.0,0.0,0.0,0.0,0.0,0.0,0.0,0.0,0.0,6.99867e-06,0.000122464,0.0,2.3687e-06,0.00337223,7.62152e-06,0.0,0.0,9.86373e-05,0.00883633,0.000223426,0.0025008,0.0,0.0,0.0,0.000242588,0.0,0.0,0.000360777,0.011276,0.0,0.00202334,0.0,0.0,1.09195e-05,0.0,0.0,0.0,0.0,0.0,0.00245293,0.0,0.00011428,5.77254e-05,0.0,0.0,0.0,0.000211552,0.0,0.0,3.2181e-06,3.12689e-05,0.0,0.0,0.000423461,0.00361514,0.000487686,0.00481914,0.00063079,0.00145529,0.00438989,1.27161e-06,0.00340968,0.0373876,0.00490312,0.00107905,0.000676348,0.0,0.00106244,0.0,0.000308893,0.000549449,0.0119222,0.0,0.00360817,0.0141564,0.000809958,0.0178424,0.00176243,8.87758e-10
0.0,0.0,0.0,0.0,0.0,0.0,0.0,0.0,0.0,0.0,0.0,0.0,0.0,0.0,0.0,0.0,0.0,0.0,0.0,0.0,3.65141e-05,0.00755383,0.0,0.000335978,0.0,3.02772e-07,0.0,0.0,0.0,0.0,0.0,0.0,0.0,0.0,0.0,0.0,0.0,0.0,0.0,0.0,0.0,0.0,0.0,0.0,7.06597e-06,0.000122367,0.0,2.35926e-06,0.00337087,7.51303e-06,0.0,0.0,9.7204e-05,0.00872196,0.000223618,0.00249869,0.0,0.0,0.0,0.000242314,0.0,0.0,0.000359339,0.011267,0.0,0.00202016,0.0,0.0,1.07578e-05,0.0,0.0,0.0,0.0,0.0,0.0024583,0.0,0.000114121,5.79298e-05,0.0,0.0,0.0,0.000211877,0.0,0.0,3.23412e-06,3.10423e-05,0.0,0.0,0.000423691,0.00358627,0.000488655,0.00481915,0.000639216,0.00147413,0.00444721,1.33806e-06,0.00345426,0.03791,0.00496799,0.00110167,0.000686531,0.0,0.00109486,0.0,0.000314951,0.00055637,0.01221,0.0,0.00367682,0.0143676,0.000821643,0.0180735,0.00178256,8.94331e-10
0.0,0.0,0.0,0.0,0.0,0.0,0.0,0.0,0.0,0.0,0.0,0.0,0.0,0.0,0.0,0.0,0.0,0.0,0.0,0.0,3.62902e-05,0.00752071,0.0,0.000334228,0.0,3.05646e-07,0.0,0.0,0.0,0.0,0.0,0.0,0.0,0.0,0.0,0.0,0.0,0.0,0.0,0.0,0.0,0.0,0.0,0.0,7.13329e-06,0.000122524,0.0,2.34981e-06,0.00312725,7.40397e-06,0.0,0.0,9.5774e-05,0.00854742,0.000224923,0.00247723,0.0,0.0,0.0,0.000242481,0.0,0.0,0.000357901,0.0112541,0.0,0.00188972,0.0,0.0,1.05966e-05,0.0,0.0,0.0,0.0,0.0,0.00247598,0.0,0.000114205,5.84193e-05,0.0,0.0,0.0,0.000213265,0.0,0.0,3.25017e-06,3.08157e-05,0.0,0.0,0.000423922,0.0035574,0.000489625,0.00481876,0.000647645,0.00149296,0.00450454,1.4062e-06,0.00349884,0.0384329,0.00503294,0.00112397,0.000696748,0.0,0.00112735,0.0,0.000321007,0.000563302,0.0124991,0.0,0.00374547,0.0145808,0.000833347,0.0183046,0.0018027,9.00878e-10
0.0,0.0,0.0,0.0,0.0,0.0,0.0,0.0,0.0,0.0,0.0,0.0,0.0,0.0,0.0,0.0,0.0,0.0,0.0,0.0,3.61059e-05,0.00749152,0.0,0.000332815,0.0,3.08665e-07,0.0,0.0,0.0,0.0,0.0,0.0,0.0,0.0,0.0,0.0,0.0,0.0,0.0,0.0,0.0,0.0,0.0,0.0,7.204e-06,0.000122793,0.0,2.33923e-06,0.00280446,7.28463e-06,0.0,0.0,9.42167e-05,0.00834291,0.000226573,0.00244999,0.0,0.0,0.0,0.000242842,0.0,0.0,0.000356291,0.011242,0.0,0.00171806,0.0,0.0,1.04214e-05,0.0,0.0,0.0,0.0,0.0,0.00249756,0.0,0.000114392,5.90015e-05,0.0,0.0,0.0,0.000214988,0.0,0.0,3.26264e-06,3.0563e-05,0.0,0.0,0.000424264,0.00352557,0.000490598,0.00481839,0.000656537,0.00151285,0.00456525,1.46739e-06,0.00354596,0.0389921,0.0051024,0.00114935,0.000707945,0.0,0.00116551,0.0,0.000327873,0.000571093,0.0128236,0.0,0.00382164,0.0148367,0.000845763,0.0185489,0.00182332,9.08387e-10
0.0,0.0,0.0,0.0,0.0,0.0,0.0,0.0,0.0,0.0,0.0,0.0,0.0,0.0,0.0,0.0,0.0,0.0,0.0,0.0,3.59183e-05,0.00746237,0.0,0.000331369,0.0,3.11684e-07,0.0,0.0,0.0,0.0,0.0,0.0,0.0,0.0,0.0,0.0,0.0,0.0,0.0,0.0,0.0,0.0,0.0,0.0,7.2747e-06,0.000122818,0.0,2.32865e-06,0.00271072,7.16486e-06,0.0,0.0,9.26618e-05,0.00819473,0.00022717,0.00244127,0.0,0.0,0.0,0.000242793,0.0,0.0,0.00035468,0.0112335,0.0,0.00166778,0.0,0.0,1.02466e-05,0.0,0.0,0.0,0.0,0.0,0.00250743,0.0,0.000114354,5.93067e-05,0.0,0.0,0.0,0.000215701,0.0,0.0,3.27512e-06,3.03103e-05,0.0,0.0,0.000424595,0.00349375,0.000491572,0.00481801,0.000665423,0.00153272,0.00462594,1.53424e-06,0.00359306,0.0395512,0.00517192,0.00117441,0.00071907,0.0,0.00120366,0.0,0.000334716,0.000578885,0.0131484,0.0,0.00389779,0.0150926,0.000858172,0.0187931,0.00184399,9.15516e-10
0.0,0.0,0.0,0.0,0.0,0.0,0.0,0.0,0.0,0.0,0.0,0.0,0.0,0.0,0.0,0.0,0.0,0.0,0.0,0.0,3.57323e-05,0.00743322,0.0,0.000329927,0.0,3.14702e-07,0.0,0.0,0.0,0.0,0.0,0.0,0.0,0.0,0.0,0.0,0.0,0.0,0.0,0.0,0.0,0.0,0.0,0.0,7.34542e-06,0.000122749,0.0,2.31807e-06,0.00270606,7.045e-06,0.0,0.0,9.11096e-05,0.00806847,0.000227361,0.00243974,0.0,0.0,0.0,0.000242589,0.0,0.0,0.00035307,0.0112265,0.0,0.00166461,0.0,0.0,1.00723e-05,0.0,0.0,0.0,0.0,0.0,0.00251279,0.0,0.000114229,5.95043e-05,0.0,0.0,0.0,0.000216025,0.0,0.0,3.28761e-06,3.00576e-05,0.0,0.0,0.000424925,0.00346192,0.000492545,0.00481763,0.000674311,0.00155259,0.00468664,1.60802e-06,0.00364016,0.0401103,0.00524141,0.00119922,0.000730199,0.0,0.0012418,0.0,0.000341547,0.000586696,0.0134735,0.0,0.00397394,0.0153485,0.000870596,0.0190373,0.00186466,9.22631e-10
0.0,0.0,0.0,0.0,0.0,0.0,0.0,0.0,0.0,0.0,0.0,0.0,0.0,0.0,0.0,0.0,0.0,0.0,0.0,0.0,3.55475e-05,0.00740407,0.0,0.000328487,0.0,3.17721e-07,0.0,0.0,0.0,0.0,0.0,0.0,0.0,0.0,0.0,0.0,0.0,0.0,0.0,0.0,0.0,0.0,0.0,0.0,7.41613e-06,0.000122681,0.0,2.30749e-06,0.0027014,6.92486e-06,0.0,0.0,8.95593e-05,0.00794222,0.000227552,0.00243821,0.0,0.0,0.0,0.000242389,0.0,0.0,0.000351459,0.0112195,0.0,0.00166145,0.0,0.0,9.89821e-06,0.0,0.0,0.0,0.0,0.0,0.00251814,0.0,0.000114104,5.97019e-05,0.0,0.0,0.0,0.00021635,0.0,0.0,3.30012e-06,2.9805e-05,0.0,0.0,0.000425256,0.0034301,0.000493519,0.00481725,0.000684772,0.00157286,0.00475329,1.68411e-06,0.0036891,0.0406852,0.00531483,0.00110997,0.000741498,0.0,0.0012809,0.0,0.000348551,0.000594718,0.0125201,0.0,0.00405575,0.0156016,0.00088858,0.0192863,0.00189029,9.29731e-10
0.0,0.0,0.0,0.0,0.0,0.0,0.0,0.0,0.0,0.0,0.0,0.0,0.0,0.0,0.0,0.0,0.0,0.0,0.0,0.0,3.53641e-05,0.00737491,0.0,0.000327051,0.0,3.20743e-07,0.0,0.0,0.0,0.0,0.0,0.0,0.0,0.0,0.0,0.0,0.0,0.0,0.0,0.0,0.0,0.0,0.0,0.0,7.48684e-06,0.000122613,0.0,2.29691e-06,0.00269674,6.8045e-06,0.0,0.0,8.8011e-05,0.00781596,0.000227744,0.00243668,0.0,0.0,0.0,0.000242193,0.0,0.0,0.000349849,0.0112125,0.0,0.00165828,0.0,0.0,9.72452e-06,0.0,0.0,0.0,0.0,0.0,0.0025235,0.0,0.000113981,5.98996e-05,0.0,0.0,0.0,0.000216675,0.0,0.0,3.31265e-06,2.95523e-05,0.0,0.0,0.000425587,0.00339827,0.000494493,0.00481687,0.000695456,0.00159317,0.00482076,1.76262e-06,0.00373828,0.0412622,0.00538879,0.00100511,0.000752811,0.0,0.00132013,0.0,0.000355568,0.000602778,0.0113843,0.0,0.00413832,0.0158545,0.00090734,0.0195359,0.0019166,9.36817e-10
0.0,0.0,0.0,0.0,0.0,0.0,0.0,0.0,0.0,0.0,0.0,0.0,0.0,0.0,0.0,0.0,0.0,0.0,0.0,0.0,3.5182e-05,0.00734574,0.0,0.000325618,0.0,3.2376e-07,0.0,0.0,0.0,0.0,0.0,0.0,0.0,0.0,0.0,0.0,0.0,0.0,0.0,0.0,0.0,0.0,0.0,0.0,7.55755e-06,0.000122546,0.0,2.28633e-06,0.00269208,6.68385e-06,0.0,0.0,8.64639e-05,0.00768969,0.000227937,0.00243514,0.0,0.0,0.0,0.000242001,0.0,0.0,0.000348239,0.0112055,0.0,0.00165512,0.0,0.0,9.55083e-06,0.0,0.0,0.0,0.0,0.0,0.00252885,0.0,0.000113858,6.00971e-05,0.0,0.0,0.0,0.000217,0.0,0.0,3.32519e-06,2.92996e-05,0.0,0.0,0.000425918,0.00336645,0.000495466,0.00481648,0.000704897,0.00161315,0.00488351,1.84301e-06,0.00378599,0.0418264,0.00545959,0.000992911,0.000763978,0.0,0.00135855,0.0,0.000362428,0.000610697,0.0112562,0.0,0.00421641,0.0161105,0.000921724,0.0197816,0.00193899,9.43883e-10
0.0,0.0,0.0,0.0,0.0,0.0,0.0,0.0,0.0,0.0,0.0,0.0,0.0,0.0,0.0,0.0,0.0,0.0,0.0,0.0,3.5001e-05,0.00731658,0.0,0.000324187,0.0,3.26779e-07,0.0,0.0,0.0,0.0,0.0,0.0,0.0,0.0,0.0,0.0,0.0,0.0,0.0,0.0,0.0,0.0,0.0,0.0,7.62826e-06,0.000122479,0.0,2.27575e-06,0.00268742,6.56316e-06,0.0,0.0,8.49177e-05,0.00756343,0.000228131,0.00243361,0.0,0.0,0.0,0.000241811,0.0,0.0,0.000346628,0.0111985,0.0,0.00165195,0.0,0.0,9.37739e-06,0.0,0.0,0.0,0.0,0.0,0.00253419,0.0,0.000113735,6.02947e-05,0.0,0.0,0.0,0.000217327,0.0,0.0,3.33776e-06,2.9047e-05,0.0,0.0,0.000426249,0.00333462,0.00049644,0.00481609,0.000714177,0.00163307,0.00494563,1.92575e-06,0.0038335,0.0423889,0.00552996,0.00099289,0.000775112,0.0,0.00139685,0.0,0.000369258,0.000618605,0.0112612,0.0,0.0042939,0.0163669,0.000935541,0.0200268,0.00196086,9.50935e-10
0.0,0.0,0.0,0.0,0.0,0.0,0.0,0.0,0.0,0.0,0.0,0.0,0.0,0.0,0.0,0.0,0.0,0.0,0.0,0.0,3.48211e-05,0.0072874,0.0,0.000322759,0.0,3.29796e-07,0.0,0.0,0.0,0.0,0.0,0.0,0.0,0.0,0.0,0.0,0.0,0.0,0.0,0.0,0.0,0.0,0.0,0.0,7.69897e-06,0.000122413,0.0,2.26517e-06,0.00268276,6.44238e-06,0.0,0.0,8.33722e-05,0.00743716,0.000228325,0.00243207,0.0,0.0,0.0,0.000241625,0.0,0.0,0.000345018,0.0111916,0.0,0.00164879,0.0,0.0,9.20428e-06,0.0,0.0,0.0,0.0,0.0,0.00253953,0.0,0.000113613,6.0492e-05,0.0,0.0,0.0,0.000217653,0.0,0.0,3.35033e-06,2.87944e-05,0.0,0.0,0.00042658,0.0033028,0.000497414,0.00481569,0.000723458,0.00165299,0.00500775,2.01103e-06,0.003881,0.0429513,0.00560032,0.000992869,0.000786228,0.0,0.00143514,0.0,0.000376079,0.000626519,0.0112662,0.0,0.00437138,0.0166233,0.000949371,0.0202719,0.00198274,9.5797e-10
0.0,0.0,0.0,0.0,0.0,0.0,0.0,0.0,0.0,0.0,0.0,0.0,0.0,0.0,0.0,0.0,0.0,0.0,0.0,0.0,3.46423e-05,0.00725823,0.0,0.000321333,0.0,3.32813e-07,0.0,0.0,0.0,0.0,0.0,0.0,0.0,0.0,0.0,0.0,0.0,0.0,0.0,0.0,0.0,0.0,0.0,0.0,7.76968e-06,0.000122348,0.0,2.25459e-06,0.0026781,6.32119e-06,0.0,0.0,8.18273e-05,0.00731089,0.000228521,0.00243053,0.0,0.0,0.0,0.000241442,0.0,0.0,0.000343407,0.0111846,0.0,0.00164563,0.0,0.0,9.03104e-06,0.0,0.0,0.0,0.0,0.0,0.00254487,0.0,0.000113491,6.06893e-05,0.0,0.0,0.0,0.00021798,0.0,0.0,3.36293e-06,2.85418e-05,0.0,0.0,0.000426911,0.00327097,0.000498388,0.00481529,0.000732742,0.0016729,0.00506986,2.09884e-06,0.0039285,0.0435136,0.00567068,0.000992848,0.00079732,0.0,0.00147343,0.0,0.000382889,0.000634435,0.0112712,0.0,0.00444886,0.0168798,0.000963212,0.020517,0.00200462,9.64982e-10
0.0,0.0,0.0,0.0,0.0,0.0,0.0,0.0,0.0,0.0,0.0,0.0,0.0,0.0,0.0,0.0,0.0,0.0,0.0,0.0,3.44644e-05,0.00722905,0.0,0.000319909,0.0,3.35842e-07,0.0,0.0,0.0,0.0,0.0,0.0,0.0,0.0,0.0,0.0,0.0,0.0,0.0,0.0,0.0,0.0,0.0,0.0,7.84038e-06,0.000122274,0.0,2.24401e-06,0.00267637,6.20005e-06,0.0,0.0,8.02822e-05,0.00718541,0.000228739,0.0024292,0.0,0.0,0.0,0.000241265,0.0,0.0,0.000341797,0.0111777,0.0,0.00164421,0.0,0.0,8.85803e-06,0.0,0.0,0.0,0.0,0.0,0.00255007,0.0,0.000113385,6.08606e-05,0.0,0.0,0.0,0.00021831,0.0,0.0,3.37556e-06,2.82889e-05,0.0,0.0,0.000427242,0.00323915,0.000499363,0.00481533,0.000742025,0.00169279,0.00513197,2.18782e-06,0.00397601,0.0440758,0.00574101,0.000992937,0.000808384,0.0,0.00151169,0.0,0.000389683,0.000642359,0.0112763,0.0,0.00452633,0.0171363,0.000977056,0.020762,0.00202649,9.71936e-10
0.0,0.0,0.0,0.0,0.0,0.0,0.0,0.0,0.0,0.0,0.0,0.0,0.0,0.0,0.0,0.0,0.0,0.0,0.0,0.0,3.48414e-05,0.00731524,0.0,0.00032359,0.0,3.36957e-07,0.0,0.0,0.0,0.0,0.0,0.0,0.0,0.0,0.0,0.0,0.0,0.0,0.0,0.0,0.0,0.0,0.0,0.0,7.86642e-06,0.000121015,0.0,2.26383e-06,0.00267464,6.29702e-06,0.0,0.0,8.15621e-05,0.00727814,0.00022701,0.00240687,0.0,0.0,0.0,0.000238721,0.0,0.0,0.000344817,0.0110668,0.0,0.00164051,0.0,0.0,8.99644e-06,0.0,0.0,0.0,0.0,0.0,0.00253263,0.0,0.000112181,6.04909e-05,0.0,0.0,0.0,0.000216704,0.0,0.0,3.31799e-06,2.85808e-05,0.0,0.0,0.000422675,0.00327887,0.000492661,0.00481568,0.000756976,0.00172517,0.00523264,2.27973e-06,0.0040529,0.0449875,0.00585504,0.000993285,0.000825997,0.0,0.0015738,0.0,0.000400939,0.000654826,0.011285,0.0,0.00465196,0.017552,0.000999115,0.0211597,0.00205983,9.73754e-10
0.0,0.0,0.0,0.0,0.0,0.0,0.0,0.0,0.0,0.0,0.0,0.0,0.0,0.0,0.0,0.0,0.0,0.0,0.0,0.0,3.52172e-05,0.00740143,0.0,0.000327264,0.0,3.38072e-07,0.0,0.0,0.0,0.0,0.0,0.0,0.0,0.0,0.0,0.0,0.0,0.0,0.0,0.0,0.0,0.0,0.0,0.0,7.89245e-06,0.000119757,0.0,2.28365e-06,0.00267291,6.39406e-06,0.0,0.0,8.28453e-05,0.00737088,0.000225286,0.00238453,0.0,0.0,0.0,0.000236182,0.0,0.0,0.000347838,0.0109559,0.0,0.00163682,0.0,0.0,9.13518e-06,0.0,0.0,0.0,0.0,0.0,0.00251517,0.0,0.000110978,6.01197e-05,0.0,0.0,0.0,0.000215101,0.0,0.0,3.26035e-06,2.88726e-05,0.0,0.0,0.000418105,0.0033186,0.000485962,0.00481602,0.00077192,0.00175752,0.00533333,2.37421e-06,0.00412978,0.0458991,0.00596912,0.000993634,0.000843417,0.0,0.00163589,0.0,0.000412133,0.000667293,0.0112938,0.0,0.00477757,0.0179678,0.0010212,0.0215573,0.00209333,9.75339e-10
0.0,0.0,0.0,0.0,0.0,0.0,0.0,0.0,0.0,0.0,0.0,0.0,0.0,0.0,0.0,0.0,0.0,0.0,0.0,0.0,3.55947e-05,0.00748762,0.0,0.000330939,0.0,3.39187e-07,0.0,0.0,0.0,0.0,0.0,0.0,0.0,0.0,0.0,0.0,0.0,0.0,0.0,0.0,0.0,0.0,0.0,0.0,7.91848e-06,0.000118505,0.0,2.30346e-06,0.00267118,6.49071e-06,0.0,0.0,8.41223e-05,0.00746361,0.000229586,0.00236218,0.0,0.0,0.0,0.000233657,0.0,0.0,0.000350858,0.010845,0.0,0.00163315,0.0,0.0,9.27353e-06,0.0,0.0,0.0,0.0,0.0,0.00249772,0.0,0.000109779,5.9749e-05,0.0,0.0,0.0,0.000213503,0.0,0.0,3.20262e-06,3.21353e-05,0.0,0.0,0.000411676,0.0033512,0.000479261,0.00481635,0.000786866,0.00178986,0.00543401,2.46917e-06,0.00420665,0.0468105,0.00608311,0.000993983,0.000860857,0.0,0.00169796,0.0,0.00042332,0.000679768,0.0113026,0.0,0.00490317,0.0183837,0.00104332,0.0219548,0.00212678,9.76922e-10
0.0,0.0,0.0,0.0,0.0,0.0,0.0,0.0,0.0,0.0,0.0,0.0,0.0,0.0,0.0,0.0,0.0,0.0,0.0,0.0,3.59737e-05,0.00757382,0.0,0.000334615,0.0,3.40302e-07,0.0,0.0,0.0,0.0,0.0,0.0,0.0,0.0,0.0,0.0,0.0,0.0,0.0,0.0,0.0,0.0,0.0,0.0,7.94451e-06,0.000117259,0.0,2.32328e-06,0.00266945,6.58751e-06,0.0,0.0,8.53931e-05,0.00755634,0.000228848,0.00233983,0.0,0.0,0.0,0.000231144,0.0,0.0,0.000353878,0.0107343,0.0,0.00162947,0.0,0.0,9.4115e-06,0.0,0.0,0.0,0.0,0.0,0.00248026,0.0,0.000108584,5.93787e-05,0.0,0.0,0.0,0.000211912,0.0,0.0,3.14482e-06,3.28976e-05,0.0,0.0,0.000406811,0.00338978,0.000472561,0.00481667,0.000801815,0.00182217,0.00553469,2.5666e-06,0.00428353,0.0477217,0.00619702,0.000994331,0.000878307,0.0,0.00176001,0.0,0.000434501,0.000692249,0.0113113,0.0,0.00502876,0.0187995,0.00106548,0.0223522,0.00216018,9.78522e-10
0.0,0.0,0.0,0.0,0.0,0.0,0.0,0.0,0.0,0.0,0.0,0.0,0.0,0.0,0.0,0.0,0.0,0.0,0.0,0.0,3.63543e-05,0.00766001,0.0,0.000338291,0.0,3.41417e-07,0.0,0.0,0.0,0.0,0.0,0.0,0.0,0.0,0.0,0.0,0.0,0.0,0.0,0.0,0.0,0.0,0.0,0.0,7.97055e-06,0.000116018,0.0,2.3431e-06,0.00266772,6.68392e-06,0.0,0.0,8.66583e-05,0.00764908,0.000227244,0.00231747,0.0,0.0,0.0,0.000228641,0.0,0.0,0.000356898,0.0106235,0.0,0.00162581,0.0,0.0,9.54931e-06,0.0,0.0,0.0,0.0,0.0,0.00246281,0.0,0.000107393,5.90083e-05,0.0,0.0,0.0,0.000210328,0.0,0.0,3.08695e-06,3.32251e-05,0.0,0.0,0.000402216,0.0034294,0.000465861,0.00481699,0.000816767,0.00185447,0.00563536,2.66685e-06,0.0043604,0.0486326,0.00631086,0.000994679,0.000895762,0.0,0.00182204,0.0,0.000445674,0.000704731,0.01132,0.0,0.00515435,0.0192154,0.00108767,0.0227495,0.00219356,9.80139e-10
0.0,0.0,0.0,0.0,0.0,0.0,0.0,0.0,0.0,0.0,0.0,0.0,0.0,0.0,0.0,0.0,0.0,0.0,0.0,0.0,3.67365e-05,0.0077462,0.0,0.000341969,0.0,3.42532e-07,0.0,0.0,0.0,0.0,0.0,0.0,0.0,0.0,0.0,0.0,0.0,0.0,0.0,0.0,0.0,0.0,0.0,0.0,7.99658e-06,0.000114781,0.0,2.36292e-06,0.00266599,6.7805e-06,0.0,0.0,8.79177e-05,0.0077418,0.000225652,0.0022951,0.0,0.0,0.0,0.000226147,0.0,0.0,0.000359918,0.0105128,0.0,0.00162215,0.0,0.0,9.68651e-06,0.0,0.0,0.0,0.0,0.0,0.00244536,0.0,0.000106205,5.86382e-05,0.0,0.0,0.0,0.000208749,0.0,0.0,3.02899e-06,3.35527e-05,0.0,0.0,0.000397619,0.00346902,0.000459161,0.0048173,0.000831721,0.00188675,0.00573603,2.77009e-06,0.00443727,0.0495434,0.00642462,0.000995028,0.000913219,0.0,0.00188406,0.0,0.00045684,0.000717209,0.0113286,0.0,0.00527993,0.0196313,0.00110989,0.0231468,0.0022269,9.81767e-10
0.0,0.0,0.0,0.0,0.0,0.0,0.0,0.0,0.0,0.0,0.0,0.0,0.0,0.0,0.0,0.0,0.0,0.0,0.0,0.0,3.71201e-05,0.00783239,0.0,0.000345648,0.0,3.43648e-07,0.0,0.0,0.0,0.0,0.0,0.0,0.0,0.0,0.0,0.0,0.0,0.0,0.0,0.0,0.0,0.0,0.0,0.0,8.02261e-06,0.000113549,0.0,2.38274e-06,0.00266426,6.87692e-06,0.0,0.0,8.91715e-05,0.00783453,0.00022407,0.00227273,0.0,0.0,0.0,0.000223662,0.0,0.0,0.000362938,0.0104022,0.0,0.0016185,0.0,0.0,9.82333e-06,0.0,0.0,0.0,0.0,0.0,0.0024279,0.0,0.00010502,5.82679e-05,0.0,0.0,0.0,0.000207176,0.0,0.0,2.97097e-06,3.38803e-05,0.0,0.0,0.000393021,0.00350864,0.000452461,0.00481761,0.000846679,0.00191902,0.00583669,2.87637e-06,0.00451415,0.0504539,0.00653834,0.000995377,0.000930671,0.0,0.00194608,0.0,0.000467998,0.000729675,0.0113373,0.0,0.00540551,0.0200471,0.00113214,0.0235439,0.00226021,9.83407e-10
0.0,0.0,0.0,0.0,0.0,0.0,0.0,0.0,0.0,0.0,0.0,0.0,0.0,0.0,0.0,0.0,0.0,0.0,0.0,0.0,3.75052e-05,0.00791858,0.0,0.000349328,0.0,3.44763e-07,0.0,0.0,0.0,0.0,0.0,0.0,0.0,0.0,0.0,0.0,0.0,0.0,0.0,0.0,0.0,0.0,0.0,0.0,8.04865e-06,0.00011232,0.0,2.40255e-06,0.00266253,6.97301e-06,0.0,0.0,9.04198e-05,0.00792726,0.0002225,0.00225034,0.0,0.0,0.0,0.000221183,0.0,0.0,0.000365958,0.0102916,0.0,0.00161485,0.0,0.0,9.96013e-06,0.0,0.0,0.0,0.0,0.0,0.00241045,0.0,0.000103838,5.78973e-05,0.0,0.0,0.0,0.00020561,0.0,0.0,2.91286e-06,3.42082e-05,0.0,0.0,0.000388419,0.00354827,0.00044576,0.00481791,0.000861639,0.00195126,0.00593735,2.98577e-06,0.00459102,0.0513641,0.00665201,0.000995726,0.000948112,0.0,0.00200809,0.0,0.000479148,0.000742127,0.011346,0.0,0.00553109,0.020463,0.00115443,0.0239409,0.0022935,9.85057e-10
0.0,0.0,0.0,0.0,0.0,0.0,0.0,0.0,0.0,0.0,0.0,0.0,0.0,0.0,0.0,0.0,0.0,0.0,0.0,0.0,3.78917e-05,0.00800477,0.0,0.000353009,0.0,3.45878e-07,0.0,0.0,0.0,0.0,0.0,0.0,0.0,0.0,0.0,0.0,0.0,0.0,0.0,0.0,0.0,0.0,0.0,0.0,8.07468e-06,0.000111093,0.0,2.42237e-06,0.00266079,7.06931e-06,0.0,0.0,9.16629e-05,0.00801999,0.00022094,0.00222794,0.0,0.0,0.0,0.000218712,0.0,0.0,0.000368978,0.0101809,0.0,0.00161121,0.0,0.0,1.00963e-05,0.0,0.0,0.0,0.0,0.0,0.00239301,0.0,0.000102658,5.75268e-05,0.0,0.0,0.0,0.000204048,0.0,0.0,2.85467e-06,3.45361e-05,0.0,0.0,0.000383817,0.00358789,0.00043906,0.00481821,0.000876603,0.00198348,0.00603801,3.0983e-06,0.00466789,0.0522742,0.00676564,0.000996074,0.000965536,0.0,0.0020701,0.0,0.000490289,0.000754556,0.0113546,0.0,0.00565666,0.0208788,0.00117675,0.0243378,0.00232677,9.86717e-10
0.0,0.0,0.0,0.0,0.0,0.0,0.0,0.0,0.0,0.0,0.0,0.0,0.0,0.0,0.0,0.0,0.0,0.0,0.0,0.0,3.82797e-05,0.00809096,0.0,0.00035669,0.0,3.46993e-07,0.0,0.0,0.0,0.0,0.0,0.0,0.0,0.0,0.0,0.0,0.0,0.0,0.0,0.0,0.0,0.0,0.0,0.0,8.10071e-06,0.000109858,0.0,2.44219e-06,0.00266077,7.16523e-06,0.0,0.0,9.29006e-05,0.00811316,0.0002193,0.00220563,0.0,0.0,0.0,0.000216262,0.0,0.0,0.000371998,0.0100704,0.0,0.0016085,0.0,0.0,1.02321e-05,0.0,0.0,0.0,0.0,0.0,0.00237558,0.0,0.000101507,5.71258e-05,0.0,0.0,0.0,0.000202513,0.0,0.0,2.79649e-06,3.48641e-05,0.0,0.0,0.000379212,0.00362751,0.00043236,0.0048185,0.000891568,0.00201568,0.00613865,3.2169e-06,0.00474477,0.053184,0.00687924,0.000996452,0.000982935,0.0,0.00213214,0.0,0.000501421,0.000766975,0.0113637,0.0,0.00578224,0.0212947,0.00119911,0.0247345,0.00236001,9.88388e-10
0.0,0.0,0.0,0.0,0.0,0.0,0.0,0.0,0.0,0.0,0.0,0.0,0.0,0.0,0.0,0.0,0.0,0.0,0.0,0.0,3.87847e-05,0.00820274,0.0,0.000361457,0.0,3.4797e-07,0.0,0.0,0.0,0.0,0.0,0.0,0.0,0.0,0.0,0.0,0.0,0.0,0.0,0.0,0.0,0.0,0.0,0.0,8.12351e-06,0.000109824,0.0,2.45819e-06,0.0026649,7.22485e-06,0.0,0.0,9.36551e-05,0.00817201,0.000219017,0.00220416,0.0,0.0,0.0,0.000215982,0.0,0.0,0.000374438,0.0100609,0.0,0.00160839,0.0,0.0,1.03149e-05,0.0,0.0,0.0,0.0,0.0,0.00237577,0.0,0.000101244,5.73679e-05,0.0,0.0,0.0,0.000202357,0.0,0.0,2.78581e-06,3.51256e-05,0.0,0.0,0.000379392,0.00365708,0.000430895,0.00481916,0.000890345,0.00201292,0.00612953,3.32238e-06,0.00473844,0.0531025,0.00686878,0.000997289,0.000982175,0.0,0.00212677,0.0,0.000500326,0.000766729,0.0113793,0.0,0.00577124,0.021261,0.00119761,0.0246993,0.00235702,9.89678e-10
0.0,0.0,0.0,0.0,0.0,0.0,0.0,0.0,0.0,0.0,0.0,0.0,0.0,0.0,0.0,0.0,0.0,0.0,0.0,0.0,3.92917e-05,0.00831452,0.0,0.000366231,0.0,3.48946e-07,0.0,0.0,0.0,0.0,0.0,0.0,0.0,0.0,0.0,0.0,0.0,0.0,0.0,0.0,0.0,0.0,0.0,0.0,8.14631e-06,0.000109755,0.0,2.4742e-06,0.00266903,7.28413e-06,0.0,0.0,9.44048e-05,0.00823087,0.000218782,0.00220239,0.0,0.0,0.0,0.000215745,0.0,0.0,0.000376877,0.0100513,0.0,0.00160852,0.0,0.0,1.03976e-05,0.0,0.0,0.0,0.0,0.0,0.00237594,0.0,0.000101056,5.75523e-05,0.0,0.0,0.0,0.000202231,0.0,0.0,2.77511e-06,3.53872e-05,0.0,0.0,0.000379571,0.00368666,0.00042943,0.00481982,0.000889124,0.00201006,0.00612049,3.42637e-06,0.00473208,0.053021,0.00685838,0.000998125,0.000981312,0.0,0.00212142,0.0,0.000552765,0.000766478,0.0113949,7.75608e-05,0.00559247,0.0212273,0.00123283,0.0246639,0.00235407,9.90976e-10
0.0,0.0,0.0,0.0,0.0,0.0,0.0,0.0,0.0,0.0,0.0,0.0,0.0,0.0,0.0,0.0,0.0,0.0,0.0,0.0,3.98002e-05,0.00842629,0.0,0.000371005,0.0,3.49923e-07,0.0,0.0,0.0,0.0,0.0,0.0,0.0,0.0,0.0,0.0,0.0,0.0,0.0,0.0,0.0,0.0,0.0,0.0,8.16912e-06,0.00010969,0.0,2.4902e-06,0.00267317,7.3434e-06,0.0,0.0,9.51512e-05,0.00828974,0.000218548,0.00220067,0.0,0.0,0.0,0.0002155,0.0,0.0,0.000379317,0.0100417,0.0,0.00160861,0.0,0.0,1.04801e-05,0.0,0.0,0.0,0.0,0.0,0.0023761,0.0,0.000100859,5.77389e-05,0.0,0.0,0.0,0.000202105,0.0,0.0,2.76438e-06,3.56488e-05,0.0,0.0,0.000379747,0.00371624,0.000427964,0.00482049,0.000887898,0.00200724,0.00611142,3.54206e-06,0.00472573,0.0529397,0.00684817,0.000998962,0.000980324,0.0,0.00211618,0.0,0.00056387,0.00076612,0.0114106,9.52131e-05,0.0055433,0.0211936,0.00123966,0.0246286,0.00235118,9.92282e-10
0.0,0.0,0.0,0.0,0.0,0.0,0.0,0.0,0.0,0.0,0.0,0.0,0.0,0.0,0.0,0.0,0.0,0.0,0.0,0.0,4.03101e-05,0.00853807,0.0,0.000375778,0.0,3.509e-07,0.0,0.0,0.0,0.0,0.0,0.0,0.0,0.0,0.0,0.0,0.0,0.0,0.0,0.0,0.0,0.0,0.0,0.0,8.19192e-06,0.000109629,0.0,2.50621e-06,0.0026773,7.40275e-06,0.0,0.0,9.58947e-05,0.0083486,0.000218316,0.00219898,0.0,0.0,0.0,0.000215249,0.0,0.0,0.000381757,0.0100322,0.0,0.00160868,0.0,0.0,1.05624e-05,0.0,0.0,0.0,0.0,0.0,0.00237626,0.0,0.000100652,5.79279e-05,0.0,0.0,0.0,0.00020198,0.0,0.0,2.75363e-06,3.59105e-05,0.0,0.0,0.00037992,0.00374581,0.000426499,0.00482116,0.000886717,0.00200444,0.00610252,3.66224e-06,0.00471943,0.052859,0.00683825,0.000999797,0.00097925,0.0,0.00211107,0.0,0.00056236,0.000765675,0.0114264,9.48108e-05,0.0055334,0.0211599,0.00123819,0.0245847,0.00231365,9.93597e-10
0.0,0.0,0.0,0.0,0.0,0.0,0.0,0.0,0.0,0.0,0.0,0.0,0.0,0.0,0.0,0.0,0.0,0.0,0.0,0.0,4.08216e-05,0.00864985,0.0,0.000380551,0.0,3.51877e-07,0.0,0.0,0.0,0.0,0.0,0.0,0.0,0.0,0.0,0.0,0.0,0.0,0.0,0.0,0.0,0.0,0.0,0.0,8.21472e-06,0.000109571,0.0,2.52221e-06,0.00268143,7.46191e-06,0.0,0.0,9.66352e-05,0.00840748,0.000218086,0.00219731,0.0,0.0,0.0,0.000214993,0.0,0.0,0.000384196,0.0100226,0.0,0.00160872,0.0,0.0,1.06443e-05,0.0,0.0,0.0,0.0,0.0,0.00237641,0.0,0.000100438,5.81189e-05,0.0,0.0,0.0,0.000201856,0.0,0.0,2.74286e-06,3.61722e-05,0.0,0.0,0.000380091,0.00377539,0.000425034,0.00482184,0.000885614,0.00200168,0.00609389,3.78451e-06,0.00471322,0.0527792,0.00682865,0.00100063,0.000978108,0.0,0.00210611,0.0,0.000560808,0.000765155,0.0114421,9.43666e-05,0.00552386,0.0211265,0.00123697,0.0245261,0.00221813,9.94919e-10
0.0,0.0,0.0,0.0,0.0,0.0,0.0,0.0,0.0,0.0,0.0,0.0,0.0,0.0,0.0,0.0,0.0,0.0,0.0,0.0,4.13346e-05,0.00876163,0.0,0.000385323,0.0,3.52853e-07,0.0,0.0,0.0,0.0,0.0,0.0,0.0,0.0,0.0,0.0,0.0,0.0,0.0,0.0,0.0,0.0,0.0,0.0,0.000158654,0.000109515,0.0,2.53822e-06,0.00268557,7.52107e-06,0.0,0.0,9.73729e-05,0.00846635,0.000217857,0.00219566,0.0,0.0,0.0,0.000214734,0.0,0.0,0.000386636,0.010013,0.0,0.00160875,0.0,0.0,1.07263e-05,0.0,0.0,0.0,0.0,0.0,0.00237657,0.0,0.000100219,5.83119e-05,0.0,0.0,0.0,0.000201731,0.0,0.0,2.73206e-06,3.64339e-05,0.0,0.0,0.000380259,0.00380496,0.000423569,0.00482252,0.00088446,0.00199894,0.00608508,3.90806e-06,0.00470696,0.0526991,0.00681903,0.00100147,0.000976901,0.0,0.0021012,0.0,0.000559272,0.00076456,0.0114579,9.39244e-05,0.00551414,0.0210928,0.00123554,0.0244759,0.00215567,9.96248e-10
0.0,0.0,0.0,0.0,0.0,0.0,0.0,0.0,0.0,0.0,0.0,0.0,0.0,0.0,0.0,0.0,0.0,0.0,0.0,0.0,4.1849e-05,0.00887341,0.0,0.000390095,0.0,3.5383e-07,0.0,0.0,0.0,0.0,0.0,0.0,0.0,0.0,0.0,0.0,0.0,0.0,0.0,0.0,0.0,0.0,0.0,0.0,0.000386634,0.000109461,0.0,2.55422e-06,0.0026897,7.58032e-06,0.0,0.0,9.81078e-05,0.00852523,0.00021763,0.00219402,0.0,0.0,0.0,0.00021447,0.0,0.0,0.000389076,0.0100035,0.0,0.00160876,0.0,0.0,1.08079e-05,0.0,0.0,0.0,0.0,0.0,0.00237672,0.0,9.99936e-05,5.85069e-05,0.0,0.0,0.0,0.000201607,0.0,0.0,2.72123e-06,3.66956e-05,0.0,0.0,0.000380425,0.00383454,0.000422104,0.00482321,0.000883311,0.00199621,0.00607629,4.03243e-06,0.00470071,0.0525316,0.00680952,0.00100231,0.000975644,0.0,0.00209637,0.0,0.000557761,0.000763906,0.0114737,9.34879e-05,0.00550443,0.0210592,0.00123412,0.0244418,0.00215627,9.97583e-10
0.0,0.0,0.0,0.0,0.0,0.0,0.0,0.0,0.0,0.0,0.0,0.0,0.0,0.0,0.0,0.0,0.0,0.0,0.0,0.0,4.23648e-05,0.0089852,0.0,0.000394866,0.0,3.54807e-07,0.0,0.0,0.0,0.0,0.0,0.0,0.0,0.0,0.0,0.0,0.0,0.0,0.0,0.0,0.0,0.0,0.0,0.0,0.000469801,0.000109409,0.0,2.57022e-06,0.00269383,7.63938e-06,0.0,0.0,9.88399e-05,0.00858411,0.000217405,0.0021924,0.0,0.0,0.0,0.000214203,0.0,0.0,0.000391515,0.0099939,0.0,0.00160876,0.0,0.0,1.08893e-05,0.0,0.0,0.0,0.0,0.0,0.00237688,0.0,9.97645e-05,5.87036e-05,0.0,0.0,0.0,0.000201484,0.0,0.0,2.71039e-06,3.69573e-05,0.0,0.0,0.000380587,0.00386411,0.000420639,0.00482389,0.000882212,0.00199351,0.00606769,4.15747e-06,0.0046945,0.0523178,0.0068002,0.00100314,0.000974352,0.0,0.00209164,0.0,0.00055628,0.000763205,0.0114895,9.30604e-05,0.00549488,0.0210258,0.00123284,0.0244079,0.00215703,9.98925e-10
0.0,0.0,0.0,0.0,0.0,0.0,0.0,0.0,0.0,0.0,0.0,0.0,0.0,0.0,0.0,0.0,0.0,0.0,0.0,0.0,4.28821e-05,0.00909698,0.0,0.000399636,0.0,3.55783e-07,0.0,0.0,0.0,0.0,0.0,0.0,0.0,0.0,0.0,0.0,0.0,0.0,0.0,0.0,0.0,0.0,0.0,0.0,0.000472671,0.000109358,0.0,2.58623e-06,0.00269797,7.69844e-06,0.0,0.0,9.95694e-05,0.00864299,0.000217181,0.0021908,0.0,0.0,0.0,0.000213935,0.0,0.0,0.000393955,0.00998432,0.0,0.00160875,0.0,0.0,1.09706e-05,0.0,0.0,0.0,0.0,0.0,0.00237703,0.0,9.95322e-05,5.89021e-05,0.0,0.0,0.0,0.000201361,0.0,0.0,2.69951e-06,3.7219e-05,0.0,0.0,0.000380747,0.00389369,0.000419173,0.00482459,0.000880996,0.00199082,0.00605865,4.28304e-06,0.00468818,0.0522055,0.00679065,0.00100398,0.00097302,0.0,0.00208689,0.0,0.000554806,0.000762452,0.0115054,9.2633e-05,0.00548491,0.020992,0.00123114,0.0243737,0.00215746,1.00027e-09
0.0,0.0,0.0,0.0,0.0,0.0,0.0,0.0,0.0,0.0,0.0,0.0,0.0,0.0,0.0,0.0,0.0,0.0,0.0,0.0,4.3401e-05,0.00920877,0.0,0.000404405,0.0,3.5676e-07,0.0,0.0,0.0,0.0,0.0,0.0,0.0,0.0,0.0,0.0,0.0,0.0,0.0,0.0,0.0,0.0,0.0,0.0,0.000475544,0.00010935,0.0,2.60223e-06,0.00270213,7.7576e-06,0.0,0.0,0.000100296,0.00870203,0.000216997,0.00218992,0.0,0.0,0.0,0.000213744,0.0,0.0,0.000396394,0.00997857,0.0,0.00160906,0.0,0.0,1.10519e-05,0.0,0.0,0.0,0.0,0.0,0.00237726,0.0,9.9334e-05,5.90974e-05,0.0,0.0,0.0,0.000201253,0.0,0.0,2.6887e-06,3.74807e-05,0.0,0.0,0.000380904,0.00392326,0.000417704,0.00482528,0.000879719,0.00198813,0.0060494,4.41246e-06,0.0046818,0.0521401,0.00678101,0.00100485,0.00097165,0.0,0.00208216,0.0,0.000553348,0.000761681,0.0115218,9.22107e-05,0.00547474,0.0209582,0.00122921,0.0243395,0.00215772,1.00163e-09
0.0,0.0,0.0,0.0,0.0,0.0,0.0,0.0,0.0,0.0,0.0,0.0,0.0,0.0,0.0,0.0,0.0,0.0,0.0,0.0,4.40359e-05,0.00934617,0.0,0.000410248,0.0,3.57598e-07,0.0,0.0,0.0,0.0,0.0,0.0,0.0,0.0,0.0,0.0,0.0,0.0,0.0,0.0,0.0,0.0,0.0,0.0,0.000477041,0.000110555,0.0,2.61442e-06,0.00271373,7.78016e-06,0.0,0.0,0.000100543,0.00872741,0.000217945,0.00221035,0.0,0.0,0.0,0.000215726,0.0,0.0,0.000398254,0.0100744,0.0,0.00161301,0.0,0.0,1.10803e-05,0.0,0.0,0.0,0.0,0.0,0.00239511,0.0,0.000100014,5.99752e-05,0.0,0.0,0.0,0.000202491,0.0,0.0,2.72583e-06,3.76761e-05,0.0,0.0,0.000385839,0.00394279,0.00042147,0.00482637,0.00086209,0.0019505,0.00592996,4.50999e-06,0.00459203,0.0511787,0.00664703,0.00100613,0.000952029,0.0,0.00214736,0.0,0.00186447,0.000844798,0.0115444,8.95773e-05,0.0053323,0.0204746,0.0012018,0.0238798,0.00214697,1.0026e-09
0.0,0.0,0.0,0.0,0.0,0.0,0.0,0.0,0.0,0.0,0.0,0.0,0.0,0.0,0.0,0.0,0.0,0.0,0.0,0.0,4.46731e-05,0.00948356,0.0,0.000416097,0.0,3.58437e-07,0.0,0.0,0.0,0.0,0.0,0.0,0.0,0.0,0.0,0.0,0.0,0.0,0.0,0.0,0.0,0.0,0.0,0.0,0.000478536,0.00011172,0.0,2.62662e-06,0.00272533,7.80247e-06,0.0,0.0,0.000100788,0.0087528,0.000218971,0.00223053,0.0,0.0,0.0,0.000217732,0.0,0.0,0.000400113,0.0101701,0.0,0.00161718,0.0,0.0,1.11085e-05,0.0,0.0,0.0,0.0,0.0,0.0024129,0.0,0.000100759,6.07878e-05,0.0,0.0,0.0,0.000203754,0.0,0.0,2.76304e-06,3.78715e-05,0.0,0.0,0.000390773,0.00396232,0.000425237,0.00482746,0.000844455,0.00191279,0.00581061,4.59719e-06,0.0045022,0.0502174,0.00651307,0.00100741,0.000932353,0.0,0.00222962,0.0,0.00334066,0.000939969,0.0115671,8.69611e-05,0.00518981,0.0199911,0.00117438,0.0234201,0.00213625,1.00358e-09
0.0,0.0,0.0,0.0,0.0,0.0,0.0,0.0,0.0,0.0,0.0,0.0,0.0,0.0,0.0,0.0,0.0,0.0,0.0,0.0,4.53121e-05,0.00962096,0.0,0.000421944,0.0,3.59275e-07,0.0,0.0,0.0,0.0,0.0,0.0,0.0,0.0,0.0,0.0,0.0,0.0,0.0,0.0,0.0,0.0,0.0,0.0,0.000480032,0.00011289,0.0,2.63881e-06,0.00273693,7.82496e-06,0.0,0.0,0.000101033,0.0087782,0.000219985,0.00225078,0.0,0.0,0.0,0.000219726,0.0,0.0,0.000401972,0.0102659,0.0,0.00162131,0.0,0.0,1.11366e-05,0.0,0.0,0.0,0.0,0.0,0.00243071,0.0,0.00010149,6.16088e-05,0.0,0.0,0.0,0.000205011,0.0,0.0,2.80033e-06,3.8067e-05,0.0,0.0,0.000395703,0.00398185,0.000429003,0.00482856,0.000826909,0.00187513,0.00569162,4.69158e-06,0.00441248,0.0491645,0.00637949,0.00100868,0.000912618,0.0,0.00215811,0.0,0.00333325,0.000927408,0.0115898,8.43752e-05,0.00504761,0.0195079,0.00114722,0.0229609,0.00212588,1.00457e-09
0.0,0.0,0.0,0.0,0.0,0.0,0.0,0.0,0.0,0.0,0.0,0.0,0.0,0.0,0.0,0.0,0.0,0.0,0.0,0.0,4.59528e-05,0.00975836,0.0,0.000427787,0.0,3.60113e-07,0.0,0.0,0.0,0.0,0.0,0.0,0.0,0.0,0.0,0.0,0.0,0.0,0.0,0.0,0.0,0.0,0.0,0.0,0.000481527,0.000114064,0.0,2.651e-06,0.00274853,7.84729e-06,0.0,0.0,0.000101278,0.0088036,0.000220988,0.00227109,0.0,0.0,0.0,0.000221707,0.0,0.0,0.000403832,0.0103617,0.0,0.00162539,0.0,0.0,1.11649e-05,0.0,0.0,0.0,0.0,0.0,0.00244853,0.0,0.000102207,6.24377e-05,0.0,0.0,0.0,0.000206265,0.0,0.0,2.83768e-06,3.82625e-05,0.0,0.0,0.000400628,0.00400138,0.000432769,0.00482967,0.00080937,0.00183751,0.0055727,4.78329e-06,0.00432276,0.048094,0.00624602,0.00100996,0.000892854,0.0,0.00205867,0.0,0.00305661,0.000895327,0.0116125,8.18145e-05,0.00490542,0.0190247,0.00112006,0.0225018,0.00211558,1.00556e-09
0.0,0.0,0.0,0.0,0.0,0.0,0.0,0.0,0.0,0.0,0.0,0.0,0.0,0.0,0.0,0.0,0.0,0.0,0.0,0.0,4.65953e-05,0.00989577,0.0,0.000433628,0.0,3.60952e-07,0.0,0.0,0.0,0.0,0.0,0.0,0.0,0.0,0.0,0.0,0.0,0.0,0.0,0.0,0.0,0.0,0.0,0.0,0.000483025,0.000115241,0.0,2.66319e-06,0.00276013,7.86966e-06,0.0,0.0,0.000101522,0.008829,0.000221979,0.00229145,0.0,0.0,0.0,0.000223677,0.0,0.0,0.000405691,0.0104575,0.0,0.00162944,0.0,0.0,1.11935e-05,0.0,0.0,0.0,0.0,0.0,0.00246636,0.0,0.000102912,6.32746e-05,0.0,0.0,0.0,0.000207513,0.0,0.0,2.87512e-06,3.84579e-05,0.0,0.0,0.000405548,0.00402091,0.000436536,0.00483079,0.00079182,0.00179991,0.00545378,4.86923e-06,0.00423302,0.0470238,0.0061126,0.00101124,0.000873068,0.0,0.00195918,0.0,0.00277993,0.000863294,0.0116353,7.92769e-05,0.00476318,0.0185416,0.00109284,0.0220428,0.00210532,1.00656e-09
0.0,0.0,0.0,0.0,0.0,0.0,0.0,0.0,0.0,0.0,0.0,0.0,0.0,0.0,0.0,0.0,0.0,0.0,0.0,0.0,4.72396e-05,0.0100332,0.0,0.000439466,0.0,3.6179e-07,0.0,0.0,0.0,0.0,0.0,0.0,0.0,0.0,0.0,0.0,0.0,0.0,0.0,0.0,0.0,0.0,0.0,0.0,0.00048452,0.000116421,0.0,2.67538e-06,0.00277173,7.89217e-06,0.0,0.0,0.000101766,0.00885442,0.000222959,0.00231186,0.0,0.0,0.0,0.000225637,0.0,0.0,0.00040755,0.0105533,0.0,0.00163345,0.0,0.0,1.12215e-05,0.0,0.0,0.0,0.0,0.0,0.0024842,0.0,0.000103607,6.41193e-05,0.0,0.0,0.0,0.000208758,0.0,0.0,2.91262e-06,3.86535e-05,0.0,0.0,0.000410465,0.00404044,0.000440302,0.00483191,0.00077426,0.00176232,0.00533487,4.94804e-06,0.00414326,0.0459538,0.00597918,0.00101252,0.000853269,0.0,0.00185964,0.0,0.00250331,0.000831334,0.011658,7.67617e-05,0.00462089,0.0180584,0.00106558,0.021584,0.00209507,1.00756e-09
0.0,0.0,0.0,0.0,0.0,0.0,0.0,0.0,0.0,0.0,0.0,0.0,0.0,0.0,0.0,0.0,0.0,0.0,0.0,0.0,4.78856e-05,0.0101706,0.0,0.0004453,0.0,3.62628e-07,0.0,0.0,0.0,0.0,0.0,0.0,0.0,0.0,0.0,0.0,0.0,0.0,0.0,0.0,0.0,0.0,0.0,0.0,0.000486016,0.000117602,0.0,2.68757e-06,0.00278333,7.91453e-06,0.0,0.0,0.000102011,0.00887983,0.000223928,0.00233231,0.0,0.0,0.0,0.000227588,0.0,0.0,0.00040941,0.010649,0.0,0.00163744,0.0,0.0,1.12498e-05,0.0,0.0,0.0,0.0,0.0,0.00250205,0.0,0.000104292,6.49713e-05,0.0,0.0,0.0,0.000209998,0.0,0.0,2.9502e-06,3.8849e-05,0.0,0.0,0.000415377,0.00405997,0.000444069,0.00483304,0.000756721,0.00172475,0.00521609,5.01945e-06,0.00405351,0.0448841,0.00584581,0.0010138,0.000833462,0.0,0.00176006,0.0,0.00222691,0.000799471,0.0116808,7.42693e-05,0.00447866,0.0175753,0.00103838,0.0211195,0.00206251,1.00857e-09
0.0,0.0,0.0,0.0,0.0,0.0,0.0,0.0,0.0,0.0,0.0,0.0,0.0,0.0,0.0,0.0,0.0,0.0,0.0,0.0,4.85334e-05,0.010308,0.0,0.00045113,0.0,3.63467e-07,0.0,0.0,0.0,0.0,0.0,0.0,0.0,0.0,0.0,0.0,0.0,0.0,0.0,0.0,0.0,0.0,0.0,0.0,0.000487512,0.000118786,0.0,2.69976e-06,0.00279493,7.93706e-06,0.0,0.0,0.000102254,0.00890525,0.000224888,0.0023528,0.0,0.0,0.0,0.00022953,0.0,0.0,0.000411269,0.0107448,0.0,0.0016414,0.0,0.0,1.12779e-05,0.0,0.0,0.0,0.0,0.0,0.00251991,0.0,0.000104968,6.58311e-05,0.0,0.0,0.0,0.000211235,0.0,0.0,2.98785e-06,3.90446e-05,0.0,0.0,0.000420284,0.0040795,0.000447835,0.00483418,0.000739182,0.00168718,0.00509735,5.08299e-06,0.00396375,0.0438145,0.00571244,0.00101508,0.000813644,0.0,0.00166042,0.0,0.00195064,0.000767702,0.0117035,7.17976e-05,0.00433642,0.0170923,0.00101118,0.0206536,0.00202407,1.00958e-09
0.0,0.0,0.0,0.0,0.0,0.0,0.0,0.0,0.0,0.0,0.0,0.0,0.0,0.0,0.0,0.0,0.0,0.0,0.0,0.0,4.91831e-05,0.0104455,0.0,0.000456957,0.0,3.64305e-07,0.0,0.0,0.0,0.0,0.0,0.0,0.0,0.0,0.0,0.0,0.0,0.0,0.0,0.0,0.0,0.0,0.0,0.0,0.000489007,0.000119972,0.0,2.71195e-06,0.00280653,7.95943e-06,0.0,0.0,0.000102498,0.00893068,0.000225837,0.00237333,0.0,0.0,0.0,0.000231463,0.0,0.0,0.000413128,0.0108406,0.0,0.00164534,0.0,0.0,1.13061e-05,0.0,0.0,0.0,0.0,0.0,0.00253778,0.0,0.000105636,6.66982e-05,0.0,0.0,0.0,0.000212467,0.0,0.0,3.02558e-06,3.92402e-05,0.0,0.0,0.000425186,0.00409903,0.000451602,0.00483531,0.000721636,0.0016496,0.00497864,5.13876e-06,0.00387396,0.042745,0.00557902,0.00101636,0.000793815,0.0,0.00156069,0.0,0.00167445,0.000736028,0.0117263,6.93444e-05,0.00419415,0.0166093,0.000983954,0.0201876,0.00198567,1.0106e-09
0.0,0.0,0.0,0.0,0.0,0.0,0.0,0.0,0.0,0.0,0.0,0.0,0.0,0.0,0.0,0.0,0.0,0.0,0.0,0.0,4.98349e-05,0.0105829,0.0,0.000462781,0.0,3.6514e-07,0.0,0.0,0.0,0.0,0.0,0.0,0.0,0.0,0.0,0.0,0.0,0.0,0.0,0.0,0.0,0.0,0.0,0.0,0.000490503,0.00012113,0.0,2.72414e-06,0.00281813,7.98198e-06,0.0,0.0,0.000102742,0.00895605,0.000226863,0.00239337,0.0,0.0,0.0,0.000233329,0.0,0.0,0.000414987,0.0109337,0.0,0.00164927,0.0,0.0,1.13343e-05,0.0,0.0,0.0,0.0,0.0,0.00255549,0.0,0.000106271,6.75669e-05,0.0,0.0,0.0,0.000213676,0.0,0.0,3.06336e-06,3.94358e-05,0.0,0.0,0.000430082,0.00411855,0.000455366,0.00483645,0.000704082,0.00161203,0.00485995,5.18583e-06,0.00378415,0.0416755,0.00544555,0.00101763,0.000773971,0.0,0.00146088,0.0,0.00139832,0.000704441,0.0117488,6.69088e-05,0.00405184,0.0161264,0.000956708,0.0197217,0.00194728,1.01164e-09
0.0,0.0,0.0,0.0,0.0,0.0,0.0,0.0,0.0,0.0,0.0,0.0,0.0,0.0,0.0,0.0,0.0,0.0,0.0,0.0,4.9597e-05,0.0105303,0.0,0.000460339,0.0,3.66024e-07,0.0,0.0,0.0,0.0,0.0,0.0,0.0,0.0,0.0,0.0,0.0,0.0,0.0,0.0,0.0,0.0,0.0,0.0,0.000493003,0.000122859,0.0,2.71853e-06,0.00282445,7.90425e-06,0.0,0.0,0.000101709,0.00888163,0.000228901,0.00242369,0.0,0.0,0.0,0.00023649,0.0,0.0,0.000414134,0.0110807,0.0,0.00165356,0.0,0.0,1.12212e-05,0.0,0.0,0.0,0.0,0.0,0.00258398,0.0,0.000107609,6.84957e-05,0.0,0.0,0.0,0.000215923,0.0,0.0,3.14929e-06,3.93152e-05,0.0,0.0,0.000437119,0.00410046,0.000464489,0.00483756,0.000703338,0.00161084,0.00485423,5.33236e-06,0.00378048,0.0416297,0.00544027,0.00101872,0.00077309,0.0,0.00145714,0.0,0.00138628,0.000703886,0.0117702,6.67357e-05,0.00404571,0.0161087,0.000955132,0.019702,0.00194603,1.01299e-09
0.0,0.0,0.0,0.0,0.0,0.0,0.0,0.0,0.0,0.0,0.0,0.0,0.0,0.0,0.0,0.0,0.0,0.0,0.0,0.0,4.93596e-05,0.0104776,0.0,0.000457892,0.0,3.66909e-07,0.0,0.0,0.0,0.0,0.0,0.0,0.0,0.0,0.0,0.0,0.0,0.0,0.0,0.0,0.0,0.0,0.0,0.0,0.000495501,0.00012463,0.0,2.71293e-06,0.00283077,7.82672e-06,0.0,0.0,0.000100676,0.0088072,0.00023087,0.0024543,0.0,0.0,0.0,0.00023961,0.0,0.0,0.000413281,0.0112277,0.0,0.0016576,0.0,0.0,1.11085e-05,0.0,0.0,0.0,0.0,0.0,0.0026125,0.0,0.000108871,6.9504e-05,0.0,0.0,0.0,0.000218132,0.0,0.0,3.23534e-06,3.91948e-05,0.0,0.0,0.000444152,0.00408237,0.000473611,0.00483867,0.000702592,0.00160968,0.00484849,5.48045e-06,0.00377682,0.041584,0.00543498,0.00101981,0.000772196,0.0,0.00145338,0.0,0.00137426,0.000703358,0.0117916,6.65742e-05,0.00403956,0.0160911,0.000953521,0.0196824,0.0019448,1.01427e-09
0.0,0.0,0.0,0.0,0.0,0.0,0.0,0.0,0.0,0.0,0.0,0.0,0.0,0.0,0.0,0.0,0.0,0.0,0.0,0.0,4.91197e-05,0.010425,0.0,0.000455443,0.0,3.67799e-07,0.0,0.0,0.0,0.0,0.0,0.0,0.0,0.0,0.0,0.0,0.0,0.0,0.0,0.0,0.0,0.0,0.0,0.0,0.000498,0.000126393,0.0,2.70732e-06,0.00283709,7.74926e-06,0.0,0.0,9.9648e-05,0.00873278,0.000232829,0.00248491,0.0,0.0,0.0,0.000242721,0.0,0.0,0.000412427,0.0113747,0.0,0.00166165,0.0,0.0,1.09958e-05,0.0,0.0,0.0,0.0,0.0,0.00264103,0.0,0.000110133,7.05148e-05,0.0,0.0,0.0,0.000220337,0.0,0.0,3.32151e-06,3.90744e-05,0.0,0.0,0.000451187,0.00406428,0.000482733,0.00483978,0.000701847,0.00160852,0.00484276,5.62282e-06,0.00377315,0.0415383,0.00542956,0.0010209,0.000771337,0.0,0.00144957,0.0,0.00136226,0.000702875,0.011813,6.64165e-05,0.0040334,0.0160735,0.000951936,0.0196628,0.00194356,1.01556e-09
0.0,0.0,0.0,0.0,0.0,0.0,0.0,0.0,0.0,0.0,0.0,0.0,0.0,0.0,0.0,0.0,0.0,0.0,0.0,0.0,4.88772e-05,0.0103724,0.0,0.000452991,0.0,3.68684e-07,0.0,0.0,0.0,0.0,0.0,0.0,0.0,0.0,0.0,0.0,0.0,0.0,0.0,0.0,0.0,0.0,0.0,0.0,0.000500498,0.00012815,0.0,2.70171e-06,0.00284341,7.67186e-06,0.0,0.0,9.86256e-05,0.00865836,0.000234779,0.00251553,0.0,0.0,0.0,0.000245825,0.0,0.0,0.000411574,0.0115215,0.0,0.0016657,0.0,0.0,1.08837e-05,0.0,0.0,0.0,0.0,0.0,0.00266958,0.0,0.000111394,7.15276e-05,0.0,0.0,0.0,0.000222539,0.0,0.0,3.40782e-06,3.89542e-05,0.0,0.0,0.000458225,0.00404619,0.000491855,0.00484089,0.000701103,0.00160735,0.00483704,5.76372e-06,0.00376947,0.0414925,0.00542404,0.00102199,0.000770494,0.0,0.00144572,0.0,0.00135026,0.000702432,0.0118344,6.62624e-05,0.00402724,0.016056,0.000950368,0.0196431,0.00194233,1.01686e-09
0.0,0.0,0.0,0.0,0.0,0.0,0.0,0.0,0.0,0.0,0.0,0.0,0.0,0.0,0.0,0.0,0.0,0.0,0.0,0.0,4.86325e-05,0.0103198,0.0,0.000450538,0.0,3.69568e-07,0.0,0.0,0.0,0.0,0.0,0.0,0.0,0.0,0.0,0.0,0.0,0.0,0.0,0.0,0.0,0.0,0.0,0.0,0.000502998,0.000129901,0.0,2.6961e-06,0.00284974,7.59438e-06,0.0,0.0,9.76081e-05,0.00858394,0.000236719,0.00254614,0.0,0.0,0.0,0.000248919,0.0,0.0,0.000410721,0.0116683,0.0,0.00166974,0.0,0.0,1.07719e-05,0.0,0.0,0.0,0.0,0.0,0.00269813,0.0,0.000112654,7.25425e-05,0.0,0.0,0.0,0.000224736,0.0,0.0,3.49426e-06,3.88341e-05,0.0,0.0,0.000465264,0.0040281,0.000500978,0.004842,0.00070036,0.00160617,0.00483134,5.9047e-06,0.00376579,0.0414466,0.00541844,0.00102308,0.00076966,0.0,0.00144184,0.0,0.00133827,0.000702023,0.0118557,6.61118e-05,0.00402107,0.0160387,0.000948817,0.0196234,0.00194109,1.01816e-09
0.0,0.0,0.0,0.0,0.0,0.0,0.0,0.0,0.0,0.0,0.0,0.0,0.0,0.0,0.0,0.0,0.0,0.0,0.0,0.0,4.83856e-05,0.0102671,0.0,0.000448084,0.0,3.70453e-07,0.0,0.0,0.0,0.0,0.0,0.0,0.0,0.0,0.0,0.0,0.0,0.0,0.0,0.0,0.0,0.0,0.0,0.0,0.000505496,0.000131647,0.0,2.69049e-06,0.00285606,7.51712e-06,0.0,0.0,9.65951e-05,0.00850953,0.000238649,0.00257676,0.0,0.0,0.0,0.000252004,0.0,0.0,0.000409868,0.0118151,0.0,0.00167379,0.0,0.0,1.06604e-05,0.0,0.0,0.0,0.0,0.0,0.00272669,0.0,0.000113912,7.35599e-05,0.0,0.0,0.0,0.000226929,0.0,0.0,3.58082e-06,3.87141e-05,0.0,0.0,0.000472307,0.00401001,0.0005101,0.00484311,0.000699617,0.00160499,0.00482564,6.04645e-06,0.00376211,0.0414007,0.00541277,0.00102417,0.000768832,0.0,0.00143792,0.0,0.00132628,0.000701646,0.011877,6.59644e-05,0.0040149,0.0160213,0.000947282,0.0196037,0.00193985,1.01948e-09
0.0,0.0,0.0,0.0,0.0,0.0,0.0,0.0,0.0,0.0,0.0,0.0,0.0,0.0,0.0,0.0,0.0,0.0,0.0,0.0,4.81365e-05,0.0102145,0.0,0.000445629,0.0,3.71343e-07,0.0,0.0,0.0,0.0,0.0,0.0,0.0,0.0,0.0,0.0,0.0,0.0,0.0,0.0,0.0,0.0,0.0,0.0,0.000507995,0.000133388,0.0,2.68489e-06,0.00286238,7.43985e-06,0.0,0.0,9.55862e-05,0.00843511,0.00024057,0.00260737,0.0,0.0,0.0,0.00025508,0.0,0.0,0.000409015,0.0119617,0.0,0.00167783,0.0,0.0,1.05491e-05,0.0,0.0,0.0,0.0,0.0,0.00275527,0.0,0.000115168,7.45798e-05,0.0,0.0,0.0,0.000229119,0.0,0.0,3.66751e-06,3.85942e-05,0.0,0.0,0.000479352,0.00399192,0.000519222,0.00484422,0.000698876,0.00160381,0.00481995,6.18908e-06,0.00375843,0.0413548,0.00540704,0.00102526,0.000768008,0.0,0.00143398,0.0,0.0013143,0.000701295,0.0118982,6.58202e-05,0.00400872,0.0160041,0.00094576,0.019584,0.0019386,1.02081e-09
0.0,0.0,0.0,0.0,0.0,0.0,0.0,0.0,0.0,0.0,0.0,0.0,0.0,0.0,0.0,0.0,0.0,0.0,0.0,0.0,4.78854e-05,0.0101619,0.0,0.000443173,0.0,3.72228e-07,0.0,0.0,0.0,0.0,0.0,0.0,0.0,0.0,0.0,0.0,0.0,0.0,0.0,0.0,0.0,0.0,0.0,0.0,0.000510494,0.000135124,0.0,2.67928e-06,0.0028687,7.36262e-06,0.0,0.0,9.45808e-05,0.0083607,0.000242481,0.00263799,0.0,0.0,0.0,0.000258146,0.0,0.0,0.000408161,0.0121082,0.0,0.00168187,0.0,0.0,1.04381e-05,0.0,0.0,0.0,0.0,0.0,0.00278385,0.0,0.000116421,7.56024e-05,0.0,0.0,0.0,0.000231304,0.0,0.0,3.75433e-06,3.84744e-05,0.0,0.0,0.0004864,0.00397382,0.000528345,0.00484533,0.000698135,0.00160263,0.00481427,6.33281e-06,0.00375475,0.0413089,0.00540126,0.00102635,0.000767186,0.0,0.00143001,0.0,0.00130231,0.000700968,0.0119195,6.5679e-05,0.00400254,0.0159869,0.00094425,0.0195642,0.00193736,1.02216e-09
0.0,0.0,0.0,0.0,0.0,0.0,0.0,0.0,0.0,0.0,0.0,0.0,0.0,0.0,0.0,0.0,0.0,0.0,0.0,0.0,4.76325e-05,0.0101093,0.0,0.000440718,0.0,3.73113e-07,0.0,0.0,0.0,0.0,0.0,0.0,0.0,0.0,0.0,0.0,0.0,0.0,0.0,0.0,0.0,0.0,0.0,0.0,0.000512992,0.000136854,0.0,2.67367e-06,0.00287502,7.28541e-06,0.0,0.0,9.35792e-05,0.00828629,0.000244382,0.00266862,0.0,0.0,0.0,0.000261203,0.0,0.0,0.000407308,0.0122546,0.0,0.0016859,0.0,0.0,1.03273e-05,0.0,0.0,0.0,0.0,0.0,0.00281245,0.0,0.000117671,7.66276e-05,0.0,0.0,0.0,0.000233485,0.0,0.0,3.84128e-06,3.83548e-05,0.0,0.0,0.00049345,0.00395573,0.000537468,0.00484644,0.000697395,0.00160144,0.00480859,6.47767e-06,0.00375107,0.0412629,0.00539545,0.00102744,0.000766366,0.0,0.00142603,0.0,0.00129033,0.000700664,0.0119408,6.55407e-05,0.00399636,0.0159697,0.000942753,0.0195444,0.00193611,1.0235e-09
0.0,0.0,0.0,0.0,0.0,0.0,0.0,0.0,0.0,0.0,0.0,0.0,0.0,0.0,0.0,0.0,0.0,0.0,0.0,0.0,4.73777e-05,0.0100567,0.0,0.000438262,0.0,3.73997e-07,0.0,0.0,0.0,0.0,0.0,0.0,0.0,0.0,0.0,0.0,0.0,0.0,0.0,0.0,0.0,0.0,0.0,0.0,0.000515491,0.00013858,0.0,2.66806e-06,0.00288134,7.20823e-06,0.0,0.0,9.25806e-05,0.00821188,0.000246275,0.00269924,0.0,0.0,0.0,0.000264249,0.0,0.0,0.000406455,0.0124009,0.0,0.00168992,0.0,0.0,1.02167e-05,0.0,0.0,0.0,0.0,0.0,0.00284105,0.0,0.000118917,7.76555e-05,0.0,0.0,0.0,0.000235662,0.0,0.0,3.92836e-06,3.82353e-05,0.0,0.0,0.000500502,0.00393764,0.000546591,0.00484754,0.000696656,0.00160025,0.00480291,6.62353e-06,0.00374739,0.0412169,0.0053896,0.00102853,0.000765546,0.0,0.00142202,0.0,0.00127834,0.000700378,0.011962,6.54052e-05,0.00399017,0.0159525,0.000941266,0.0195246,0.00193486,1.02486e-09
0.0,0.0,0.0,0.0,0.0,0.0,0.0,0.0,0.0,0.0,0.0,0.0,0.0,0.0,0.0,0.0,0.0,0.0,0.0,0.0,4.71214e-05,0.010004,0.0,0.000435806,0.0,3.74882e-07,0.0,0.0,0.0,0.0,0.0,0.0,0.0,0.0,0.0,0.0,0.0,0.0,0.0,0.0,0.0,0.0,0.0,0.0,0.000517991,0.000140302,0.0,2.66245e-06,0.00288765,7.13109e-06,0.0,0.0,9.1585e-05,0.00813749,0.000248159,0.00272986,0.0,0.0,0.0,0.000267285,0.0,0.0,0.000405602,0.012547,0.0,0.00169393,0.0,0.0,1.01065e-05,0.0,0.0,0.0,0.0,0.0,0.00286967,0.0,0.00012016,7.86856e-05,0.0,0.0,0.0,0.000237836,0.0,0.0,4.01556e-06,3.81158e-05,0.0,0.0,0.000507556,0.00391955,0.000555713,0.00484865,0.000695917,0.00159906,0.00479724,6.77045e-06,0.00374371,0.0411709,0.00538373,0.00102962,0.000764727,0.0,0.001418,0.0,0.00126636,0.000700109,0.0119832,6.52723e-05,0.00398398,0.0159354,0.000939789,0.0195048,0.0019336,1.02624e-09
0.0,0.0,0.0,0.0,0.0,0.0,0.0,0.0,0.0,0.0,0.0,0.0,0.0,0.0,0.0,0.0,0.0,0.0,0.0,0.0,4.68634e-05,0.0099514,0.0,0.000433351,0.0,3.75772e-07,0.0,0.0,0.0,0.0,0.0,0.0,0.0,0.0,0.0,0.0,0.0,0.0,0.0,0.0,0.0,0.0,0.0,0.0,0.00052049,0.00014202,0.0,2.65685e-06,0.00289397,7.05396e-06,0.0,0.0,9.0592e-05,0.00806309,0.000250033,0.00276049,0.0,0.0,0.0,0.000270311,0.0,0.0,0.000404749,0.0126931,0.0,0.00169794,0.0,0.0,9.99629e-06,0.0,0.0,0.0,0.0,0.0,0.00289829,0.0,0.000121398,7.97185e-05,0.0,0.0,0.0,0.000240006,0.0,0.0,4.10288e-06,3.79964e-05,0.0,0.0,0.000514613,0.00390147,0.000564836,0.00484975,0.000695178,0.00159786,0.00479157,6.91835e-06,0.00374004,0.0411248,0.00537784,0.00103071,0.000763908,0.0,0.00141396,0.0,0.00125438,0.000699855,0.0120044,6.51419e-05,0.00397779,0.0159183,0.000938321,0.019485,0.00193235,1.02763e-09
0.0,0.0,0.0,0.0,0.0,0.0,0.0,0.0,0.0,0.0,0.0,0.0,0.0,0.0,0.0,0.0,0.0,0.0,0.0,0.0,4.6604e-05,0.00989877,0.0,0.000430896,0.0,3.76656e-07,0.0,0.0,0.0,0.0,0.0,0.0,0.0,0.0,0.0,0.0,0.0,0.0,0.0,0.0,0.0,0.0,0.0,0.0,0.000522989,0.000143733,0.0,2.65124e-06,0.00290028,6.97673e-06,0.0,0.0,8.96013e-05,0.0079887,0.000251897,0.00279112,0.0,0.0,0.0,0.000273327,0.0,0.0,0.000403896,0.012839,0.0,0.00170193,0.0,0.0,9.88619e-06,0.0,0.0,0.0,0.0,0.0,0.00292693,0.0,0.000122633,8.07548e-05,0.0,0.0,0.0,0.000242171,0.0,0.0,4.19034e-06,3.78772e-05,0.0,0.0,0.000521672,0.00388338,0.000573959,0.00485086,0.00069444,0.00159667,0.00478591,7.06726e-06,0.00373636,0.0410787,0.00537193,0.0010318,0.000763089,0.0,0.00140991,0.0,0.00124239,0.000699616,0.0120257,6.50139e-05,0.00397159,0.0159012,0.000936862,0.0194652,0.00193109,1.02903e-09
0.0,0.0,0.0,0.0,0.0,0.0,0.0,0.0,0.0,0.0,0.0,0.0,0.0,0.0,0.0,0.0,0.0,0.0,0.0,0.0,4.63431e-05,0.00984614,0.0,0.000428442,0.0,3.77541e-07,0.0,0.0,0.0,0.0,0.0,0.0,0.0,0.0,0.0,0.0,0.0,0.0,0.0,0.0,0.0,0.0,0.0,0.0,0.000525488,0.000145443,0.0,2.64563e-06,0.00290659,6.89965e-06,0.0,0.0,8.86127e-05,0.00791431,0.000253753,0.00282175,0.0,0.0,0.0,0.000276332,0.0,0.0,0.000403043,0.0129848,0.0,0.00170592,0.0,0.0,9.77635e-06,0.0,0.0,0.0,0.0,0.0,0.00295558,0.0,0.000123863,8.17937e-05,0.0,0.0,0.0,0.000244333,0.0,0.0,4.27792e-06,3.77581e-05,0.0,0.0,0.000528733,0.00386529,0.000583082,0.00485196,0.000693703,0.00159547,0.00478025,7.21718e-06,0.0037327,0.0410326,0.00536601,0.00103289,0.00076227,0.0,0.00140585,0.0,0.00123041,0.000699389,0.0120469,6.48882e-05,0.0039654,0.0158841,0.000935411,0.0194454,0.00192983,1.03044e-09
0.0,0.0,0.0,0.0,0.0,0.0,0.0,0.0,0.0,0.0,0.0,0.0,0.0,0.0,0.0,0.0,0.0,0.0,0.0,0.0,4.60809e-05,0.00979351,0.0,0.000425989,0.0,3.78425e-07,0.0,0.0,0.0,0.0,0.0,0.0,0.0,0.0,0.0,0.0,0.0,0.0,0.0,0.0,0.0,0.0,0.0,0.0,0.000527988,0.000147149,0.0,2.64002e-06,0.0029129,6.82254e-06,0.0,0.0,8.7626e-05,0.00783993,0.000255599,0.00285238,0.0,0.0,0.0,0.000279328,0.0,0.0,0.00040219,0.0131305,0.0,0.00170989,0.0,0.0,9.66671e-06,0.0,0.0,0.0,0.0,0.0,0.00298424,0.0,0.000125089,8.28361e-05,0.0,0.0,0.0,0.00024649,0.0,0.0,4.36563e-06,3.7639e-05,0.0,0.0,0.000535796,0.0038472,0.000592205,0.00485307,0.000692965,0.00159427,0.00477459,7.36798e-06,0.00372903,0.0409865,0.00536007,0.00103398,0.000761451,0.0,0.00140178,0.0,0.00121842,0.000699174,0.0120681,6.47648e-05,0.0039592,0.0158671,0.000933968,0.0194255,0.00192856,1.03186e-09
0.0,0.0,0.0,0.0,0.0,0.0,0.0,0.0,0.0,0.0,0.0,0.0,0.0,0.0,0.0,0.0,0.0,0.0,0.0,0.0,4.58176e-05,0.00974088,0.0,0.000423537,0.0,3.7931e-07,0.0,0.0,0.0,0.0,0.0,0.0,0.0,0.0,0.0,0.0,0.0,0.0,0.0,0.0,0.0,0.0,0.0,0.0,0.000530487,0.000148851,0.0,2.63442e-06,0.00291921,6.74543e-06,0.0,0.0,8.6641e-05,0.00776554,0.000257436,0.00288301,0.0,0.0,0.0,0.000282313,0.0,0.0,0.000401337,0.013276,0.0,0.00171385,0.0,0.0,9.55686e-06,0.0,0.0,0.0,0.0,0.0,0.00301291,0.0,0.00012631,8.38815e-05,0.0,0.0,0.0,0.000248644,0.0,0.0,4.45347e-06,3.75201e-05,0.0,0.0,0.000542861,0.00382911,0.000601328,0.00485417,0.000692228,0.00159306,0.00476894,7.51976e-06,0.00372537,0.0409404,0.00535413,0.00103507,0.000760633,0.0,0.0013977,0.0,0.00120643,0.000698971,0.0120893,6.46434e-05,0.00395299,0.01585,0.000932532,0.0194057,0.00192729,1.03329e-09
0.0,0.0,0.0,0.0,0.0,0.0,0.0,0.0,0.0,0.0,0.0,0.0,0.0,0.0,0.0,0.0,0.0,0.0,0.0,0.0,4.55531e-05,0.00968824,0.0,0.000421087,0.0,3.802e-07,0.0,0.0,0.0,0.0,0.0,0.0,0.0,0.0,0.0,0.0,0.0,0.0,0.0,0.0,0.0,0.0,0.0,0.0,0.000532986,0.00015055,0.0,2.62881e-06,0.00292552,6.66832e-06,0.0,0.0,8.56574e-05,0.00769116,0.000259263,0.00291365,0.0,0.0,0.0,0.000285288,0.0,0.0,0.000400484,0.0134213,0.0,0.0017178,0.0,0.0,9.44739e-06,0.0,0.0,0.0,0.0,0.0,0.0030416,0.0,0.000127527,8.49297e-05,0.0,0.0,0.0,0.000250793,0.0,0.0,4.54143e-06,3.74012e-05,0.0,0.0,0.000549928,0.00381103,0.000610451,0.00485528,0.000691492,0.00159186,0.00476329,7.67247e-06,0.00372171,0.0408942,0.00534818,0.00103616,0.000759813,0.0,0.00139361,0.0,0.00119444,0.000698777,0.0121105,6.4524e-05,0.00394679,0.0158329,0.000931103,0.0193858,0.00192602,1.03473e-09
0.0,0.0,0.0,0.0,0.0,0.0,0.0,0.0,0.0,0.0,0.0,0.0,0.0,0.0,0.0,0.0,0.0,0.0,0.0,0.0,4.52876e-05,0.0096356,0.0,0.000418637,0.0,3.81084e-07,0.0,0.0,0.0,0.0,0.0,0.0,0.0,0.0,0.0,0.0,0.0,0.0,0.0,0.0,0.0,0.0,0.0,0.0,0.000535486,0.000152246,0.0,2.6232e-06,0.00293183,6.59121e-06,0.0,0.0,8.4675e-05,0.00761678,0.000261082,0.00294428,0.0,0.0,0.0,0.000288253,0.0,0.0,0.000399632,0.0135666,0.0,0.00172174,0.0,0.0,9.33785e-06,0.0,0.0,0.0,0.0,0.0,0.00307029,0.0,0.000128738,8.59817e-05,0.0,0.0,0.0,0.000252939,0.0,0.0,4.62952e-06,3.72825e-05,0.0,0.0,0.000556997,0.00379294,0.000619574,0.00485638,0.000690756,0.00159065,0.00475764,7.82608e-06,0.00371805,0.040848,0.00534223,0.00103725,0.000758994,0.0,0.00138952,0.0,0.00118245,0.000698592,0.0121317,6.44065e-05,0.00394059,0.0158159,0.00092968,0.019366,0.00192475,1.03618e-09
0.0,0.0,0.0,0.0,0.0,0.0,0.0,0.0,0.0,0.0,0.0,0.0,0.0,0.0,0.0,0.0,0.0,0.0,0.0,0.0,4.50211e-05,0.00958296,0.0,0.000416189,0.0,3.81968e-07,0.0,0.0,0.0,0.0,0.0,0.0,0.0,0.0,0.0,0.0,0.0,0.0,0.0,0.0,0.0,0.0,0.0,0.0,0.000537986,0.000153938,0.0,2.61759e-06,0.00293815,6.51409e-06,0.0,0.0,8.36938e-05,0.0075424,0.000262891,0.00297491,0.0,0.0,0.0,0.000291208,0.0,0.0,0.000398779,0.0137116,0.0,0.00172567,0.0,0.0,9.2286e-06,0.0,0.0,0.0,0.0,0.0,0.003099,0.0,0.000129946,8.70367e-05,0.0,0.0,0.0,0.000255081,0.0,0.0,4.71773e-06,3.71639e-05,0.0,0.0,0.000564067,0.00377485,0.000628697,0.00485748,0.00069002,0.00158944,0.00475199,7.98052e-06,0.0037144,0.0408018,0.00533627,0.00103834,0.000758174,0.0,0.00138542,0.0,0.00117045,0.000698417,0.0121529,6.4291e-05,0.00393438,0.0157988,0.000928263,0.0193461,0.00192348,1.03764e-09
