0.0,0.0,0.00257386,0.23269,0.0,0.0,0.0,0.0,0.0,0.00046605,0.121773,0.00435557,0.0,6.19393e-05,0.000265103,0.0,0.000144681,0.00531006,0.0,0.0,0.0143953,0.0,0.0,0.0,0.0,0.0,0.0965444,0.0,0.0370705,0.788858,1.2252,0.0350599,0.40563,0.0504346,0.0,0.211819,0.0,0.0796243,0.0312528,0.0,0.0245186,0.0,0.000695841,4.80846e-05,0.0139327,0.0,0.0,0.0,0.0,0.0,0.0,0.0,0.0,0.0,0.0,0.0,0.0,0.0,0.0,0.0,0.0,0.0,0.0,0.0,0.0,0.0,0.0,0.0,0.0,0.0,0.0,0.0,0.0,0.0,0.0,0.0,0.0,0.0,0.0,0.0,0.0,0.0,0.0,0.0,0.0,0.0,0.0,0.0,0.0,0.0,0.0,0.0,0.0,0.0,0.0,1.73387,0.344074,3.85922,3.29995,1.95799,0.499437,0.248915,0.131951,0.0,2.06047,0.769845,0.308584,0.699811,0.0982722,4.85612,0.0971767,0.0824839,0.163617,0.0
0.0,0.0,0.00257203,0.231378,0.0,0.0,0.0,0.0,0.0,0.000464255,0.121573,0.00430181,0.0,6.12661e-05,0.000264742,0.0,0.000143157,0.00521481,0.0,0.0,0.0143709,0.0,0.0,0.0,0.0,0.0,0.0970408,0.0,0.0379064,0.78878,1.22395,0.0350599,0.405011,0.0502601,0.0,0.21249,0.0,0.079486,0.0311305,0.0,0.0251029,0.0,0.000707593,5.45745e-05,0.0138503,0.0,0.0,0.0,0.0,0.0,0.0,0.0,0.0,0.0,0.0,0.0,0.0,0.0,0.0,0.0,0.0,0.0,0.0,0.0,0.0,0.0,0.0,0.0,0.0,0.0,0.0,0.0,0.0,0.0,0.0,0.0,0.0,0.0,0.0,0.0,0.0,0.0,0.0,0.0,0.0,0.0,0.0,0.0,0.0,0.0,0.0,0.0,0.0,0.0,0.0,1.73071,0.343553,3.86225,3.30327,1.9581,0.505515,0.248391,0.132983,0.0,2.05755,0.77282,0.309853,0.705086,0.0979973,4.82557,0.0971767,0.0839591,0.164232,0.0
0.0,0.0,0.00257019,0.230065,0.0,0.0,0.0,0.0,0.0,0.000462161,0.121373,0.00424775,0.0,6.06538e-05,0.000264501,0.0,0.000141695,0.00511956,0.0,0.0,0.0143469,0.0,0.0,0.0,0.0,0.0,0.097538,0.0,0.0387423,0.788699,1.22271,0.0350599,0.404391,0.0500856,0.0,0.21316,0.0,0.0793473,0.0310088,0.0,0.0256839,0.0,0.000719345,6.11235e-05,0.0137681,0.0,0.0,0.0,0.0,0.0,0.0,0.0,0.0,0.0,0.0,0.0,0.0,0.0,0.0,0.0,0.0,0.0,0.0,0.0,0.0,0.0,0.0,0.0,0.0,0.0,0.0,0.0,0.0,0.0,0.0,0.0,0.0,0.0,0.0,0.0,0.0,0.0,0.0,0.0,0.0,0.0,0.0,0.0,0.0,0.0,0.0,0.0,0.0,0.0,0.0,1.72647,0.343036,3.86526,3.30553,1.95822,0.511592,0.247867,0.134015,0.0,2.05463,0.775792,0.311118,0.710358,0.0977229,4.78204,0.0971767,0.0854351,0.164847,0.0
0.0,0.0,0.00256873,0.228753,0.0,0.0,0.0,0.0,0.0,0.000460366,0.121173,0.00419369,0.0,5.99805e-05,0.00026426,0.0,0.000140233,0.0050249,0.0,0.0,0.0143229,0.0,0.0,0.0,0.0,0.0,0.0980341,0.0,0.0395788,0.78862,1.22146,0.0350599,0.403772,0.0499098,0.0,0.213832,0.0,0.079209,0.0308864,0.0,0.0262619,0.0,0.000731096,6.76134e-05,0.0136857,0.0,0.0,0.0,0.0,0.0,0.0,0.0,0.0,0.0,0.0,0.0,0.0,0.0,0.0,0.0,0.0,0.0,0.0,0.0,0.0,0.0,0.0,0.0,0.0,0.0,0.0,0.0,0.0,0.0,0.0,0.0,0.0,0.0,0.0,0.0,0.0,0.0,0.0,0.0,0.0,0.0,0.0,0.0,0.0,0.0,0.0,0.0,0.0,0.0,0.0,1.71864,0.342516,3.86826,3.30742,1.95833,0.517668,0.247343,0.135047,0.0,2.05171,0.778763,0.312386,0.715635,0.0974477,4.73174,0.0971767,0.08691,0.165462,0.0
0.0,0.0,0.00256665,0.22744,0.0,0.0,0.0,0.0,0.0,0.000458571,0.120974,0.00413963,0.0,5.93683e-05,0.000263958,0.0,0.000138771,0.00493052,0.0,0.0,0.0142988,0.0,0.0,0.0,0.0,0.0,0.09853,0.0,0.0404152,0.788541,1.22021,0.0350599,0.403152,0.0497352,0.0,0.214503,0.0,0.0790715,0.0307638,0.0,0.0268358,0.0,0.000742848,7.41623e-05,0.0136036,0.0,0.0,0.0,0.0,0.0,0.0,0.0,0.0,0.0,0.0,0.0,0.0,0.0,0.0,0.0,0.0,0.0,0.0,0.0,0.0,0.0,0.0,0.0,0.0,0.0,0.0,0.0,0.0,0.0,0.0,0.0,0.0,0.0,0.0,0.0,0.0,0.0,0.0,0.0,0.0,0.0,0.0,0.0,0.0,0.0,0.0,0.0,0.0,0.0,0.0,1.70492,0.341999,3.87101,3.30931,1.95845,0.523746,0.24682,0.13608,0.0,2.04879,0.781737,0.313653,0.720911,0.0971733,4.66805,0.0971767,0.0883863,0.166076,0.0
0.0,0.0,0.0025628,0.221598,0.0,0.0,0.0,0.0,0.0,0.000458571,0.120551,0.00411689,0.0,5.90623e-05,0.000263898,0.0,0.000138283,0.00490421,0.0,0.0,0.0142529,0.0,0.0,0.0,0.0,0.0,0.0989993,0.0,0.0410706,0.788202,1.21935,0.0350599,0.402191,0.0495542,0.0,0.215047,0.0,0.0789002,0.0306111,0.0,0.0273968,0.0,0.000747595,8.06523e-05,0.0135252,0.0,0.0,0.0,0.0,0.0,0.0,0.0,0.0,0.0,0.0,0.0,0.0,0.0,0.0,0.0,0.0,0.0,0.0,0.0,0.0,0.0,0.0,0.0,0.0,0.0,0.0,0.0,0.0,0.0,0.0,0.0,0.0,0.0,0.0,0.0,0.0,0.0,0.0,0.0,0.0,0.0,0.0,0.0,0.0,0.0,0.0,0.0,0.0,0.0,0.0,1.6996,0.341444,3.87279,3.31188,1.95717,0.527119,0.246226,0.136904,0.0,2.04398,0.783126,0.313868,0.724706,0.0967815,4.66373,0.0971767,0.0894479,0.166566,0.0
0.0,0.0,0.00255926,0.215872,0.0,0.0,0.0,0.0,0.0,0.000636855,0.120094,0.00409416,0.0,5.88173e-05,0.000263838,0.0,0.000137918,0.00487878,0.0,0.0,0.0142058,0.0,0.0,0.0,0.0,0.0,0.0990723,0.0,0.0408901,0.791358,1.22221,0.0350599,0.401074,0.0498777,0.0,0.214771,0.0,0.0790586,0.0304583,0.0,0.0279898,0.0,0.000740529,0.000101597,0.0134464,0.0,0.0,0.0,0.0,0.0,0.0,0.0,0.0,0.0,0.0,0.0,0.0,0.0,0.0,0.0,0.0,0.0,0.0,0.0,0.0,0.0,0.0,0.0,0.0,0.0,0.0,0.0,0.0,0.0,0.0,0.0,0.0,0.0,0.0,0.0,0.0,0.0,0.0,0.0,0.0,0.0,0.0,0.0,0.0,0.0,0.0,0.0,0.0,0.0,0.0,1.69373,0.340893,3.87233,3.30979,1.95364,0.523774,0.245632,0.13642,0.0,2.03961,0.779044,0.311545,0.721597,0.0963894,4.65581,0.0971767,0.0889802,0.166255,0.0
0.0,0.0,0.00255535,0.210147,0.0,0.0,0.0,0.0,0.0,0.000815138,0.119636,0.00407142,0.0,5.85113e-05,0.000263777,0.0,0.000137491,0.00485362,0.0,0.0,0.0141591,0.0,0.0,0.0,0.0,0.0,0.0991459,0.0,0.0407102,0.794513,1.22507,0.0350599,0.399957,0.0502015,0.0,0.214497,0.0,0.0792165,0.030305,0.0,0.0277977,0.0,0.000733524,0.000122542,0.0133676,0.0,0.0,0.0,0.0,0.0,0.0,0.0,0.0,0.0,0.0,0.0,0.0,0.0,0.0,0.0,0.0,0.0,0.0,0.0,0.0,0.0,0.0,0.0,0.0,0.0,0.0,0.0,0.0,0.0,0.0,0.0,0.0,0.0,0.0,0.0,0.0,0.0,0.0,0.0,0.0,0.0,0.0,0.0,0.0,0.0,0.0,0.0,0.0,0.0,0.0,1.68769,0.34034,3.87185,3.30769,1.95011,0.520426,0.245038,0.135937,0.0,2.03522,0.77496,0.309218,0.718487,0.0959982,4.64009,0.0971767,0.0885119,0.165943,0.0
0.0,0.0,0.00255139,0.204424,0.0,0.0,0.0,0.0,0.0,0.000993721,0.119178,0.00404867,0.0,5.83275e-05,0.000263657,0.0,0.000137004,0.00482789,0.0,0.0,0.0141118,0.0,0.0,0.0,0.0,0.0,0.0992199,0.0,0.0405291,0.79767,1.22792,0.0350599,0.39884,0.050525,0.0,0.214222,0.0,0.079375,0.0301523,0.0,0.027605,0.0,0.000726458,0.000143487,0.0132888,0.0,0.0,0.0,0.0,0.0,0.0,0.0,0.0,0.0,0.0,0.0,0.0,0.0,0.0,0.0,0.0,0.0,0.0,0.0,0.0,0.0,0.0,0.0,0.0,0.0,0.0,0.0,0.0,0.0,0.0,0.0,0.0,0.0,0.0,0.0,0.0,0.0,0.0,0.0,0.0,0.0,0.0,0.0,0.0,0.0,0.0,0.0,0.0,0.0,0.0,1.68128,0.339788,3.87136,3.30542,1.94658,0.51708,0.244444,0.135453,0.0,2.03068,0.770877,0.306896,0.715379,0.0956069,4.61191,0.0971767,0.0880433,0.165632,0.0
0.0,0.0,0.00254748,0.198705,0.0,0.0,0.0,0.0,0.0,0.001172,0.118721,0.00402564,0.0,5.80215e-05,0.000263596,0.0,0.000136577,0.00480274,0.0,0.0,0.0140648,0.0,0.0,0.0,0.0,0.0,0.0992926,0.0,0.0403488,0.800825,1.23078,0.0350599,0.397724,0.0508484,0.0,0.213947,0.0,0.0795328,0.0299992,0.0,0.0274129,0.0,0.000719392,0.000164491,0.0132103,0.0,0.0,0.0,0.0,0.0,0.0,0.0,0.0,0.0,0.0,0.0,0.0,0.0,0.0,0.0,0.0,0.0,0.0,0.0,0.0,0.0,0.0,0.0,0.0,0.0,0.0,0.0,0.0,0.0,0.0,0.0,0.0,0.0,0.0,0.0,0.0,0.0,0.0,0.0,0.0,0.0,0.0,0.0,0.0,0.0,0.0,0.0,0.0,0.0,0.0,1.67453,0.339235,3.87084,3.30273,1.94305,0.513735,0.243849,0.134971,0.0,2.02599,0.766794,0.304569,0.712272,0.0952148,4.57486,0.0971767,0.0875758,0.16532,0.0
0.0,0.0,0.0025437,0.195082,0.0,0.0,0.0,0.0,0.0,0.00132666,0.11853,0.00393643,0.0,5.71033e-05,0.000263114,0.0,0.000133779,0.00404538,0.0,0.0,0.0140648,0.0,0.0,0.0,0.0,0.0,0.0993114,0.0,0.0401814,0.803861,1.23371,0.0350599,0.396656,0.0511532,0.0,0.21385,0.0,0.0796726,0.0298443,0.0,0.0274129,0.0,0.00071129,0.000184491,0.0131268,0.0,0.0,0.0,0.0,0.0,0.0,0.0,0.0,0.0,0.0,0.0,0.0,0.0,0.0,0.0,0.0,0.0,0.0,0.0,0.0,0.0,0.0,0.0,0.0,0.0,0.0,0.0,0.0,0.0,0.0,0.0,0.0,0.0,0.0,0.0,0.0,0.0,0.0,0.0,0.0,0.0,0.0,0.0,0.0,0.0,0.0,0.0,0.0,0.0,0.0,1.66869,0.338675,3.87152,3.29755,1.94047,0.510696,0.243249,0.134552,0.0,2.0221,0.763355,0.302835,0.710269,0.0948965,4.53806,0.0971767,0.0871513,0.165157,0.0
0.0,0.0,0.00253961,0.19114,0.0,0.0,0.0,0.0,0.0,0.00130273,0.11843,0.00384693,0.0,5.61236e-05,0.000262812,0.0,0.000130919,0.00328803,0.0,0.0,0.0140648,0.0,0.0,0.0,0.0,0.0,0.0987606,0.0,0.0400148,0.804144,1.23348,0.0350599,0.395591,0.050953,0.0,0.213932,0.0,0.0794831,0.0296904,0.0,0.0275292,0.0,0.000703188,0.000183606,0.0130436,0.0,0.0,0.0,0.0,0.0,0.0,0.0,0.0,0.0,0.0,0.0,0.0,0.0,0.0,0.0,0.0,0.0,0.0,0.0,0.0,0.0,0.0,0.0,0.0,0.0,0.0,0.0,0.0,0.0,0.0,0.0,0.0,0.0,0.0,0.0,0.0,0.0,0.0,0.0,0.0,0.0,0.0,0.0,0.0,0.0,0.0,0.0,0.0,0.0,0.0,1.66181,0.338117,3.87316,3.28943,1.93948,0.50769,0.242645,0.134133,0.0,2.01787,0.761364,0.301098,0.7093,0.0945793,4.64359,0.0971767,0.0867273,0.164993,0.0
0.0,0.0,0.00253589,0.187198,0.0,0.0,0.0,0.0,0.0,0.00127879,0.118331,0.00375714,0.0,5.52053e-05,0.000262329,0.0,0.000127999,0.00253038,0.0,0.0,0.0140648,0.0,0.0,0.0,0.0,0.0,0.0982105,0.0,0.0398468,0.804428,1.23324,0.0350599,0.394524,0.0507528,0.0,0.214014,0.0,0.0792933,0.0295358,0.0,0.0276458,0.0,0.000695087,0.000182721,0.0129601,0.0,0.0,0.0,0.0,0.0,0.0,0.0,0.0,0.0,0.0,0.0,0.0,0.0,0.0,0.0,0.0,0.0,0.0,0.0,0.0,0.0,0.0,0.0,0.0,0.0,0.0,0.0,0.0,0.0,0.0,0.0,0.0,0.0,0.0,0.0,0.0,0.0,0.0,0.0,0.0,0.0,0.0,0.0,0.0,0.0,0.0,0.0,0.0,0.0,0.0,1.65469,0.337558,3.87477,3.2813,1.93849,0.504691,0.242043,0.133715,0.0,2.01365,0.759377,0.29936,0.708333,0.0942612,4.70686,0.0971767,0.0863033,0.164831,0.0
0.0,0.0,0.00253204,0.183255,0.0,0.0,0.0,0.0,0.0,0.00125516,0.118233,0.00366793,0.0,5.42869e-05,0.000261968,0.0,0.00012514,0.00177332,0.0,0.0,0.0140648,0.0,0.0,0.0,0.0,0.0,0.0976594,0.0,0.0396796,0.80471,1.23301,0.0350599,0.393457,0.0505525,0.0,0.214096,0.0,0.0791042,0.0293812,0.0,0.0277624,0.0,0.000686985,0.000181836,0.0128767,0.0,0.0,0.0,0.0,0.0,0.0,0.0,0.0,0.0,0.0,0.0,0.0,0.0,0.0,0.0,0.0,0.0,0.0,0.0,0.0,0.0,0.0,0.0,0.0,0.0,0.0,0.0,0.0,0.0,0.0,0.0,0.0,0.0,0.0,0.0,0.0,0.0,0.0,0.0,0.0,0.0,0.0,0.0,0.0,0.0,0.0,0.0,0.0,0.0,0.0,1.64738,0.336998,3.87632,3.27318,1.9375,0.501687,0.241441,0.133295,0.0,2.00942,0.757385,0.297623,0.707364,0.0939435,4.66272,0.0971767,0.0858799,0.164667,0.0
0.0,0.0,0.00252856,0.179312,0.0,0.0,0.0,0.0,0.0,0.00123123,0.118134,0.00357843,0.0,5.33075e-05,0.000261547,0.0,0.000122342,0.00101596,0.0,0.0,0.0140648,0.0,0.0,0.0,0.0,0.0,0.0971101,0.0,0.0395124,0.804994,1.23278,0.0350599,0.392389,0.0503519,0.0,0.214178,0.0,0.0789147,0.0292266,0.0,0.0278787,0.0,0.000678884,0.000180951,0.0127932,0.0,0.0,0.0,0.0,0.0,0.0,0.0,0.0,0.0,0.0,0.0,0.0,0.0,0.0,0.0,0.0,0.0,0.0,0.0,0.0,0.0,0.0,0.0,0.0,0.0,0.0,0.0,0.0,0.0,0.0,0.0,0.0,0.0,0.0,0.0,0.0,0.0,0.0,0.0,0.0,0.0,0.0,0.0,0.0,0.0,0.0,0.0,0.0,0.0,0.0,1.63991,0.33644,3.87783,3.26505,1.93651,0.498685,0.240838,0.132876,0.0,1.96781,0.755395,0.295886,0.706397,0.0936257,4.55535,0.0971767,0.0854553,0.164504,0.0
0.0,0.0,0.00252783,0.178245,0.0,0.0,0.0,0.0,0.0,0.00122974,0.118084,0.0035619,0.0,5.30624e-05,0.000261547,0.0,0.000122159,0.00101596,0.0,0.0,0.0140645,0.0,0.0,0.0,0.0,0.0,0.0966714,0.0,0.0395124,0.805389,1.2328,0.0350599,0.391252,0.0501896,0.0,0.214096,0.0,0.078846,0.0290929,0.0,0.0278919,0.0,0.000675899,0.000180951,0.012767,0.0,0.0,0.0,0.0,0.0,0.0,0.0,0.0,0.0,0.0,0.0,0.0,0.0,0.0,0.0,0.0,0.0,0.0,0.0,0.0,0.0,0.0,0.0,0.0,0.0,0.0,0.0,0.0,0.0,0.0,0.0,0.0,0.0,0.0,0.0,0.0,0.0,0.0,0.0,0.0,0.0,0.0,0.0,0.0,0.0,0.0,0.0,0.0,0.0,0.0,1.6356,0.336029,3.87288,3.25978,1.93727,0.497579,0.240404,0.132827,0.0,1.96648,0.754844,0.294304,0.706681,0.0935418,4.55449,0.0971767,0.0852367,0.16448,0.0
0.0,0.0,0.00383506,0.177986,0.0,0.0,0.0,0.0,0.0,0.00122824,0.119049,0.00354507,0.0,5.28786e-05,0.000261547,0.0,0.000121915,0.00151563,0.0,0.0,0.0140642,0.0,0.0,0.0,0.0,0.0,0.0961997,0.0,0.0398448,0.805837,1.23344,0.0350599,0.390115,0.0500396,0.0,0.213662,0.0,0.0793005,0.028959,0.0,0.0277886,0.0,0.000672793,0.000200421,0.013538,0.0,0.0,0.0,0.0,0.0,0.0,0.0,0.0,0.0,0.0,0.0,0.0,0.0,0.0,0.0,0.0,0.0,0.0,0.0,0.0,0.0,0.0,0.0,0.0,0.0,0.0,0.0,0.0,0.0,0.0,0.0,0.0,0.0,0.0,0.0,0.0,0.0,0.0,0.0,0.0,0.0,0.0,0.0,0.0,0.0,0.0,0.0,0.0,0.0,0.0,1.6302,0.33562,3.86795,3.25573,1.93915,0.494711,0.23997,0.132915,0.0,1.967,0.753569,0.292723,0.709058,0.0941495,4.55746,0.0971767,0.0850163,0.165596,0.0
0.0,0.0,0.00514309,0.177068,0.0,0.0,0.0,0.0,0.0,0.00122645,0.120013,0.00352854,0.0,5.26335e-05,0.000261487,0.0,0.000121732,0.00201558,0.0,0.0,0.0140642,0.0,0.0,0.0,0.0,0.0,0.0957268,0.0,0.0401783,0.806284,1.23409,0.0350599,0.388976,0.0498885,0.0,0.213228,0.0,0.0797561,0.0288247,0.0,0.0276849,0.0,0.000669808,0.00021995,0.0143088,0.0,0.0,0.0,0.0,0.0,0.0,0.0,0.0,0.0,0.0,0.0,0.0,0.0,0.0,0.0,0.0,0.0,0.0,0.0,0.0,0.0,0.0,0.0,0.0,0.0,0.0,0.0,0.0,0.0,0.0,0.0,0.0,0.0,0.0,0.0,0.0,0.0,0.0,0.0,0.0,0.0,0.0,0.0,0.0,0.0,0.0,0.0,0.0,0.0,0.0,1.62481,0.33521,3.86308,3.25168,1.94103,0.491845,0.239537,0.133005,0.0,1.96751,0.752295,0.291141,0.711433,0.0947568,4.56041,0.0971767,0.0847974,0.166712,0.0
0.0,0.0,0.00644983,0.176149,0.0,0.0,0.0,0.0,0.0,0.00122495,0.120977,0.003512,0.0,5.23887e-05,0.000261426,0.0,0.00012155,0.00251645,0.0,0.0,0.0140642,0.0,0.0,0.0,0.0,0.0,0.0952547,0.0,0.0405109,0.806732,1.23474,0.0350599,0.387839,0.0497376,0.0,0.212793,0.0,0.0802118,0.028691,0.0,0.0275814,0.0,0.000666762,0.000239479,0.0150795,0.0,0.0,0.0,0.0,0.0,0.0,0.0,0.0,0.0,0.0,0.0,0.0,0.0,0.0,0.0,0.0,0.0,0.0,0.0,0.0,0.0,0.0,0.0,0.0,0.0,0.0,0.0,0.0,0.0,0.0,0.0,0.0,0.0,0.0,0.0,0.0,0.0,0.0,0.0,0.0,0.0,0.0,0.0,0.0,0.0,0.0,0.0,0.0,0.0,0.0,1.61886,0.334802,3.85741,3.24763,1.94291,0.488981,0.239103,0.133094,0.0,1.96803,0.750665,0.289556,0.713807,0.0953642,4.56296,0.0971767,0.0845781,0.167829,0.0
0.0,0.0,0.00775865,0.17523,0.0,0.0,0.0,0.0,0.0,0.00122346,0.121943,0.00349547,0.0,5.21435e-05,0.000261366,0.0,0.000121428,0.00301641,0.0,0.0,0.0140639,0.0,0.0,0.0,0.0,0.0,0.0947824,0.0,0.0408439,0.807182,1.23538,0.0350599,0.386703,0.0495871,0.0,0.212359,0.0,0.0806668,0.028557,0.0,0.0274781,0.0,0.000663777,0.000258949,0.0158504,0.0,0.0,0.0,0.0,0.0,0.0,0.0,0.0,0.0,0.0,0.0,0.0,0.0,0.0,0.0,0.0,0.0,0.0,0.0,0.0,0.0,0.0,0.0,0.0,0.0,0.0,0.0,0.0,0.0,0.0,0.0,0.0,0.0,0.0,0.0,0.0,0.0,0.0,0.0,0.0,0.0,0.0,0.0,0.0,0.0,0.0,0.0,0.0,0.0,0.0,1.59895,0.33439,3.84955,3.23842,1.94479,0.486116,0.238669,0.133182,0.0,1.96855,0.69905,0.287975,0.716183,0.0959713,4.56526,0.0971767,0.0843584,0.168945,0.0
0.0,0.0,0.00906674,0.174578,0.0,0.0,0.0,0.0,0.0,0.00121987,0.123049,0.00345649,0.0,5.16535e-05,0.000261245,0.0,0.000120454,0.00350433,0.0,0.0,0.0140639,0.0,0.0,0.0,0.0,0.0,0.0947824,0.0,0.0411036,0.808159,1.23618,0.0350599,0.386473,0.0495425,0.0,0.21203,0.0,0.0811605,0.028538,0.0,0.0273565,0.0,0.000663777,0.000277593,0.0165999,0.0,0.0,0.0,0.0,0.0,0.0,0.0,0.0,0.0,0.0,0.0,0.0,0.0,0.0,0.0,0.0,0.0,0.0,0.0,0.0,0.0,0.0,0.0,0.0,0.0,0.0,0.0,0.0,0.0,0.0,0.0,0.0,0.0,0.0,0.0,0.0,0.0,0.0,0.0,0.0,0.0,0.0,0.0,0.0,0.0,0.0,0.0,0.0,0.0,0.0,1.58946,0.333974,3.85237,3.23274,1.9463,0.482972,0.238156,0.133148,0.0,1.96806,0.696981,0.286766,0.718152,0.0964725,4.54531,0.0971767,0.0841317,0.169989,0.0
0.0,0.0,0.00908507,0.173865,0.0,0.0,0.0,0.0,0.0,0.00121628,0.123127,0.00341779,0.0,5.12246e-05,0.000261064,0.0,0.000119541,0.00349229,0.0,0.0,0.0140636,0.0,0.0,0.0,0.0,0.0,0.0954899,0.0,0.0410307,0.808229,1.23593,0.0350599,0.386506,0.0495001,0.0,0.211706,0.0,0.0814197,0.028518,0.0,0.0272348,0.0,0.000666335,0.000276767,0.0165524,0.0,0.0,0.0,0.0,0.0,0.0,0.0,0.0,0.0,0.0,0.0,0.0,0.0,0.0,0.0,0.0,0.0,0.0,0.0,0.0,0.0,0.0,0.0,0.0,0.0,0.0,0.0,0.0,0.0,0.0,0.0,0.0,0.0,0.0,0.0,0.0,0.0,0.0,0.0,0.0,0.0,0.0,0.0,0.0,0.0,0.0,0.0,0.0,0.0,0.0,1.57657,0.333558,3.85188,3.22913,1.94675,0.486704,0.237643,0.132979,0.0,1.96805,0.697162,0.28816,0.721564,0.0967548,4.52059,0.0971767,0.0839032,0.170324,0.0
0.0,0.0,0.00910377,0.173151,0.0,0.0,0.0,0.0,0.0,0.00121269,0.123206,0.0033788,0.0,5.07347e-05,0.000261004,0.0,0.000118567,0.00347935,0.0,0.0,0.0140639,0.0,0.0,0.0,0.0,0.0,0.0961981,0.0,0.0409574,0.808302,1.23567,0.0350599,0.386541,0.049458,0.0,0.211384,0.0,0.0816793,0.028499,0.0,0.0271131,0.0,0.000668953,0.000275882,0.0165047,0.0,0.0,0.0,0.0,0.0,0.0,0.0,0.0,0.0,0.0,0.0,0.0,0.0,0.0,0.0,0.0,0.0,0.0,0.0,0.0,0.0,0.0,0.0,0.0,0.0,0.0,0.0,0.0,0.0,0.0,0.0,0.0,0.0,0.0,0.0,0.0,0.0,0.0,0.0,0.0,0.0,0.0,0.0,0.0,0.0,0.0,0.0,0.0,0.0,0.0,1.55786,0.33314,3.85139,3.22551,1.94721,0.490436,0.23713,0.13281,0.0,1.96804,0.697339,0.289552,0.724972,0.097037,4.49063,0.0971767,0.083676,0.170659,0.0
0.0,0.0,0.00912216,0.17244,0.0,0.0,0.0,0.0,0.0,0.0012088,0.123283,0.00333982,0.0,5.02447e-05,0.000260823,0.0,0.000117715,0.00346702,0.0,0.0,0.0140639,0.0,0.0,0.0,0.0,0.0,0.0969054,0.0,0.0408851,0.808374,1.23541,0.0350599,0.386575,0.0494162,0.0,0.211061,0.0,0.0819388,0.0284793,0.0,0.0269914,0.0,0.000671511,0.000275056,0.0164566,0.0,0.0,0.0,0.0,0.0,0.0,0.0,0.0,0.0,0.0,0.0,0.0,0.0,0.0,0.0,0.0,0.0,0.0,0.0,0.0,0.0,0.0,0.0,0.0,0.0,0.0,0.0,0.0,0.0,0.0,0.0,0.0,0.0,0.0,0.0,0.0,0.0,0.0,0.0,0.0,0.0,0.0,0.0,0.0,0.0,0.0,0.0,0.0,0.0,0.0,1.52935,0.332724,3.85089,3.21918,1.94766,0.494169,0.236617,0.132642,0.0,1.96802,0.69752,0.290945,0.728382,0.0973198,4.45188,0.0971767,0.0834483,0.170995,0.0
0.0,0.0,0.0091408,0.171726,0.0,0.0,0.0,0.0,0.0,0.00120521,0.123361,0.00330142,0.0,4.97547e-05,0.000260703,0.0,0.000116802,0.00345498,0.0,0.0,0.0140636,0.0,0.0,0.0,0.0,0.0,0.0976133,0.0,0.0408124,0.808445,1.23516,0.0350599,0.386607,0.0493738,0.0,0.210738,0.0,0.0821986,0.02846,0.0,0.02687,0.0,0.000674068,0.00027423,0.0164089,0.0,0.0,0.0,0.0,0.0,0.0,0.0,0.0,0.0,0.0,0.0,0.0,0.0,0.0,0.0,0.0,0.0,0.0,0.0,0.0,0.0,0.0,0.0,0.0,0.0,0.0,0.0,0.0,0.0,0.0,0.0,0.0,0.0,0.0,0.0,0.0,0.0,0.0,0.0,0.0,0.0,0.0,0.0,0.0,0.0,0.0,0.0,0.0,0.0,0.0,1.49342,0.332306,3.8504,3.19615,1.94811,0.497904,0.236104,0.132472,0.0,1.96801,0.697698,0.292338,0.731792,0.0976015,4.38769,0.0971767,0.0832208,0.17133,0.0
0.0,0.0,0.00915888,0.171578,0.0,0.0,0.0,0.0,0.0,0.00120521,0.123333,0.00329049,0.0,4.96935e-05,0.000260703,0.0,0.000116802,0.00344925,0.0,0.0,0.014061,0.0,0.0,0.0,0.0,0.0,0.0978291,0.0,0.040736,0.808511,1.23487,0.0350599,0.386639,0.0493665,0.0,0.210312,0.0,0.0824747,0.0283463,0.0,0.02687,0.0,0.000676626,0.000274171,0.0164089,0.0,0.0,0.0,0.0,0.0,0.0,0.0,0.0,0.0,0.0,0.0,0.0,0.0,0.0,0.0,0.0,0.0,0.0,0.0,0.0,0.0,0.0,0.0,0.0,0.0,0.0,0.0,0.0,0.0,0.0,0.0,0.0,0.0,0.0,0.0,0.0,0.0,0.0,0.0,0.0,0.0,0.0,0.0,0.0,0.0,0.0,0.0,0.0,0.0,0.0,1.47684,0.332061,3.83884,3.16997,1.95067,0.503519,0.235885,0.132476,0.0,1.96984,0.700005,0.294714,0.736349,0.0980726,4.38845,0.0971767,0.0832208,0.171762,0.0
0.0,0.0,0.00916622,0.171307,0.0,0.0,0.0,0.0,0.0,0.00127191,0.123228,0.00327928,0.0,4.96322e-05,0.000260703,0.0,0.000117046,0.00345115,0.0,0.0,0.0140585,0.0,0.0,0.0,0.0,0.0,0.0973361,0.0,0.0406597,0.808268,1.23515,0.0350599,0.386585,0.0493629,0.0,0.210077,0.0,0.0826209,0.0282329,0.0,0.0268718,0.0,0.000677417,0.000274112,0.016429,0.0,0.0,0.0,0.0,0.0,0.0,0.0,0.0,0.0,0.0,0.0,0.0,0.0,0.0,0.0,0.0,0.0,0.0,0.0,0.0,0.0,0.0,0.0,0.0,0.0,0.0,0.0,0.0,0.0,0.0,0.0,0.0,0.0,0.0,0.0,0.0,0.0,0.0,0.0,0.0,0.0,0.0,0.0,0.0,0.0,0.0,0.0,0.0,0.0,0.0,1.46114,0.331816,3.82281,3.14609,1.95618,0.505439,0.235692,0.132244,0.0,1.97224,0.704645,0.297894,0.739829,0.0982858,4.39327,0.0971767,0.0832382,0.172033,0.0
0.0,0.0,0.00917361,0.171035,0.0,0.0,0.0,0.0,0.0,0.00133832,0.123124,0.00326835,0.0,4.95708e-05,0.000260824,0.0,0.000117412,0.00345185,0.0,0.0,0.0140562,0.0,0.0,0.0,0.0,0.0,0.0968426,0.0,0.0405833,0.808027,1.23542,0.0350599,0.38653,0.0493579,0.0,0.209843,0.0,0.0827668,0.0281198,0.0,0.0268733,0.0,0.000678087,0.000274053,0.0164492,0.0,0.0,0.0,0.0,0.0,0.0,0.0,0.0,0.0,0.0,0.0,0.0,0.0,0.0,0.0,0.0,0.0,0.0,0.0,0.0,0.0,0.0,0.0,0.0,0.0,0.0,0.0,0.0,0.0,0.0,0.0,0.0,0.0,0.0,0.0,0.0,0.0,0.0,0.0,0.0,0.0,0.0,0.0,0.0,0.0,0.0,0.0,0.0,0.0,0.0,1.44583,0.331571,3.8001,3.12081,1.96167,0.50736,0.2355,0.131481,0.0,1.97361,0.709284,0.301074,0.743305,0.0984982,4.36251,0.0971767,0.0832557,0.172303,0.0
0.0,0.0,0.00918064,0.170764,0.0,0.0,0.0,0.0,0.0,0.00140503,0.123019,0.00325743,0.0,4.95095e-05,0.000260824,0.0,0.000117655,0.00345403,0.0,0.0,0.0140537,0.0,0.0,0.0,0.0,0.0,0.0963492,0.0,0.0405076,0.807784,1.23569,0.0350599,0.386476,0.0493543,0.0,0.209607,0.0,0.082913,0.0280064,0.0,0.0268747,0.0,0.000678879,0.000273994,0.0164687,0.0,0.0,0.0,0.0,0.0,0.0,0.0,0.0,0.0,0.0,0.0,0.0,0.0,0.0,0.0,0.0,0.0,0.0,0.0,0.0,0.0,0.0,0.0,0.0,0.0,0.0,0.0,0.0,0.0,0.0,0.0,0.0,0.0,0.0,0.0,0.0,0.0,0.0,0.0,0.0,0.0,0.0,0.0,0.0,0.0,0.0,0.0,0.0,0.0,0.0,1.4309,0.331328,3.77292,3.08927,1.96717,0.509278,0.235308,0.130767,0.0,1.97415,0.712869,0.304255,0.746784,0.0987111,4.28734,0.0971767,0.0832731,0.172574,0.0
0.0,0.0,0.00918743,0.170492,0.0,0.0,0.0,0.0,0.0,0.00147174,0.122915,0.0032465,0.0,4.95095e-05,0.000260824,0.0,0.000118021,0.00345444,0.0,0.0,0.0140514,0.0,0.0,0.0,0.0,0.0,0.0958563,0.0,0.0404315,0.807542,1.23596,0.0350599,0.386422,0.0493497,0.0,0.209373,0.0,0.0830589,0.0278933,0.0,0.0268762,0.0,0.000679549,0.000273935,0.0164886,0.0,0.0,0.0,0.0,0.0,0.0,0.0,0.0,0.0,0.0,0.0,0.0,0.0,0.0,0.0,0.0,0.0,0.0,0.0,0.0,0.0,0.0,0.0,0.0,0.0,0.0,0.0,0.0,0.0,0.0,0.0,0.0,0.0,0.0,0.0,0.0,0.0,0.0,0.0,0.0,0.0,0.0,0.0,0.0,0.0,0.0,0.0,0.0,0.0,0.0,1.41634,0.33108,3.74547,2.95276,1.97267,0.511198,0.235116,0.127087,0.0,1.9747,0.701466,0.307436,0.750264,0.0989244,4.21474,0.0971767,0.0832903,0.172844,0.0
0.0,0.0,0.00919458,0.170444,0.0,0.0,0.0,0.0,0.0,0.00147981,0.122829,0.00320339,0.0,4.90196e-05,0.000260764,0.0,0.000117352,0.00344097,0.0,0.0,0.0140514,0.0,0.0,0.0,0.0,0.0,0.0958563,0.0,0.0403634,0.807601,1.23642,0.0350599,0.386409,0.0493151,0.0,0.20926,0.0,0.0831672,0.0278743,0.0,0.0267709,0.0,0.000676442,0.000273935,0.0164494,0.0,0.0,0.0,0.0,0.0,0.0,0.0,0.0,0.0,0.0,0.0,0.0,0.0,0.0,0.0,0.0,0.0,0.0,0.0,0.0,0.0,0.0,0.0,0.0,0.0,0.0,0.0,0.0,0.0,0.0,0.0,0.0,0.0,0.0,0.0,0.0,0.0,0.0,0.0,0.0,0.0,0.0,0.0,0.0,0.0,0.0,0.0,0.0,0.0,0.0,1.40909,0.330843,3.73685,2.93306,1.97689,0.511397,0.234764,0.12793,0.0,1.97747,0.704801,0.309788,0.752954,0.0990213,4.21423,0.0971767,0.0832157,0.173034,0.0
0.0,0.0,0.00920109,0.170396,0.0,0.0,0.0,0.0,0.0,0.00142148,0.122745,0.00316057,0.0,4.87131e-05,0.000260644,0.0,0.00011644,0.00342017,0.0,0.0,0.0140523,0.0,0.0,0.0,0.0,0.0,0.0965873,0.0,0.0402956,0.80781,1.23744,0.0350599,0.386706,0.0492743,0.0,0.209148,0.0,0.0831225,0.0279309,0.0,0.0266642,0.0,0.000672604,0.00029718,0.0163898,0.0,0.0,0.0,0.0,0.0,0.0,0.0,0.0,0.0,0.0,0.0,0.0,0.0,0.0,0.0,0.0,0.0,0.0,0.0,0.0,0.0,0.0,0.0,0.0,0.0,0.0,0.0,0.0,0.0,0.0,0.0,0.0,0.0,0.0,0.0,0.0,0.0,0.0,0.0,0.0,0.0,0.0,0.0,0.0,0.0,0.0,0.0,0.0,0.0,0.0,1.39465,0.331127,3.72249,2.93038,1.97859,0.509006,0.234765,0.127927,0.0,1.97888,0.704233,0.311919,0.752374,0.0990636,4.25026,0.0971767,0.0831237,0.172954,0.0
0.0,0.0,0.00920846,0.170347,0.0,0.0,0.0,0.0,0.0,0.00136315,0.122662,0.00311745,0.0,4.83456e-05,0.000260584,0.0,0.000115527,0.00339819,0.0,0.0,0.0140529,0.0,0.0,0.0,0.0,0.0,0.0973186,0.0,0.0402277,0.808019,1.23846,0.0350599,0.387004,0.0492341,0.0,0.209035,0.0,0.0830778,0.0279878,0.0,0.0265577,0.0,0.000668706,0.000320426,0.0163304,0.0,0.0,0.0,0.0,0.0,0.0,0.0,0.0,0.0,0.0,0.0,0.0,0.0,0.0,0.0,0.0,0.0,0.0,0.0,0.0,0.0,0.0,0.0,0.0,0.0,0.0,0.0,0.0,0.0,0.0,0.0,0.0,0.0,0.0,0.0,0.0,0.0,0.0,0.0,0.0,0.0,0.0,0.0,0.0,0.0,0.0,0.0,0.0,0.0,0.0,1.37958,0.33141,3.70751,2.91519,1.98028,0.506618,0.234768,0.127924,0.0,1.97966,0.703667,0.314048,0.751791,0.099105,4.28708,0.0971767,0.0830315,0.172874,0.0
0.0,0.0,0.00921552,0.1703,0.0,0.0,0.0,0.0,0.0,0.00130482,0.122579,0.00307433,0.0,4.78557e-05,0.000260403,0.0,0.000114554,0.00337709,0.0,0.0,0.014054,0.0,0.0,0.0,0.0,0.0,0.098051,0.0,0.0401605,0.808225,1.23948,0.0350599,0.387301,0.049193,0.0,0.208923,0.0,0.0830328,0.0280444,0.0,0.0264509,0.0,0.000664929,0.000343672,0.0162712,0.0,0.0,0.0,0.0,0.0,0.0,0.0,0.0,0.0,0.0,0.0,0.0,0.0,0.0,0.0,0.0,0.0,0.0,0.0,0.0,0.0,0.0,0.0,0.0,0.0,0.0,0.0,0.0,0.0,0.0,0.0,0.0,0.0,0.0,0.0,0.0,0.0,0.0,0.0,0.0,0.0,0.0,0.0,0.0,0.0,0.0,0.0,0.0,0.0,0.0,1.36428,0.331694,3.69238,2.89754,1.98198,0.504228,0.234771,0.12792,0.0,1.98031,0.703101,0.316178,0.751208,0.0991461,4.32475,0.0971767,0.0829398,0.172794,0.0
0.0,0.0,0.00922355,0.170252,0.0,0.0,0.0,0.0,0.0,0.00124649,0.122494,0.00303092,0.0,4.74881e-05,0.000260343,0.0,0.00011358,0.003356,0.0,0.0,0.0140543,0.0,0.0,0.0,0.0,0.0,0.0987817,0.0,0.0400923,0.808432,1.2405,0.0350599,0.387598,0.0491525,0.0,0.20881,0.0,0.0829877,0.0281007,0.0,0.0263441,0.0,0.000661092,0.000366918,0.0162117,0.0,0.0,0.0,0.0,0.0,0.0,0.0,0.0,0.0,0.0,0.0,0.0,0.0,0.0,0.0,0.0,0.0,0.0,0.0,0.0,0.0,0.0,0.0,0.0,0.0,0.0,0.0,0.0,0.0,0.0,0.0,0.0,0.0,0.0,0.0,0.0,0.0,0.0,0.0,0.0,0.0,0.0,0.0,0.0,0.0,0.0,0.0,0.0,0.0,0.0,1.34875,0.331976,3.67712,2.87962,1.98367,0.501838,0.234773,0.127917,0.0,1.98097,0.702535,0.318309,0.750627,0.0991875,4.36195,0.0971767,0.0828475,0.172713,0.0
0.0,0.0,0.00923153,0.170175,0.0,0.0,0.0,0.0,0.0,0.0012438,0.122497,0.0030132,0.0,4.74882e-05,0.000260283,0.0,0.000113337,0.0033557,0.0,0.0,0.0140552,0.0,0.0,0.0,0.0,0.0,0.0990596,0.0,0.0400364,0.808358,1.2415,0.0350599,0.387841,0.0491148,0.0,0.208758,0.0,0.0829482,0.0281474,0.0,0.0262102,0.0,0.000656645,0.000388984,0.0161478,0.0,0.0,0.0,0.0,0.0,0.0,0.0,0.0,0.0,0.0,0.0,0.0,0.0,0.0,0.0,0.0,0.0,0.0,0.0,0.0,0.0,0.0,0.0,0.0,0.0,0.0,0.0,0.0,0.0,0.0,0.0,0.0,0.0,0.0,0.0,0.0,0.0,0.0,0.0,0.0,0.0,0.0,0.0,0.0,0.0,0.0,0.0,0.0,0.0,0.0,1.34528,0.332255,3.67834,2.87918,1.98339,0.49979,0.234706,0.127759,0.0,1.97977,0.70035,0.320408,0.748671,0.0990306,4.3907,0.0971767,0.0825629,0.172496,0.0
0.0,0.0,0.0092434,0.170099,0.0,0.0,0.0,0.0,0.0,0.0012411,0.122553,0.00299459,0.0,4.74268e-05,0.000260223,0.0,0.000113032,0.00350145,0.0,0.0,0.0140552,0.0,0.0,0.0,0.0,0.0,0.0995104,0.0,0.0399799,0.808435,1.24332,0.0350599,0.388085,0.0493921,0.0,0.208803,0.0,0.0829006,0.0281311,0.0,0.026076,0.0,0.000652198,0.000387804,0.0160846,0.0,0.0,0.0,0.0,0.0,0.0,0.0,0.0,0.0,0.0,0.0,0.0,0.0,0.0,0.0,0.0,0.0,0.0,0.0,0.0,0.0,0.0,0.0,0.0,0.0,0.0,0.0,0.0,0.0,0.0,0.0,0.0,0.0,0.0,0.0,0.0,0.0,0.0,0.0,0.0,0.0,0.0,0.0,0.0,0.0,0.0,0.0,0.0,0.0,0.0,1.37159,0.333469,3.6778,2.92265,1.98299,0.49977,0.234546,0.127794,0.0,1.99907,0.697629,0.321095,0.746506,0.0987142,4.53473,0.0971767,0.0822774,0.17228,0.0
0.0,0.0,0.00925522,0.170022,0.0,0.0,0.0,0.0,0.0,0.00123841,0.122609,0.00297628,0.0,4.73045e-05,0.000260223,0.0,0.000112666,0.00364719,0.0,0.0,0.0140549,0.0,0.0,0.0,0.0,0.0,0.0999614,0.0,0.0399235,0.808512,1.24514,0.0350599,0.38833,0.0496678,0.0,0.208849,0.0,0.0828544,0.0281138,0.0,0.0259418,0.0,0.000647752,0.000386683,0.016021,0.0,0.0,0.0,0.0,0.0,0.0,0.0,0.0,0.0,0.0,0.0,0.0,0.0,0.0,0.0,0.0,0.0,0.0,0.0,0.0,0.0,0.0,0.0,0.0,0.0,0.0,0.0,0.0,0.0,0.0,0.0,0.0,0.0,0.0,0.0,0.0,0.0,0.0,0.0,0.0,0.0,0.0,0.0,0.0,0.0,0.0,0.0,0.0,0.0,0.0,1.39847,0.334683,3.67713,2.96703,1.98259,0.499749,0.234385,0.127826,0.0,2.01424,0.694911,0.321782,0.74434,0.0983963,4.65086,0.0971767,0.0819922,0.172063,0.0
0.0,0.0,0.00926709,0.169946,0.0,0.0,0.0,0.0,0.0,0.00123542,0.122664,0.00295826,0.0,4.72431e-05,0.000260223,0.0,0.000112422,0.00379235,0.0,0.0,0.0140549,0.0,0.0,0.0,0.0,0.0,0.10041,0.0,0.0398681,0.808588,1.24695,0.0350599,0.388573,0.0499445,0.0,0.208896,0.0,0.0828073,0.0280972,0.0,0.0258075,0.0,0.000643305,0.000385503,0.0159574,0.0,0.0,0.0,0.0,0.0,0.0,0.0,0.0,0.0,0.0,0.0,0.0,0.0,0.0,0.0,0.0,0.0,0.0,0.0,0.0,0.0,0.0,0.0,0.0,0.0,0.0,0.0,0.0,0.0,0.0,0.0,0.0,0.0,0.0,0.0,0.0,0.0,0.0,0.0,0.0,0.0,0.0,0.0,0.0,0.0,0.0,0.0,0.0,0.0,0.0,1.42596,0.335896,3.67646,3.01236,1.98218,0.499726,0.234224,0.127856,0.0,2.01963,0.69219,0.322468,0.742174,0.0980796,4.74981,0.0971767,0.081707,0.171847,0.0
0.0,0.0,0.00927909,0.169869,0.0,0.0,0.0,0.0,0.0,0.00123273,0.122721,0.00293966,0.0,4.7182e-05,0.000260162,0.0,0.000112179,0.00393838,0.0,0.0,0.0140549,0.0,0.0,0.0,0.0,0.0,0.10086,0.0,0.0398116,0.808665,1.24877,0.0350599,0.388817,0.0502211,0.0,0.208943,0.0,0.08276,0.0280812,0.0,0.0256733,0.0,0.000638919,0.000384323,0.0158935,0.0,0.0,0.0,0.0,0.0,0.0,0.0,0.0,0.0,0.0,0.0,0.0,0.0,0.0,0.0,0.0,0.0,0.0,0.0,0.0,0.0,0.0,0.0,0.0,0.0,0.0,0.0,0.0,0.0,0.0,0.0,0.0,0.0,0.0,0.0,0.0,0.0,0.0,0.0,0.0,0.0,0.0,0.0,0.0,0.0,0.0,0.0,0.0,0.0,0.0,1.45406,0.33711,3.67579,3.05867,1.98178,0.499705,0.234062,0.127887,0.0,2.01615,0.689471,0.323154,0.740005,0.0977626,4.82824,0.0971767,0.0814218,0.17163,0.0
0.0,0.0,0.0092909,0.16979,0.0,0.0,0.0,0.0,0.0,0.00122286,0.122777,0.00286315,0.0,4.68758e-05,0.000259737,0.0,0.000110838,0.00392905,0.0,0.0,0.0140544,0.0,0.0,0.0,0.0,0.0,0.101543,0.0,0.0397716,0.809001,1.25065,0.0350599,0.389238,0.0504742,0.0,0.209085,0.0,0.082749,0.0280935,0.0,0.0256733,0.0,0.000637336,0.000383497,0.015888,0.0,0.0,0.0,0.0,0.0,0.0,0.0,0.0,0.0,0.0,0.0,0.0,0.0,0.0,0.0,0.0,0.0,0.0,0.0,0.0,0.0,0.0,0.0,0.0,0.0,0.0,0.0,0.0,0.0,0.0,0.0,0.0,0.0,0.0,0.0,0.0,0.0,0.0,0.0,0.0,0.0,0.0,0.0,0.0,0.0,0.0,0.0,0.0,0.0,0.0,1.47812,0.338163,3.67435,3.09865,1.98273,0.498709,0.233898,0.128719,0.0,2.01384,0.687259,0.323472,0.739191,0.0975933,4.8843,0.0971767,0.0812132,0.17159,0.0
0.0,0.0,0.00930657,0.16971,0.0,0.0,0.0,0.0,0.0,0.00121269,0.122852,0.00278665,0.0,4.65086e-05,0.000259313,0.0,0.000109498,0.00377396,0.0,0.0,0.0140544,0.0,0.0,0.0,0.0,0.0,0.101615,0.0,0.0397313,0.809856,1.25047,0.0350599,0.38971,0.0504446,0.0,0.210593,0.0,0.0827928,0.0281313,0.0,0.0256751,0.0,0.000635813,0.000382671,0.0159266,0.0,0.0,0.0,0.0,0.0,0.0,0.0,0.0,0.0,0.0,0.0,0.0,0.0,0.0,0.0,0.0,0.0,0.0,0.0,0.0,0.0,0.0,0.0,0.0,0.0,0.0,0.0,0.0,0.0,0.0,0.0,0.0,0.0,0.0,0.0,0.0,0.0,0.0,0.0,0.0,0.0,0.0,0.0,0.0,0.0,0.0,0.0,0.0,0.0,0.0,1.47531,0.337761,3.6768,3.1104,1.98227,0.495091,0.233469,0.134786,0.0,2.01253,0.685468,0.322017,0.73931,0.0974871,4.91251,0.0971767,0.0810122,0.171626,0.0
0.0,0.0,0.00932156,0.16963,0.0,0.0,0.0,0.0,0.0,0.00120281,0.122927,0.00271044,0.0,4.62638e-05,0.000258889,0.0,0.000108035,0.00361859,0.0,0.0,0.0140541,0.0,0.0,0.0,0.0,0.0,0.101687,0.0,0.0396913,0.810709,1.25028,0.0350599,0.390178,0.0504156,0.0,0.212102,0.0,0.0828367,0.0281685,0.0,0.0256769,0.0,0.000634229,0.000381786,0.0159645,0.0,0.0,0.0,0.0,0.0,0.0,0.0,0.0,0.0,0.0,0.0,0.0,0.0,0.0,0.0,0.0,0.0,0.0,0.0,0.0,0.0,0.0,0.0,0.0,0.0,0.0,0.0,0.0,0.0,0.0,0.0,0.0,0.0,0.0,0.0,0.0,0.0,0.0,0.0,0.0,0.0,0.0,0.0,0.0,0.0,0.0,0.0,0.0,0.0,0.0,1.47079,0.337358,3.67925,3.11351,1.98181,0.491473,0.233041,0.138509,0.0,2.01123,0.683678,0.320562,0.739427,0.0973815,4.91116,0.0971767,0.0808106,0.171661,0.0
0.0,0.0,0.00933711,0.16955,0.0,0.0,0.0,0.0,0.0,0.00119264,0.123002,0.00263364,0.0,4.59576e-05,0.000258464,0.0,0.000106695,0.00346322,0.0,0.0,0.0140541,0.0,0.0,0.0,0.0,0.0,0.101758,0.0,0.039651,0.811564,1.2501,0.0350599,0.390647,0.0503864,0.0,0.213611,0.0,0.0828796,0.0282063,0.0,0.0256787,0.0,0.000632645,0.00038096,0.0160031,0.0,0.0,0.0,0.0,0.0,0.0,0.0,0.0,0.0,0.0,0.0,0.0,0.0,0.0,0.0,0.0,0.0,0.0,0.0,0.0,0.0,0.0,0.0,0.0,0.0,0.0,0.0,0.0,0.0,0.0,0.0,0.0,0.0,0.0,0.0,0.0,0.0,0.0,0.0,0.0,0.0,0.0,0.0,0.0,0.0,0.0,0.0,0.0,0.0,0.0,1.46623,0.336957,3.6817,3.11173,1.98135,0.487857,0.232612,0.139884,0.0,2.00992,0.681886,0.319109,0.739549,0.0972741,4.90868,0.0971767,0.0806091,0.171696,0.0
0.0,0.0,0.00935192,0.169471,0.0,0.0,0.0,0.0,0.0,0.00118277,0.123077,0.00255684,0.0,4.57128e-05,0.00025804,0.0,0.000105232,0.00330814,0.0,0.0,0.0140541,0.0,0.0,0.0,0.0,0.0,0.10183,0.0,0.039611,0.812419,1.24991,0.0350599,0.391118,0.0503568,0.0,0.215119,0.0,0.0829235,0.0282438,0.0,0.0256802,0.0,0.000631183,0.000380134,0.016041,0.0,0.0,0.0,0.0,0.0,0.0,0.0,0.0,0.0,0.0,0.0,0.0,0.0,0.0,0.0,0.0,0.0,0.0,0.0,0.0,0.0,0.0,0.0,0.0,0.0,0.0,0.0,0.0,0.0,0.0,0.0,0.0,0.0,0.0,0.0,0.0,0.0,0.0,0.0,0.0,0.0,0.0,0.0,0.0,0.0,0.0,0.0,0.0,0.0,0.0,1.46168,0.336555,3.68415,3.10785,1.98089,0.484241,0.232183,0.14057,0.0,2.00862,0.680095,0.317655,0.739668,0.0971681,4.9062,0.0971767,0.0804081,0.171731,0.0
0.0,0.0,0.00936606,0.169399,0.0,0.0,0.0,0.0,0.0,0.00117649,0.123031,0.00251608,0.0,4.55291e-05,0.000256771,0.0,9.9458e-05,0.00328033,0.0,0.0,0.0140527,0.0,0.0,0.0,0.0,0.0,0.102078,0.0,0.0395599,0.812655,1.24966,0.0350599,0.390978,0.0502734,0.0,0.216466,0.0,0.0828946,0.028218,0.0,0.025682,0.0,0.000631183,0.000379249,0.0160514,0.0,0.0,0.0,0.0,0.0,0.0,0.0,0.0,0.0,0.0,0.0,0.0,0.0,0.0,0.0,0.0,0.0,0.0,0.0,0.0,0.0,0.0,0.0,0.0,0.0,0.0,0.0,0.0,0.0,0.0,0.0,0.0,0.0,0.0,0.0,0.0,0.0,0.0,0.0,0.0,0.0,0.0,0.0,0.0,0.0,0.0,0.0,0.0,0.0,0.0,1.4619,0.336502,3.69103,3.10789,1.98253,0.483958,0.232134,0.141303,0.0,2.00982,0.680748,0.317644,0.740603,0.0972306,4.87393,0.0971767,0.0804148,0.171806,0.0
0.0,0.0,0.00936514,0.169329,0.0,0.0,0.0,0.0,0.0,0.00117021,0.12291,0.00247532,0.0,4.53454e-05,0.000255623,0.0,9.3623e-05,0.00325194,0.0,0.0,0.0140513,0.0,0.0,0.0,0.0,0.0,0.102109,0.0,0.0395094,0.81181,1.24978,0.0350599,0.390302,0.0501473,0.0,0.217027,0.0,0.0828103,0.0281544,0.0,0.0256849,0.0,0.000632279,0.000378364,0.016018,0.0,0.0,0.0,0.0,0.0,0.0,0.0,0.0,0.0,0.0,0.0,0.0,0.0,0.0,0.0,0.0,0.0,0.0,0.0,0.0,0.0,0.0,0.0,0.0,0.0,0.0,0.0,0.0,0.0,0.0,0.0,0.0,0.0,0.0,0.0,0.0,0.0,0.0,0.0,0.0,0.0,0.0,0.0,0.0,0.0,0.0,0.0,0.0,0.0,0.0,1.46213,0.337561,3.69137,3.11512,1.98698,0.489659,0.23295,0.141826,0.0,2.01681,0.681878,0.318574,0.744995,0.0984322,4.84294,0.0971767,0.0804801,0.172085,0.0
0.0,0.0,0.00936423,0.169258,0.0,0.0,0.0,0.0,0.0,0.00116423,0.122788,0.00243398,0.0,4.51618e-05,0.000254355,0.0,8.77275e-05,0.00322384,0.0,0.0,0.0140496,0.0,0.0,0.0,0.0,0.0,0.102142,0.0,0.0394583,0.810964,1.2499,0.0350599,0.389628,0.0500209,0.0,0.217589,0.0,0.0827267,0.0280914,0.0,0.0256876,0.0,0.000633497,0.000377479,0.0159843,0.0,0.0,0.0,0.0,0.0,0.0,0.0,0.0,0.0,0.0,0.0,0.0,0.0,0.0,0.0,0.0,0.0,0.0,0.0,0.0,0.0,0.0,0.0,0.0,0.0,0.0,0.0,0.0,0.0,0.0,0.0,0.0,0.0,0.0,0.0,0.0,0.0,0.0,0.0,0.0,0.0,0.0,0.0,0.0,0.0,0.0,0.0,0.0,0.0,0.0,1.46236,0.338619,3.6917,3.12236,1.99143,0.495361,0.233765,0.14235,0.0,2.0238,0.683007,0.319504,0.749386,0.0996343,4.81201,0.0971767,0.0805449,0.172364,0.0
0.0,0.0,0.00936307,0.169186,0.0,0.0,0.0,0.0,0.0,0.00115794,0.122667,0.00239292,0.0,4.49781e-05,0.000253207,0.0,8.18921e-05,0.00319545,0.0,0.0,0.0140484,0.0,0.0,0.0,0.0,0.0,0.102175,0.0,0.0394072,0.810118,1.25002,0.0350599,0.388954,0.0498954,0.0,0.218151,0.0,0.0826427,0.0280278,0.0,0.0256906,0.0,0.000634593,0.000376594,0.0159509,0.0,0.0,0.0,0.0,0.0,0.0,0.0,0.0,0.0,0.0,0.0,0.0,0.0,0.0,0.0,0.0,0.0,0.0,0.0,0.0,0.0,0.0,0.0,0.0,0.0,0.0,0.0,0.0,0.0,0.0,0.0,0.0,0.0,0.0,0.0,0.0,0.0,0.0,0.0,0.0,0.0,0.0,0.0,0.0,0.0,0.0,0.0,0.0,0.0,0.0,1.46259,0.339678,3.69202,3.1296,1.99587,0.501061,0.23458,0.142874,0.0,2.03079,0.684137,0.320435,0.753779,0.100836,4.78061,0.0971767,0.0806102,0.172643,0.0
0.0,0.0,0.00936215,0.169116,0.0,0.0,0.0,0.0,0.0,0.00115166,0.122545,0.00235216,0.0,4.47946e-05,0.000251939,0.0,7.60575e-05,0.00316735,0.0,0.0,0.0140473,0.0,0.0,0.0,0.0,0.0,0.102208,0.0,0.0393564,0.809273,1.25014,0.0350599,0.388279,0.0497687,0.0,0.218711,0.0,0.0825584,0.0279642,0.0,0.0256933,0.0,0.000635811,0.000375709,0.0159172,0.0,0.0,0.0,0.0,0.0,0.0,0.0,0.0,0.0,0.0,0.0,0.0,0.0,0.0,0.0,0.0,0.0,0.0,0.0,0.0,0.0,0.0,0.0,0.0,0.0,0.0,0.0,0.0,0.0,0.0,0.0,0.0,0.0,0.0,0.0,0.0,0.0,0.0,0.0,0.0,0.0,0.0,0.0,0.0,0.0,0.0,0.0,0.0,0.0,0.0,1.46283,0.340737,3.69236,3.13683,2.00032,0.506761,0.235396,0.143397,0.0,2.03778,0.685262,0.321364,0.758168,0.102038,4.74939,0.0971767,0.0806749,0.172922,0.0
0.0,0.0,0.00936154,0.169034,0.0,0.0,0.0,0.0,0.0,0.00114598,0.122447,0.00210422,0.0,4.46109e-05,0.000251401,0.0,7.5813e-05,0.00315187,0.0,0.0,0.0140473,0.0,0.0,0.0,0.0,0.0,0.101884,0.0,0.0393564,0.809256,1.2498,0.0350599,0.388279,0.0497687,0.0,0.219547,0.0,0.0825584,0.0279642,0.0,0.0256963,0.0,0.000636968,0.000375709,0.0159172,0.0,0.0,0.0,0.0,0.0,0.0,0.0,0.0,0.0,0.0,0.0,0.0,0.0,0.0,0.0,0.0,0.0,0.0,0.0,0.0,0.0,0.0,0.0,0.0,0.0,0.0,0.0,0.0,0.0,0.0,0.0,0.0,0.0,0.0,0.0,0.0,0.0,0.0,0.0,0.0,0.0,0.0,0.0,0.0,0.0,0.0,0.0,0.0,0.0,0.0,1.46161,0.341688,3.69155,3.14287,2.00374,0.509998,0.235841,0.143852,0.0,2.04366,0.685577,0.321248,0.762152,0.103169,4.7296,0.0971767,0.0807027,0.173138,0.0
0.0,0.0,0.00936129,0.169541,0.0,0.0,0.0,0.0,0.0,0.0011403,0.122349,0.00185657,0.0,4.4366e-05,0.000250864,0.0,7.56297e-05,0.0031361,0.0,0.0,0.0140514,0.0,0.0,0.0,0.0,0.0,0.101481,0.0,0.0393604,0.809691,1.24966,0.0350599,0.388636,0.0498592,0.0,0.219637,0.0,0.0827724,0.0279808,0.0,0.0256972,0.0,0.000637212,0.000377715,0.0159709,0.0,0.0,0.0,0.0,0.0,0.0,0.0,0.0,0.0,0.0,0.0,0.0,0.0,0.0,0.0,0.0,0.0,0.0,0.0,0.0,0.0,0.0,0.0,0.0,0.0,0.0,0.0,0.0,0.0,0.0,0.0,0.0,0.0,0.0,0.0,0.0,0.0,0.0,0.0,0.0,0.0,0.0,0.0,0.0,0.0,0.0,0.0,0.0,0.0,0.0,1.46003,0.342536,3.69477,3.1419,2.00307,0.50955,0.235394,0.143783,0.0,2.04385,0.685285,0.320682,0.765603,0.103236,4.71055,0.0971767,0.0810599,0.173074,0.0
0.0,0.0,0.00936147,0.170047,0.0,0.0,0.0,0.0,0.0,0.00113461,0.122251,0.00160863,0.0,4.41822e-05,0.000250266,0.0,7.53852e-05,0.00312062,0.0,0.0,0.014056,0.0,0.0,0.0,0.0,0.0,0.101078,0.0,0.0393643,0.810124,1.24953,0.0350599,0.388993,0.0499496,0.0,0.219727,0.0,0.0829858,0.0279968,0.0,0.0256984,0.0,0.000637455,0.000379662,0.0160248,0.0,0.0,0.0,0.0,0.0,0.0,0.0,0.0,0.0,0.0,0.0,0.0,0.0,0.0,0.0,0.0,0.0,0.0,0.0,0.0,0.0,0.0,0.0,0.0,0.0,0.0,0.0,0.0,0.0,0.0,0.0,0.0,0.0,0.0,0.0,0.0,0.0,0.0,0.0,0.0,0.0,0.0,0.0,0.0,0.0,0.0,0.0,0.0,0.0,0.0,1.45844,0.343386,3.69796,3.14092,2.0024,0.5091,0.234949,0.14332,0.0,2.03471,0.684994,0.320118,0.769054,0.103304,4.69123,0.0971767,0.0814182,0.17301,0.0
0.0,0.0,0.00936128,0.170554,0.0,0.0,0.0,0.0,0.0,0.00112893,0.122152,0.00136098,0.0,4.39987e-05,0.000249729,0.0,7.52019e-05,0.00310515,0.0,0.0,0.0140601,0.0,0.0,0.0,0.0,0.0,0.100674,0.0,0.0393677,0.810559,1.24941,0.0350599,0.389349,0.0500398,0.0,0.219817,0.0,0.0831993,0.0280127,0.0,0.0256996,0.0,0.000637699,0.000381609,0.0160786,0.0,0.0,0.0,0.0,0.0,0.0,0.0,0.0,0.0,0.0,0.0,0.0,0.0,0.0,0.0,0.0,0.0,0.0,0.0,0.0,0.0,0.0,0.0,0.0,0.0,0.0,0.0,0.0,0.0,0.0,0.0,0.0,0.0,0.0,0.0,0.0,0.0,0.0,0.0,0.0,0.0,0.0,0.0,0.0,0.0,0.0,0.0,0.0,0.0,0.0,1.45686,0.344237,3.70115,3.13995,2.00173,0.508652,0.234504,0.140291,0.0,2.01516,0.6847,0.319552,0.772507,0.103371,4.67047,0.0971767,0.081776,0.172946,0.0
0.0,0.0,0.00936134,0.171061,0.0,0.0,0.0,0.0,0.0,0.00112325,0.122054,0.00111304,0.0,4.37538e-05,0.000249192,0.0,7.50185e-05,0.00308937,0.0,0.0,0.0140647,0.0,0.0,0.0,0.0,0.0,0.100272,0.0,0.0393717,0.810992,1.24928,0.0350599,0.389707,0.0501304,0.0,0.219908,0.0,0.083413,0.0280293,0.0,0.0257008,0.0,0.000637943,0.000383556,0.0161324,0.0,0.0,0.0,0.0,0.0,0.0,0.0,0.0,0.0,0.0,0.0,0.0,0.0,0.0,0.0,0.0,0.0,0.0,0.0,0.0,0.0,0.0,0.0,0.0,0.0,0.0,0.0,0.0,0.0,0.0,0.0,0.0,0.0,0.0,0.0,0.0,0.0,0.0,0.0,0.0,0.0,0.0,0.0,0.0,0.0,0.0,0.0,0.0,0.0,0.0,1.45528,0.345087,3.70434,3.13183,2.00107,0.508205,0.234058,0.134687,0.0,1.99105,0.684409,0.318986,0.77596,0.103439,4.63714,0.0971767,0.0821338,0.172882,0.0
0.0,0.0,0.00936139,0.171004,0.0,0.0,0.0,0.0,0.0,0.00112145,0.121966,0.00110331,0.0,4.36927e-05,0.000249192,0.0,7.49574e-05,0.00308937,0.0,0.0,0.0140688,0.0,0.0,0.0,0.0,0.0,0.100272,0.0,0.0393223,0.810776,1.24167,0.0350599,0.389572,0.0501046,0.0,0.219673,0.0,0.0835287,0.0280186,0.0,0.025679,0.0,0.000637638,0.000385031,0.0161762,0.0,0.0,0.0,0.0,0.0,0.0,0.0,0.0,0.0,0.0,0.0,0.0,0.0,0.0,0.0,0.0,0.0,0.0,0.0,0.0,0.0,0.0,0.0,0.0,0.0,0.0,0.0,0.0,0.0,0.0,0.0,0.0,0.0,0.0,0.0,0.0,0.0,0.0,0.0,0.0,0.0,0.0,0.0,0.0,0.0,0.0,0.0,0.0,0.0,0.0,1.4523,0.345792,3.70601,3.12723,1.99813,0.508043,0.23365,0.133914,0.0,1.98633,0.682243,0.318567,0.77785,0.103281,4.63657,0.0971767,0.0822898,0.172672,0.0
0.0,0.0,0.00949403,0.170359,0.0,0.0,0.0,0.0,0.0,0.00111966,0.121915,0.00109359,0.0,4.36313e-05,0.000249192,0.0,7.49574e-05,0.00319904,0.0,0.0,0.014069,0.0,0.0,0.0,0.0,0.0,0.100531,0.0,0.039269,0.813881,1.23406,0.0350599,0.389803,0.0499884,0.0,0.219304,0.0,0.08343,0.0279909,0.0,0.025656,0.0,0.000637029,0.000384559,0.0161666,0.0,0.0,0.0,0.0,0.0,0.0,0.0,0.0,0.0,0.0,0.0,0.0,0.0,0.0,0.0,0.0,0.0,0.0,0.0,0.0,0.0,0.0,0.0,0.0,0.0,0.0,0.0,0.0,0.0,0.0,0.0,0.0,0.0,0.0,0.0,0.0,0.0,0.0,0.0,0.0,0.0,0.0,0.0,0.0,0.0,0.0,0.0,0.0,0.0,0.0,1.44944,0.345488,3.70956,3.12414,1.99453,0.508852,0.233242,0.13389,0.0,1.98279,0.67958,0.317656,0.775883,0.102985,4.63404,0.0971767,0.0820503,0.172463,0.0
0.0,0.0,0.00962678,0.169713,0.0,0.0,0.0,0.0,0.0,0.00111786,0.121863,0.00108416,0.0,4.35701e-05,0.000249192,0.0,7.48963e-05,0.00330899,0.0,0.0,0.0140693,0.0,0.0,0.0,0.0,0.0,0.10079,0.0,0.0392156,0.816986,1.22646,0.0350599,0.390035,0.0498731,0.0,0.218934,0.0,0.083332,0.0279642,0.0,0.025633,0.0,0.000636481,0.000384087,0.0161567,0.0,0.0,0.0,0.0,0.0,0.0,0.0,0.0,0.0,0.0,0.0,0.0,0.0,0.0,0.0,0.0,0.0,0.0,0.0,0.0,0.0,0.0,0.0,0.0,0.0,0.0,0.0,0.0,0.0,0.0,0.0,0.0,0.0,0.0,0.0,0.0,0.0,0.0,0.0,0.0,0.0,0.0,0.0,0.0,0.0,0.0,0.0,0.0,0.0,0.0,1.44657,0.344648,3.71179,3.12104,1.99001,0.509664,0.232834,0.133867,0.0,1.97926,0.676915,0.316742,0.773912,0.102686,4.63152,0.0971767,0.0818099,0.172253,0.0
0.0,0.0,0.00976009,0.169067,0.0,0.0,0.0,0.0,0.0,0.00111607,0.121813,0.00107414,0.0,4.35701e-05,0.000249192,0.0,7.48352e-05,0.00341952,0.0,0.0,0.0140696,0.0,0.0,0.0,0.0,0.0,0.10105,0.0,0.0391617,0.820091,1.21885,0.0350599,0.390266,0.0497562,0.0,0.218565,0.0,0.0832342,0.0279375,0.0,0.0256101,0.0,0.000635993,0.000383615,0.0161471,0.0,0.0,0.0,0.0,0.0,0.0,0.0,0.0,0.0,0.0,0.0,0.0,0.0,0.0,0.0,0.0,0.0,0.0,0.0,0.0,0.0,0.0,0.0,0.0,0.0,0.0,0.0,0.0,0.0,0.0,0.0,0.0,0.0,0.0,0.0,0.0,0.0,0.0,0.0,0.0,0.0,0.0,0.0,0.0,0.0,0.0,0.0,0.0,0.0,0.0,1.4437,0.337623,3.71299,3.11794,1.98559,0.510471,0.232425,0.133843,0.0,1.97572,0.674252,0.315829,0.771948,0.102389,4.62898,0.0971767,0.0815698,0.172043,0.0
0.0,0.0,0.00989242,0.168421,0.0,0.0,0.0,0.0,0.0,0.00111427,0.121761,0.00106471,0.0,4.3509e-05,0.000249192,0.0,7.48352e-05,0.00352977,0.0,0.0,0.0140699,0.0,0.0,0.0,0.0,0.0,0.101309,0.0,0.039108,0.823197,1.21124,0.0350599,0.390498,0.0496402,0.0,0.218195,0.0,0.0831359,0.0279101,0.0,0.0255871,0.0,0.000635384,0.000383143,0.0161372,0.0,0.0,0.0,0.0,0.0,0.0,0.0,0.0,0.0,0.0,0.0,0.0,0.0,0.0,0.0,0.0,0.0,0.0,0.0,0.0,0.0,0.0,0.0,0.0,0.0,0.0,0.0,0.0,0.0,0.0,0.0,0.0,0.0,0.0,0.0,0.0,0.0,0.0,0.0,0.0,0.0,0.0,0.0,0.0,0.0,0.0,0.0,0.0,0.0,0.0,1.44084,0.319603,3.70245,3.11484,1.98127,0.511283,0.232017,0.133818,0.0,1.97219,0.671589,0.314919,0.769979,0.102091,4.62646,0.0971767,0.0813294,0.171833,0.0
0.0,0.0,0.0100254,0.168343,0.0,0.0,0.0,0.0,0.0,0.00110769,0.121636,0.00103293,0.0,4.25924e-05,0.000249011,0.0,7.41026e-05,0.00352374,0.0,0.0,0.0140702,0.0,0.0,0.0,0.0,0.0,0.101066,0.0,0.039108,0.826885,1.21169,0.0350599,0.391193,0.0496402,0.0,0.218185,0.0,0.0831359,0.0279101,0.0,0.0255528,0.0,0.000634592,0.000382612,0.0161241,0.0,0.0,0.0,0.0,0.0,0.0,0.0,0.0,0.0,0.0,0.0,0.0,0.0,0.0,0.0,0.0,0.0,0.0,0.0,0.0,0.0,0.0,0.0,0.0,0.0,0.0,0.0,0.0,0.0,0.0,0.0,0.0,0.0,0.0,0.0,0.0,0.0,0.0,0.0,0.0,0.0,0.0,0.0,0.0,0.0,0.0,0.0,0.0,0.0,0.0,1.43822,0.318813,3.70652,3.11263,1.98174,0.512279,0.231694,0.13406,0.0,1.97202,0.671349,0.314128,0.769982,0.102091,4.62439,0.0971767,0.0813294,0.171833,0.0
0.0,0.0,0.0100464,0.168265,0.0,0.0,0.0,0.0,0.0,0.00110081,0.121557,0.00100144,0.0,4.16146e-05,0.00024889,0.0,7.33092e-05,0.00340687,0.0,0.0,0.0140738,0.0,0.0,0.0,0.0,0.0,0.100561,0.0,0.0391109,0.827298,1.21238,0.0350599,0.391277,0.0497309,0.0,0.218505,0.0,0.0832071,0.0279156,0.0,0.0255185,0.0,0.00063374,0.000382022,0.0164079,0.0,0.0,0.0,0.0,0.0,0.0,0.0,0.0,0.0,0.0,0.0,0.0,0.0,0.0,0.0,0.0,0.0,0.0,0.0,0.0,0.0,0.0,0.0,0.0,0.0,0.0,0.0,0.0,0.0,0.0,0.0,0.0,0.0,0.0,0.0,0.0,0.0,0.0,0.0,0.0,0.0,0.0,0.0,0.0,0.0,0.0,0.0,0.0,0.0,0.0,1.43618,0.318561,3.70815,3.11305,1.98585,0.516529,0.231372,0.134546,0.0,1.97404,0.671346,0.31347,0.773851,0.10225,4.62366,0.0971767,0.0813656,0.171971,0.0
0.0,0.0,0.0100665,0.168186,0.0,0.0,0.0,0.0,0.0,0.00109393,0.121476,0.000969654,0.0,4.0698e-05,0.000248709,0.0,7.25766e-05,0.00329031,0.0,0.0,0.0140778,0.0,0.0,0.0,0.0,0.0,0.100058,0.0,0.0391134,0.82771,1.21306,0.0350599,0.391363,0.0498212,0.0,0.218827,0.0,0.0832781,0.0279212,0.0,0.0254842,0.0,0.000632948,0.000381491,0.0166913,0.0,0.0,0.0,0.0,0.0,0.0,0.0,0.0,0.0,0.0,0.0,0.0,0.0,0.0,0.0,0.0,0.0,0.0,0.0,0.0,0.0,0.0,0.0,0.0,0.0,0.0,0.0,0.0,0.0,0.0,0.0,0.0,0.0,0.0,0.0,0.0,0.0,0.0,0.0,0.0,0.0,0.0,0.0,0.0,0.0,0.0,0.0,0.0,0.0,0.0,1.43414,0.318311,3.70977,3.11346,1.98995,0.520777,0.231051,0.135032,0.0,1.9758,0.671346,0.312814,0.77772,0.102408,4.62293,0.0971767,0.0814018,0.172109,0.0
0.0,0.0,0.0100874,0.168108,0.0,0.0,0.0,0.0,0.0,0.00108705,0.121397,0.000938455,0.0,3.97201e-05,0.000248528,0.0,7.19051e-05,0.00317374,0.0,0.0,0.0140812,0.0,0.0,0.0,0.0,0.0,0.0995556,0.0,0.0391171,0.828122,1.21374,0.0350599,0.391448,0.0499122,0.0,0.219149,0.0,0.083349,0.027927,0.0,0.0254502,0.0,0.000632095,0.000380901,0.0169748,0.0,0.0,0.0,0.0,0.0,0.0,0.0,0.0,0.0,0.0,0.0,0.0,0.0,0.0,0.0,0.0,0.0,0.0,0.0,0.0,0.0,0.0,0.0,0.0,0.0,0.0,0.0,0.0,0.0,0.0,0.0,0.0,0.0,0.0,0.0,0.0,0.0,0.0,0.0,0.0,0.0,0.0,0.0,0.0,0.0,0.0,0.0,0.0,0.0,0.0,1.4321,0.31806,3.7114,3.11388,1.99406,0.525027,0.230729,0.135518,0.0,1.97746,0.671343,0.312156,0.781589,0.102566,4.6222,0.0971767,0.0814374,0.172247,0.0
0.0,0.0,0.010108,0.168029,0.0,0.0,0.0,0.0,0.0,0.00108017,0.121317,0.000906673,0.0,3.8865e-05,0.000248407,0.0,7.11725e-05,0.00305774,0.0,0.0,0.0140851,0.0,0.0,0.0,0.0,0.0,0.0990513,0.0,0.0391194,0.828537,1.21442,0.0350599,0.391533,0.0500028,0.0,0.21947,0.0,0.0834203,0.0279326,0.0,0.0254159,0.0,0.000631303,0.00038037,0.0172586,0.0,0.0,0.0,0.0,0.0,0.0,0.0,0.0,0.0,0.0,0.0,0.0,0.0,0.0,0.0,0.0,0.0,0.0,0.0,0.0,0.0,0.0,0.0,0.0,0.0,0.0,0.0,0.0,0.0,0.0,0.0,0.0,0.0,0.0,0.0,0.0,0.0,0.0,0.0,0.0,0.0,0.0,0.0,0.0,0.0,0.0,0.0,0.0,0.0,0.0,1.43006,0.317809,3.71303,3.11429,1.99816,0.529274,0.230407,0.136002,0.0,1.97883,0.67134,0.3115,0.785456,0.102723,4.62146,0.0971767,0.081473,0.172385,0.0
0.0,0.0,0.0101285,0.168001,0.0,0.0,0.0,0.0,0.0,0.00106132,0.121239,0.000870773,0.0,3.86813e-05,0.000248407,0.0,7.09892e-05,0.00304656,0.0,0.0,0.0140888,0.0,0.0,0.0,0.0,0.0,0.0987544,0.0,0.039074,0.828308,1.21268,0.0350599,0.391104,0.0500028,0.0,0.219578,0.0,0.0834054,0.0279206,0.0,0.0253831,0.0,0.000631303,0.00038037,0.0175552,0.0,0.0,0.0,0.0,0.0,0.0,0.0,0.0,0.0,0.0,0.0,0.0,0.0,0.0,0.0,0.0,0.0,0.0,0.0,0.0,0.0,0.0,0.0,0.0,0.0,0.0,0.0,0.0,0.0,0.0,0.0,0.0,0.0,0.0,0.0,0.0,0.0,0.0,0.0,0.0,0.0,0.0,0.0,0.0,0.0,0.0,0.0,0.0,0.0,0.0,1.42709,0.317518,3.71385,3.1147,1.99875,0.532999,0.230087,0.136182,0.0,1.97732,0.668806,0.310594,0.786981,0.102553,4.62057,0.0971767,0.0812275,0.172294,0.0
0.0,0.0,0.0101497,0.168223,0.0,0.0,0.0,0.0,0.0,0.00104218,0.121173,0.00083517,0.0,3.86198e-05,0.000248407,0.0,7.0928e-05,0.00303507,0.0,0.0,0.0140917,0.0,0.0,0.0,0.0,0.0,0.0984574,0.0,0.0390263,0.827584,1.21069,0.0350599,0.390563,0.0502075,0.0,0.219637,0.0,0.0833196,0.027904,0.0,0.0253503,0.0,0.000637453,0.000402081,0.0175718,0.0,0.0,0.0,0.0,0.0,0.0,0.0,0.0,0.0,0.0,0.0,0.0,0.0,0.0,0.0,0.0,0.0,0.0,0.0,0.0,0.0,0.0,0.0,0.0,0.0,0.0,0.0,0.0,0.0,0.0,0.0,0.0,0.0,0.0,0.0,0.0,0.0,0.0,0.0,0.0,0.0,0.0,0.0,0.0,0.0,0.0,0.0,0.0,0.0,0.0,1.42354,0.317232,3.71482,3.11923,1.99604,0.53308,0.229838,0.136153,0.0,1.97319,0.666066,0.309554,0.784631,0.102226,4.61913,0.0971767,0.080947,0.172067,0.0
0.0,0.0,0.0101707,0.168446,0.0,0.0,0.0,0.0,0.0,0.00102333,0.121106,0.00079956,0.0,3.85586e-05,0.000248407,0.0,7.08058e-05,0.00302359,0.0,0.0,0.0140945,0.0,0.0,0.0,0.0,0.0,0.0981599,0.0,0.0389786,0.826861,1.2087,0.0350599,0.390022,0.0504119,0.0,0.219694,0.0,0.0832338,0.0278868,0.0,0.0253178,0.0,0.000643604,0.000423852,0.0175884,0.0,0.0,0.0,0.0,0.0,0.0,0.0,0.0,0.0,0.0,0.0,0.0,0.0,0.0,0.0,0.0,0.0,0.0,0.0,0.0,0.0,0.0,0.0,0.0,0.0,0.0,0.0,0.0,0.0,0.0,0.0,0.0,0.0,0.0,0.0,0.0,0.0,0.0,0.0,0.0,0.0,0.0,0.0,0.0,0.0,0.0,0.0,0.0,0.0,0.0,1.41999,0.316945,3.71581,3.11541,1.99334,0.533165,0.229589,0.136123,0.0,1.96906,0.66332,0.308514,0.782286,0.101897,4.61428,0.0971767,0.080666,0.171839,0.0
0.0,0.0,0.0101918,0.168667,0.0,0.0,0.0,0.0,0.0,0.00100449,0.121039,0.00076366,0.0,3.84972e-05,0.000248407,0.0,7.06836e-05,0.00301269,0.0,0.0,0.014097,0.0,0.0,0.0,0.0,0.0,0.0978621,0.0,0.0389306,0.826138,1.20671,0.0350599,0.389479,0.0506153,0.0,0.219752,0.0,0.0831473,0.0278693,0.0,0.0252847,0.0,0.000649693,0.000445564,0.0176046,0.0,0.0,0.0,0.0,0.0,0.0,0.0,0.0,0.0,0.0,0.0,0.0,0.0,0.0,0.0,0.0,0.0,0.0,0.0,0.0,0.0,0.0,0.0,0.0,0.0,0.0,0.0,0.0,0.0,0.0,0.0,0.0,0.0,0.0,0.0,0.0,0.0,0.0,0.0,0.0,0.0,0.0,0.0,0.0,0.0,0.0,0.0,0.0,0.0,0.0,1.41643,0.316658,3.71679,3.1116,1.99064,0.533247,0.229339,0.136092,0.0,1.96493,0.660576,0.307475,0.779938,0.10157,4.60798,0.0971767,0.0803849,0.17161,0.0
0.0,0.0,0.0102128,0.168888,0.0,0.0,0.0,0.0,0.0,0.000985345,0.12097,0.000727762,0.0,3.83745e-05,0.000248346,0.0,7.06224e-05,0.00300152,0.0,0.0,0.0140998,0.0,0.0,0.0,0.0,0.0,0.0975649,0.0,0.0388832,0.825414,1.20472,0.0350599,0.388938,0.0508201,0.0,0.21981,0.0,0.0830615,0.0278524,0.0,0.0252522,0.0,0.000655905,0.000467335,0.0176217,0.0,0.0,0.0,0.0,0.0,0.0,0.0,0.0,0.0,0.0,0.0,0.0,0.0,0.0,0.0,0.0,0.0,0.0,0.0,0.0,0.0,0.0,0.0,0.0,0.0,0.0,0.0,0.0,0.0,0.0,0.0,0.0,0.0,0.0,0.0,0.0,0.0,0.0,0.0,0.0,0.0,0.0,0.0,0.0,0.0,0.0,0.0,0.0,0.0,0.0,1.41287,0.316372,3.71777,3.10778,1.98793,0.53333,0.229091,0.13606,0.0,1.9608,0.657832,0.306436,0.777588,0.101242,4.59582,0.0971767,0.0801039,0.171382,0.0
0.0,0.0,0.0102336,0.169061,0.0,0.0,0.0,0.0,0.0,0.000981755,0.121065,0.000707515,0.0,3.73914e-05,0.000248286,0.0,7.04395e-05,0.00299291,0.0,0.0,0.014103,0.0,0.0,0.0,0.0,0.0,0.097564,0.0,0.0388832,0.821198,1.20262,0.0350599,0.388938,0.0511152,0.0,0.218308,0.0,0.0823858,0.0278524,0.0,0.0252522,0.0,0.000660045,0.000489047,0.0175654,0.0,0.0,0.0,0.0,0.0,0.0,0.0,0.0,0.0,0.0,0.0,0.0,0.0,0.0,0.0,0.0,0.0,0.0,0.0,0.0,0.0,0.0,0.0,0.0,0.0,0.0,0.0,0.0,0.0,0.0,0.0,0.0,0.0,0.0,0.0,0.0,0.0,0.0,0.0,0.0,0.0,0.0,0.0,0.0,0.0,0.0,0.0,0.0,0.0,0.0,1.41271,0.316406,3.71808,3.10319,1.98815,0.534734,0.228924,0.136319,0.0,1.95733,0.657171,0.306179,0.777588,0.101242,4.59509,0.0971767,0.0801039,0.171382,0.0
0.0,0.0,0.010235,0.168982,0.0,0.0,0.0,0.0,0.0,0.000978166,0.121075,0.000687565,0.0,3.63467e-05,0.000248226,0.0,7.03177e-05,0.00298403,0.0,0.0,0.0141072,0.0,0.0,0.0,0.0,0.0,0.0978613,0.0,0.0389431,0.817783,1.20018,0.0350599,0.389869,0.0513883,0.0,0.216744,0.0,0.0821797,0.0278788,0.0,0.0252531,0.0,0.000658157,0.000489165,0.0174928,0.0,0.0,0.0,0.0,0.0,0.0,0.0,0.0,0.0,0.0,0.0,0.0,0.0,0.0,0.0,0.0,0.0,0.0,0.0,0.0,0.0,0.0,0.0,0.0,0.0,0.0,0.0,0.0,0.0,0.0,0.0,0.0,0.0,0.0,0.0,0.0,0.0,0.0,0.0,0.0,0.0,0.0,0.0,0.0,0.0,0.0,0.0,0.0,0.0,0.0,1.41731,0.316652,3.7183,3.10457,1.99128,0.533686,0.228693,0.137637,0.0,1.95594,0.658031,0.306272,0.781675,0.101517,4.6072,0.0971767,0.0803483,0.171649,0.0
0.0,0.0,0.010236,0.168903,0.0,0.0,0.0,0.0,0.0,0.000974576,0.121083,0.000667614,0.0,3.53636e-05,0.000248165,0.0,7.02565e-05,0.00297542,0.0,0.0,0.0141115,0.0,0.0,0.0,0.0,0.0,0.0981589,0.0,0.0390042,0.814367,1.19775,0.0350599,0.390799,0.0516608,0.0,0.215176,0.0,0.0819739,0.0279055,0.0,0.0252545,0.0,0.000656208,0.000489224,0.0174198,0.0,0.0,0.0,0.0,0.0,0.0,0.0,0.0,0.0,0.0,0.0,0.0,0.0,0.0,0.0,0.0,0.0,0.0,0.0,0.0,0.0,0.0,0.0,0.0,0.0,0.0,0.0,0.0,0.0,0.0,0.0,0.0,0.0,0.0,0.0,0.0,0.0,0.0,0.0,0.0,0.0,0.0,0.0,0.0,0.0,0.0,0.0,0.0,0.0,0.0,1.42191,0.316898,3.71852,3.10594,1.99441,0.532636,0.228462,0.138955,0.0,1.95454,0.65889,0.306363,0.78576,0.101792,4.6135,0.0971767,0.0805928,0.171915,0.0
0.0,0.0,0.010237,0.168825,0.0,0.0,0.0,0.0,0.0,0.000970987,0.121093,0.000647072,0.0,3.43192e-05,0.000248105,0.0,7.01958e-05,0.00296654,0.0,0.0,0.0141157,0.0,0.0,0.0,0.0,0.0,0.0984559,0.0,0.0390655,0.810953,1.19532,0.0350599,0.391728,0.0519348,0.0,0.21361,0.0,0.0817678,0.0279317,0.0,0.0252557,0.0,0.000654198,0.000489342,0.0173477,0.0,0.0,0.0,0.0,0.0,0.0,0.0,0.0,0.0,0.0,0.0,0.0,0.0,0.0,0.0,0.0,0.0,0.0,0.0,0.0,0.0,0.0,0.0,0.0,0.0,0.0,0.0,0.0,0.0,0.0,0.0,0.0,0.0,0.0,0.0,0.0,0.0,0.0,0.0,0.0,0.0,0.0,0.0,0.0,0.0,0.0,0.0,0.0,0.0,0.0,1.4265,0.317144,3.71873,3.10732,1.99755,0.531586,0.228231,0.140273,0.0,1.95315,0.65975,0.306456,0.789847,0.102067,4.61836,0.0971767,0.0808373,0.172182,0.0
0.0,0.0,0.0102384,0.168747,0.0,0.0,0.0,0.0,0.0,0.000967397,0.121103,0.000627122,0.0,3.32746e-05,0.000248044,0.0,7.00129e-05,0.00295823,0.0,0.0,0.0141197,0.0,0.0,0.0,0.0,0.0,0.0987523,0.0,0.0391265,0.807538,1.19288,0.0350599,0.392658,0.0522076,0.0,0.212043,0.0,0.081562,0.0279587,0.0,0.0252569,0.0,0.000652309,0.00048946,0.0172749,0.0,0.0,0.0,0.0,0.0,0.0,0.0,0.0,0.0,0.0,0.0,0.0,0.0,0.0,0.0,0.0,0.0,0.0,0.0,0.0,0.0,0.0,0.0,0.0,0.0,0.0,0.0,0.0,0.0,0.0,0.0,0.0,0.0,0.0,0.0,0.0,0.0,0.0,0.0,0.0,0.0,0.0,0.0,0.0,0.0,0.0,0.0,0.0,0.0,0.0,1.43105,0.31739,3.71894,3.10869,2.00068,0.530536,0.228,0.141589,0.0,1.95164,0.660608,0.306549,0.793929,0.102341,4.61993,0.0971767,0.0810812,0.172449,0.0
0.0,0.0,0.0102395,0.168554,0.0,0.0,0.0,0.0,0.0,0.000837573,0.121112,0.000590447,0.0,3.32135e-05,0.000248044,0.0,6.99518e-05,0.00294144,0.0,0.0,0.0141169,0.0,0.0,0.0,0.0,0.0,0.0990502,0.0,0.039143,0.807488,1.19179,0.0350599,0.392713,0.0523476,0.0,0.212014,0.0,0.0818942,0.0279095,0.0,0.0252581,0.0,0.000652309,0.000489519,0.0172749,0.0,0.0,0.0,0.0,0.0,0.0,0.0,0.0,0.0,0.0,0.0,0.0,0.0,0.0,0.0,0.0,0.0,0.0,0.0,0.0,0.0,0.0,0.0,0.0,0.0,0.0,0.0,0.0,0.0,0.0,0.0,0.0,0.0,0.0,0.0,0.0,0.0,0.0,0.0,0.0,0.0,0.0,0.0,0.0,0.0,0.0,0.0,0.0,0.0,0.0,1.43399,0.317429,3.72116,3.11238,2.00382,0.529272,0.227844,0.142934,0.0,1.95385,0.662133,0.306858,0.797997,0.102615,4.61938,0.0971767,0.0813256,0.172712,0.0
0.0,0.0,0.0104505,0.168364,0.0,0.0,0.0,0.0,0.0,0.00070745,0.121207,0.000553771,0.0,3.30909e-05,0.000248044,0.0,6.98906e-05,0.00292436,0.0,0.0,0.0141137,0.0,0.0,0.0,0.0,0.0,0.0990952,0.0,0.039099,0.808635,1.19051,0.0350599,0.391837,0.0522155,0.0,0.212436,0.0,0.0818355,0.0278349,0.0,0.0252614,0.0,0.000653771,0.000489637,0.0172827,0.0,0.0,0.0,0.0,0.0,0.0,0.0,0.0,0.0,0.0,0.0,0.0,0.0,0.0,0.0,0.0,0.0,0.0,0.0,0.0,0.0,0.0,0.0,0.0,0.0,0.0,0.0,0.0,0.0,0.0,0.0,0.0,0.0,0.0,0.0,0.0,0.0,0.0,0.0,0.0,0.0,0.0,0.0,0.0,0.0,0.0,0.0,0.0,0.0,0.0,1.43198,0.317233,3.7194,3.11548,2.00338,0.527578,0.227725,0.142983,0.0,1.95412,0.664356,0.307418,0.798167,0.102639,4.6216,0.0971767,0.0813881,0.172716,0.0
0.0,0.0,0.0106617,0.168175,0.0,0.0,0.0,0.0,0.0,0.000577626,0.121302,0.000517391,0.0,3.30294e-05,0.000248044,0.0,6.98295e-05,0.00290757,0.0,0.0,0.0141114,0.0,0.0,0.0,0.0,0.0,0.0991401,0.0,0.0390544,0.809781,1.18923,0.0350599,0.390962,0.0520827,0.0,0.212856,0.0,0.0817759,0.0277596,0.0,0.0252647,0.0,0.000655293,0.000489755,0.017291,0.0,0.0,0.0,0.0,0.0,0.0,0.0,0.0,0.0,0.0,0.0,0.0,0.0,0.0,0.0,0.0,0.0,0.0,0.0,0.0,0.0,0.0,0.0,0.0,0.0,0.0,0.0,0.0,0.0,0.0,0.0,0.0,0.0,0.0,0.0,0.0,0.0,0.0,0.0,0.0,0.0,0.0,0.0,0.0,0.0,0.0,0.0,0.0,0.0,0.0,1.42997,0.317039,3.71765,3.11858,2.00295,0.525886,0.227605,0.14303,0.0,1.95124,0.666577,0.307979,0.798339,0.102662,4.62369,0.0971767,0.0814497,0.172721,0.0
0.0,0.0,0.0108726,0.167986,0.0,0.0,0.0,0.0,0.0,0.000447503,0.121398,0.000481013,0.0,3.30294e-05,0.000248044,0.0,6.97073e-05,0.00289077,0.0,0.0,0.014109,0.0,0.0,0.0,0.0,0.0,0.099185,0.0,0.0390101,0.810926,1.18795,0.0350599,0.390085,0.0519505,0.0,0.213279,0.0,0.0817169,0.027684,0.0,0.0252683,0.0,0.000656694,0.000489873,0.0172991,0.0,0.0,0.0,0.0,0.0,0.0,0.0,0.0,0.0,0.0,0.0,0.0,0.0,0.0,0.0,0.0,0.0,0.0,0.0,0.0,0.0,0.0,0.0,0.0,0.0,0.0,0.0,0.0,0.0,0.0,0.0,0.0,0.0,0.0,0.0,0.0,0.0,0.0,0.0,0.0,0.0,0.0,0.0,0.0,0.0,0.0,0.0,0.0,0.0,0.0,1.42796,0.316843,3.71589,3.12169,2.00251,0.524193,0.227485,0.143077,0.0,1.93824,0.6688,0.308539,0.798507,0.102686,4.62571,0.0971767,0.0815121,0.172725,0.0
0.0,0.0,0.011083,0.167797,0.0,0.0,0.0,0.0,0.0,0.00031768,0.121493,0.000444337,0.0,3.2968e-05,0.000248044,0.0,6.96462e-05,0.00287428,0.0,0.0,0.0141064,0.0,0.0,0.0,0.0,0.0,0.0992299,0.0,0.0389653,0.812073,1.18668,0.0350599,0.389209,0.0518178,0.0,0.2137,0.0,0.0816578,0.027609,0.0,0.0252715,0.0,0.000658216,0.000489991,0.0173075,0.0,0.0,0.0,0.0,0.0,0.0,0.0,0.0,0.0,0.0,0.0,0.0,0.0,0.0,0.0,0.0,0.0,0.0,0.0,0.0,0.0,0.0,0.0,0.0,0.0,0.0,0.0,0.0,0.0,0.0,0.0,0.0,0.0,0.0,0.0,0.0,0.0,0.0,0.0,0.0,0.0,0.0,0.0,0.0,0.0,0.0,0.0,0.0,0.0,0.0,1.42595,0.316648,3.71413,3.12479,1.99969,0.522499,0.227366,0.143124,0.0,1.89802,0.671025,0.309099,0.798679,0.10271,4.62774,0.0971767,0.081574,0.172729,0.0
0.0,0.0,0.0112941,0.167735,0.0,0.0,0.0,0.0,0.0,0.000316782,0.12158,0.000444337,0.0,3.2968e-05,0.000248044,0.0,6.96462e-05,0.00287113,0.0,0.0,0.0141106,0.0,0.0,0.0,0.0,0.0,0.0992743,0.0,0.0389653,0.811794,1.18598,0.0350599,0.389209,0.0517972,0.0,0.213798,0.0,0.0813449,0.027609,0.0,0.0252751,0.0,0.000659678,0.000490109,0.0173154,0.0,0.0,0.0,0.0,0.0,0.0,0.0,0.0,0.0,0.0,0.0,0.0,0.0,0.0,0.0,0.0,0.0,0.0,0.0,0.0,0.0,0.0,0.0,0.0,0.0,0.0,0.0,0.0,0.0,0.0,0.0,0.0,0.0,0.0,0.0,0.0,0.0,0.0,0.0,0.0,0.0,0.0,0.0,0.0,0.0,0.0,0.0,0.0,0.0,0.0,1.42556,0.316661,3.70775,3.1267,1.99616,0.520901,0.227246,0.137336,0.0,1.89182,0.671362,0.309577,0.797163,0.102487,4.63433,0.0971767,0.081462,0.172555,0.0
0.0,0.0,0.0113246,0.16767,0.0,0.0,0.0,0.0,0.0,0.000315586,0.121684,0.000444927,0.0,3.2968e-05,0.000248044,0.0,6.96462e-05,0.00286769,0.0,0.0,0.0142185,0.0,0.0,0.0,0.0,0.0,0.0994785,0.0,0.0390365,0.810286,1.18529,0.0350599,0.390001,0.0522539,0.0,0.213503,0.0,0.0810347,0.0276364,0.0,0.0252927,0.0,0.000660956,0.000490581,0.0173604,0.0,0.0,0.0,0.0,0.0,0.0,0.0,0.0,0.0,0.0,0.0,0.0,0.0,0.0,0.0,0.0,0.0,0.0,0.0,0.0,0.0,0.0,0.0,0.0,0.0,0.0,0.0,0.0,0.0,0.0,0.0,0.0,0.0,0.0,0.0,0.0,0.0,0.0,0.0,0.0,0.0,0.0,0.0,0.0,0.0,0.0,0.0,0.0,0.0,0.0,1.43041,0.316989,3.70436,3.12649,1.99417,0.519676,0.227138,0.129357,0.0,1.88907,0.669533,0.309629,0.795457,0.102241,4.64799,0.0971767,0.0812878,0.172373,0.0
0.0,0.0,0.0113551,0.167605,0.0,0.0,0.0,0.0,0.0,0.000314688,0.121789,0.000445807,0.0,3.2968e-05,0.000248044,0.0,6.96462e-05,0.00286454,0.0,0.0,0.014327,0.0,0.0,0.0,0.0,0.0,0.0996833,0.0,0.0391086,0.808777,1.1846,0.0350599,0.390793,0.0527105,0.0,0.213207,0.0,0.0807248,0.0276634,0.0,0.0253103,0.0,0.000662174,0.000490994,0.0174059,0.0,0.0,0.0,0.0,0.0,0.0,0.0,0.0,0.0,0.0,0.0,0.0,0.0,0.0,0.0,0.0,0.0,0.0,0.0,0.0,0.0,0.0,0.0,0.0,0.0,0.0,0.0,0.0,0.0,0.0,0.0,0.0,0.0,0.0,0.0,0.0,0.0,0.0,0.0,0.0,0.0,0.0,0.0,0.0,0.0,0.0,0.0,0.0,0.0,0.0,1.43519,0.317315,3.70097,3.12629,1.99218,0.518452,0.227031,0.121549,0.0,1.88633,0.667705,0.309681,0.793752,0.101995,4.65045,0.0971767,0.0811127,0.172191,0.0
0.0,0.0,0.0113858,0.16754,0.0,0.0,0.0,0.0,0.0,0.000313791,0.121893,0.000446397,0.0,3.30292e-05,0.000248044,0.0,6.96462e-05,0.00286139,0.0,0.0,0.0144349,0.0,0.0,0.0,0.0,0.0,0.0998863,0.0,0.0391799,0.807269,1.18391,0.0350599,0.391586,0.0531672,0.0,0.212912,0.0,0.0804137,0.0276911,0.0,0.0253282,0.0,0.000663453,0.000491407,0.0174509,0.0,0.0,0.0,0.0,0.0,0.0,0.0,0.0,0.0,0.0,0.0,0.0,0.0,0.0,0.0,0.0,0.0,0.0,0.0,0.0,0.0,0.0,0.0,0.0,0.0,0.0,0.0,0.0,0.0,0.0,0.0,0.0,0.0,0.0,0.0,0.0,0.0,0.0,0.0,0.0,0.0,0.0,0.0,0.0,0.0,0.0,0.0,0.0,0.0,0.0,1.43996,0.317641,3.69757,3.12607,1.99019,0.517231,0.226922,0.113907,0.0,1.88358,0.665874,0.309733,0.792045,0.101749,4.65219,0.0971767,0.0809394,0.172009,0.0
0.0,0.0,0.0114164,0.167474,0.0,0.0,0.0,0.0,0.0,0.000312594,0.121998,0.000446987,0.0,3.30292e-05,0.000248044,0.0,6.96462e-05,0.00285796,0.0,0.0,0.0145439,0.0,0.0,0.0,0.0,0.0,0.100091,0.0,0.0392514,0.805759,1.18322,0.0350599,0.392378,0.0536238,0.0,0.212617,0.0,0.0801041,0.0277178,0.0,0.0253458,0.0,0.000664732,0.00049182,0.0174961,0.0,0.0,0.0,0.0,0.0,0.0,0.0,0.0,0.0,0.0,0.0,0.0,0.0,0.0,0.0,0.0,0.0,0.0,0.0,0.0,0.0,0.0,0.0,0.0,0.0,0.0,0.0,0.0,0.0,0.0,0.0,0.0,0.0,0.0,0.0,0.0,0.0,0.0,0.0,0.0,0.0,0.0,0.0,0.0,0.0,0.0,0.0,0.0,0.0,0.0,1.44472,0.317967,3.69417,3.12587,1.9882,0.516005,0.226814,0.106426,0.0,1.88083,0.664044,0.309784,0.79034,0.101502,4.65389,0.0971767,0.0807649,0.171827,0.0
0.0,0.0,0.0114408,0.167474,0.0,0.0,0.0,0.0,0.0,0.000299133,0.120984,0.000408189,0.0,3.27844e-05,0.000248044,0.0,6.88517e-05,0.00278051,0.0,0.0,0.0145457,0.0,0.0,0.0,0.0,0.0,0.100291,0.0,0.0392789,0.805601,1.1823,0.0350599,0.392299,0.0539663,0.0,0.212649,0.0,0.0800524,0.0276785,0.0,0.0253631,0.0,0.000666011,0.000492233,0.0175414,0.0,0.0,0.0,0.0,0.0,0.0,0.0,0.0,0.0,0.0,0.0,0.0,0.0,0.0,0.0,0.0,0.0,0.0,0.0,0.0,0.0,0.0,0.0,0.0,0.0,0.0,0.0,0.0,0.0,0.0,0.0,0.0,0.0,0.0,0.0,0.0,0.0,0.0,0.0,0.0,0.0,0.0,0.0,0.0,0.0,0.0,0.0,0.0,0.0,0.0,1.44796,0.318095,3.69558,3.12687,1.98559,0.514552,0.226696,0.106241,0.0,1.88127,0.66409,0.30969,0.79034,0.101502,4.65561,0.0971767,0.0807649,0.171827,0.0
0.0,0.0,0.0114466,0.167507,0.0,0.0,0.0,0.0,0.0,0.000285373,0.119929,0.000368507,0.0,3.26009e-05,0.000248044,0.0,6.79961e-05,0.00270216,0.0,0.0,0.0144958,0.0,0.0,0.0,0.0,0.0,0.100287,0.0,0.0392352,0.804674,1.18157,0.0350599,0.391429,0.0538327,0.0,0.214248,0.0,0.0801032,0.0276121,0.0,0.0253813,0.0,0.00066729,0.000492646,0.0175864,0.0,0.0,0.0,0.0,0.0,0.0,0.0,0.0,0.0,0.0,0.0,0.0,0.0,0.0,0.0,0.0,0.0,0.0,0.0,0.0,0.0,0.0,0.0,0.0,0.0,0.0,0.0,0.0,0.0,0.0,0.0,0.0,0.0,0.0,0.0,0.0,0.0,0.0,0.0,0.0,0.0,0.0,0.0,0.0,0.0,0.0,0.0,0.0,0.0,0.0,1.44602,0.317907,3.69316,3.12458,1.98628,0.513454,0.226522,0.107101,0.0,1.88037,0.665483,0.309538,0.794289,0.101929,4.65645,0.0971767,0.0808798,0.171995,0.0
0.0,0.0,0.0114524,0.16754,0.0,0.0,0.0,0.0,0.0,0.000271613,0.118873,0.00032912,0.0,3.22949e-05,0.000248044,0.0,6.71404e-05,0.00262471,0.0,0.0,0.0144457,0.0,0.0,0.0,0.0,0.0,0.100284,0.0,0.0391918,0.803747,1.18084,0.0350599,0.390559,0.053698,0.0,0.215847,0.0,0.0801537,0.0275451,0.0,0.0253992,0.0,0.000668508,0.000493059,0.0176313,0.0,0.0,0.0,0.0,0.0,0.0,0.0,0.0,0.0,0.0,0.0,0.0,0.0,0.0,0.0,0.0,0.0,0.0,0.0,0.0,0.0,0.0,0.0,0.0,0.0,0.0,0.0,0.0,0.0,0.0,0.0,0.0,0.0,0.0,0.0,0.0,0.0,0.0,0.0,0.0,0.0,0.0,0.0,0.0,0.0,0.0,0.0,0.0,0.0,0.0,1.44409,0.317718,3.69074,3.1223,1.98698,0.51236,0.226349,0.107959,0.0,1.87646,0.666876,0.309386,0.798236,0.102355,4.65728,0.0971767,0.080993,0.172163,0.0
0.0,0.0,0.011458,0.167574,0.0,0.0,0.0,0.0,0.0,0.000257853,0.117818,0.000289437,0.0,3.21113e-05,0.000248044,0.0,6.62848e-05,0.00254755,0.0,0.0,0.0143967,0.0,0.0,0.0,0.0,0.0,0.10028,0.0,0.0391478,0.802819,1.18011,0.0350599,0.389688,0.0535639,0.0,0.217447,0.0,0.0802045,0.0274784,0.0,0.0254171,0.0,0.000669787,0.000493472,0.0176763,0.0,0.0,0.0,0.0,0.0,0.0,0.0,0.0,0.0,0.0,0.0,0.0,0.0,0.0,0.0,0.0,0.0,0.0,0.0,0.0,0.0,0.0,0.0,0.0,0.0,0.0,0.0,0.0,0.0,0.0,0.0,0.0,0.0,0.0,0.0,0.0,0.0,0.0,0.0,0.0,0.0,0.0,0.0,0.0,0.0,0.0,0.0,0.0,0.0,0.0,1.44215,0.317531,3.68833,3.12001,1.98767,0.511263,0.226176,0.108818,0.0,1.87264,0.66827,0.309235,0.802183,0.102782,4.65812,0.0971767,0.0811076,0.172331,0.0
0.0,0.0,0.0114633,0.167606,0.0,0.0,0.0,0.0,0.0,0.000244392,0.116761,0.000250346,0.0,3.18665e-05,0.000248044,0.0,6.54292e-05,0.00246981,0.0,0.0,0.0143471,0.0,0.0,0.0,0.0,0.0,0.100277,0.0,0.0391044,0.801891,1.17938,0.0350599,0.388817,0.0534294,0.0,0.219046,0.0,0.0802554,0.0274121,0.0,0.0254353,0.0,0.000671005,0.000493944,0.0177218,0.0,0.0,0.0,0.0,0.0,0.0,0.0,0.0,0.0,0.0,0.0,0.0,0.0,0.0,0.0,0.0,0.0,0.0,0.0,0.0,0.0,0.0,0.0,0.0,0.0,0.0,0.0,0.0,0.0,0.0,0.0,0.0,0.0,0.0,0.0,0.0,0.0,0.0,0.0,0.0,0.0,0.0,0.0,0.0,0.0,0.0,0.0,0.0,0.0,0.0,1.44022,0.317343,3.6859,3.11773,1.98836,0.510167,0.226003,0.109678,0.0,1.86896,0.669665,0.309082,0.806131,0.10321,4.65896,0.0971767,0.0812211,0.172498,0.0
0.0,0.0,0.0114269,0.167621,0.0,0.0,0.0,0.0,0.0,0.000244392,0.115977,0.000248322,0.0,3.18665e-05,0.000248044,0.0,6.54292e-05,0.00246981,0.0,0.0,0.0143944,0.0,0.0,0.0,0.0,0.0,0.100239,0.0,0.0391044,0.801891,1.17884,0.0350599,0.388817,0.0534294,0.0,0.218941,0.0,0.0801891,0.0274121,0.0,0.0254532,0.0,0.000659066,0.000494357,0.0177665,0.0,0.0,0.0,0.0,0.0,0.0,0.0,0.0,0.0,0.0,0.0,0.0,0.0,0.0,0.0,0.0,0.0,0.0,0.0,0.0,0.0,0.0,0.0,0.0,0.0,0.0,0.0,0.0,0.0,0.0,0.0,0.0,0.0,0.0,0.0,0.0,0.0,0.0,0.0,0.0,0.0,0.0,0.0,0.0,0.0,0.0,0.0,0.0,0.0,0.0,1.43992,0.317354,3.68495,3.10989,1.98938,0.509282,0.225788,0.110341,0.0,1.86971,0.668982,0.309057,0.808242,0.103378,4.65971,0.0971767,0.0811489,0.172479,0.0
0.0,0.0,0.011382,0.167605,0.0,0.0,0.0,0.0,0.0,0.000244392,0.115221,0.000247183,0.0,3.23565e-05,0.000248044,0.0,6.54292e-05,0.00247067,0.0,0.0,0.0144339,0.0,0.0,0.0,0.0,0.0,0.100398,0.0,0.0391762,0.802826,1.1781,0.0350599,0.389345,0.0537161,0.0,0.2172,0.0,0.0800228,0.0274388,0.0,0.0254717,0.0,0.000645909,0.00049477,0.0178118,0.0,0.0,0.0,0.0,0.0,0.0,0.0,0.0,0.0,0.0,0.0,0.0,0.0,0.0,0.0,0.0,0.0,0.0,0.0,0.0,0.0,0.0,0.0,0.0,0.0,0.0,0.0,0.0,0.0,0.0,0.0,0.0,0.0,0.0,0.0,0.0,0.0,0.0,0.0,0.0,0.0,0.0,0.0,0.0,0.0,0.0,0.0,0.0,0.0,0.0,1.44575,0.317677,3.70322,3.10558,1.98846,0.50834,0.226095,0.110247,0.0,1.89486,0.666935,0.311356,0.806408,0.103121,4.65977,0.0971767,0.0809618,0.17229,0.0
0.0,0.0,0.0113372,0.16759,0.0,0.0,0.0,0.0,0.0,0.000244392,0.114463,0.000246339,0.0,3.28464e-05,0.000248105,0.0,6.54292e-05,0.00247153,0.0,0.0,0.0144727,0.0,0.0,0.0,0.0,0.0,0.100556,0.0,0.0392477,0.80376,1.17737,0.0350599,0.389872,0.0540022,0.0,0.215459,0.0,0.0798559,0.0274655,0.0,0.0254899,0.0,0.000632691,0.000495183,0.0178568,0.0,0.0,0.0,0.0,0.0,0.0,0.0,0.0,0.0,0.0,0.0,0.0,0.0,0.0,0.0,0.0,0.0,0.0,0.0,0.0,0.0,0.0,0.0,0.0,0.0,0.0,0.0,0.0,0.0,0.0,0.0,0.0,0.0,0.0,0.0,0.0,0.0,0.0,0.0,0.0,0.0,0.0,0.0,0.0,0.0,0.0,0.0,0.0,0.0,0.0,1.45158,0.317998,3.72138,3.10126,1.98753,0.507398,0.222247,0.110151,0.0,1.90694,0.664887,0.313654,0.804571,0.102863,4.65649,0.0971767,0.0807755,0.172103,0.0
0.0,0.0,0.0112926,0.167575,0.0,0.0,0.0,0.0,0.0,0.000244392,0.113707,0.0002452,0.0,3.32139e-05,0.000248105,0.0,6.54292e-05,0.0024721,0.0,0.0,0.0145118,0.0,0.0,0.0,0.0,0.0,0.100715,0.0,0.0393192,0.804695,1.17663,0.0350599,0.390401,0.0542889,0.0,0.213718,0.0,0.0796889,0.0274929,0.0,0.0255083,0.0,0.000619534,0.000495596,0.0179015,0.0,0.0,0.0,0.0,0.0,0.0,0.0,0.0,0.0,0.0,0.0,0.0,0.0,0.0,0.0,0.0,0.0,0.0,0.0,0.0,0.0,0.0,0.0,0.0,0.0,0.0,0.0,0.0,0.0,0.0,0.0,0.0,0.0,0.0,0.0,0.0,0.0,0.0,0.0,0.0,0.0,0.0,0.0,0.0,0.0,0.0,0.0,0.0,0.0,0.0,1.45729,0.318319,3.73941,3.09696,1.98661,0.506457,0.210009,0.110059,0.0,1.91099,0.662841,0.315952,0.802733,0.102606,4.65169,0.0971767,0.0805878,0.171916,0.0
0.0,0.0,0.0112478,0.167558,0.0,0.0,0.0,0.0,0.0,0.000244392,0.112951,0.000244355,0.0,3.37039e-05,0.000248105,0.0,6.54292e-05,0.00247296,0.0,0.0,0.0145515,0.0,0.0,0.0,0.0,0.0,0.100873,0.0,0.0393916,0.80563,1.17589,0.0350599,0.390928,0.0545747,0.0,0.211975,0.0,0.0795226,0.0275196,0.0,0.0255265,0.0,0.000606377,0.000496009,0.0179467,0.0,0.0,0.0,0.0,0.0,0.0,0.0,0.0,0.0,0.0,0.0,0.0,0.0,0.0,0.0,0.0,0.0,0.0,0.0,0.0,0.0,0.0,0.0,0.0,0.0,0.0,0.0,0.0,0.0,0.0,0.0,0.0,0.0,0.0,0.0,0.0,0.0,0.0,0.0,0.0,0.0,0.0,0.0,0.0,0.0,0.0,0.0,0.0,0.0,0.0,1.46297,0.318642,3.75485,3.09264,1.98568,0.505516,0.198517,0.109963,0.0,1.91112,0.660793,0.31825,0.800898,0.102348,4.64102,0.0971767,0.0804019,0.171728,0.0
