0.0,0.0,0.0103692,0.0616274,0.0,0.0,0.0,0.0,0.0,0.00318009,0.162018,0.00898356,0.0188137,0.0151515,0.0573128,0.000864871,0.00392916,0.0631081,0.0,0.0134877,0.190106,0.0,0.0,0.0,0.0,0.0,0.181678,0.0,0.00213198,0.0364026,0.270137,3.15502e-05,0.0478249,0.0602915,0.0,0.0559522,0.0,0.00694256,0.00668185,0.0,0.0136632,0.00454674,0.00408695,0.00661724,0.0319391,0.0,0.0,0.0,0.0,0.0,0.0,0.0,0.0,0.0,0.0,0.0,0.0,0.0,0.0,0.0,0.0,0.0,0.0,0.0,0.0,0.0,0.0,0.0,0.0,0.0,0.0,0.0,0.0,0.0,0.0,0.0,0.0,0.0,0.0,0.0,0.0,0.0,0.0,0.0,0.0,0.0,0.0,0.0,0.0,0.0,0.0,0.0,0.0,0.0,0.0,0.89415,0.111415,1.08136,0.485958,0.268834,0.2908,0.0180767,0.0653309,0.0,0.124834,0.174643,0.152725,0.121827,0.0190602,0.51296,0.00529137,0.0181024,0.0101748,0.0
0.0,0.0,0.0105284,0.0616765,0.0,0.0,0.0,0.0,0.0,0.00323486,0.163245,0.00904955,0.0190096,0.0152245,0.0574793,0.000866664,0.00393979,0.0633176,0.0,0.0135018,0.190465,0.0,0.0,0.0,0.0,0.0,0.181992,0.0,0.00216383,0.0369361,0.273038,3.15502e-05,0.0481372,0.0604919,0.0,0.0561555,0.0,0.00701246,0.00670987,0.0,0.0136789,0.00458017,0.00409764,0.00662894,0.0319554,0.0,0.0,0.0,0.0,0.0,0.0,0.0,0.0,0.0,0.0,0.0,0.0,0.0,0.0,0.0,0.0,0.0,0.0,0.0,0.0,0.0,0.0,0.0,0.0,0.0,0.0,0.0,0.0,0.0,0.0,0.0,0.0,0.0,0.0,0.0,0.0,0.0,0.0,0.0,0.0,0.0,0.0,0.0,0.0,0.0,0.0,0.0,0.0,0.0,0.0,0.903289,0.111723,1.09009,0.488248,0.269769,0.291059,0.0181199,0.0654019,0.0,0.125343,0.175037,0.152857,0.122284,0.0190952,0.520951,0.00534714,0.0181479,0.0102165,0.0
0.0,0.0,0.0106874,0.0617277,0.0,0.0,0.0,0.0,0.0,0.00328969,0.164472,0.00911547,0.0192055,0.0152976,0.0576465,0.000868441,0.00395038,0.063527,0.0,0.0135159,0.190825,0.0,0.0,0.0,0.0,0.0,0.182307,0.0,0.00219509,0.0374712,0.27594,3.15502e-05,0.04845,0.0606914,0.0,0.0563589,0.0,0.00708248,0.00673791,0.0,0.0136946,0.00461376,0.0041082,0.00664079,0.0319715,0.0,0.0,0.0,0.0,0.0,0.0,0.0,0.0,0.0,0.0,0.0,0.0,0.0,0.0,0.0,0.0,0.0,0.0,0.0,0.0,0.0,0.0,0.0,0.0,0.0,0.0,0.0,0.0,0.0,0.0,0.0,0.0,0.0,0.0,0.0,0.0,0.0,0.0,0.0,0.0,0.0,0.0,0.0,0.0,0.0,0.0,0.0,0.0,0.0,0.0,0.912082,0.112031,1.09884,0.490542,0.270703,0.291319,0.018163,0.0654729,0.0,0.125852,0.175434,0.152989,0.122742,0.0191306,0.528945,0.00540117,0.0181938,0.0102581,0.0
0.0,0.0,0.0108469,0.0617772,0.0,0.0,0.0,0.0,0.0,0.00334457,0.1657,0.00918149,0.0194013,0.0153706,0.0578133,0.000870234,0.00396096,0.0637367,0.0,0.01353,0.191184,0.0,0.0,0.0,0.0,0.0,0.18262,0.0,0.00222712,0.0380067,0.278841,3.15502e-05,0.048762,0.060891,0.0,0.0565628,0.0,0.00715208,0.00676616,0.0,0.0137102,0.00464711,0.00411882,0.00665264,0.031988,0.0,0.0,0.0,0.0,0.0,0.0,0.0,0.0,0.0,0.0,0.0,0.0,0.0,0.0,0.0,0.0,0.0,0.0,0.0,0.0,0.0,0.0,0.0,0.0,0.0,0.0,0.0,0.0,0.0,0.0,0.0,0.0,0.0,0.0,0.0,0.0,0.0,0.0,0.0,0.0,0.0,0.0,0.0,0.0,0.0,0.0,0.0,0.0,0.0,0.0,0.920747,0.112339,1.10755,0.492836,0.271638,0.291576,0.0182067,0.0655442,0.0,0.126363,0.175828,0.153121,0.1232,0.0191654,0.536885,0.00545714,0.0182394,0.0102997,0.0
0.0,0.0,0.0110059,0.0618272,0.0,0.0,0.0,0.0,0.0,0.00339927,0.166927,0.00924737,0.0195969,0.0154437,0.0579804,0.000872011,0.00397164,0.0639464,0.0,0.0135442,0.191543,0.0,0.0,0.0,0.0,0.0,0.182935,0.0,0.00225847,0.0385412,0.281745,3.15502e-05,0.0490742,0.0610912,0.0,0.056767,0.0,0.00722195,0.0067939,0.0,0.0137259,0.00468066,0.00412946,0.00666445,0.0320041,0.0,0.0,0.0,0.0,0.0,0.0,0.0,0.0,0.0,0.0,0.0,0.0,0.0,0.0,0.0,0.0,0.0,0.0,0.0,0.0,0.0,0.0,0.0,0.0,0.0,0.0,0.0,0.0,0.0,0.0,0.0,0.0,0.0,0.0,0.0,0.0,0.0,0.0,0.0,0.0,0.0,0.0,0.0,0.0,0.0,0.0,0.0,0.0,0.0,0.0,0.929346,0.112648,1.11623,0.495134,0.272577,0.291836,0.0182494,0.0656144,0.0,0.126874,0.176223,0.153253,0.123657,0.0192003,0.544824,0.00551198,0.0182851,0.0103412,0.0
0.0,0.0,0.0108582,0.0618804,0.0,0.0,0.0,0.0,0.0,0.00345422,0.168066,0.0093128,0.0197928,0.0155055,0.0581343,0.000873816,0.00398219,0.0641441,0.0,0.0135582,0.191902,0.0,0.0,0.0,0.0,0.0,0.183264,0.0,0.00228151,0.0388156,0.273546,3.15502e-05,0.0493776,0.0612886,0.0,0.0569701,0.0,0.0072909,0.00682227,0.0,0.0137327,0.00471413,0.00413999,0.00667407,0.0320106,0.0,0.0,0.0,0.0,0.0,0.0,0.0,0.0,0.0,0.0,0.0,0.0,0.0,0.0,0.0,0.0,0.0,0.0,0.0,0.0,0.0,0.0,0.0,0.0,0.0,0.0,0.0,0.0,0.0,0.0,0.0,0.0,0.0,0.0,0.0,0.0,0.0,0.0,0.0,0.0,0.0,0.0,0.0,0.0,0.0,0.0,0.0,0.0,0.0,0.0,0.938661,0.112682,1.12292,0.496091,0.272482,0.291829,0.0182515,0.0655832,0.0,0.127053,0.176165,0.153084,0.123751,0.0191838,0.55323,0.0055127,0.0183309,0.0103449,0.0
0.0,0.0,0.010558,0.0619905,0.0,0.0,0.0,0.0,0.0,0.00347934,0.168503,0.00933578,0.0198931,0.0155154,0.0581403,0.00087398,0.00398601,0.0642078,0.0,0.0135951,0.192694,0.0,0.0,0.0,0.0,0.0,0.183669,0.0,0.00227359,0.0388007,0.262451,3.17551e-05,0.0495983,0.061402,0.0,0.057122,0.0,0.00733678,0.00683995,0.0,0.0137425,0.00473614,0.00414789,0.0066782,0.0320066,0.0,0.0,0.0,0.0,0.0,0.0,0.0,0.0,0.0,0.0,0.0,0.0,0.0,0.0,0.0,0.0,0.0,0.0,0.0,0.0,0.0,0.0,0.0,0.0,0.0,0.0,0.0,0.0,0.0,0.0,0.0,0.0,0.0,0.0,0.0,0.0,0.0,0.0,0.0,0.0,0.0,0.0,0.0,0.0,0.0,0.0,0.0,0.0,0.0,0.0,1.00725,0.11257,1.16945,0.495414,0.271449,0.291564,0.0182112,0.06548,0.0,0.12769,0.175713,0.152783,0.123385,0.0191318,0.61161,0.00545884,0.0183519,0.0103073,0.0
0.0,0.0,0.010257,0.0621002,0.0,0.0,0.0,0.0,0.0,0.00350457,0.168941,0.00935877,0.0199932,0.0155254,0.0581466,0.000874145,0.00398976,0.0642713,0.0,0.0136319,0.193485,0.0,0.0,0.0,0.0,0.0,0.184074,0.0,0.00226563,0.0387861,0.251355,3.23447e-05,0.049819,0.0615158,0.0,0.057275,0.0,0.00738185,0.0068578,0.0,0.0137523,0.00475806,0.00415583,0.00668242,0.0320029,0.0,0.0,0.0,0.0,0.0,0.0,0.0,0.0,0.0,0.0,0.0,0.0,0.0,0.0,0.0,0.0,0.0,0.0,0.0,0.0,0.0,0.0,0.0,0.0,0.0,0.0,0.0,0.0,0.0,0.0,0.0,0.0,0.0,0.0,0.0,0.0,0.0,0.0,0.0,0.0,0.0,0.0,0.0,0.0,0.0,0.0,0.0,0.0,0.0,0.0,1.06063,0.11246,1.21239,0.493941,0.270413,0.291299,0.0181704,0.0653767,0.0,0.127956,0.17526,0.152482,0.123019,0.0190796,0.657102,0.00540455,0.0183727,0.010269,0.0
0.0,0.0,0.00995626,0.0622103,0.0,0.0,0.0,0.0,0.0,0.00352968,0.169377,0.00938176,0.0200935,0.0155354,0.0581528,0.000874309,0.00399352,0.0643358,0.0,0.0136688,0.194276,0.0,0.0,0.0,0.0,0.0,0.184478,0.0,0.0022572,0.0387712,0.240258,3.23447e-05,0.0500396,0.0616285,0.0,0.0574262,0.0,0.00742748,0.00687555,0.0,0.0137621,0.00478013,0.00416388,0.00668655,0.0319986,0.0,0.0,0.0,0.0,0.0,0.0,0.0,0.0,0.0,0.0,0.0,0.0,0.0,0.0,0.0,0.0,0.0,0.0,0.0,0.0,0.0,0.0,0.0,0.0,0.0,0.0,0.0,0.0,0.0,0.0,0.0,0.0,0.0,0.0,0.0,0.0,0.0,0.0,0.0,0.0,0.0,0.0,0.0,0.0,0.0,0.0,0.0,0.0,0.0,0.0,1.09917,0.112356,1.24761,0.49247,0.269379,0.291033,0.01813,0.0652736,0.0,0.127888,0.174807,0.152182,0.122654,0.0190278,0.688435,0.00535068,0.0183938,0.010231,0.0
0.0,0.0,0.00965622,0.062321,0.0,0.0,0.0,0.0,0.0,0.0035549,0.169816,0.00940486,0.0201938,0.0155453,0.0581592,0.000874491,0.00399729,0.0643993,0.0,0.0137055,0.195067,0.0,0.0,0.0,0.0,0.0,0.184883,0.0,0.00224935,0.0387568,0.229161,3.25992e-05,0.0502605,0.0617428,0.0,0.0575778,0.0,0.00747306,0.00689331,0.0,0.013772,0.00480206,0.00417164,0.00669075,0.0319944,0.0,0.0,0.0,0.0,0.0,0.0,0.0,0.0,0.0,0.0,0.0,0.0,0.0,0.0,0.0,0.0,0.0,0.0,0.0,0.0,0.0,0.0,0.0,0.0,0.0,0.0,0.0,0.0,0.0,0.0,0.0,0.0,0.0,0.0,0.0,0.0,0.0,0.0,0.0,0.0,0.0,0.0,0.0,0.0,0.0,0.0,0.0,0.0,0.0,0.0,1.12268,0.112128,1.27651,0.490998,0.268345,0.290767,0.0180892,0.0651707,0.0,0.127519,0.174354,0.151881,0.122289,0.0189757,0.706254,0.00529639,0.0184145,0.0101937,0.0
0.0,0.0,0.00935546,0.0624306,0.0,0.0,0.0,0.0,0.0,0.00357999,0.170253,0.00942771,0.0202941,0.0155551,0.0581656,0.000874656,0.00400104,0.064463,0.0,0.0137423,0.195858,0.0,0.0,0.0,0.0,0.0,0.185287,0.0,0.00224117,0.0387428,0.218063,3.31391e-05,0.0504804,0.0618561,0.0,0.057731,0.0,0.00751849,0.00691101,0.0,0.0137818,0.00482415,0.00417962,0.00669484,0.0319903,0.0,0.0,0.0,0.0,0.0,0.0,0.0,0.0,0.0,0.0,0.0,0.0,0.0,0.0,0.0,0.0,0.0,0.0,0.0,0.0,0.0,0.0,0.0,0.0,0.0,0.0,0.0,0.0,0.0,0.0,0.0,0.0,0.0,0.0,0.0,0.0,0.0,0.0,0.0,0.0,0.0,0.0,0.0,0.0,0.0,0.0,0.0,0.0,0.0,0.0,1.13361,0.111851,1.3004,0.489526,0.267311,0.290504,0.0180485,0.0650673,0.0,0.12715,0.173902,0.151579,0.121922,0.0189239,0.713764,0.00524193,0.0184355,0.0101555,0.0
0.0,0.0,0.00905505,0.0625411,0.0,0.0,0.0,0.0,0.0,0.00360522,0.17069,0.00945076,0.0203943,0.0155653,0.0581715,0.00087482,0.00400484,0.0645274,0.0,0.0137791,0.196649,0.0,0.0,0.0,0.0,0.0,0.185692,0.0,0.00223291,0.0387276,0.206968,3.3344e-05,0.0507019,0.0619698,0.0,0.0578822,0.0,0.00756444,0.00692875,0.0,0.0137916,0.00484603,0.00418751,0.00669902,0.0319864,0.0,0.0,0.0,0.0,0.0,0.0,0.0,0.0,0.0,0.0,0.0,0.0,0.0,0.0,0.0,0.0,0.0,0.0,0.0,0.0,0.0,0.0,0.0,0.0,0.0,0.0,0.0,0.0,0.0,0.0,0.0,0.0,0.0,0.0,0.0,0.0,0.0,0.0,0.0,0.0,0.0,0.0,0.0,0.0,0.0,0.0,0.0,0.0,0.0,0.0,1.13399,0.111573,1.31792,0.488057,0.266275,0.290237,0.0180075,0.0649643,0.0,0.12678,0.173449,0.151279,0.121558,0.0188719,0.714448,0.00518806,0.0184566,0.0101176,0.0
0.0,0.0,0.00875462,0.0626515,0.0,0.0,0.0,0.0,0.0,0.00363039,0.171128,0.00947382,0.0204945,0.0155749,0.0581778,0.000874985,0.00400857,0.0645912,0.0,0.013816,0.197441,0.0,0.0,0.0,0.0,0.0,0.186097,0.0,0.00222475,0.0387135,0.195871,3.33953e-05,0.0509224,0.0620832,0.0,0.0580343,0.0,0.00760988,0.00694678,0.0,0.0138015,0.0048681,0.0041955,0.00670319,0.0319821,0.0,0.0,0.0,0.0,0.0,0.0,0.0,0.0,0.0,0.0,0.0,0.0,0.0,0.0,0.0,0.0,0.0,0.0,0.0,0.0,0.0,0.0,0.0,0.0,0.0,0.0,0.0,0.0,0.0,0.0,0.0,0.0,0.0,0.0,0.0,0.0,0.0,0.0,0.0,0.0,0.0,0.0,0.0,0.0,0.0,0.0,0.0,0.0,0.0,0.0,1.13205,0.111295,1.33189,0.486581,0.265242,0.289973,0.0179671,0.064861,0.0,0.126411,0.172997,0.150978,0.121192,0.0188198,0.71358,0.00513377,0.0184774,0.01008,0.0
0.0,0.0,0.00845391,0.0627611,0.0,0.0,0.0,0.0,0.0,0.00365561,0.171565,0.0094968,0.020595,0.0155849,0.0581844,0.000875166,0.00401233,0.0646544,0.0,0.0138527,0.198231,0.0,0.0,0.0,0.0,0.0,0.186502,0.0,0.00221639,0.0386988,0.184774,3.372e-05,0.0511424,0.0621961,0.0,0.0581864,0.0,0.00765567,0.00696439,0.0,0.0138114,0.00489018,0.00420332,0.00670741,0.0319783,0.0,0.0,0.0,0.0,0.0,0.0,0.0,0.0,0.0,0.0,0.0,0.0,0.0,0.0,0.0,0.0,0.0,0.0,0.0,0.0,0.0,0.0,0.0,0.0,0.0,0.0,0.0,0.0,0.0,0.0,0.0,0.0,0.0,0.0,0.0,0.0,0.0,0.0,0.0,0.0,0.0,0.0,0.0,0.0,0.0,0.0,0.0,0.0,0.0,0.0,1.13012,0.111018,1.34055,0.485111,0.264206,0.289707,0.0179265,0.0647578,0.0,0.126042,0.172544,0.150677,0.120827,0.0187679,0.711629,0.0050791,0.0184985,0.0100422,0.0
0.0,0.0,0.00815374,0.062872,0.0,0.0,0.0,0.0,0.0,0.00368072,0.172002,0.00951979,0.0206952,0.015595,0.0581905,0.000875331,0.00401602,0.0647182,0.0,0.0138895,0.199023,0.0,0.0,0.0,0.0,0.0,0.186906,0.0,0.00220889,0.0386856,0.173678,3.41385e-05,0.0513624,0.0623103,0.0,0.0583384,0.0,0.00770129,0.00698228,0.0,0.0138192,0.00491204,0.00421133,0.00671156,0.0319739,0.0,0.0,0.0,0.0,0.0,0.0,0.0,0.0,0.0,0.0,0.0,0.0,0.0,0.0,0.0,0.0,0.0,0.0,0.0,0.0,0.0,0.0,0.0,0.0,0.0,0.0,0.0,0.0,0.0,0.0,0.0,0.0,0.0,0.0,0.0,0.0,0.0,0.0,0.0,0.0,0.0,0.0,0.0,0.0,0.0,0.0,0.0,0.0,0.0,0.0,1.12818,0.11074,1.34743,0.483636,0.263172,0.289441,0.0178855,0.0646548,0.0,0.125673,0.172091,0.150376,0.12046,0.0187159,0.709681,0.00502564,0.0185195,0.0100043,0.0
0.0,0.0,0.00810209,0.0629682,0.0,0.0,0.0,0.0,0.0,0.00370594,0.172386,0.00954346,0.0207954,0.0156084,0.058203,0.000874883,0.00401983,0.0647947,0.0,0.0139263,0.199804,0.0,0.0,0.0,0.0,0.0,0.187296,0.0,0.00220889,0.0389275,0.173682,3.41897e-05,0.0515553,0.0623956,0.0,0.0584876,0.0,0.00774712,0.00700002,0.0,0.0138082,0.00493415,0.00421856,0.00670966,0.0319502,0.0,0.0,0.0,0.0,0.0,0.0,0.0,0.0,0.0,0.0,0.0,0.0,0.0,0.0,0.0,0.0,0.0,0.0,0.0,0.0,0.0,0.0,0.0,0.0,0.0,0.0,0.0,0.0,0.0,0.0,0.0,0.0,0.0,0.0,0.0,0.0,0.0,0.0,0.0,0.0,0.0,0.0,0.0,0.0,0.0,0.0,0.0,0.0,0.0,0.0,1.12809,0.110737,1.35424,0.483628,0.26311,0.289426,0.0178846,0.0646548,0.0,0.125662,0.172077,0.150263,0.120459,0.0187111,0.70962,0.00502564,0.0185402,0.0100043,0.0
0.0,0.0,0.0080445,0.0629992,0.0,0.0,0.0,0.0,0.0,0.00374908,0.172252,0.00958112,0.0209249,0.015625,0.0582547,0.000874242,0.00402382,0.0648925,0.0,0.013928,0.199977,0.0,0.0,0.0,0.0,0.0,0.187426,0.0,0.0022602,0.0395941,0.190606,3.43087e-05,0.0515834,0.0623886,0.0,0.058526,0.0,0.00776394,0.00700811,0.0,0.0137866,0.00494206,0.00421978,0.00670259,0.0319214,0.0,0.0,0.0,0.0,0.0,0.0,0.0,0.0,0.0,0.0,0.0,0.0,0.0,0.0,0.0,0.0,0.0,0.0,0.0,0.0,0.0,0.0,0.0,0.0,0.0,0.0,0.0,0.0,0.0,0.0,0.0,0.0,0.0,0.0,0.0,0.0,0.0,0.0,0.0,0.0,0.0,0.0,0.0,0.0,0.0,0.0,0.0,0.0,0.0,0.0,1.12892,0.110932,1.35923,0.485041,0.263704,0.289554,0.0179195,0.0646986,0.0,0.125933,0.172278,0.150175,0.120783,0.0187286,0.711147,0.00506615,0.018635,0.0100375,0.0
0.0,0.0,0.00798617,0.0630303,0.0,0.0,0.0,0.0,0.0,0.00379212,0.172118,0.00961865,0.021054,0.0156415,0.0583062,0.000873612,0.00402783,0.0649903,0.0,0.0139297,0.20015,0.0,0.0,0.0,0.0,0.0,0.187557,0.0,0.00231141,0.0402613,0.207532,3.45145e-05,0.051612,0.0623809,0.0,0.0585654,0.0,0.00778093,0.00701651,0.0,0.013765,0.00494995,0.00422111,0.00669575,0.0318924,0.0,0.0,0.0,0.0,0.0,0.0,0.0,0.0,0.0,0.0,0.0,0.0,0.0,0.0,0.0,0.0,0.0,0.0,0.0,0.0,0.0,0.0,0.0,0.0,0.0,0.0,0.0,0.0,0.0,0.0,0.0,0.0,0.0,0.0,0.0,0.0,0.0,0.0,0.0,0.0,0.0,0.0,0.0,0.0,0.0,0.0,0.0,0.0,0.0,0.0,1.12976,0.111128,1.36363,0.486454,0.2643,0.289682,0.0179541,0.0647418,0.0,0.126202,0.172481,0.150086,0.121106,0.018746,0.712679,0.00510803,0.0187296,0.0100719,0.0
0.0,0.0,0.00792805,0.0630618,0.0,0.0,0.0,0.0,0.0,0.00383513,0.171983,0.00965642,0.0211835,0.0156581,0.0583577,0.000872999,0.00403178,0.065088,0.0,0.0139314,0.200323,0.0,0.0,0.0,0.0,0.0,0.187687,0.0,0.00236272,0.0409278,0.224457,3.45145e-05,0.0516408,0.0623734,0.0,0.058603,0.0,0.00779753,0.00702487,0.0,0.0137435,0.00495784,0.00422237,0.00668862,0.031863,0.0,0.0,0.0,0.0,0.0,0.0,0.0,0.0,0.0,0.0,0.0,0.0,0.0,0.0,0.0,0.0,0.0,0.0,0.0,0.0,0.0,0.0,0.0,0.0,0.0,0.0,0.0,0.0,0.0,0.0,0.0,0.0,0.0,0.0,0.0,0.0,0.0,0.0,0.0,0.0,0.0,0.0,0.0,0.0,0.0,0.0,0.0,0.0,0.0,0.0,1.13059,0.111324,1.36695,0.487864,0.264892,0.28981,0.0179891,0.0647852,0.0,0.126472,0.172682,0.149999,0.12143,0.0187637,0.714209,0.00514913,0.0188242,0.0101049,0.0
0.0,0.0,0.00787056,0.0630929,0.0,0.0,0.0,0.0,0.0,0.0038783,0.171849,0.00969388,0.0213126,0.0156748,0.0584094,0.000872358,0.0040358,0.0651853,0.0,0.013933,0.200496,0.0,0.0,0.0,0.0,0.0,0.187817,0.0,0.00241387,0.0415948,0.241381,3.45145e-05,0.0516691,0.0623659,0.0,0.0586423,0.0,0.00781491,0.00703288,0.0,0.0137219,0.00496589,0.00422356,0.00668165,0.0318342,0.0,0.0,0.0,0.0,0.0,0.0,0.0,0.0,0.0,0.0,0.0,0.0,0.0,0.0,0.0,0.0,0.0,0.0,0.0,0.0,0.0,0.0,0.0,0.0,0.0,0.0,0.0,0.0,0.0,0.0,0.0,0.0,0.0,0.0,0.0,0.0,0.0,0.0,0.0,0.0,0.0,0.0,0.0,0.0,0.0,0.0,0.0,0.0,0.0,0.0,1.13142,0.111519,1.36956,0.489278,0.265486,0.289938,0.0180233,0.0648289,0.0,0.126742,0.172883,0.14991,0.121752,0.0187812,0.715738,0.00519,0.0189189,0.0101385,0.0
0.0,0.0,0.00781298,0.063124,0.0,0.0,0.0,0.0,0.0,0.0039213,0.171714,0.00973174,0.0214419,0.0156914,0.0584605,0.000871745,0.00403982,0.0652834,0.0,0.0139347,0.200668,0.0,0.0,0.0,0.0,0.0,0.187947,0.0,0.00246499,0.0422625,0.258307,3.49329e-05,0.0516977,0.062359,0.0,0.0586808,0.0,0.00783142,0.00704165,0.0,0.0137003,0.00497379,0.00422472,0.00667468,0.0318052,0.0,0.0,0.0,0.0,0.0,0.0,0.0,0.0,0.0,0.0,0.0,0.0,0.0,0.0,0.0,0.0,0.0,0.0,0.0,0.0,0.0,0.0,0.0,0.0,0.0,0.0,0.0,0.0,0.0,0.0,0.0,0.0,0.0,0.0,0.0,0.0,0.0,0.0,0.0,0.0,0.0,0.0,0.0,0.0,0.0,0.0,0.0,0.0,0.0,0.0,1.13226,0.111714,1.37181,0.490686,0.26608,0.290066,0.0180591,0.064872,0.0,0.127011,0.173086,0.149822,0.122074,0.018798,0.717268,0.0052313,0.0190134,0.0101721,0.0
0.0,0.0,0.00775547,0.0631551,0.0,0.0,0.0,0.0,0.0,0.00396438,0.17158,0.00976908,0.0215712,0.0157078,0.0585123,0.000871104,0.0040437,0.065381,0.0,0.0139364,0.200841,0.0,0.0,0.0,0.0,0.0,0.188077,0.0,0.00251595,0.0429293,0.27523,3.49826e-05,0.0517257,0.0623513,0.0,0.0587188,0.0,0.00784828,0.00704972,0.0,0.0136787,0.0049818,0.00422603,0.00666761,0.0317761,0.0,0.0,0.0,0.0,0.0,0.0,0.0,0.0,0.0,0.0,0.0,0.0,0.0,0.0,0.0,0.0,0.0,0.0,0.0,0.0,0.0,0.0,0.0,0.0,0.0,0.0,0.0,0.0,0.0,0.0,0.0,0.0,0.0,0.0,0.0,0.0,0.0,0.0,0.0,0.0,0.0,0.0,0.0,0.0,0.0,0.0,0.0,0.0,0.0,0.0,1.13309,0.11191,1.37406,0.4921,0.266672,0.290194,0.0180933,0.0649151,0.0,0.127281,0.173287,0.149734,0.122399,0.0188157,0.718797,0.00527316,0.0191079,0.0102057,0.0
0.0,0.0,0.00769759,0.0631854,0.0,0.0,0.0,0.0,0.0,0.00400742,0.171446,0.00980685,0.0217005,0.0157245,0.058564,0.000870491,0.0040477,0.0654788,0.0,0.0139381,0.201015,0.0,0.0,0.0,0.0,0.0,0.188208,0.0,0.00256781,0.0435976,0.292156,3.49842e-05,0.0517538,0.0623434,0.0,0.0587576,0.0,0.00786511,0.00705793,0.0,0.0136569,0.00498965,0.00422727,0.00666061,0.0317471,0.0,0.0,0.0,0.0,0.0,0.0,0.0,0.0,0.0,0.0,0.0,0.0,0.0,0.0,0.0,0.0,0.0,0.0,0.0,0.0,0.0,0.0,0.0,0.0,0.0,0.0,0.0,0.0,0.0,0.0,0.0,0.0,0.0,0.0,0.0,0.0,0.0,0.0,0.0,0.0,0.0,0.0,0.0,0.0,0.0,0.0,0.0,0.0,0.0,0.0,1.13392,0.112106,1.37631,0.49351,0.267267,0.290322,0.0181287,0.0649588,0.0,0.127552,0.173488,0.149647,0.122721,0.0188332,0.720327,0.0053141,0.0192027,0.0102398,0.0
0.0,0.0,0.00763939,0.0632163,0.0,0.0,0.0,0.0,0.0,0.00405048,0.171311,0.00984446,0.02183,0.0157409,0.0586152,0.000869862,0.00405173,0.0655769,0.0,0.0139397,0.201188,0.0,0.0,0.0,0.0,0.0,0.188337,0.0,0.00261913,0.0442646,0.309081,3.49842e-05,0.0517836,0.0623365,0.0,0.0587957,0.0,0.0078824,0.00706629,0.0,0.0136354,0.00499763,0.00422845,0.00665363,0.0317178,0.0,0.0,0.0,0.0,0.0,0.0,0.0,0.0,0.0,0.0,0.0,0.0,0.0,0.0,0.0,0.0,0.0,0.0,0.0,0.0,0.0,0.0,0.0,0.0,0.0,0.0,0.0,0.0,0.0,0.0,0.0,0.0,0.0,0.0,0.0,0.0,0.0,0.0,0.0,0.0,0.0,0.0,0.0,0.0,0.0,0.0,0.0,0.0,0.0,0.0,1.13476,0.112301,1.37855,0.494922,0.26786,0.29045,0.018163,0.0650018,0.0,0.127822,0.17369,0.149558,0.123044,0.0188505,0.721856,0.00535558,0.0192972,0.010273,0.0
0.0,0.0,0.00758191,0.0632477,0.0,0.0,0.0,0.0,0.0,0.00409351,0.171177,0.00988205,0.0219592,0.0157576,0.0586668,0.00086922,0.00405571,0.0656743,0.0,0.0139414,0.20136,0.0,0.0,0.0,0.0,0.0,0.188468,0.0,0.00267021,0.0449304,0.326007,3.51031e-05,0.0518099,0.0623292,0.0,0.0588348,0.0,0.00789903,0.00707479,0.0,0.0136138,0.00500557,0.00422967,0.00664664,0.0316887,0.0,0.0,0.0,0.0,0.0,0.0,0.0,0.0,0.0,0.0,0.0,0.0,0.0,0.0,0.0,0.0,0.0,0.0,0.0,0.0,0.0,0.0,0.0,0.0,0.0,0.0,0.0,0.0,0.0,0.0,0.0,0.0,0.0,0.0,0.0,0.0,0.0,0.0,0.0,0.0,0.0,0.0,0.0,0.0,0.0,0.0,0.0,0.0,0.0,0.0,1.13559,0.112496,1.38059,0.496333,0.268456,0.290578,0.0181973,0.0650458,0.0,0.12809,0.173892,0.14947,0.123367,0.0188685,0.723387,0.00539628,0.0193919,0.0103063,0.0
0.0,0.0,0.00757545,0.0632835,0.0,0.0,0.0,0.0,0.0,0.0041366,0.171178,0.00991953,0.0220886,0.0157759,0.0587171,0.000868942,0.00405972,0.0657667,0.0,0.013939,0.201527,0.0,0.0,0.0,0.0,0.0,0.188617,0.0,0.00272151,0.0456002,0.34284,3.51031e-05,0.0518533,0.0623461,0.0,0.0588755,0.0,0.00791652,0.00708299,0.0,0.0135907,0.00501349,0.00423115,0.00664101,0.0316631,0.0,0.0,0.0,0.0,0.0,0.0,0.0,0.0,0.0,0.0,0.0,0.0,0.0,0.0,0.0,0.0,0.0,0.0,0.0,0.0,0.0,0.0,0.0,0.0,0.0,0.0,0.0,0.0,0.0,0.0,0.0,0.0,0.0,0.0,0.0,0.0,0.0,0.0,0.0,0.0,0.0,0.0,0.0,0.0,0.0,0.0,0.0,0.0,0.0,0.0,1.13307,0.112235,1.37735,0.495096,0.267248,0.290255,0.018156,0.0649021,0.0,0.127743,0.173198,0.14883,0.123008,0.0187988,0.721387,0.00535742,0.0194863,0.0102713,0.0
0.0,0.0,0.00759569,0.0633711,0.0,0.0,0.0,0.0,0.0,0.00418252,0.171586,0.00995924,0.0222234,0.0157982,0.0587571,0.000868636,0.00406272,0.0658755,0.0,0.0139353,0.20168,0.0,0.0,0.0,0.0,0.0,0.18893,0.0,0.0027361,0.0459777,0.344356,3.53089e-05,0.0520066,0.0624175,0.0,0.0589926,0.0,0.0079594,0.0071014,0.0,0.0135736,0.00503125,0.00423459,0.00663748,0.0316374,0.0,0.0,0.0,0.0,0.0,0.0,0.0,0.0,0.0,0.0,0.0,0.0,0.0,0.0,0.0,0.0,0.0,0.0,0.0,0.0,0.0,0.0,0.0,0.0,0.0,0.0,0.0,0.0,0.0,0.0,0.0,0.0,0.0,0.0,0.0,0.0,0.0,0.0,0.0,0.0,0.0,0.0,0.0,0.0,0.0,0.0,0.0,0.0,0.0,0.0,1.12963,0.111778,1.37361,0.492438,0.265389,0.289786,0.0180786,0.0647151,0.0,0.127115,0.172287,0.148164,0.122324,0.0187062,0.717793,0.00527668,0.0194913,0.0102021,0.0
0.0,0.0,0.00761535,0.0634594,0.0,0.0,0.0,0.0,0.0,0.00422837,0.171993,0.009999,0.0223585,0.0158205,0.058797,0.000868329,0.00406569,0.0659846,0.0,0.0139316,0.201831,0.0,0.0,0.0,0.0,0.0,0.189243,0.0,0.00275081,0.0463549,0.345873,3.55635e-05,0.0521588,0.0624887,0.0,0.0591088,0.0,0.00800185,0.00711929,0.0,0.0135563,0.00504883,0.00423798,0.00663414,0.0316127,0.0,0.0,0.0,0.0,0.0,0.0,0.0,0.0,0.0,0.0,0.0,0.0,0.0,0.0,0.0,0.0,0.0,0.0,0.0,0.0,0.0,0.0,0.0,0.0,0.0,0.0,0.0,0.0,0.0,0.0,0.0,0.0,0.0,0.0,0.0,0.0,0.0,0.0,0.0,0.0,0.0,0.0,0.0,0.0,0.0,0.0,0.0,0.0,0.0,0.0,1.12618,0.111319,1.36987,0.489783,0.263529,0.289321,0.0180006,0.0645289,0.0,0.126485,0.171378,0.147499,0.121641,0.0186141,0.714202,0.00519594,0.0194962,0.0101332,0.0
0.0,0.0,0.00763614,0.0635472,0.0,0.0,0.0,0.0,0.0,0.0042743,0.172401,0.0100386,0.0224938,0.0158428,0.0588365,0.000868034,0.00406868,0.0660939,0.0,0.0139279,0.201983,0.0,0.0,0.0,0.0,0.0,0.189555,0.0,0.00276553,0.0467321,0.347389,3.57786e-05,0.0523117,0.0625602,0.0,0.059226,0.0,0.00804424,0.00713768,0.0,0.0135391,0.00506649,0.00424156,0.00663056,0.0315876,0.0,0.0,0.0,0.0,0.0,0.0,0.0,0.0,0.0,0.0,0.0,0.0,0.0,0.0,0.0,0.0,0.0,0.0,0.0,0.0,0.0,0.0,0.0,0.0,0.0,0.0,0.0,0.0,0.0,0.0,0.0,0.0,0.0,0.0,0.0,0.0,0.0,0.0,0.0,0.0,0.0,0.0,0.0,0.0,0.0,0.0,0.0,0.0,0.0,0.0,1.12274,0.11086,1.36613,0.487128,0.261665,0.288853,0.0179227,0.0643419,0.0,0.125857,0.170469,0.146834,0.120957,0.0185213,0.710608,0.00511558,0.0195011,0.0100642,0.0
0.0,0.0,0.00765584,0.0636348,0.0,0.0,0.0,0.0,0.0,0.00432021,0.172809,0.0100784,0.0226289,0.015865,0.0588765,0.000867728,0.00407168,0.0662025,0.0,0.0139243,0.202135,0.0,0.0,0.0,0.0,0.0,0.189868,0.0,0.00278012,0.0471086,0.348906,3.58976e-05,0.0524638,0.0626305,0.0,0.0593418,0.0,0.00808658,0.00715602,0.0,0.0135219,0.0050841,0.00424507,0.00662721,0.031562,0.0,0.0,0.0,0.0,0.0,0.0,0.0,0.0,0.0,0.0,0.0,0.0,0.0,0.0,0.0,0.0,0.0,0.0,0.0,0.0,0.0,0.0,0.0,0.0,0.0,0.0,0.0,0.0,0.0,0.0,0.0,0.0,0.0,0.0,0.0,0.0,0.0,0.0,0.0,0.0,0.0,0.0,0.0,0.0,0.0,0.0,0.0,0.0,0.0,0.0,1.1193,0.110401,1.3624,0.484468,0.259805,0.288385,0.0178453,0.0641561,0.0,0.125227,0.169559,0.146169,0.120273,0.0184294,0.707016,0.00503504,0.0195061,0.0099953,0.0
0.0,0.0,0.00767684,0.063724,0.0,0.0,0.0,0.0,0.0,0.00436617,0.173216,0.0101182,0.0227637,0.0158873,0.058917,0.00086745,0.00407475,0.0663117,0.0,0.0139207,0.202287,0.0,0.0,0.0,0.0,0.0,0.190181,0.0,0.00279523,0.0474854,0.350424,3.61034e-05,0.0526167,0.0627026,0.0,0.0594583,0.0,0.0081292,0.00717395,0.0,0.0135046,0.00510175,0.00424854,0.00662382,0.0315369,0.0,0.0,0.0,0.0,0.0,0.0,0.0,0.0,0.0,0.0,0.0,0.0,0.0,0.0,0.0,0.0,0.0,0.0,0.0,0.0,0.0,0.0,0.0,0.0,0.0,0.0,0.0,0.0,0.0,0.0,0.0,0.0,0.0,0.0,0.0,0.0,0.0,0.0,0.0,0.0,0.0,0.0,0.0,0.0,0.0,0.0,0.0,0.0,0.0,0.0,1.11585,0.109942,1.35866,0.481816,0.257945,0.287919,0.0177678,0.0639694,0.0,0.124597,0.168649,0.145504,0.119591,0.018337,0.703422,0.0049543,0.019511,0.00992636,0.0
0.0,0.0,0.00769651,0.0638104,0.0,0.0,0.0,0.0,0.0,0.00441208,0.173625,0.0101577,0.0228991,0.0159096,0.0589565,0.000867144,0.00407769,0.0664203,0.0,0.013917,0.202439,0.0,0.0,0.0,0.0,0.0,0.190494,0.0,0.00280995,0.0478622,0.351939,3.63579e-05,0.052769,0.0627743,0.0,0.0595755,0.0,0.00817129,0.00719227,0.0,0.0134875,0.00511945,0.00425202,0.00662043,0.0315118,0.0,0.0,0.0,0.0,0.0,0.0,0.0,0.0,0.0,0.0,0.0,0.0,0.0,0.0,0.0,0.0,0.0,0.0,0.0,0.0,0.0,0.0,0.0,0.0,0.0,0.0,0.0,0.0,0.0,0.0,0.0,0.0,0.0,0.0,0.0,0.0,0.0,0.0,0.0,0.0,0.0,0.0,0.0,0.0,0.0,0.0,0.0,0.0,0.0,0.0,1.11241,0.109484,1.35493,0.479159,0.256084,0.287452,0.0176903,0.0637825,0.0,0.12397,0.16774,0.144839,0.118906,0.0182448,0.699832,0.00487336,0.0195159,0.009857,0.0
0.0,0.0,0.00771653,0.0638989,0.0,0.0,0.0,0.0,0.0,0.00445786,0.174032,0.0101976,0.0230339,0.0159318,0.0589966,0.000866837,0.00408069,0.0665298,0.0,0.0139133,0.20259,0.0,0.0,0.0,0.0,0.0,0.190807,0.0,0.00282459,0.04824,0.353456,3.63595e-05,0.0529221,0.0628448,0.0,0.0596921,0.0,0.0082136,0.00721042,0.0,0.0134702,0.00513708,0.00425539,0.00661705,0.0314868,0.0,0.0,0.0,0.0,0.0,0.0,0.0,0.0,0.0,0.0,0.0,0.0,0.0,0.0,0.0,0.0,0.0,0.0,0.0,0.0,0.0,0.0,0.0,0.0,0.0,0.0,0.0,0.0,0.0,0.0,0.0,0.0,0.0,0.0,0.0,0.0,0.0,0.0,0.0,0.0,0.0,0.0,0.0,0.0,0.0,0.0,0.0,0.0,0.0,0.0,1.10897,0.109024,1.35113,0.476503,0.254224,0.286984,0.0176127,0.063596,0.0,0.123342,0.166828,0.144173,0.118224,0.0181521,0.696239,0.00479337,0.0195208,0.00978826,0.0
0.0,0.0,0.00773698,0.0639876,0.0,0.0,0.0,0.0,0.0,0.00450381,0.174439,0.0102372,0.0231692,0.015954,0.0590363,0.000866542,0.00408371,0.0666384,0.0,0.0139097,0.202742,0.0,0.0,0.0,0.0,0.0,0.19112,0.0,0.0028394,0.0486158,0.35497,3.65731e-05,0.0530743,0.0629163,0.0,0.059809,0.0,0.00825631,0.00722868,0.0,0.0134529,0.00515473,0.00425889,0.0066135,0.0314611,0.0,0.0,0.0,0.0,0.0,0.0,0.0,0.0,0.0,0.0,0.0,0.0,0.0,0.0,0.0,0.0,0.0,0.0,0.0,0.0,0.0,0.0,0.0,0.0,0.0,0.0,0.0,0.0,0.0,0.0,0.0,0.0,0.0,0.0,0.0,0.0,0.0,0.0,0.0,0.0,0.0,0.0,0.0,0.0,0.0,0.0,0.0,0.0,0.0,0.0,1.10552,0.108566,1.3473,0.473846,0.25236,0.286517,0.0175348,0.06341,0.0,0.122712,0.16592,0.143508,0.11754,0.0180603,0.692649,0.00471303,0.0195258,0.00971932,0.0
0.0,0.0,0.00775734,0.0640753,0.0,0.0,0.0,0.0,0.0,0.00454975,0.174847,0.0102769,0.0233041,0.0159764,0.0590763,0.000866236,0.00408671,0.0667472,0.0,0.013906,0.202894,0.0,0.0,0.0,0.0,0.0,0.191432,0.0,0.00285396,0.048993,0.356488,3.68978e-05,0.0532273,0.0629881,0.0,0.0599256,0.0,0.00829891,0.00724716,0.0,0.0134358,0.00517237,0.00426246,0.00661011,0.0314362,0.0,0.0,0.0,0.0,0.0,0.0,0.0,0.0,0.0,0.0,0.0,0.0,0.0,0.0,0.0,0.0,0.0,0.0,0.0,0.0,0.0,0.0,0.0,0.0,0.0,0.0,0.0,0.0,0.0,0.0,0.0,0.0,0.0,0.0,0.0,0.0,0.0,0.0,0.0,0.0,0.0,0.0,0.0,0.0,0.0,0.0,0.0,0.0,0.0,0.0,1.10208,0.108107,1.34348,0.471193,0.250499,0.286049,0.0174573,0.0632228,0.0,0.122083,0.165009,0.142843,0.116856,0.0179681,0.689055,0.00463228,0.0195307,0.00965037,0.0
0.0,0.0,0.00778379,0.0641636,0.0,0.0,0.0,0.0,0.0,0.00459557,0.175254,0.0103166,0.0234395,0.0159935,0.0591133,0.000865873,0.00408968,0.0668566,0.0,0.0139064,0.203049,0.0,0.0,0.0,0.0,0.0,0.191748,0.0,0.00286866,0.0493723,0.357982,3.71524e-05,0.0533831,0.0630471,0.0,0.0600423,0.0,0.00834122,0.00726513,0.0,0.0134146,0.00518997,0.00426535,0.00660503,0.0314104,0.0,0.0,0.0,0.0,0.0,0.0,0.0,0.0,0.0,0.0,0.0,0.0,0.0,0.0,0.0,0.0,0.0,0.0,0.0,0.0,0.0,0.0,0.0,0.0,0.0,0.0,0.0,0.0,0.0,0.0,0.0,0.0,0.0,0.0,0.0,0.0,0.0,0.0,0.0,0.0,0.0,0.0,0.0,0.0,0.0,0.0,0.0,0.0,0.0,0.0,1.10003,0.10786,1.34185,0.469975,0.249574,0.285751,0.0174166,0.0631167,0.0,0.121768,0.164396,0.142276,0.116506,0.01792,0.687241,0.00460189,0.0195346,0.00961878,0.0
0.0,0.0,0.00783045,0.0642519,0.0,0.0,0.0,0.0,0.0,0.00464372,0.175636,0.0103559,0.0235857,0.0160105,0.0591465,0.00086551,0.00409203,0.0669704,0.0,0.0139158,0.203608,0.0,0.0,0.0,0.0,0.0,0.192078,0.0,0.00288117,0.0497514,0.359384,3.7154e-05,0.053529,0.0630904,0.0,0.060138,0.0,0.00838227,0.00728186,0.0,0.0133919,0.00520673,0.00426717,0.00659918,0.0313844,0.0,0.0,0.0,0.0,0.0,0.0,0.0,0.0,0.0,0.0,0.0,0.0,0.0,0.0,0.0,0.0,0.0,0.0,0.0,0.0,0.0,0.0,0.0,0.0,0.0,0.0,0.0,0.0,0.0,0.0,0.0,0.0,0.0,0.0,0.0,0.0,0.0,0.0,0.0,0.0,0.0,0.0,0.0,0.0,0.0,0.0,0.0,0.0,0.0,0.0,1.09798,0.107613,1.33972,0.468757,0.248648,0.285454,0.017375,0.0630107,0.0,0.121452,0.163783,0.14171,0.116154,0.0178726,0.685426,0.00457227,0.0195334,0.00958684,0.0
0.0,0.0,0.0078772,0.0643406,0.0,0.0,0.0,0.0,0.0,0.00469194,0.176019,0.0103951,0.023732,0.0160276,0.0591787,0.000865147,0.00409442,0.0670843,0.0,0.0139252,0.204168,0.0,0.0,0.0,0.0,0.0,0.192407,0.0,0.00289326,0.0501324,0.360787,3.72321e-05,0.0536752,0.0631319,0.0,0.0602336,0.0,0.00842336,0.00729855,0.0,0.0133689,0.00522371,0.00426902,0.00659351,0.0313575,0.0,0.0,0.0,0.0,0.0,0.0,0.0,0.0,0.0,0.0,0.0,0.0,0.0,0.0,0.0,0.0,0.0,0.0,0.0,0.0,0.0,0.0,0.0,0.0,0.0,0.0,0.0,0.0,0.0,0.0,0.0,0.0,0.0,0.0,0.0,0.0,0.0,0.0,0.0,0.0,0.0,0.0,0.0,0.0,0.0,0.0,0.0,0.0,0.0,0.0,1.09593,0.107366,1.33759,0.467539,0.247721,0.285156,0.0173345,0.0629048,0.0,0.121137,0.163169,0.141143,0.115803,0.0178242,0.68361,0.00454186,0.0195322,0.00955545,0.0
0.0,0.0,0.0079247,0.0644287,0.0,0.0,0.0,0.0,0.0,0.00473998,0.176402,0.0104344,0.0238783,0.0160444,0.0592118,0.000864783,0.00409671,0.0671981,0.0,0.0139346,0.204728,0.0,0.0,0.0,0.0,0.0,0.192737,0.0,0.00290548,0.0505127,0.362189,3.74865e-05,0.0538209,0.0631743,0.0,0.0603294,0.0,0.00846409,0.00731481,0.0,0.013346,0.00524053,0.00427083,0.00658779,0.0313313,0.0,0.0,0.0,0.0,0.0,0.0,0.0,0.0,0.0,0.0,0.0,0.0,0.0,0.0,0.0,0.0,0.0,0.0,0.0,0.0,0.0,0.0,0.0,0.0,0.0,0.0,0.0,0.0,0.0,0.0,0.0,0.0,0.0,0.0,0.0,0.0,0.0,0.0,0.0,0.0,0.0,0.0,0.0,0.0,0.0,0.0,0.0,0.0,0.0,0.0,1.09388,0.107118,1.33546,0.466319,0.246794,0.284858,0.0172932,0.0627986,0.0,0.120822,0.162555,0.140577,0.115453,0.0177767,0.681796,0.00451166,0.0195313,0.00952309,0.0
0.0,0.0,0.00797093,0.0645174,0.0,0.0,0.0,0.0,0.0,0.00478812,0.176785,0.0104735,0.0240245,0.0160616,0.059245,0.000864426,0.00409891,0.0673117,0.0,0.013944,0.205288,0.0,0.0,0.0,0.0,0.0,0.193065,0.0,0.0029177,0.0508942,0.363593,3.79468e-05,0.0539672,0.0632171,0.0,0.0604256,0.0,0.0085053,0.00733177,0.0,0.0133233,0.00525743,0.00427266,0.00658213,0.031305,0.0,0.0,0.0,0.0,0.0,0.0,0.0,0.0,0.0,0.0,0.0,0.0,0.0,0.0,0.0,0.0,0.0,0.0,0.0,0.0,0.0,0.0,0.0,0.0,0.0,0.0,0.0,0.0,0.0,0.0,0.0,0.0,0.0,0.0,0.0,0.0,0.0,0.0,0.0,0.0,0.0,0.0,0.0,0.0,0.0,0.0,0.0,0.0,0.0,0.0,1.09183,0.106871,1.33333,0.465102,0.245871,0.284561,0.0172523,0.0626925,0.0,0.120506,0.161942,0.14001,0.115102,0.0177287,0.67998,0.00448147,0.0195299,0.0094917,0.0
0.0,0.0,0.00801792,0.0646054,0.0,0.0,0.0,0.0,0.0,0.00483626,0.177167,0.0105129,0.0241706,0.0160785,0.0592777,0.000864063,0.00410126,0.0674259,0.0,0.0139534,0.205847,0.0,0.0,0.0,0.0,0.0,0.193394,0.0,0.00293026,0.0512738,0.364995,3.79484e-05,0.0541124,0.0632592,0.0,0.0605205,0.0,0.00854627,0.00734862,0.0,0.0133004,0.00527424,0.00427448,0.00657631,0.0312786,0.0,0.0,0.0,0.0,0.0,0.0,0.0,0.0,0.0,0.0,0.0,0.0,0.0,0.0,0.0,0.0,0.0,0.0,0.0,0.0,0.0,0.0,0.0,0.0,0.0,0.0,0.0,0.0,0.0,0.0,0.0,0.0,0.0,0.0,0.0,0.0,0.0,0.0,0.0,0.0,0.0,0.0,0.0,0.0,0.0,0.0,0.0,0.0,0.0,0.0,1.08978,0.106623,1.3312,0.463886,0.244944,0.284263,0.0172113,0.0625865,0.0,0.120191,0.161327,0.139443,0.11475,0.0176806,0.678167,0.00445105,0.0195289,0.00946031,0.0
0.0,0.0,0.00806503,0.0646935,0.0,0.0,0.0,0.0,0.0,0.00488445,0.17755,0.0105521,0.024317,0.0160955,0.0593104,0.0008637,0.00410362,0.0675394,0.0,0.0139628,0.206407,0.0,0.0,0.0,0.0,0.0,0.193724,0.0,0.00294259,0.0516546,0.3664,3.79484e-05,0.0542587,0.0633013,0.0,0.0606164,0.0,0.00858704,0.0073647,0.0,0.0132776,0.00529113,0.00427631,0.00657069,0.0312522,0.0,0.0,0.0,0.0,0.0,0.0,0.0,0.0,0.0,0.0,0.0,0.0,0.0,0.0,0.0,0.0,0.0,0.0,0.0,0.0,0.0,0.0,0.0,0.0,0.0,0.0,0.0,0.0,0.0,0.0,0.0,0.0,0.0,0.0,0.0,0.0,0.0,0.0,0.0,0.0,0.0,0.0,0.0,0.0,0.0,0.0,0.0,0.0,0.0,0.0,1.08773,0.106377,1.32907,0.462669,0.244017,0.283964,0.0171702,0.0624808,0.0,0.119875,0.160714,0.138877,0.114399,0.0176328,0.67635,0.00442144,0.0195278,0.00942855,0.0
0.0,0.0,0.00811231,0.0647824,0.0,0.0,0.0,0.0,0.0,0.00493244,0.177933,0.0105914,0.0244632,0.0161124,0.0593436,0.000863336,0.00410596,0.0676536,0.0,0.0139722,0.206968,0.0,0.0,0.0,0.0,0.0,0.194053,0.0,0.00295519,0.0520353,0.367802,3.82809e-05,0.0544051,0.0633436,0.0,0.0607129,0.0,0.0086284,0.00738176,0.0,0.0132548,0.0053079,0.00427815,0.00656472,0.0312258,0.0,0.0,0.0,0.0,0.0,0.0,0.0,0.0,0.0,0.0,0.0,0.0,0.0,0.0,0.0,0.0,0.0,0.0,0.0,0.0,0.0,0.0,0.0,0.0,0.0,0.0,0.0,0.0,0.0,0.0,0.0,0.0,0.0,0.0,0.0,0.0,0.0,0.0,0.0,0.0,0.0,0.0,0.0,0.0,0.0,0.0,0.0,0.0,0.0,0.0,1.08567,0.10613,1.32694,0.461449,0.243089,0.283667,0.0171291,0.0623744,0.0,0.119559,0.160099,0.13831,0.114048,0.0175854,0.674535,0.00439123,0.0195265,0.00939678,0.0
0.0,0.0,0.00815939,0.0648707,0.0,0.0,0.0,0.0,0.0,0.00498067,0.178318,0.0106305,0.0246096,0.0161295,0.0593764,0.000862973,0.00410815,0.0677677,0.0,0.0139816,0.207528,0.0,0.0,0.0,0.0,0.0,0.194382,0.0,0.00296764,0.0524153,0.369206,3.85364e-05,0.0545495,0.0633862,0.0,0.0608074,0.0,0.00866878,0.00739794,0.0,0.0132319,0.00532482,0.00427999,0.00655922,0.0311998,0.0,0.0,0.0,0.0,0.0,0.0,0.0,0.0,0.0,0.0,0.0,0.0,0.0,0.0,0.0,0.0,0.0,0.0,0.0,0.0,0.0,0.0,0.0,0.0,0.0,0.0,0.0,0.0,0.0,0.0,0.0,0.0,0.0,0.0,0.0,0.0,0.0,0.0,0.0,0.0,0.0,0.0,0.0,0.0,0.0,0.0,0.0,0.0,0.0,0.0,1.08363,0.105882,1.32481,0.460232,0.242163,0.283369,0.0170885,0.0622684,0.0,0.119243,0.159486,0.137744,0.113696,0.0175377,0.672722,0.0043608,0.0195257,0.00936541,0.0
0.0,0.0,0.00820603,0.064959,0.0,0.0,0.0,0.0,0.0,0.00502884,0.178699,0.0106697,0.0247559,0.0161465,0.0594094,0.00086261,0.00411047,0.0678811,0.0,0.013991,0.208087,0.0,0.0,0.0,0.0,0.0,0.194711,0.0,0.00297976,0.0527961,0.370611,3.87429e-05,0.0546953,0.0634273,0.0,0.060903,0.0,0.00870985,0.00741471,0.0,0.0132091,0.00534163,0.00428189,0.0065534,0.0311735,0.0,0.0,0.0,0.0,0.0,0.0,0.0,0.0,0.0,0.0,0.0,0.0,0.0,0.0,0.0,0.0,0.0,0.0,0.0,0.0,0.0,0.0,0.0,0.0,0.0,0.0,0.0,0.0,0.0,0.0,0.0,0.0,0.0,0.0,0.0,0.0,0.0,0.0,0.0,0.0,0.0,0.0,0.0,0.0,0.0,0.0,0.0,0.0,0.0,0.0,1.08157,0.105635,1.32268,0.459014,0.241238,0.283071,0.017047,0.0621622,0.0,0.118928,0.158872,0.137177,0.113346,0.0174897,0.670907,0.00433083,0.0195244,0.00933324,0.0
0.0,0.0,0.00825328,0.0650467,0.0,0.0,0.0,0.0,0.0,0.0050769,0.179079,0.0107091,0.0249022,0.0161696,0.0594311,0.000861674,0.00411286,0.0679926,0.0,0.0140004,0.208642,0.0,0.0,0.0,0.0,0.0,0.19505,0.0,0.00299175,0.0531752,0.37197,3.87429e-05,0.0548399,0.0634453,0.0,0.0609986,0.0,0.00875065,0.0074318,0.0,0.0131934,0.00535858,0.00428366,0.00654772,0.03116,0.0,0.0,0.0,0.0,0.0,0.0,0.0,0.0,0.0,0.0,0.0,0.0,0.0,0.0,0.0,0.0,0.0,0.0,0.0,0.0,0.0,0.0,0.0,0.0,0.0,0.0,0.0,0.0,0.0,0.0,0.0,0.0,0.0,0.0,0.0,0.0,0.0,0.0,0.0,0.0,0.0,0.0,0.0,0.0,0.0,0.0,0.0,0.0,0.0,0.0,1.08157,0.105635,1.32342,0.459014,0.2412,0.283071,0.017047,0.0621622,0.0,0.118928,0.15886,0.137141,0.113346,0.0174897,0.670889,0.00433083,0.0195226,0.00933324,0.0
0.0,0.0,0.0083914,0.0651558,0.0,0.0,0.0,0.0,0.0,0.0051233,0.179379,0.0107482,0.0250462,0.0161946,0.0594379,0.000860755,0.0041159,0.0680993,0.0,0.0140276,0.20912,0.0,0.0,0.0,0.0,0.0,0.195364,0.0,0.00300259,0.0535406,0.373393,3.89115e-05,0.054968,0.0634562,0.0,0.0610875,0.0,0.00878924,0.00744763,0.0,0.0131776,0.00537546,0.00428587,0.00654177,0.0311496,0.0,0.0,0.0,0.0,0.0,0.0,0.0,0.0,0.0,0.0,0.0,0.0,0.0,0.0,0.0,0.0,0.0,0.0,0.0,0.0,0.0,0.0,0.0,0.0,0.0,0.0,0.0,0.0,0.0,0.0,0.0,0.0,0.0,0.0,0.0,0.0,0.0,0.0,0.0,0.0,0.0,0.0,0.0,0.0,0.0,0.0,0.0,0.0,0.0,0.0,1.08554,0.106267,1.33008,0.463605,0.243606,0.283693,0.0171693,0.0623226,0.0,0.119895,0.159636,0.137318,0.114472,0.0175678,0.676227,0.00444291,0.0195235,0.00943661,0.0
0.0,0.0,0.00853046,0.0652653,0.0,0.0,0.0,0.0,0.0,0.00516962,0.17968,0.0107873,0.02519,0.0162194,0.059445,0.000859836,0.00411905,0.0682054,0.0,0.0140549,0.209599,0.0,0.0,0.0,0.0,0.0,0.195679,0.0,0.00301305,0.0539058,0.374813,3.95357e-05,0.0550948,0.0634662,0.0,0.0611765,0.0,0.00882769,0.00746346,0.0,0.013162,0.00539243,0.00428818,0.00653579,0.0311393,0.0,0.0,0.0,0.0,0.0,0.0,0.0,0.0,0.0,0.0,0.0,0.0,0.0,0.0,0.0,0.0,0.0,0.0,0.0,0.0,0.0,0.0,0.0,0.0,0.0,0.0,0.0,0.0,0.0,0.0,0.0,0.0,0.0,0.0,0.0,0.0,0.0,0.0,0.0,0.0,0.0,0.0,0.0,0.0,0.0,0.0,0.0,0.0,0.0,0.0,1.08951,0.106898,1.33676,0.468196,0.24601,0.284315,0.0172915,0.0624824,0.0,0.120861,0.160411,0.137496,0.115599,0.0176455,0.681565,0.00455543,0.0195241,0.00953945,0.0
0.0,0.0,0.00866929,0.0653758,0.0,0.0,0.0,0.0,0.0,0.00521613,0.17998,0.0108265,0.0253341,0.0162447,0.0594521,0.0008589,0.00412197,0.0683117,0.0,0.0140822,0.210078,0.0,0.0,0.0,0.0,0.0,0.195994,0.0,0.00302345,0.0542708,0.376238,3.95373e-05,0.0552221,0.0634772,0.0,0.0612657,0.0,0.00886586,0.00747962,0.0,0.0131462,0.00540944,0.00429037,0.00652985,0.031129,0.0,0.0,0.0,0.0,0.0,0.0,0.0,0.0,0.0,0.0,0.0,0.0,0.0,0.0,0.0,0.0,0.0,0.0,0.0,0.0,0.0,0.0,0.0,0.0,0.0,0.0,0.0,0.0,0.0,0.0,0.0,0.0,0.0,0.0,0.0,0.0,0.0,0.0,0.0,0.0,0.0,0.0,0.0,0.0,0.0,0.0,0.0,0.0,0.0,0.0,1.09348,0.10753,1.34343,0.472786,0.248415,0.284936,0.0174141,0.0626428,0.0,0.121828,0.161187,0.137673,0.116726,0.0177234,0.686908,0.00466774,0.0195247,0.00964206,0.0
0.0,0.0,0.00880761,0.065484,0.0,0.0,0.0,0.0,0.0,0.00526249,0.18028,0.0108657,0.0254782,0.0162697,0.0594589,0.00085798,0.00412509,0.068418,0.0,0.0141094,0.210556,0.0,0.0,0.0,0.0,0.0,0.196309,0.0,0.00303452,0.054637,0.377659,3.97059e-05,0.0553495,0.0634873,0.0,0.0613543,0.0,0.00890397,0.00749567,0.0,0.0131304,0.00542644,0.00429273,0.00652391,0.0311188,0.0,0.0,0.0,0.0,0.0,0.0,0.0,0.0,0.0,0.0,0.0,0.0,0.0,0.0,0.0,0.0,0.0,0.0,0.0,0.0,0.0,0.0,0.0,0.0,0.0,0.0,0.0,0.0,0.0,0.0,0.0,0.0,0.0,0.0,0.0,0.0,0.0,0.0,0.0,0.0,0.0,0.0,0.0,0.0,0.0,0.0,0.0,0.0,0.0,0.0,1.09745,0.108162,1.35009,0.477376,0.250822,0.285558,0.0175359,0.0628034,0.0,0.122794,0.161963,0.13785,0.117852,0.0178016,0.692247,0.00477986,0.0195256,0.00974488,0.0
0.0,0.0,0.00894648,0.0655939,0.0,0.0,0.0,0.0,0.0,0.00530902,0.18058,0.0109049,0.0256222,0.0162946,0.0594658,0.000857044,0.00412822,0.0685246,0.0,0.0141367,0.211035,0.0,0.0,0.0,0.0,0.0,0.196625,0.0,0.00304474,0.0550007,0.379083,4.03318e-05,0.055477,0.0634978,0.0,0.0614441,0.0,0.00894282,0.00751198,0.0,0.0131146,0.00544336,0.00429497,0.00651792,0.0311085,0.0,0.0,0.0,0.0,0.0,0.0,0.0,0.0,0.0,0.0,0.0,0.0,0.0,0.0,0.0,0.0,0.0,0.0,0.0,0.0,0.0,0.0,0.0,0.0,0.0,0.0,0.0,0.0,0.0,0.0,0.0,0.0,0.0,0.0,0.0,0.0,0.0,0.0,0.0,0.0,0.0,0.0,0.0,0.0,0.0,0.0,0.0,0.0,0.0,0.0,1.10142,0.108794,1.35676,0.481969,0.253227,0.286179,0.0176583,0.062963,0.0,0.123759,0.162738,0.138026,0.118978,0.0178791,0.697587,0.00489177,0.0195262,0.00984808,0.0
0.0,0.0,0.00908547,0.0657038,0.0,0.0,0.0,0.0,0.0,0.00535532,0.180881,0.010944,0.025766,0.0163195,0.0594727,0.000856125,0.00413127,0.0686308,0.0,0.014164,0.211514,0.0,0.0,0.0,0.0,0.0,0.196939,0.0,0.00305557,0.0553693,0.380505,4.03814e-05,0.0556044,0.0635075,0.0,0.0615328,0.0,0.00898101,0.00752764,0.0,0.0130988,0.00546031,0.00429727,0.00651209,0.0310982,0.0,0.0,0.0,0.0,0.0,0.0,0.0,0.0,0.0,0.0,0.0,0.0,0.0,0.0,0.0,0.0,0.0,0.0,0.0,0.0,0.0,0.0,0.0,0.0,0.0,0.0,0.0,0.0,0.0,0.0,0.0,0.0,0.0,0.0,0.0,0.0,0.0,0.0,0.0,0.0,0.0,0.0,0.0,0.0,0.0,0.0,0.0,0.0,0.0,0.0,1.10539,0.109425,1.36343,0.486557,0.255634,0.2868,0.0177803,0.0631232,0.0,0.124724,0.163514,0.138203,0.120105,0.0179569,0.702927,0.00500409,0.019527,0.0099505,0.0
0.0,0.0,0.00922412,0.0658133,0.0,0.0,0.0,0.0,0.0,0.00540178,0.181181,0.0109833,0.0259099,0.0163446,0.05948,0.000855206,0.00413435,0.0687374,0.0,0.0141912,0.211993,0.0,0.0,0.0,0.0,0.0,0.197255,0.0,0.0030664,0.0557322,0.381927,4.05004e-05,0.0557325,0.0635184,0.0,0.0616212,0.0,0.00901909,0.00754412,0.0,0.0130831,0.00547728,0.00429937,0.00650603,0.0310878,0.0,0.0,0.0,0.0,0.0,0.0,0.0,0.0,0.0,0.0,0.0,0.0,0.0,0.0,0.0,0.0,0.0,0.0,0.0,0.0,0.0,0.0,0.0,0.0,0.0,0.0,0.0,0.0,0.0,0.0,0.0,0.0,0.0,0.0,0.0,0.0,0.0,0.0,0.0,0.0,0.0,0.0,0.0,0.0,0.0,0.0,0.0,0.0,0.0,0.0,1.10935,0.110057,1.3701,0.49115,0.258036,0.287422,0.0179025,0.0632835,0.0,0.125691,0.164289,0.138381,0.121231,0.0180351,0.708265,0.00511659,0.0195276,0.0100537,0.0
0.0,0.0,0.00936268,0.0659234,0.0,0.0,0.0,0.0,0.0,0.00544812,0.181482,0.0110225,0.0260541,0.0163697,0.0594867,0.00085427,0.00413745,0.0688434,0.0,0.0142185,0.212469,0.0,0.0,0.0,0.0,0.0,0.19757,0.0,0.00307668,0.0560982,0.38335,4.11262e-05,0.0558591,0.0635287,0.0,0.0617104,0.0,0.00905764,0.00756008,0.0,0.0130673,0.00549428,0.00430181,0.00650015,0.0310774,0.0,0.0,0.0,0.0,0.0,0.0,0.0,0.0,0.0,0.0,0.0,0.0,0.0,0.0,0.0,0.0,0.0,0.0,0.0,0.0,0.0,0.0,0.0,0.0,0.0,0.0,0.0,0.0,0.0,0.0,0.0,0.0,0.0,0.0,0.0,0.0,0.0,0.0,0.0,0.0,0.0,0.0,0.0,0.0,0.0,0.0,0.0,0.0,0.0,0.0,1.11332,0.110689,1.37677,0.495741,0.260443,0.288043,0.0180246,0.0634433,0.0,0.126655,0.165064,0.138557,0.122358,0.0181129,0.713604,0.0052283,0.0195284,0.0101565,0.0
0.0,0.0,0.00950144,0.0660322,0.0,0.0,0.0,0.0,0.0,0.00549446,0.181782,0.0110616,0.0261979,0.0163946,0.0594937,0.000853351,0.00414047,0.0689496,0.0,0.0142458,0.212936,0.0,0.0,0.0,0.0,0.0,0.197885,0.0,0.00308724,0.0564631,0.384773,4.11759e-05,0.0559867,0.0635388,0.0,0.0617989,0.0,0.00909631,0.00757628,0.0,0.0130516,0.00551116,0.00430392,0.00649415,0.0310672,0.0,0.0,0.0,0.0,0.0,0.0,0.0,0.0,0.0,0.0,0.0,0.0,0.0,0.0,0.0,0.0,0.0,0.0,0.0,0.0,0.0,0.0,0.0,0.0,0.0,0.0,0.0,0.0,0.0,0.0,0.0,0.0,0.0,0.0,0.0,0.0,0.0,0.0,0.0,0.0,0.0,0.0,0.0,0.0,0.0,0.0,0.0,0.0,0.0,0.0,1.11729,0.11132,1.38344,0.500329,0.262848,0.288666,0.0181471,0.0636033,0.0,0.127622,0.165841,0.138734,0.123486,0.0181908,0.718944,0.00534043,0.0195291,0.0102595,0.0
0.0,0.0,0.00964021,0.0661494,0.0,0.0,0.0,0.0,0.0,0.00554098,0.18209,0.0111008,0.0263417,0.0164243,0.0595011,0.000853016,0.00414359,0.0690555,0.0,0.014273,0.213399,0.0,0.0,0.0,0.0,0.0,0.198201,0.0,0.00309798,0.0568264,0.386214,4.14997e-05,0.0561117,0.0635387,0.0,0.0618877,0.0,0.00913426,0.00759252,0.0,0.0130229,0.00552817,0.00430508,0.00648554,0.0310671,0.0,0.0,0.0,0.0,0.0,0.0,0.0,0.0,0.0,0.0,0.0,0.0,0.0,0.0,0.0,0.0,0.0,0.0,0.0,0.0,0.0,0.0,0.0,0.0,0.0,0.0,0.0,0.0,0.0,0.0,0.0,0.0,0.0,0.0,0.0,0.0,0.0,0.0,0.0,0.0,0.0,0.0,0.0,0.0,0.0,0.0,0.0,0.0,0.0,0.0,1.12122,0.111952,1.38998,0.504921,0.265221,0.289287,0.018269,0.0637641,0.0,0.128589,0.166616,0.138886,0.124613,0.0182686,0.72425,0.00545277,0.0195309,0.0103622,0.0
0.0,0.0,0.00982885,0.0662699,0.0,0.0,0.0,0.0,0.0,0.00559262,0.18257,0.0111477,0.026509,0.0164618,0.0595168,0.000852709,0.00414778,0.0691693,0.0,0.0142925,0.213907,0.0,0.0,0.0,0.0,0.0,0.198498,0.0,0.00311237,0.0572029,0.388032,4.15013e-05,0.0562322,0.063531,0.0,0.0619676,0.0,0.00917127,0.00760533,0.0,0.0129933,0.00554208,0.00430533,0.00647717,0.0310679,0.0,0.0,0.0,0.0,0.0,0.0,0.0,0.0,0.0,0.0,0.0,0.0,0.0,0.0,0.0,0.0,0.0,0.0,0.0,0.0,0.0,0.0,0.0,0.0,0.0,0.0,0.0,0.0,0.0,0.0,0.0,0.0,0.0,0.0,0.0,0.0,0.0,0.0,0.0,0.0,0.0,0.0,0.0,0.0,0.0,0.0,0.0,0.0,0.0,0.0,1.12382,0.112414,1.39456,0.508439,0.267068,0.289756,0.0183654,0.0638721,0.0,0.129333,0.167116,0.138959,0.1255,0.0183237,0.728189,0.00555612,0.0195326,0.0104501,0.0
0.0,0.0,0.0100169,0.0663897,0.0,0.0,0.0,0.0,0.0,0.00564432,0.18305,0.0111947,0.026676,0.0164991,0.0595328,0.000852375,0.00415202,0.0692828,0.0,0.014312,0.214415,0.0,0.0,0.0,0.0,0.0,0.198798,0.0,0.00312753,0.0575773,0.389853,4.17071e-05,0.0563509,0.0635216,0.0,0.0620465,0.0,0.00920806,0.00761781,0.0,0.0129637,0.00555606,0.00430581,0.00646889,0.0310687,0.0,0.0,0.0,0.0,0.0,0.0,0.0,0.0,0.0,0.0,0.0,0.0,0.0,0.0,0.0,0.0,0.0,0.0,0.0,0.0,0.0,0.0,0.0,0.0,0.0,0.0,0.0,0.0,0.0,0.0,0.0,0.0,0.0,0.0,0.0,0.0,0.0,0.0,0.0,0.0,0.0,0.0,0.0,0.0,0.0,0.0,0.0,0.0,0.0,0.0,1.1264,0.112875,1.39914,0.511956,0.268912,0.290227,0.0184611,0.0639803,0.0,0.130075,0.167618,0.139032,0.126385,0.0183786,0.732129,0.00565895,0.0195342,0.0105387,0.0
0.0,0.0,0.0102057,0.0665103,0.0,0.0,0.0,0.0,0.0,0.00569595,0.18353,0.0112417,0.0268431,0.0165365,0.0595487,0.000852068,0.00415614,0.0693965,0.0,0.0143314,0.214923,0.0,0.0,0.0,0.0,0.0,0.199095,0.0,0.00314215,0.0579525,0.391674,4.17853e-05,0.0564701,0.0635131,0.0,0.0621253,0.0,0.00924545,0.00763074,0.0,0.0129345,0.00557001,0.00430619,0.00646058,0.0310696,0.0,0.0,0.0,0.0,0.0,0.0,0.0,0.0,0.0,0.0,0.0,0.0,0.0,0.0,0.0,0.0,0.0,0.0,0.0,0.0,0.0,0.0,0.0,0.0,0.0,0.0,0.0,0.0,0.0,0.0,0.0,0.0,0.0,0.0,0.0,0.0,0.0,0.0,0.0,0.0,0.0,0.0,0.0,0.0,0.0,0.0,0.0,0.0,0.0,0.0,1.12899,0.113337,1.40373,0.515473,0.270754,0.290697,0.0185578,0.0640878,0.0,0.130819,0.168117,0.139104,0.127272,0.0184338,0.736068,0.00576217,0.0195355,0.0106267,0.0
0.0,0.0,0.0103945,0.0666295,0.0,0.0,0.0,0.0,0.0,0.00574758,0.184009,0.0112886,0.0270102,0.0165739,0.0595645,0.000851733,0.00416038,0.06951,0.0,0.0143509,0.215431,0.0,0.0,0.0,0.0,0.0,0.199394,0.0,0.003157,0.0583266,0.39349,4.19703e-05,0.0565908,0.0635035,0.0,0.0622049,0.0,0.0092825,0.00764345,0.0,0.0129049,0.00558399,0.00430643,0.00645229,0.0310704,0.0,0.0,0.0,0.0,0.0,0.0,0.0,0.0,0.0,0.0,0.0,0.0,0.0,0.0,0.0,0.0,0.0,0.0,0.0,0.0,0.0,0.0,0.0,0.0,0.0,0.0,0.0,0.0,0.0,0.0,0.0,0.0,0.0,0.0,0.0,0.0,0.0,0.0,0.0,0.0,0.0,0.0,0.0,0.0,0.0,0.0,0.0,0.0,0.0,0.0,1.13158,0.113798,1.40831,0.518994,0.2726,0.291165,0.018654,0.0641966,0.0,0.131561,0.168617,0.139178,0.128159,0.0184887,0.740007,0.00586476,0.019537,0.0107147,0.0
0.0,0.0,0.0105822,0.0667503,0.0,0.0,0.0,0.0,0.0,0.00579928,0.184489,0.0113357,0.0271773,0.0166112,0.0595808,0.000851427,0.00416461,0.0696233,0.0,0.0143704,0.21594,0.0,0.0,0.0,0.0,0.0,0.199692,0.0,0.00317183,0.0587021,0.395311,4.19703e-05,0.0567112,0.0634949,0.0,0.062284,0.0,0.0093195,0.00765631,0.0,0.0128756,0.00559791,0.00430666,0.00644397,0.0310712,0.0,0.0,0.0,0.0,0.0,0.0,0.0,0.0,0.0,0.0,0.0,0.0,0.0,0.0,0.0,0.0,0.0,0.0,0.0,0.0,0.0,0.0,0.0,0.0,0.0,0.0,0.0,0.0,0.0,0.0,0.0,0.0,0.0,0.0,0.0,0.0,0.0,0.0,0.0,0.0,0.0,0.0,0.0,0.0,0.0,0.0,0.0,0.0,0.0,0.0,1.13417,0.11426,1.4129,0.522508,0.274445,0.291636,0.0187496,0.0643048,0.0,0.132304,0.169117,0.139249,0.129045,0.0185439,0.743947,0.00596797,0.0195384,0.0108023,0.0
0.0,0.0,0.0107714,0.06687,0.0,0.0,0.0,0.0,0.0,0.00585094,0.184969,0.0113826,0.0273444,0.0166486,0.0595963,0.000851092,0.00416876,0.0697372,0.0,0.0143898,0.216448,0.0,0.0,0.0,0.0,0.0,0.19999,0.0,0.00318669,0.0590773,0.397128,4.19703e-05,0.0568305,0.0634861,0.0,0.0623633,0.0,0.00935652,0.007669,0.0,0.0128461,0.00561183,0.00430691,0.00643568,0.0310719,0.0,0.0,0.0,0.0,0.0,0.0,0.0,0.0,0.0,0.0,0.0,0.0,0.0,0.0,0.0,0.0,0.0,0.0,0.0,0.0,0.0,0.0,0.0,0.0,0.0,0.0,0.0,0.0,0.0,0.0,0.0,0.0,0.0,0.0,0.0,0.0,0.0,0.0,0.0,0.0,0.0,0.0,0.0,0.0,0.0,0.0,0.0,0.0,0.0,0.0,1.13676,0.114721,1.41748,0.526029,0.276291,0.292107,0.0188464,0.0644126,0.0,0.133048,0.169618,0.139321,0.129932,0.018599,0.747886,0.00607155,0.0195398,0.0108908,0.0
0.0,0.0,0.0109598,0.0669901,0.0,0.0,0.0,0.0,0.0,0.00590272,0.185448,0.0114297,0.0275113,0.016686,0.0596121,0.000850786,0.00417301,0.0698512,0.0,0.0144092,0.216956,0.0,0.0,0.0,0.0,0.0,0.200288,0.0,0.00320166,0.0594506,0.398947,4.20893e-05,0.05695,0.0634776,0.0,0.062442,0.0,0.00939338,0.00768198,0.0,0.0128167,0.00562583,0.00430727,0.00642728,0.0310726,0.0,0.0,0.0,0.0,0.0,0.0,0.0,0.0,0.0,0.0,0.0,0.0,0.0,0.0,0.0,0.0,0.0,0.0,0.0,0.0,0.0,0.0,0.0,0.0,0.0,0.0,0.0,0.0,0.0,0.0,0.0,0.0,0.0,0.0,0.0,0.0,0.0,0.0,0.0,0.0,0.0,0.0,0.0,0.0,0.0,0.0,0.0,0.0,0.0,0.0,1.13935,0.115183,1.42207,0.529547,0.278137,0.292576,0.0189419,0.0645211,0.0,0.13379,0.170118,0.139394,0.130818,0.0186543,0.751824,0.00617397,0.0195416,0.010979,0.0
0.0,0.0,0.0111481,0.0671106,0.0,0.0,0.0,0.0,0.0,0.00595435,0.185928,0.0114767,0.0276785,0.0167234,0.0596281,0.000850463,0.00417721,0.0699642,0.0,0.0144287,0.217464,0.0,0.0,0.0,0.0,0.0,0.200587,0.0,0.00321637,0.0598254,0.400768,4.20893e-05,0.0570703,0.063468,0.0,0.0625219,0.0,0.00943091,0.00769453,0.0,0.0127873,0.00563972,0.00430764,0.00641898,0.0310733,0.0,0.0,0.0,0.0,0.0,0.0,0.0,0.0,0.0,0.0,0.0,0.0,0.0,0.0,0.0,0.0,0.0,0.0,0.0,0.0,0.0,0.0,0.0,0.0,0.0,0.0,0.0,0.0,0.0,0.0,0.0,0.0,0.0,0.0,0.0,0.0,0.0,0.0,0.0,0.0,0.0,0.0,0.0,0.0,0.0,0.0,0.0,0.0,0.0,0.0,1.14194,0.115645,1.42665,0.533062,0.279981,0.293045,0.0190379,0.0646293,0.0,0.134534,0.170617,0.139467,0.131705,0.0187092,0.755764,0.00627738,0.019543,0.0110668,0.0
0.0,0.0,0.0113366,0.0672305,0.0,0.0,0.0,0.0,0.0,0.00600601,0.186408,0.0115235,0.0278457,0.0167607,0.0596439,0.000850145,0.00418141,0.0700778,0.0,0.0144481,0.217972,0.0,0.0,0.0,0.0,0.0,0.200885,0.0,0.00323162,0.0601989,0.402586,4.22941e-05,0.0571899,0.0634599,0.0,0.062601,0.0,0.00946782,0.00770739,0.0,0.0127578,0.00565358,0.00430788,0.00641072,0.031074,0.0,0.0,0.0,0.0,0.0,0.0,0.0,0.0,0.0,0.0,0.0,0.0,0.0,0.0,0.0,0.0,0.0,0.0,0.0,0.0,0.0,0.0,0.0,0.0,0.0,0.0,0.0,0.0,0.0,0.0,0.0,0.0,0.0,0.0,0.0,0.0,0.0,0.0,0.0,0.0,0.0,0.0,0.0,0.0,0.0,0.0,0.0,0.0,0.0,0.0,1.14453,0.116106,1.43123,0.536582,0.281826,0.293515,0.0191338,0.0647369,0.0,0.135277,0.171118,0.13954,0.132591,0.0187642,0.759703,0.00637999,0.0195443,0.0111554,0.0
0.0,0.0,0.0115251,0.0673481,0.0,0.0,0.0,0.0,0.0,0.00605763,0.186877,0.0115704,0.0280128,0.0167988,0.0596653,0.000849725,0.00418562,0.0701865,0.0,0.0144677,0.218482,0.0,0.0,0.0,0.0,0.0,0.201174,0.0,0.00324644,0.0605756,0.404445,4.22957e-05,0.0573038,0.0634551,0.0,0.0626812,0.0,0.00950476,0.00772022,0.0,0.0127352,0.00566756,0.00431023,0.00640642,0.0310779,0.0,0.0,0.0,0.0,0.0,0.0,0.0,0.0,0.0,0.0,0.0,0.0,0.0,0.0,0.0,0.0,0.0,0.0,0.0,0.0,0.0,0.0,0.0,0.0,0.0,0.0,0.0,0.0,0.0,0.0,0.0,0.0,0.0,0.0,0.0,0.0,0.0,0.0,0.0,0.0,0.0,0.0,0.0,0.0,0.0,0.0,0.0,0.0,0.0,0.0,1.14711,0.116568,1.43593,0.540099,0.283699,0.293986,0.0192307,0.0648454,0.0,0.136019,0.171629,0.139666,0.133478,0.0188193,0.763668,0.00648338,0.0195463,0.0112433,0.0
0.0,0.0,0.0117251,0.0674572,0.0,0.0,0.0,0.0,0.0,0.00611263,0.187095,0.0116201,0.0281733,0.0168417,0.0596832,0.000849333,0.00419066,0.0702824,0.0,0.0144897,0.21909,0.0,0.0,0.0,0.0,0.0,0.201222,0.0,0.00327071,0.0610796,0.406796,4.27648e-05,0.0574559,0.0634623,0.0,0.0627944,0.0,0.00955626,0.00773956,0.0,0.0127082,0.00568898,0.00431441,0.00640187,0.0310908,0.0,0.0,0.0,0.0,0.0,0.0,0.0,0.0,0.0,0.0,0.0,0.0,0.0,0.0,0.0,0.0,0.0,0.0,0.0,0.0,0.0,0.0,0.0,0.0,0.0,0.0,0.0,0.0,0.0,0.0,0.0,0.0,0.0,0.0,0.0,0.0,0.0,0.0,0.0,0.0,0.0,0.0,0.0,0.0,0.0,0.0,0.0,0.0,0.0,0.0,1.15052,0.117163,1.44236,0.545034,0.286488,0.294608,0.0193507,0.0650052,0.0,0.13708,0.172481,0.139889,0.134748,0.0188893,0.769104,0.00662614,0.0196056,0.0113651,0.0
0.0,0.0,0.0119242,0.0675664,0.0,0.0,0.0,0.0,0.0,0.00616765,0.187311,0.0116698,0.0283339,0.0168845,0.0597016,0.000848931,0.00419568,0.0703782,0.0,0.0145118,0.2197,0.0,0.0,0.0,0.0,0.0,0.201269,0.0,0.00329547,0.0615829,0.409152,4.28837e-05,0.057606,0.0634709,0.0,0.0629072,0.0,0.00960779,0.00775927,0.0,0.0126813,0.00571054,0.00431863,0.00639721,0.031103,0.0,0.0,0.0,0.0,0.0,0.0,0.0,0.0,0.0,0.0,0.0,0.0,0.0,0.0,0.0,0.0,0.0,0.0,0.0,0.0,0.0,0.0,0.0,0.0,0.0,0.0,0.0,0.0,0.0,0.0,0.0,0.0,0.0,0.0,0.0,0.0,0.0,0.0,0.0,0.0,0.0,0.0,0.0,0.0,0.0,0.0,0.0,0.0,0.0,0.0,1.15394,0.117759,1.44879,0.549971,0.289273,0.295232,0.0194717,0.0651651,0.0,0.138139,0.173331,0.140112,0.136017,0.0189597,0.774539,0.00676967,0.0196647,0.0114863,0.0
0.0,0.0,0.012124,0.0676752,0.0,0.0,0.0,0.0,0.0,0.0062226,0.187528,0.0117198,0.0284945,0.0169275,0.0597201,0.000848539,0.00420075,0.0704735,0.0,0.0145339,0.220309,0.0,0.0,0.0,0.0,0.0,0.201316,0.0,0.00331991,0.0620866,0.411506,4.30902e-05,0.0577568,0.0634775,0.0,0.0630203,0.0,0.00965955,0.00777821,0.0,0.0126543,0.00573203,0.00432278,0.00639285,0.0311152,0.0,0.0,0.0,0.0,0.0,0.0,0.0,0.0,0.0,0.0,0.0,0.0,0.0,0.0,0.0,0.0,0.0,0.0,0.0,0.0,0.0,0.0,0.0,0.0,0.0,0.0,0.0,0.0,0.0,0.0,0.0,0.0,0.0,0.0,0.0,0.0,0.0,0.0,0.0,0.0,0.0,0.0,0.0,0.0,0.0,0.0,0.0,0.0,0.0,0.0,1.15736,0.118355,1.45523,0.554903,0.292061,0.295856,0.0195927,0.0653249,0.0,0.139198,0.174185,0.140336,0.137288,0.0190303,0.779974,0.00691242,0.0197241,0.0116083,0.0
0.0,0.0,0.012324,0.0677838,0.0,0.0,0.0,0.0,0.0,0.00627754,0.187745,0.0117696,0.0286553,0.0169703,0.0597384,0.000848136,0.00420579,0.0705698,0.0,0.0145559,0.220918,0.0,0.0,0.0,0.0,0.0,0.201364,0.0,0.00334451,0.0625904,0.413859,4.33457e-05,0.0579077,0.0634864,0.0,0.0631338,0.0,0.0097116,0.00779783,0.0,0.0126274,0.00575343,0.00432698,0.00638835,0.0311276,0.0,0.0,0.0,0.0,0.0,0.0,0.0,0.0,0.0,0.0,0.0,0.0,0.0,0.0,0.0,0.0,0.0,0.0,0.0,0.0,0.0,0.0,0.0,0.0,0.0,0.0,0.0,0.0,0.0,0.0,0.0,0.0,0.0,0.0,0.0,0.0,0.0,0.0,0.0,0.0,0.0,0.0,0.0,0.0,0.0,0.0,0.0,0.0,0.0,0.0,1.16077,0.118951,1.46167,0.559841,0.294848,0.296479,0.019713,0.0654854,0.0,0.140258,0.175035,0.14056,0.138559,0.0191002,0.785407,0.00705533,0.0197833,0.0117301,0.0
0.0,0.0,0.0125232,0.0678944,0.0,0.0,0.0,0.0,0.0,0.00633258,0.187961,0.0118195,0.0288162,0.0170131,0.0597561,0.000847728,0.00421076,0.0706652,0.0,0.0145779,0.221527,0.0,0.0,0.0,0.0,0.0,0.20141,0.0,0.00336866,0.0630934,0.416213,4.3883e-05,0.0580585,0.0634932,0.0,0.0632477,0.0,0.00976326,0.00781731,0.0,0.0126005,0.005775,0.0043313,0.0063838,0.0311401,0.0,0.0,0.0,0.0,0.0,0.0,0.0,0.0,0.0,0.0,0.0,0.0,0.0,0.0,0.0,0.0,0.0,0.0,0.0,0.0,0.0,0.0,0.0,0.0,0.0,0.0,0.0,0.0,0.0,0.0,0.0,0.0,0.0,0.0,0.0,0.0,0.0,0.0,0.0,0.0,0.0,0.0,0.0,0.0,0.0,0.0,0.0,0.0,0.0,0.0,1.16419,0.119546,1.4681,0.564775,0.297636,0.297102,0.0198345,0.0656454,0.0,0.141316,0.175887,0.140783,0.139828,0.0191706,0.790843,0.00719827,0.0198425,0.0118517,0.0
0.0,0.0,0.0127226,0.0680021,0.0,0.0,0.0,0.0,0.0,0.00638746,0.188178,0.0118692,0.0289767,0.0170563,0.0597743,0.000847325,0.0042159,0.0707612,0.0,0.0146001,0.222136,0.0,0.0,0.0,0.0,0.0,0.201458,0.0,0.00339301,0.063597,0.418566,4.39343e-05,0.0582095,0.0635014,0.0,0.0633605,0.0,0.00981436,0.00783651,0.0,0.0125735,0.00579655,0.00433553,0.00637932,0.0311525,0.0,0.0,0.0,0.0,0.0,0.0,0.0,0.0,0.0,0.0,0.0,0.0,0.0,0.0,0.0,0.0,0.0,0.0,0.0,0.0,0.0,0.0,0.0,0.0,0.0,0.0,0.0,0.0,0.0,0.0,0.0,0.0,0.0,0.0,0.0,0.0,0.0,0.0,0.0,0.0,0.0,0.0,0.0,0.0,0.0,0.0,0.0,0.0,0.0,0.0,1.1676,0.120142,1.47453,0.569714,0.300424,0.297727,0.0199553,0.0658053,0.0,0.142376,0.176739,0.141007,0.141099,0.0192408,0.796282,0.00734143,0.0199019,0.0119735,0.0
0.0,0.0,0.0129227,0.0681119,0.0,0.0,0.0,0.0,0.0,0.0064425,0.188395,0.011919,0.0291374,0.017099,0.0597929,0.000846922,0.00422091,0.070857,0.0,0.0146222,0.222745,0.0,0.0,0.0,0.0,0.0,0.201505,0.0,0.00341753,0.0641002,0.420921,4.41401e-05,0.0583604,0.0635099,0.0,0.0634743,0.0,0.00986619,0.00785611,0.0,0.0125467,0.00581797,0.00433975,0.00637488,0.031165,0.0,0.0,0.0,0.0,0.0,0.0,0.0,0.0,0.0,0.0,0.0,0.0,0.0,0.0,0.0,0.0,0.0,0.0,0.0,0.0,0.0,0.0,0.0,0.0,0.0,0.0,0.0,0.0,0.0,0.0,0.0,0.0,0.0,0.0,0.0,0.0,0.0,0.0,0.0,0.0,0.0,0.0,0.0,0.0,0.0,0.0,0.0,0.0,0.0,0.0,1.17102,0.120738,1.48097,0.574651,0.303212,0.29835,0.0200764,0.0659653,0.0,0.143435,0.177592,0.141231,0.14237,0.0193111,0.801714,0.00748456,0.019961,0.0120951,0.0
0.0,0.0,0.0131222,0.0682209,0.0,0.0,0.0,0.0,0.0,0.00649751,0.188612,0.0119689,0.0292982,0.0171419,0.059811,0.000846531,0.00422601,0.0709527,0.0,0.0146443,0.223354,0.0,0.0,0.0,0.0,0.0,0.201552,0.0,0.00344186,0.0646039,0.423274,4.46791e-05,0.0585112,0.0635171,0.0,0.0635877,0.0,0.00991778,0.00787516,0.0,0.0125198,0.00583953,0.00434391,0.00637017,0.0311775,0.0,0.0,0.0,0.0,0.0,0.0,0.0,0.0,0.0,0.0,0.0,0.0,0.0,0.0,0.0,0.0,0.0,0.0,0.0,0.0,0.0,0.0,0.0,0.0,0.0,0.0,0.0,0.0,0.0,0.0,0.0,0.0,0.0,0.0,0.0,0.0,0.0,0.0,0.0,0.0,0.0,0.0,0.0,0.0,0.0,0.0,0.0,0.0,0.0,0.0,1.17444,0.121332,1.4874,0.579582,0.305999,0.298973,0.0201968,0.0661249,0.0,0.144494,0.178443,0.141454,0.143641,0.019381,0.807149,0.0076277,0.0200201,0.0122165,0.0
0.0,0.0,0.0133213,0.0683302,0.0,0.0,0.0,0.0,0.0,0.0065524,0.188828,0.0120188,0.0294587,0.0171846,0.0598291,0.000846128,0.00423104,0.0710486,0.0,0.0146663,0.223963,0.0,0.0,0.0,0.0,0.0,0.2016,0.0,0.00346676,0.0651073,0.425626,4.47288e-05,0.0586612,0.0635247,0.0,0.0637007,0.0,0.00996906,0.00789464,0.0,0.0124927,0.005861,0.00434811,0.00636579,0.0311899,0.0,0.0,0.0,0.0,0.0,0.0,0.0,0.0,0.0,0.0,0.0,0.0,0.0,0.0,0.0,0.0,0.0,0.0,0.0,0.0,0.0,0.0,0.0,0.0,0.0,0.0,0.0,0.0,0.0,0.0,0.0,0.0,0.0,0.0,0.0,0.0,0.0,0.0,0.0,0.0,0.0,0.0,0.0,0.0,0.0,0.0,0.0,0.0,0.0,0.0,1.17785,0.121929,1.49383,0.584517,0.308786,0.299598,0.0203175,0.0662849,0.0,0.145554,0.179295,0.141677,0.14491,0.0194517,0.812586,0.00777122,0.0200793,0.0123383,0.0
0.0,0.0,0.0134279,0.0684072,0.0,0.0,0.0,0.0,0.0,0.00660744,0.185764,0.0120691,0.0296194,0.0172108,0.059851,0.000840312,0.00423606,0.0711545,0.0,0.0146531,0.224571,0.0,0.0,0.0,0.0,0.0,0.201656,0.0,0.00349126,0.0656115,0.428051,4.49346e-05,0.0587893,0.0635809,0.0,0.0638157,0.0,0.0100209,0.00791373,0.0,0.0124924,0.00588245,0.00435243,0.00636764,0.0312021,0.0,0.0,0.0,0.0,0.0,0.0,0.0,0.0,0.0,0.0,0.0,0.0,0.0,0.0,0.0,0.0,0.0,0.0,0.0,0.0,0.0,0.0,0.0,0.0,0.0,0.0,0.0,0.0,0.0,0.0,0.0,0.0,0.0,0.0,0.0,0.0,0.0,0.0,0.0,0.0,0.0,0.0,0.0,0.0,0.0,0.0,0.0,0.0,0.0,0.0,1.18131,0.122524,1.50033,0.589452,0.311601,0.30022,0.0204382,0.0664451,0.0,0.146612,0.180146,0.141908,0.14618,0.019522,0.81803,0.00791396,0.0201384,0.0124595,0.0
0.0,0.0,0.0135048,0.0683911,0.0,0.0,0.0,0.0,0.0,0.00668053,0.182472,0.012137,0.0298199,0.0172324,0.0598962,0.000834496,0.0042433,0.0712515,0.0,0.0146179,0.225403,0.0,0.0,0.0,0.0,0.0,0.20186,0.0,0.00352845,0.0665932,0.431041,4.60544e-05,0.0591451,0.0637783,0.0,0.0641073,0.0,0.0101342,0.00795678,0.0,0.0125046,0.00592773,0.00436809,0.00638166,0.0312335,0.0,0.0,0.0,0.0,0.0,0.0,0.0,0.0,0.0,0.0,0.0,0.0,0.0,0.0,0.0,0.0,0.0,0.0,0.0,0.0,0.0,0.0,0.0,0.0,0.0,0.0,0.0,0.0,0.0,0.0,0.0,0.0,0.0,0.0,0.0,0.0,0.0,0.0,0.0,0.0,0.0,0.0,0.0,0.0,0.0,0.0,0.0,0.0,0.0,0.0,1.18978,0.123857,1.51627,0.601103,0.318655,0.301702,0.0207119,0.0668267,0.0,0.149061,0.182517,0.142707,0.149278,0.0196996,0.83046,0.00822038,0.0201996,0.0127716,0.0
0.0,0.0,0.0135823,0.0683753,0.0,0.0,0.0,0.0,0.0,0.00675372,0.179178,0.012205,0.0300211,0.0172538,0.059942,0.000828681,0.00425058,0.0713492,0.0,0.0145826,0.226235,0.0,0.0,0.0,0.0,0.0,0.202064,0.0,0.00356569,0.0675724,0.43403,4.71121e-05,0.0595015,0.0639758,0.0,0.0644002,0.0,0.0102467,0.00799899,0.0,0.0125169,0.00597299,0.00438377,0.00639591,0.0312643,0.0,0.0,0.0,0.0,0.0,0.0,0.0,0.0,0.0,0.0,0.0,0.0,0.0,0.0,0.0,0.0,0.0,0.0,0.0,0.0,0.0,0.0,0.0,0.0,0.0,0.0,0.0,0.0,0.0,0.0,0.0,0.0,0.0,0.0,0.0,0.0,0.0,0.0,0.0,0.0,0.0,0.0,0.0,0.0,0.0,0.0,0.0,0.0,0.0,0.0,1.19825,0.125189,1.53222,0.612754,0.32571,0.303185,0.0209856,0.0672088,0.0,0.15151,0.184889,0.143506,0.152372,0.0198776,0.84289,0.00852621,0.0202604,0.0130839,0.0
0.0,0.0,0.0136601,0.0683595,0.0,0.0,0.0,0.0,0.0,0.00682688,0.175886,0.0122729,0.0302216,0.0172754,0.0599875,0.000822865,0.00425786,0.0714462,0.0,0.0145473,0.227067,0.0,0.0,0.0,0.0,0.0,0.202268,0.0,0.0036027,0.0685527,0.437017,4.81124e-05,0.0598568,0.0641733,0.0,0.0646931,0.0,0.0103596,0.00804179,0.0,0.0125291,0.00601818,0.00439946,0.00641005,0.0312956,0.0,0.0,0.0,0.0,0.0,0.0,0.0,0.0,0.0,0.0,0.0,0.0,0.0,0.0,0.0,0.0,0.0,0.0,0.0,0.0,0.0,0.0,0.0,0.0,0.0,0.0,0.0,0.0,0.0,0.0,0.0,0.0,0.0,0.0,0.0,0.0,0.0,0.0,0.0,0.0,0.0,0.0,0.0,0.0,0.0,0.0,0.0,0.0,0.0,0.0,1.20673,0.126521,1.54817,0.624404,0.332767,0.304668,0.0212594,0.0675905,0.0,0.153959,0.187261,0.144305,0.155469,0.0200559,0.855319,0.0088324,0.0203211,0.0133955,0.0
0.0,0.0,0.0137376,0.068343,0.0,0.0,0.0,0.0,0.0,0.00690004,0.172593,0.0123409,0.0304226,0.0172969,0.0600329,0.000817066,0.00426514,0.0715438,0.0,0.0145121,0.2279,0.0,0.0,0.0,0.0,0.0,0.202471,0.0,0.00364038,0.0695345,0.440006,4.9163e-05,0.0602117,0.0643703,0.0,0.0649851,0.0,0.0104723,0.00808463,0.0,0.0125412,0.00606341,0.0044152,0.00642429,0.0313269,0.0,0.0,0.0,0.0,0.0,0.0,0.0,0.0,0.0,0.0,0.0,0.0,0.0,0.0,0.0,0.0,0.0,0.0,0.0,0.0,0.0,0.0,0.0,0.0,0.0,0.0,0.0,0.0,0.0,0.0,0.0,0.0,0.0,0.0,0.0,0.0,0.0,0.0,0.0,0.0,0.0,0.0,0.0,0.0,0.0,0.0,0.0,0.0,0.0,0.0,1.2152,0.127853,1.56411,0.636055,0.339822,0.306151,0.0215331,0.0679718,0.0,0.156408,0.189632,0.145104,0.158565,0.0202337,0.867749,0.00913799,0.0203821,0.0137076,0.0
0.0,0.0,0.013815,0.0683272,0.0,0.0,0.0,0.0,0.0,0.00697306,0.1693,0.0124087,0.0306233,0.0173183,0.0600783,0.00081125,0.00427228,0.0716412,0.0,0.0144768,0.228732,0.0,0.0,0.0,0.0,0.0,0.202675,0.0,0.00367775,0.0705138,0.442993,5.00764e-05,0.0605676,0.0645678,0.0,0.0652774,0.0,0.0105851,0.00812694,0.0,0.0125535,0.0061087,0.00443074,0.00643834,0.0313583,0.0,0.0,0.0,0.0,0.0,0.0,0.0,0.0,0.0,0.0,0.0,0.0,0.0,0.0,0.0,0.0,0.0,0.0,0.0,0.0,0.0,0.0,0.0,0.0,0.0,0.0,0.0,0.0,0.0,0.0,0.0,0.0,0.0,0.0,0.0,0.0,0.0,0.0,0.0,0.0,0.0,0.0,0.0,0.0,0.0,0.0,0.0,0.0,0.0,0.0,1.22367,0.129185,1.58006,0.647705,0.346876,0.307634,0.0218067,0.0683539,0.0,0.158857,0.192004,0.145902,0.16166,0.0204116,0.880177,0.00944362,0.020443,0.0140201,0.0
0.0,0.0,0.0138929,0.0683118,0.0,0.0,0.0,0.0,0.0,0.00704625,0.166009,0.0124768,0.0308239,0.0173398,0.060124,0.000805435,0.00427957,0.0717384,0.0,0.0144416,0.229565,0.0,0.0,0.0,0.0,0.0,0.202879,0.0,0.00371462,0.0714943,0.445981,5.08708e-05,0.0609223,0.064765,0.0,0.0655703,0.0,0.010698,0.00816957,0.0,0.0125656,0.00615393,0.00444643,0.00645246,0.0313896,0.0,0.0,0.0,0.0,0.0,0.0,0.0,0.0,0.0,0.0,0.0,0.0,0.0,0.0,0.0,0.0,0.0,0.0,0.0,0.0,0.0,0.0,0.0,0.0,0.0,0.0,0.0,0.0,0.0,0.0,0.0,0.0,0.0,0.0,0.0,0.0,0.0,0.0,0.0,0.0,0.0,0.0,0.0,0.0,0.0,0.0,0.0,0.0,0.0,0.0,1.23214,0.130517,1.59601,0.659357,0.353933,0.309118,0.02208,0.0687361,0.0,0.161303,0.194376,0.146701,0.164757,0.0205895,0.892606,0.00974925,0.0205036,0.0143315,0.0
0.0,0.0,0.0139705,0.0682958,0.0,0.0,0.0,0.0,0.0,0.00711936,0.162716,0.0125446,0.0310248,0.0173614,0.0601693,0.000799619,0.00428686,0.0718362,0.0,0.0144063,0.230398,0.0,0.0,0.0,0.0,0.0,0.203083,0.0,0.00375133,0.0724737,0.44897,5.17165e-05,0.0612772,0.0649629,0.0,0.0658634,0.0,0.0108106,0.00821241,0.0,0.0125779,0.00619915,0.00446202,0.00646668,0.0314209,0.0,0.0,0.0,0.0,0.0,0.0,0.0,0.0,0.0,0.0,0.0,0.0,0.0,0.0,0.0,0.0,0.0,0.0,0.0,0.0,0.0,0.0,0.0,0.0,0.0,0.0,0.0,0.0,0.0,0.0,0.0,0.0,0.0,0.0,0.0,0.0,0.0,0.0,0.0,0.0,0.0,0.0,0.0,0.0,0.0,0.0,0.0,0.0,0.0,0.0,1.24061,0.131849,1.61195,0.671006,0.360987,0.310601,0.0223539,0.0691174,0.0,0.163751,0.196747,0.1475,0.167851,0.0207679,0.905036,0.0100554,0.0205646,0.0146436,0.0
0.0,0.0,0.0140487,0.0682792,0.0,0.0,0.0,0.0,0.0,0.00719241,0.159422,0.0126126,0.0312255,0.0173829,0.060215,0.000793815,0.00429418,0.0719329,0.0,0.014371,0.23123,0.0,0.0,0.0,0.0,0.0,0.203287,0.0,0.00378876,0.0734548,0.451958,5.30406e-05,0.0616334,0.0651601,0.0,0.0661556,0.0,0.0109241,0.00825501,0.0,0.01259,0.00624428,0.00447767,0.00648093,0.0314519,0.0,0.0,0.0,0.0,0.0,0.0,0.0,0.0,0.0,0.0,0.0,0.0,0.0,0.0,0.0,0.0,0.0,0.0,0.0,0.0,0.0,0.0,0.0,0.0,0.0,0.0,0.0,0.0,0.0,0.0,0.0,0.0,0.0,0.0,0.0,0.0,0.0,0.0,0.0,0.0,0.0,0.0,0.0,0.0,0.0,0.0,0.0,0.0,0.0,0.0,1.24908,0.133181,1.6279,0.682658,0.368041,0.312084,0.0226273,0.069499,0.0,0.166201,0.199119,0.148299,0.170949,0.0209459,0.917462,0.0103615,0.0206252,0.0149559,0.0
0.0,0.0,0.0141256,0.0682632,0.0,0.0,0.0,0.0,0.0,0.00726562,0.15613,0.0126806,0.0314264,0.0174045,0.06026,0.000787999,0.00430139,0.0720304,0.0,0.0143358,0.232063,0.0,0.0,0.0,0.0,0.0,0.20349,0.0,0.00382618,0.0744348,0.454948,5.39629e-05,0.0619882,0.0653573,0.0,0.066448,0.0,0.0110365,0.00829803,0.0,0.0126023,0.00628955,0.00449334,0.00649489,0.0314831,0.0,0.0,0.0,0.0,0.0,0.0,0.0,0.0,0.0,0.0,0.0,0.0,0.0,0.0,0.0,0.0,0.0,0.0,0.0,0.0,0.0,0.0,0.0,0.0,0.0,0.0,0.0,0.0,0.0,0.0,0.0,0.0,0.0,0.0,0.0,0.0,0.0,0.0,0.0,0.0,0.0,0.0,0.0,0.0,0.0,0.0,0.0,0.0,0.0,0.0,1.25755,0.134512,1.64385,0.694311,0.375098,0.313565,0.0229008,0.069881,0.0,0.168649,0.201491,0.149098,0.174045,0.0211235,0.929892,0.0106677,0.0206863,0.0152675,0.0
0.0,0.0,0.0142977,0.0682611,0.0,0.0,0.0,0.0,0.0,0.00733875,0.15612,0.0127485,0.0316266,0.0174427,0.0602986,0.000787999,0.0043087,0.07213,0.0,0.0142295,0.232798,0.0,0.0,0.0,0.0,0.0,0.203695,0.0,0.00386378,0.0754139,0.457959,5.48943e-05,0.0623405,0.0655347,0.0,0.0667409,0.0,0.0111491,0.00834035,0.0,0.0126191,0.00633481,0.00450899,0.00650928,0.0315141,0.0,0.0,0.0,0.0,0.0,0.0,0.0,0.0,0.0,0.0,0.0,0.0,0.0,0.0,0.0,0.0,0.0,0.0,0.0,0.0,0.0,0.0,0.0,0.0,0.0,0.0,0.0,0.0,0.0,0.0,0.0,0.0,0.0,0.0,0.0,0.0,0.0,0.0,0.0,0.0,0.0,0.0,0.0,0.0,0.0,0.0,0.0,0.0,0.0,0.0,1.26577,0.135832,1.65942,0.705946,0.382131,0.315038,0.0231749,0.0702629,0.0,0.171085,0.203861,0.149897,0.177141,0.0212949,0.942296,0.0109733,0.0207471,0.0155794,0.0
0.0,0.0,0.014418,0.0682736,0.0,0.0,0.0,0.0,0.0,0.00743083,0.156735,0.0128276,0.0318231,0.0175162,0.0603485,0.000788924,0.0043149,0.0722598,0.0,0.0141233,0.23294,0.0,0.0,0.0,0.0,0.0,0.204114,0.0,0.00390189,0.0761403,0.462149,5.54736e-05,0.0625434,0.0655941,0.0,0.0669093,0.0,0.0112251,0.00836766,0.0,0.0126355,0.00636401,0.00451712,0.00651795,0.031532,0.0,0.0,0.0,0.0,0.0,0.0,0.0,0.0,0.0,0.0,0.0,0.0,0.0,0.0,0.0,0.0,0.0,0.0,0.0,0.0,0.0,0.0,0.0,0.0,0.0,0.0,0.0,0.0,0.0,0.0,0.0,0.0,0.0,0.0,0.0,0.0,0.0,0.0,0.0,0.0,0.0,0.0,0.0,0.0,0.0,0.0,0.0,0.0,0.0,0.0,1.2678,0.136334,1.66467,0.710799,0.385311,0.31548,0.0233019,0.0703832,0.0,0.172127,0.204794,0.150158,0.178469,0.0213503,0.947322,0.0111302,0.0207942,0.0157199,0.0
0.0,0.0,0.0145387,0.0682859,0.0,0.0,0.0,0.0,0.0,0.00752279,0.157349,0.0129066,0.0320197,0.0175895,0.0603988,0.000789849,0.00432117,0.0723896,0.0,0.0140171,0.233082,0.0,0.0,0.0,0.0,0.0,0.204534,0.0,0.0039403,0.0768671,0.466337,5.55534e-05,0.0627466,0.065655,0.0,0.0670788,0.0,0.0113012,0.00839534,0.0,0.0126516,0.00639317,0.00452518,0.00652675,0.03155,0.0,0.0,0.0,0.0,0.0,0.0,0.0,0.0,0.0,0.0,0.0,0.0,0.0,0.0,0.0,0.0,0.0,0.0,0.0,0.0,0.0,0.0,0.0,0.0,0.0,0.0,0.0,0.0,0.0,0.0,0.0,0.0,0.0,0.0,0.0,0.0,0.0,0.0,0.0,0.0,0.0,0.0,0.0,0.0,0.0,0.0,0.0,0.0,0.0,0.0,1.26984,0.136834,1.66991,0.71566,0.388491,0.315922,0.0234276,0.0705039,0.0,0.173169,0.205727,0.15042,0.179798,0.0214058,0.95235,0.0112869,0.0208415,0.01586,0.0
0.0,0.0,0.0146591,0.0682988,0.0,0.0,0.0,0.0,0.0,0.00761497,0.157964,0.0129856,0.0322163,0.0176629,0.060448,0.000790774,0.00432737,0.0725191,0.0,0.013911,0.233225,0.0,0.0,0.0,0.0,0.0,0.204954,0.0,0.00397917,0.0775952,0.470529,5.61492e-05,0.0629503,0.0657151,0.0,0.0672471,0.0,0.0113772,0.00842272,0.0,0.012668,0.00642237,0.00453327,0.00653533,0.0315679,0.0,0.0,0.0,0.0,0.0,0.0,0.0,0.0,0.0,0.0,0.0,0.0,0.0,0.0,0.0,0.0,0.0,0.0,0.0,0.0,0.0,0.0,0.0,0.0,0.0,0.0,0.0,0.0,0.0,0.0,0.0,0.0,0.0,0.0,0.0,0.0,0.0,0.0,0.0,0.0,0.0,0.0,0.0,0.0,0.0,0.0,0.0,0.0,0.0,0.0,1.27187,0.137335,1.67515,0.720518,0.391674,0.316364,0.0235543,0.0706244,0.0,0.174211,0.206657,0.150682,0.181128,0.0214614,0.957382,0.0114433,0.0208888,0.0160005,0.0
0.0,0.0,0.0147796,0.0683105,0.0,0.0,0.0,0.0,0.0,0.00770708,0.158578,0.0130647,0.032413,0.0177362,0.0604979,0.000791711,0.00433359,0.0726489,0.0,0.0138046,0.233367,0.0,0.0,0.0,0.0,0.0,0.205374,0.0,0.00401791,0.078322,0.474717,5.62681e-05,0.0631526,0.0657741,0.0,0.0674162,0.0,0.011453,0.00844996,0.0,0.0126841,0.00645148,0.00454135,0.00654402,0.0315859,0.0,0.0,0.0,0.0,0.0,0.0,0.0,0.0,0.0,0.0,0.0,0.0,0.0,0.0,0.0,0.0,0.0,0.0,0.0,0.0,0.0,0.0,0.0,0.0,0.0,0.0,0.0,0.0,0.0,0.0,0.0,0.0,0.0,0.0,0.0,0.0,0.0,0.0,0.0,0.0,0.0,0.0,0.0,0.0,0.0,0.0,0.0,0.0,0.0,0.0,1.27391,0.137837,1.6804,0.725381,0.394857,0.316807,0.0236812,0.0707453,0.0,0.175254,0.20759,0.150944,0.182458,0.0215167,0.962407,0.0116003,0.020936,0.0161412,0.0
0.0,0.0,0.0148998,0.0683231,0.0,0.0,0.0,0.0,0.0,0.00779916,0.159193,0.0131438,0.0326097,0.0178096,0.0605483,0.000792636,0.00433993,0.0727796,0.0,0.0136986,0.233508,0.0,0.0,0.0,0.0,0.0,0.205794,0.0,0.00405645,0.0790484,0.478908,5.66881e-05,0.0633568,0.0658351,0.0,0.0675847,0.0,0.0115294,0.00847737,0.0,0.0127004,0.00648073,0.00454944,0.00655273,0.0316039,0.0,0.0,0.0,0.0,0.0,0.0,0.0,0.0,0.0,0.0,0.0,0.0,0.0,0.0,0.0,0.0,0.0,0.0,0.0,0.0,0.0,0.0,0.0,0.0,0.0,0.0,0.0,0.0,0.0,0.0,0.0,0.0,0.0,0.0,0.0,0.0,0.0,0.0,0.0,0.0,0.0,0.0,0.0,0.0,0.0,0.0,0.0,0.0,0.0,0.0,1.27594,0.138338,1.68564,0.730233,0.398036,0.317248,0.0238078,0.0708655,0.0,0.176297,0.20852,0.151206,0.183786,0.021572,0.967435,0.011756,0.020983,0.0162808,0.0
0.0,0.0,0.01502,0.0683353,0.0,0.0,0.0,0.0,0.0,0.00789133,0.159807,0.013223,0.0328061,0.0178829,0.0605983,0.000793561,0.00434611,0.0729094,0.0,0.0135923,0.233651,0.0,0.0,0.0,0.0,0.0,0.206214,0.0,0.00409495,0.0797744,0.483095,5.70625e-05,0.0635606,0.0658945,0.0,0.0677539,0.0,0.0116051,0.00850488,0.0,0.0127167,0.00650987,0.00455757,0.0065615,0.0316219,0.0,0.0,0.0,0.0,0.0,0.0,0.0,0.0,0.0,0.0,0.0,0.0,0.0,0.0,0.0,0.0,0.0,0.0,0.0,0.0,0.0,0.0,0.0,0.0,0.0,0.0,0.0,0.0,0.0,0.0,0.0,0.0,0.0,0.0,0.0,0.0,0.0,0.0,0.0,0.0,0.0,0.0,0.0,0.0,0.0,0.0,0.0,0.0,0.0,0.0,1.27798,0.138841,1.69089,0.735094,0.401215,0.31769,0.0239342,0.0709864,0.0,0.177338,0.209453,0.151468,0.185117,0.0216279,0.972466,0.0119132,0.0210307,0.0164213,0.0
0.0,0.0,0.0151403,0.0683474,0.0,0.0,0.0,0.0,0.0,0.00798338,0.160421,0.0133019,0.0330026,0.0179562,0.0606484,0.000794486,0.00435241,0.073039,0.0,0.0134861,0.233794,0.0,0.0,0.0,0.0,0.0,0.206634,0.0,0.00413359,0.0805017,0.487285,5.74826e-05,0.0637643,0.0659548,0.0,0.0679224,0.0,0.0116811,0.00853208,0.0,0.0127328,0.00653911,0.00456563,0.0065703,0.0316398,0.0,0.0,0.0,0.0,0.0,0.0,0.0,0.0,0.0,0.0,0.0,0.0,0.0,0.0,0.0,0.0,0.0,0.0,0.0,0.0,0.0,0.0,0.0,0.0,0.0,0.0,0.0,0.0,0.0,0.0,0.0,0.0,0.0,0.0,0.0,0.0,0.0,0.0,0.0,0.0,0.0,0.0,0.0,0.0,0.0,0.0,0.0,0.0,0.0,0.0,1.28002,0.139342,1.69612,0.739954,0.404397,0.318132,0.0240612,0.071107,0.0,0.17838,0.210384,0.151731,0.186446,0.0216832,0.977493,0.0120693,0.0210777,0.0165614,0.0
0.0,0.0,0.0152612,0.0683603,0.0,0.0,0.0,0.0,0.0,0.00807542,0.161035,0.013381,0.0331992,0.0180295,0.0606976,0.000795422,0.00435864,0.0731684,0.0,0.0133798,0.233936,0.0,0.0,0.0,0.0,0.0,0.207054,0.0,0.0041723,0.0812295,0.491474,5.7857e-05,0.0639675,0.0660153,0.0,0.0680919,0.0,0.0117568,0.00855971,0.0,0.0127492,0.00656815,0.00457365,0.00657891,0.0316576,0.0,0.0,0.0,0.0,0.0,0.0,0.0,0.0,0.0,0.0,0.0,0.0,0.0,0.0,0.0,0.0,0.0,0.0,0.0,0.0,0.0,0.0,0.0,0.0,0.0,0.0,0.0,0.0,0.0,0.0,0.0,0.0,0.0,0.0,0.0,0.0,0.0,0.0,0.0,0.0,0.0,0.0,0.0,0.0,0.0,0.0,0.0,0.0,0.0,0.0,1.28205,0.139843,1.70137,0.744812,0.407576,0.318574,0.0241876,0.0712275,0.0,0.179423,0.211316,0.151992,0.187775,0.0217385,0.982521,0.012226,0.021125,0.0167016,0.0
0.0,0.0,0.0153817,0.068372,0.0,0.0,0.0,0.0,0.0,0.00816754,0.161651,0.0134599,0.0333957,0.0181031,0.060748,0.000796347,0.00436488,0.0732987,0.0,0.0132738,0.234078,0.0,0.0,0.0,0.0,0.0,0.207474,0.0,0.00421098,0.0819559,0.495663,5.81416e-05,0.0641706,0.066075,0.0,0.0682602,0.0,0.0118329,0.00858701,0.0,0.0127654,0.00659737,0.00458172,0.0065875,0.0316758,0.0,0.0,0.0,0.0,0.0,0.0,0.0,0.0,0.0,0.0,0.0,0.0,0.0,0.0,0.0,0.0,0.0,0.0,0.0,0.0,0.0,0.0,0.0,0.0,0.0,0.0,0.0,0.0,0.0,0.0,0.0,0.0,0.0,0.0,0.0,0.0,0.0,0.0,0.0,0.0,0.0,0.0,0.0,0.0,0.0,0.0,0.0,0.0,0.0,0.0,1.28409,0.140345,1.70661,0.749672,0.41076,0.319017,0.0243136,0.071348,0.0,0.180466,0.212247,0.152254,0.189105,0.0217937,0.987551,0.0123823,0.0211721,0.0168419,0.0
