23.1204,11.4468,25.5164,7.08878,0.0,12.9982,13.0099,24.0907,1.75543,26.4106,26.2128,23.3572,24.4226,26.46,26.5173,26.7365,25.5692,23.6635,26.5291,28.8514,25.0755,22.706,27.6404,16.4073,-2.94545,9.11478,20.9033,-12.0275,14.2501,18.2939,25.4093,11.8711,24.4701,22.0824,24.0574,19.8048,18.7904,26.2392,28.0988,26.6834,25.1552,25.8036,26.4446,25.8512,26.792,8.56118,11.1203,21.5867,8.40168,9.1037,5.89603,1.47908,11.4152,9.02237,18.0395,12.437,10.3681,14.6773,7.03477,8.24185,10.3306,19.5808,10.7387,9.25338,15.2278,10.6196,11.9158,13.046,2.10547,9.33809,7.82925,1.61885,4.35793,15.9583,14.8274,8.05437,13.3065,12.1595,-3.55184,11.2789,13.0675,13.8964,9.45296,5.89437,16.9652,8.25462,12.5651,10.8531,19.4823,14.9851,25.2382,23.8786,20.316,21.2088,23.5003,26.8462,28.0059,28.458,26.2169,23.0696,23.1852,23.982,22.0312,25.0531,23.6194,22.0513,23.251,20.6764,20.9345,27.234,20.7522,17.6757,20.7564,6.10576
23.9947,11.5972,25.7445,6.88032,0.0,13.7904,13.442,24.5487,1.64017,26.6762,26.4578,23.5351,24.2652,26.2743,26.9886,26.3634,25.8366,23.8509,26.5305,26.7323,24.4424,21.5823,27.5552,14.9807,-3.36237,9.65113,21.3773,-13.1435,14.1312,18.815,25.3777,11.4655,24.2829,21.9883,25.3955,19.7006,19.1675,26.0193,28.1544,26.8856,25.4612,26.255,26.6704,26.3033,26.9914,8.24245,11.2276,21.1211,8.14637,9.54465,7.28393,3.65459,11.8274,8.9851,16.4261,11.5334,10.596,14.3429,7.70652,8.45754,10.4949,18.8989,10.7102,9.06085,15.6295,10.0193,11.0929,13.6406,4.42172,9.56627,8.21468,3.21165,4.20619,14.7107,12.3827,8.15624,12.3667,10.6097,-2.46826,10.1044,11.3205,12.425,9.58638,5.15126,15.6425,7.42644,11.3511,9.78636,18.8194,13.3496,24.766,22.1083,20.7443,20.0806,22.3739,26.4461,28.0858,28.014,25.6163,23.0326,22.7456,23.4952,22.4661,24.6945,23.97,21.788,22.7805,20.7011,21.6466,26.4911,20.8924,17.5477,20.5874,5.49756
23.7591,11.5838,25.9239,6.99635,0.0,13.5747,13.794,24.3032,2.47823,26.95,26.6043,23.7064,24.6134,26.6442,27.0601,27.0103,25.8269,24.0832,26.9293,28.0756,25.1873,22.3976,27.786,16.0897,-2.97782,9.7999,21.3565,-11.7054,14.1323,18.4752,25.6222,11.4677,24.8256,22.2192,23.9643,20.079,18.6219,26.992,28.3819,27.0055,25.3146,26.1229,26.8491,25.9721,27.1283,8.24127,11.757,20.8114,7.98382,9.66429,6.4986,3.27745,12.212,9.12474,16.4344,11.4621,10.9459,14.4401,7.14384,8.00712,10.9031,18.7543,11.1237,8.84986,16.5087,9.84381,11.4737,14.1014,4.30676,9.93009,8.30199,3.2131,4.31059,14.7269,12.7041,7.62252,12.7529,10.5747,-2.04828,10.0158,11.3163,12.6168,10.3252,5.81547,17.1022,7.32632,11.7762,9.53891,19.9094,12.9247,25.5038,22.1967,21.1616,20.0139,22.4813,26.9503,27.9193,28.2282,26.2506,23.7272,23.9398,23.7864,22.9651,25.0577,24.0763,22.9426,23.8385,22.0424,21.9611,27.2205,22.0323,17.7663,21.2323,5.77793
23.1614,12.7518,25.9629,7.49594,0.0,14.8674,14.7774,24.0504,3.99338,26.9894,26.5889,23.4741,24.7374,26.4396,27.0865,26.6518,25.9519,23.8521,26.766,27.5998,24.9201,22.5157,27.2428,16.1908,-2.94629,10.053,21.3738,-13.0258,14.4423,18.4673,25.4503,11.4499,24.0489,21.5768,24.8302,19.5278,19.2842,26.0662,28.1235,26.7168,24.7791,25.7356,26.2017,25.5622,27.0339,9.00509,11.6864,20.6803,8.75302,9.94267,7.17739,3.18956,12.1513,9.39869,16.9427,12.4568,11.1028,14.7938,7.94591,8.85235,10.831,18.8747,11.1664,9.69165,16.0537,10.8931,12.1233,13.9525,3.82185,9.96972,8.58912,2.65803,3.90976,15.3104,13.4975,8.78958,13.3461,11.4942,-1.14324,10.9875,12.171,13.364,11.3975,6.25167,17.0849,6.85186,11.6748,9.70554,19.4579,13.0029,24.9422,22.5405,20.8717,20.0766,22.4655,26.692,28.3245,28.0707,25.8947,23.4465,23.3583,23.6875,22.288,24.8398,23.6886,21.708,23.3065,21.1211,21.6978,26.8794,21.4427,17.9715,21.3673,6.10485
23.0409,12.0579,25.9373,7.00216,0.0,14.2111,14.2773,23.8138,2.92581,27.5243,26.6314,24.294,24.4295,26.5819,26.9956,27.0042,26.4922,24.4148,26.6638,27.8303,25.1347,22.033,27.86,15.1381,-2.33734,9.78873,21.5945,-12.5658,14.9939,18.8032,25.4867,11.4501,24.5348,22.0841,25.9335,20.0819,19.9146,26.7522,28.7748,26.948,25.3075,26.1789,26.6914,26.1954,27.0476,8.24108,11.2609,20.6804,7.9997,9.14889,6.40537,2.61013,11.9282,9.00542,16.4597,11.5405,10.7579,14.3406,7.15121,8.18927,10.5633,18.5643,10.7336,8.91242,16.519,9.9609,11.254,14.1759,3.18159,9.62744,8.19158,2.18467,4.13978,14.6812,12.8792,8.18295,12.5001,11.0417,-2.00492,11.0848,12.1332,12.4383,10.5987,5.0074,16.5013,8.47972,12.9737,11.1312,19.2884,13.6876,25.4258,22.3179,21.161,20.276,22.7935,26.9469,28.5123,28.4559,26.1873,23.5598,24.217,23.7246,21.8639,24.8454,23.3029,22.3113,23.8977,20.6112,20.6524,27.4801,20.819,17.4633,20.9081,5.84423
23.3153,12.0198,25.5767,7.23295,0.0,13.4389,13.9092,24.6373,2.31447,27.307,26.7338,24.4316,25.3659,26.7508,27.1187,27.0777,26.7604,24.5295,26.9431,28.6799,25.4055,22.2853,28.2071,15.8939,-2.94257,10.1614,21.7568,-12.6433,14.9107,18.681,25.9555,11.7135,24.8091,22.2109,24.6444,20.1207,20.3167,26.7563,28.5464,27.0127,25.0947,26.0494,26.8023,25.7743,27.1595,9.37994,12.374,21.2577,9.12422,9.6201,7.08222,3.03027,13.1801,10.051,17.1579,12.5951,11.0419,15.5227,7.80897,8.81301,11.7091,19.4193,11.6374,9.92173,17.2617,11.0999,12.3229,15.231,3.79133,10.1592,9.5091,2.66433,4.28512,15.6421,13.4692,8.76865,13.6214,11.5957,-3.14289,11.1506,12.2672,13.4183,8.7137,5.12377,15.8828,7.26575,11.5653,10.0106,19.085,13.7347,25.3878,22.8954,21.54,20.5313,22.8711,26.7012,27.9953,27.9992,26.1669,23.3659,24.3157,23.8316,21.4067,25.0163,22.9189,22.4433,23.7852,20.6982,20.4473,27.4966,21.7384,17.9677,21.4418,5.84358
23.6164,11.2471,26.0131,7.24909,0.0,14.2761,14.3448,24.7985,3.59034,26.9822,26.5675,23.6586,24.7971,26.623,27.3229,26.4407,26.2839,23.9384,27.0671,27.0391,25.1722,21.9945,27.6407,15.3528,-3.0665,9.43105,21.2753,-12.5557,14.3089,18.2575,25.5935,11.4335,24.5194,21.6378,23.7344,19.6985,19.3357,26.3589,28.1033,26.6394,24.4215,25.7242,26.55,25.3733,26.7707,8.18633,11.0936,21.1399,7.92253,9.02796,6.54749,2.45065,11.736,8.89224,16.7033,11.3061,10.442,14.4145,7.18921,8.02845,10.431,18.6863,10.5323,8.71854,16.0017,9.62282,11.1072,14.1477,2.8807,9.18354,8.1713,1.69647,3.69791,14.9815,13.1215,7.95924,12.4484,11.1161,-2.25762,11.3258,12.3413,12.6866,11.0146,5.0326,16.5021,8.39086,12.5866,11.1348,19.6954,14.2019,25.3599,22.7431,21.6418,20.5901,22.9651,26.3786,28.3513,28.1609,25.9663,23.3465,23.2329,24.1739,22.4666,25.2872,24.0414,22.7074,22.8931,21.3254,21.9681,27.0951,22.0951,17.8037,21.1115,5.59449
23.1458,12.4453,25.9989,7.51847,0.0,14.3042,14.2831,24.1565,3.60343,26.375,26.4133,22.1196,23.9162,26.1959,27.1449,26.3998,24.8753,22.8608,26.7107,26.8758,25.1798,22.9384,27.7622,16.6958,-1.23702,10.1594,21.2338,-12.3071,14.7263,18.0707,25.0398,11.6003,23.9529,21.4516,24.2047,19.1178,19.7758,25.9517,27.945,26.1859,24.4777,25.1608,25.9932,24.9854,26.623,9.35681,12.4968,21.2933,9.23099,9.94835,6.04899,2.19675,12.9268,10.2265,17.2871,12.3037,11.0238,15.3525,6.95352,8.32409,12.068,19.5795,11.7488,9.62773,15.8125,10.8619,12.1761,13.8727,3.49684,10.1739,9.60107,2.22954,4.49273,15.7794,13.2858,7.89595,13.3839,11.2608,-2.43393,10.261,11.8029,13.3362,10.9026,6.75303,17.2726,7.58108,12.3171,10.0962,19.989,13.8643,25.1645,23.0326,20.7699,20.8717,23.0114,26.0997,27.9418,27.8738,25.5416,23.2197,22.9671,23.6455,22.0055,24.8395,23.4407,21.4026,23.1129,21.152,21.4436,26.7311,21.6418,17.7936,21.3874,5.74858
22.7413,11.872,25.7495,7.40108,0.0,14.6396,14.0838,24.389,2.31821,27.2472,26.6444,23.5592,24.1104,26.851,27.1495,27.397,26.1083,23.8624,26.9889,27.1908,24.6033,21.9139,27.9487,15.8069,-2.77444,10.0512,21.4415,-12.5849,14.7421,18.0361,25.2845,11.9453,24.5641,21.9804,23.9703,19.6947,19.2039,26.6117,28.2972,26.6615,25.7884,25.9852,26.5201,26.2615,26.8909,8.26643,12.0097,20.582,8.28257,10.1022,7.51033,4.53155,12.5031,9.517,16.0448,11.3268,11.5905,14.4247,7.9158,8.62136,11.0502,18.917,11.4789,9.16743,16.4749,9.85929,11.0694,13.7852,4.94186,10.4569,8.52063,3.66251,4.16245,14.5063,11.6086,8.02451,12.3634,9.95647,-1.97757,9.88468,10.4271,12.1541,10.291,5.75546,16.6418,6.50342,10.922,9.23419,18.9356,12.6403,24.6282,22.3145,20.6761,19.7929,22.4439,26.6924,27.9925,28.0591,25.9152,23.4872,22.9857,23.6879,22.9418,25.0781,23.5952,22.5947,23.2646,21.4807,20.7229,26.8352,21.1187,17.3459,21.2048,6.41257
22.938,12.3517,25.9102,7.02333,0.0,14.1598,13.9564,24.0198,2.31732,27.0486,26.7314,23.493,24.2098,26.7563,27.0143,27.2634,26.004,23.8702,26.7908,27.8736,25.0011,21.7919,27.9867,15.4495,-3.27693,10.0856,21.5937,-11.8353,14.4943,19.0006,25.727,11.4856,24.8396,22.1678,24.8167,20.1778,19.6793,26.9689,28.6822,26.9882,25.6699,26.2943,26.8425,26.4163,27.1383,7.64997,10.8892,20.9461,7.86465,9.35321,6.66896,3.55224,11.2703,8.74129,16.5171,11.1842,10.792,13.6865,7.26114,8.2962,10.0818,18.6366,10.5829,8.87144,16.145,9.73557,10.4457,13.2016,4.35116,9.63967,7.46434,3.2935,4.46055,14.6416,12.2709,7.65643,11.7823,10.2343,-2.07849,9.76167,10.9909,12.1715,9.78985,5.28893,15.6946,7.24602,11.3867,9.43225,19.1291,13.055,25.1617,22.7144,20.9286,20.0053,22.6365,26.9192,28.4573,28.4602,26.0349,23.3192,23.3472,23.9847,22.6402,25.2459,23.6713,22.4026,23.3152,21.274,21.3291,27.1662,20.9587,17.4365,20.9047,5.92917
23.5957,12.3306,25.7754,7.83329,0.0,14.5255,14.5441,24.9514,3.64708,27.2422,26.6616,24.1604,24.891,26.6489,27.2233,26.6732,26.3518,24.5181,26.9247,27.4328,25.031,22.2539,28.5332,15.5076,-2.76287,9.71208,21.3483,-12.2897,14.4199,18.6179,25.7489,11.75,24.9878,22.3596,23.8528,20.3322,18.9774,26.9708,28.5455,27.2031,25.7352,26.4833,27.0141,26.4577,27.2887,7.97563,11.1589,20.93,7.94927,9.74296,6.45929,3.14992,11.5975,8.96758,16.3055,11.3426,10.6435,13.9483,7.10626,8.07817,10.3332,18.3511,10.815,8.86487,16.331,9.8143,10.9328,14.0394,4.19422,9.76406,7.71066,3.34405,4.30716,14.524,12.4754,7.86868,12.1338,10.5883,-2.73486,10.323,11.4514,12.2238,9.22779,5.55531,15.9912,6.51488,11.1345,9.44183,19.1754,12.8832,25.225,22.588,21.3982,19.5935,22.4833,26.9894,28.2799,28.321,26.1724,23.638,23.882,23.7712,21.5916,25.2432,23.2789,22.4123,23.9238,21.5089,21.6815,27.3725,22.1968,17.536,21.37,5.62484
24.1259,11.9125,25.8254,7.65036,0.0,13.8218,13.7948,24.3826,3.25893,26.8749,26.6328,23.7445,24.5732,26.7427,26.8713,27.2535,26.0054,24.1337,26.9091,27.7009,25.5983,22.5928,28.3797,16.3103,-2.88122,10.0938,21.7012,-12.5811,14.8299,19.0876,26.1012,11.9648,25.0414,22.2955,25.08,20.0806,20.2273,27.1866,28.7638,27.1636,25.7761,26.6231,26.9226,26.7645,27.2995,9.04759,11.4462,20.8378,8.47681,9.49004,6.14111,2.97469,12.3692,9.2496,17.0546,12.4506,10.8508,15.1837,6.85182,7.89959,10.7077,19.3644,10.962,8.98678,16.9149,10.7593,12.2539,14.7374,3.7122,9.75184,8.83913,2.54371,4.38187,15.3257,13.4974,7.43568,13.4494,11.2545,-1.9885,10.1574,11.6835,13.3988,11.5455,7.0125,17.5791,7.48479,12.2199,10.021,19.7038,13.5826,25.2512,22.484,22.1268,21.3534,23.2169,26.7647,28.5086,28.4934,26.0914,23.7545,24.2318,24.2145,21.8006,25.2728,23.4802,22.1258,23.8617,20.9577,21.7219,27.3465,21.5809,17.6693,20.867,5.93839
23.5393,12.0838,25.9725,7.35862,0.0,13.6058,13.5747,24.7881,2.11034,27.197,26.8148,24.4056,25.1593,26.8363,27.059,26.8328,26.4229,24.5618,27.0869,28.0644,25.2911,22.774,28.2197,16.5236,-1.65952,10.0343,21.5477,-11.9812,14.627,19.249,26.2636,11.9736,25.0019,22.3114,24.8777,20.2745,19.3157,27.6177,29.0513,27.0387,25.1366,26.074,26.7665,25.797,27.3676,9.31306,11.5603,21.3858,8.4401,8.45821,4.76161,1.58549,12.5021,9.1298,17.6276,12.5363,10.3013,15.2575,5.47739,6.59933,10.8954,19.2482,10.911,8.56569,15.9598,10.6888,12.5405,14.6417,2.38656,9.43616,8.96018,1.6928,3.83518,15.5062,14.4487,7.04346,13.684,12.0875,-3.27316,10.6589,12.8549,13.609,9.42037,5.95388,17.0544,8.21178,12.9531,10.5567,20.268,14.2365,25.6235,22.8303,22.0103,21.1372,23.2388,26.9826,28.9345,28.6898,26.2126,23.9976,23.8302,23.8726,22.6218,25.0855,24.0959,22.185,23.4494,21.8685,21.8264,27.1383,22.9303,18.2935,21.874,6.01746
23.8449,12.9665,25.9972,7.15912,0.0,13.517,13.7325,24.2564,2.65815,27.0904,26.6285,24.1732,25.0509,26.4871,27.1185,26.6192,26.416,24.1921,26.7565,27.8926,25.1444,22.4366,28.2457,15.9868,-2.60159,9.81472,21.613,-12.7859,14.0698,18.7579,26.0218,11.3984,24.7705,22.0754,24.5549,19.959,18.3152,27.1153,28.7987,27.1171,25.279,26.46,26.6763,26.3311,27.2493,8.72178,11.2855,21.1857,8.76661,9.79716,7.47605,3.22593,11.4065,9.24602,16.8199,12.7131,10.3482,14.4238,8.13684,9.19035,10.4441,18.751,10.9389,9.88606,15.665,11.0745,11.8355,13.3635,3.81244,9.36266,7.81139,2.58346,3.93456,15.2906,13.4567,8.92127,13.1567,11.8995,-2.17189,11.3268,12.4649,13.4269,10.2525,5.71481,16.7307,7.36358,12.0256,9.86311,19.6876,13.445,25.2101,22.3497,21.4308,20.147,22.5009,26.7921,28.5484,28.4154,25.85,23.3187,23.6177,23.8675,21.9597,24.8471,23.6884,22.2793,23.2196,21.2839,21.9589,27.0114,22.1807,18.2815,21.2838,5.60196
22.9869,12.4944,25.861,7.26668,0.0,14.0057,13.4554,24.2638,2.31461,26.7706,26.5486,23.2024,24.5108,26.6106,27.0538,26.9543,25.6902,23.6496,26.6401,28.0994,25.1307,22.3632,27.8656,15.7772,-3.13352,9.38678,21.5945,-11.746,14.8999,18.9774,25.7146,11.9505,24.5922,22.0826,24.9413,20.0499,19.5948,26.9194,28.7831,27.0326,25.4884,26.072,26.6471,26.0499,27.2609,9.06353,11.3351,21.3624,9.10768,9.42613,6.61771,2.53491,11.5299,9.5808,17.24,12.838,9.9897,14.8377,7.59411,8.95996,10.7736,19.2657,10.9456,9.96683,15.061,11.1982,12.0385,13.0668,3.19878,9.24565,8.39735,2.32073,4.49133,15.5223,13.8074,9.03321,13.3459,12.1055,-2.19747,11.7127,12.9545,13.6201,10.4623,5.76533,16.5487,8.28828,12.5051,10.782,19.6682,14.3096,25.4173,23.0423,20.9396,20.9914,23.2535,26.9161,28.2005,28.4791,26.0582,23.5114,23.6431,23.8427,22.9317,24.7954,23.9755,22.1895,23.7263,21.7877,21.752,27.0836,20.4989,17.2442,20.7417,5.85712
23.2921,12.4825,25.8221,7.56454,0.0,14.2478,13.9249,24.1982,2.80493,27.0218,26.508,23.688,24.7939,26.4586,26.9355,26.9386,25.9599,24.1299,26.5117,27.649,24.856,22.124,27.8928,15.8455,-2.56701,10.2636,22.0124,-12.593,14.2808,17.8725,25.3556,11.6837,24.9177,22.051,23.8535,20.2528,19.4753,27.0122,28.7751,26.8834,25.569,26.0369,26.8025,26.1533,26.985,8.68766,12.1983,21.3371,9.0455,10.3537,8.70442,4.84547,12.0093,9.93043,16.9732,12.3198,10.8568,14.4581,9.25453,10.0816,11.3825,18.9257,11.8297,10.3457,15.8005,10.9342,11.6052,13.4154,5.30402,10.235,8.21885,3.86829,4.3908,15.085,13.1393,9.57102,12.8845,11.4256,-1.60574,11.6526,12.4223,12.916,10.8227,5.80157,16.8463,7.4716,12.1538,10.1828,19.5656,14.0021,25.4709,23.4799,20.6484,19.9723,22.8643,26.802,28.1995,28.3606,26.2864,23.5362,23.6846,23.8805,22.5258,25.2088,23.6892,22.7134,24.2808,21.5352,21.34,27.629,20.932,17.6364,21.2168,5.48515
23.5763,12.3025,25.9024,7.6607,0.0,15.1249,14.9542,24.6909,3.48314,27.396,26.7864,24.3191,24.7289,26.9046,27.4384,26.8027,26.5644,24.6767,27.1736,26.9576,24.9774,22.6214,28.4828,16.1617,-2.77992,9.87978,21.4293,-12.2467,15.167,18.9353,25.9071,12.1828,24.7999,22.3763,24.612,20.2695,20.4479,26.9616,29.0631,27.1005,25.7301,26.4989,26.8737,26.517,27.3321,9.45918,12.3462,21.1487,9.52813,11.0207,7.85456,3.99154,12.4252,10.4319,17.494,13.0112,10.7688,15.3134,8.69837,9.84003,11.6089,19.5408,12.0909,10.5499,15.7849,11.3561,12.4756,13.9608,4.71043,10.2727,9.02427,3.69813,4.38565,15.8562,14.0627,9.61635,13.8207,12.0234,-1.70278,11.8545,12.7775,14.0261,11.2785,6.1141,17.2732,6.79607,11.646,9.56066,19.8128,13.5163,25.5255,22.7214,21.0351,21.2518,23.6548,27.3725,28.6072,28.8559,26.4813,23.7614,24.3904,23.8945,23.085,25.0095,24.1426,22.7438,23.6938,21.7918,21.9504,27.6529,21.1011,17.6062,21.0808,5.68119
23.7345,11.9668,25.7147,7.58254,0.0,13.881,13.4366,24.684,2.40496,27.1722,26.5991,24.3888,24.3244,26.9111,27.161,27.3484,26.2341,24.7613,27.0424,27.571,24.9761,21.9469,27.9223,15.1461,-0.662537,10.4191,21.9459,-11.016,14.5711,18.7616,26.0161,11.4939,24.8049,22.3229,25.2631,20.3294,20.1401,27.005,29.2941,26.9294,25.5327,26.0124,26.9183,25.9348,27.0099,8.49435,10.8096,21.4336,8.27798,9.10094,6.83961,3.87426,11.235,8.85007,17.0714,12.1768,9.99708,14.4378,7.45124,8.55228,10.3374,19.1037,10.3915,9.31478,15.1399,10.5271,11.5612,12.9386,4.26107,8.99011,7.99263,3.29784,4.34375,15.1044,13.6675,8.57308,12.8269,11.6417,-2.31524,11.2502,12.4711,13.1946,9.62134,5.1608,15.4159,7.38861,11.5355,10.1484,18.8517,13.86,25.3103,23.548,20.5928,20.7743,23.4449,26.8557,28.3389,28.465,26.3406,23.5971,23.8147,24.2529,22.0921,25.4076,23.7301,22.1502,23.506,21.3694,21.7716,27.4125,21.8895,18.2816,21.6485,6.44231
23.6383,12.6077,26.1715,7.4127,0.0,14.8257,14.1792,24.3498,3.00448,27.1005,26.8331,24.2212,24.8948,26.7606,27.2487,27.1162,26.417,24.488,26.9592,27.1979,24.595,21.8618,27.9668,15.119,-2.33227,10.1041,21.8553,-11.3939,14.6355,19.3152,25.8063,11.5305,24.7401,22.1386,24.8067,20.0935,19.7457,27.1314,28.7697,26.995,25.5501,26.2542,26.8596,26.2972,27.1521,8.6809,10.7892,21.4041,8.40145,8.92168,7.51087,4.12102,11.2237,9.07855,17.344,12.3033,9.4845,14.7549,8.03363,8.84447,10.3754,19.1844,10.3494,9.43783,14.8952,10.5657,11.8414,12.8778,3.82728,8.60075,8.24661,2.76986,3.88363,15.5042,13.8506,8.91758,13.1692,11.9896,-1.92286,11.6687,13.0916,13.4039,10.6721,5.46648,16.4354,8.19751,12.4163,10.9519,19.4729,14.4107,25.6987,23.0628,20.2481,20.4761,22.7966,26.7949,28.3951,28.3016,26.1895,23.7456,23.9942,23.9546,22.3637,25.3738,23.7118,22.0904,23.4811,21.6461,22.1491,27.3024,22.4326,18.2649,21.7012,5.71251
23.4179,12.2602,26.2968,7.97941,0.0,14.3377,14.5633,24.403,3.66612,26.8841,26.8876,23.7964,24.222,26.5955,27.2281,26.878,25.928,24.1247,26.8693,27.002,25.3248,23.1548,27.8333,16.575,-2.33518,11.1684,21.9924,-12.0285,15.3941,19.4193,26.0291,12.1618,24.7441,22.1441,25.8467,20.1388,20.2754,27.2292,28.8302,27.0575,25.4119,26.1514,26.9305,26.0297,27.2679,8.93248,11.8617,21.0041,8.4271,9.48999,6.58037,3.50308,12.6598,9.32497,17.5993,12.3111,11.0198,15.4356,7.09358,7.95101,11.1025,19.2881,11.0603,9.00866,16.7568,10.5596,12.0752,14.9079,4.14659,9.93791,9.14298,2.97422,3.1654,15.8006,13.8395,7.6156,13.4161,11.6787,-1.62399,10.4546,12.3603,13.5558,11.5372,7.22655,17.116,6.45689,11.4227,9.16039,19.4895,13.1246,25.2412,22.2076,21.4151,20.5258,22.4586,26.6452,28.5752,27.9974,26.0507,23.9185,24.0686,23.5806,22.5293,24.9047,23.8222,22.2937,24.0063,21.2418,21.6351,27.0926,21.4556,18.2288,20.9664,6.61127
23.9519,12.3622,26.13,7.7689,0.0,14.63,14.6339,25.2813,2.92524,27.4046,27.0084,24.4266,24.8282,27.2801,27.6246,27.4366,26.4999,24.7885,27.4084,27.3594,25.5479,21.9669,28.4607,15.1385,-2.05579,10.0117,21.5838,-12.082,15.3892,19.4259,26.392,12.0376,25.1718,22.572,26.598,20.4865,20.4008,27.5603,29.0956,27.4944,25.856,26.6926,27.2034,26.7034,27.5086,9.17649,11.949,21.3685,9.13839,10.2778,7.62165,4.05478,12.2619,9.79364,17.322,12.795,10.9158,14.9113,8.30675,9.38757,11.0371,19.1028,11.5415,10.0294,16.2512,11.1826,12.2797,14.1066,4.72728,10.2451,8.57091,3.69162,4.09916,15.4694,13.6929,9.29114,13.5065,12.0455,-1.79002,11.7706,12.8672,13.5102,10.5053,5.34768,16.3949,6.83123,11.8475,10.0888,18.5555,13.504,25.3219,22.9159,21.2673,20.8207,23.127,26.8715,28.5118,28.7848,26.351,23.7378,23.9423,23.9332,23.0136,24.9766,24.2078,22.9821,23.6772,21.5196,21.6105,27.4884,21.9527,18.2083,21.5361,5.60846
23.3831,12.3868,26.496,7.95735,0.0,14.2796,13.9061,24.5933,3.20469,27.5702,26.9123,24.345,25.3018,27.0712,27.2545,27.2529,26.6047,24.7927,27.0888,28.306,25.2763,23.1578,28.4394,16.7017,-2.21605,10.5891,22.2276,-11.8283,14.806,19.6675,26.2037,11.7447,25.1372,22.3743,26.1324,20.4191,20.3011,27.5683,28.9294,27.2952,26.317,26.8917,27.1141,27.0941,27.4998,9.1211,10.9865,21.7539,8.89867,9.05534,7.32702,3.45648,11.9848,9.04878,18.2226,13.1755,10.8778,15.0891,8.06376,8.93965,10.3637,19.3579,10.4295,9.75546,16.6111,11.3581,12.4617,14.3621,3.7872,9.55048,8.47207,2.55784,3.75303,16.2357,15.1485,8.97377,13.8184,12.8672,-0.920775,12.1384,13.8934,14.4073,10.9069,6.99559,17.3317,8.8795,13.3333,11.3781,20.152,15.0214,25.7623,23.6422,21.5494,20.7554,23.31,27.1895,28.5063,28.7933,26.6161,24.1339,24.1371,24.138,23.5881,24.964,24.6184,22.8848,24.1086,22.5279,22.8744,27.6485,22.6416,18.2075,21.7871,6.17065
24.0044,12.615,26.3244,7.89415,0.0,14.2154,13.8613,24.6189,3.60673,27.2223,26.8197,24.2538,25.407,26.6984,27.2311,26.7719,26.3825,24.4818,26.7805,29.4986,25.9305,22.9624,28.5158,16.6095,-1.44652,9.78399,21.4183,-11.4261,14.6868,19.2711,25.9283,12.0735,25.116,22.5098,24.2476,20.3858,19.3437,27.4932,29.0563,27.4666,25.5014,26.788,27.0806,26.5944,27.6802,8.77501,11.2774,21.6532,8.45463,9.60337,7.62836,3.67085,11.9917,9.10718,17.5633,12.3783,10.7887,14.8784,8.2594,9.04021,10.5067,19.5179,10.7986,9.32666,16.4482,10.6827,11.833,14.2833,3.91247,9.64212,8.31194,2.88844,4.26852,15.731,13.9623,9.0165,13.1537,11.7104,-1.29553,11.4834,12.4829,13.4534,12.704,7.48384,18.1655,9.40574,13.8903,11.6237,20.2422,14.7613,25.8727,23.6115,22.1682,20.9326,23.5517,26.6269,28.753,28.669,26.1888,23.641,23.6238,23.9393,21.7981,25.4134,23.6075,22.2354,23.7165,20.9229,21.8575,27.2916,22.0865,18.3827,21.4545,5.52681
23.9099,12.0297,26.3294,7.38635,0.0,14.635,14.3993,24.7529,3.12821,27.9085,27.0267,24.5589,25.4364,27.1472,27.5028,27.1607,27.1329,24.8172,27.1934,28.4931,25.0019,22.5774,28.2433,15.9902,-2.34213,10.5642,22.1242,-11.3111,15.5072,19.4657,26.31,12.2349,25.0654,22.4397,25.2554,20.3257,20.5955,27.5733,29.4633,27.6048,26.0698,26.9884,27.1011,26.9964,27.371,8.40377,11.7102,21.3832,7.96115,9.25442,6.01887,2.90959,12.6434,9.21822,16.8937,11.5305,11.1756,14.9335,6.60138,7.55464,11.0674,19.2367,11.0063,8.56436,17.49,9.86815,11.4769,15.0286,3.63217,10.071,8.83313,2.91489,4.8485,15.2468,12.9352,7.18889,12.8234,10.662,-1.57997,9.68986,11.1559,12.8977,11.0066,6.41844,17.2307,8.22773,12.7612,10.6336,19.7421,13.6258,25.7287,23.0803,22.7709,21.0207,23.5228,27.4452,29.3743,29.2442,26.6471,24.098,24.3267,24.2111,21.9268,25.5399,23.6353,22.7263,24.1983,21.3216,21.788,27.7219,22.5955,18.9362,21.8189,6.36771
23.6946,12.4841,26.2081,7.90082,0.0,14.0129,14.0563,24.6521,3.33741,28.0546,27.0669,25.3461,25.0323,27.1666,27.3979,27.6795,27.0359,25.403,27.0777,28.286,25.1045,22.655,28.2168,16.192,-2.26013,10.0488,22.0307,-11.5171,14.7182,19.3416,26.1746,11.7121,24.8971,22.3506,24.8377,20.5781,19.723,27.3293,29.5622,26.9803,25.2269,26.2555,26.8895,25.951,27.6691,7.94695,10.9017,21.2986,7.51753,8.88982,6.69516,3.75544,11.5931,8.56611,16.8744,11.3396,10.6018,14.3482,7.33506,8.06895,10.2699,19.136,10.2568,8.32532,16.1345,9.59828,10.9274,13.9087,3.79173,9.23212,7.88628,2.87754,4.21261,15.0,12.9136,7.6926,12.2698,10.5917,-1.22008,9.94312,11.0945,12.6406,11.5366,6.80149,17.2361,7.82259,12.2407,10.0092,19.7573,13.9352,25.7227,23.8547,21.3791,21.1715,23.7688,27.1762,29.0218,29.0304,26.689,23.9856,23.9414,24.3254,22.4471,25.2299,24.105,22.3168,23.7712,21.528,22.5995,27.8164,21.9608,18.1143,21.6641,5.95883
23.9181,12.6327,26.5548,8.12242,0.0,14.5322,14.7363,24.4953,3.69452,27.7073,27.2012,24.655,25.49,27.3809,27.5052,27.4638,26.9379,24.7975,27.2346,28.0772,25.3747,22.5578,28.3233,16.4173,-1.75468,10.2769,22.5689,-11.2862,15.3782,19.9571,26.0717,12.0162,25.0496,22.3444,26.1202,20.501,21.0275,27.1946,28.8426,27.1582,25.6402,26.2738,27.0146,26.2558,27.4617,7.02359,10.7098,21.0015,6.8551,8.78746,6.23617,2.92588,11.1962,7.97433,16.4323,10.5632,11.4483,13.6921,6.90479,7.70173,9.63599,18.6921,10.2488,8.11623,16.2946,8.9625,10.0375,13.9753,3.13071,9.89213,7.03915,2.60082,4.15072,14.297,12.5767,7.42799,11.4578,10.2407,-2.46958,10.3847,11.4086,11.8505,11.3084,6.69057,17.7989,9.62013,14.0274,11.6767,20.7109,14.1851,26.0884,23.4085,21.577,20.3069,23.0048,27.1847,29.0191,28.6759,26.8423,24.4366,24.4405,24.067,22.9753,25.2094,24.2801,23.026,24.6706,22.2973,22.6021,28.1599,22.1005,18.184,21.7923,5.41329
23.188,11.9017,26.1957,8.23608,0.0,14.5859,14.6139,24.6826,3.47109,27.2316,26.9917,24.1256,25.0477,27.1356,27.0978,27.4663,26.437,24.4731,26.702,27.6117,25.2202,23.108,28.2438,17.2374,-2.767,10.5029,22.2908,-11.8168,15.6779,19.6118,26.0994,12.3333,25.4903,22.7454,26.3443,20.8451,20.6593,27.4225,28.9439,27.578,26.3136,27.0353,27.2348,27.087,27.712,8.96361,11.501,21.1927,8.65695,9.19157,6.63694,2.96611,12.239,9.25663,17.4752,12.3792,10.5882,15.0342,7.41368,8.52898,10.784,19.086,10.8547,9.56532,16.8227,10.8235,11.9724,14.7401,3.49933,9.40401,8.69743,2.27481,3.99143,15.5953,13.9354,8.42928,13.2213,11.7702,-1.79704,11.2467,12.5752,13.3863,12.3917,7.87718,18.7983,9.37742,13.7569,11.3608,20.9953,14.6394,26.0523,23.536,22.407,20.8883,23.3714,27.2939,28.8856,28.9182,26.6985,24.2328,24.5402,24.7572,22.7832,25.4863,24.0139,23.0289,24.7837,21.7641,21.8357,27.9496,22.8928,18.3472,22.2014,6.19154
24.2354,12.2991,26.3234,8.0081,0.0,14.721,15.0516,24.8388,3.8076,27.8133,26.9838,24.7867,25.2906,26.9184,27.3915,26.944,26.8853,25.059,27.1167,27.8659,24.9206,22.0637,28.3723,15.3384,-2.17846,10.5479,22.1865,-12.4045,15.7883,19.3117,26.1287,12.3286,25.3109,22.7783,25.5223,20.6992,20.4149,27.0651,29.1483,27.4845,25.87,26.6927,27.404,26.6744,27.6131,10.6039,13.0406,21.5537,10.8981,10.9882,9.16703,4.96812,13.4359,11.3561,17.9771,14.0212,10.5941,15.9566,9.9549,11.1893,12.652,19.4479,12.4778,11.9175,17.0535,12.6974,13.3496,15.188,5.43913,9.96686,10.0784,3.97137,3.79158,16.6535,14.5633,11.3068,14.5552,13.302,-0.845781,13.5017,14.2393,14.5341,11.4874,5.40413,16.3457,8.30218,12.0583,11.2921,19.6779,14.6004,25.8682,22.9916,22.0484,20.3817,22.8674,26.8398,28.8807,28.4172,26.3307,24.3403,24.3605,24.2563,22.6629,25.2465,23.943,22.541,24.381,21.653,22.16,27.5086,22.3211,18.2913,21.7018,6.08878
24.0042,13.0286,26.1409,8.04799,0.0,15.4333,14.9022,24.8929,3.7654,27.8737,26.8558,24.9778,24.9472,27.1057,27.4146,27.7625,26.8405,25.4223,27.1406,27.1399,24.7619,23.0301,27.9509,16.8983,-1.37872,11.0329,22.044,-12.2717,14.8843,20.139,26.167,11.6971,24.984,22.229,25.8418,20.6333,19.5962,26.9993,29.1817,27.2881,25.3196,26.3853,26.9858,25.9951,27.2663,9.74237,13.1653,21.3225,9.65803,11.0684,9.41208,5.61631,13.5349,10.7358,18.0929,13.1285,11.7839,15.7943,9.74965,10.2985,12.3875,19.8193,12.5639,10.5788,17.4777,11.5075,12.657,15.4593,5.82836,10.9987,9.82683,4.46897,4.04293,16.3406,14.9033,9.73874,14.0332,12.6549,-1.48218,11.9591,13.6663,14.3819,11.7238,7.22228,18.1456,8.65113,12.9164,10.8558,20.3594,14.7301,25.9335,23.1139,22.4344,21.962,24.1049,27.0117,28.8814,28.9719,26.3184,23.9859,24.0041,24.7338,22.7412,25.2624,24.2353,22.8731,24.1838,21.4512,22.0093,27.3065,21.3159,17.9722,21.4743,5.88954
24.1821,12.2307,26.4272,8.10711,0.0,15.2234,14.8414,24.6833,4.06812,27.353,26.9864,24.0809,25.0442,26.8939,27.5378,27.0071,26.3583,24.5338,27.3613,27.8138,25.4891,23.2322,28.4884,16.8059,-2.21239,10.6909,22.3213,-12.7755,14.9176,19.1022,25.7831,11.5877,24.4679,22.0189,25.0829,20.1055,20.1291,26.5622,28.5573,26.9574,25.4947,25.948,26.5985,25.9349,27.3222,10.1423,13.1958,21.4422,9.8295,10.2123,7.26152,3.22407,13.8917,10.6652,17.6556,13.4807,11.126,16.159,8.11345,9.36545,12.6018,19.543,12.3162,10.384,17.7322,11.7995,13.0839,15.9793,4.09407,10.4637,10.2728,3.06511,3.7868,16.313,14.3269,9.45545,14.3775,12.7585,-1.77022,12.2442,13.5681,14.3931,11.5325,6.6145,17.7408,8.63575,12.9144,10.8935,20.3714,14.4603,25.6619,22.8772,22.5167,20.6133,23.0144,26.7496,28.4744,28.4159,26.1164,24.0171,23.6074,23.9495,23.5361,25.0014,24.5891,22.4853,23.8221,22.2861,23.1105,27.1774,23.3174,18.7497,21.9131,6.36798
23.3649,12.9281,26.1347,8.05816,0.0,14.3718,14.2249,23.9659,3.8785,26.9679,26.6541,23.5174,24.6848,26.5797,27.181,26.6433,26.1416,23.873,26.8027,26.8456,25.02,23.455,28.1674,17.3606,-2.26694,10.3102,21.9453,-11.1592,14.9721,18.6996,25.5856,11.9702,25.1039,22.6906,24.5001,20.4024,19.8241,27.0005,28.4573,27.2147,25.5309,26.2975,27.0356,26.1083,27.5814,9.22928,12.6495,21.0992,9.18111,10.4243,7.46311,3.61664,12.7706,10.1853,17.0326,12.5765,11.7495,15.0894,8.24205,9.08229,11.7833,19.6044,12.1414,9.9637,16.9076,11.0611,12.1813,14.5825,4.12222,10.9578,8.92449,3.32254,4.43989,15.2495,13.1999,8.55096,13.4101,11.5706,-0.793795,11.0221,12.3651,13.1758,12.6346,8.0599,18.5447,7.85366,12.5082,10.1926,20.7541,13.3763,25.754,22.6261,21.6932,21.0143,23.103,26.7138,28.7016,28.6129,26.3284,23.771,23.6799,24.3793,22.6044,25.4205,23.865,22.4188,23.6184,21.7622,22.0797,27.382,21.8007,18.1391,21.3751,6.02739
23.1536,12.8147,25.8307,7.86971,0.0,14.7728,14.3641,24.9054,3.11223,27.6068,26.8478,24.477,25.0719,26.7559,27.3093,27.0161,26.547,24.9147,27.0501,27.4608,25.8434,22.8396,28.3807,16.2623,-1.74571,10.8002,21.8285,-11.5288,15.1674,19.5136,26.4172,12.0221,25.1185,22.6271,25.4186,20.6854,20.3025,27.5617,29.5166,27.2894,25.3299,26.211,27.1029,25.992,27.3269,10.0273,11.9971,21.7874,9.99294,10.0826,8.28787,4.20176,12.3509,10.0815,18.5108,13.9569,10.6208,15.7041,8.99873,10.0676,11.1919,20.02,11.4981,11.0198,15.9826,12.329,13.2924,14.1956,4.12713,9.82807,8.94306,2.93976,3.73722,16.7719,15.0925,10.3359,14.5247,13.2502,-0.815839,13.2376,14.29,14.8804,11.5673,6.09628,17.1964,8.91282,13.1919,11.633,20.1515,14.9895,25.9644,23.4363,21.3961,21.7521,23.8088,27.5424,28.7365,28.9624,26.8066,24.2038,24.5111,24.3346,22.5293,25.2303,23.9765,23.0297,24.2204,22.1255,22.2351,27.9083,23.0831,18.7006,21.9063,5.97249
24.1713,12.9605,26.3749,7.77058,0.0,14.5335,13.9304,25.1258,2.47835,27.5621,26.9556,24.3135,25.17,26.7834,27.5567,27.1004,26.5758,24.6569,27.1881,27.2225,25.3895,22.4841,28.4792,16.0898,-1.66578,11.107,21.8968,-11.6948,14.5055,19.1482,26.1973,11.6014,24.6298,22.2915,24.8381,20.3052,19.2174,26.8596,29.2591,27.1326,25.0718,26.1281,26.8855,25.8242,27.3778,9.16753,12.1021,21.283,8.91997,9.64252,7.10347,3.60732,12.7739,9.83276,17.3207,12.4707,10.8562,15.5337,7.63164,8.48621,11.4697,19.8843,11.3938,9.58534,16.8191,10.7785,12.4258,14.7586,3.92289,9.99639,9.14132,2.9138,4.45674,15.7552,13.4089,8.24741,13.7691,11.4904,-2.04599,10.5966,12.1003,13.7403,10.9986,6.52311,16.9825,8.36688,12.5722,10.5593,19.8621,14.0384,25.9272,23.5783,22.1377,21.3405,23.7925,27.1701,28.6371,28.854,26.6931,24.1569,24.3386,24.868,23.5128,25.5213,24.565,22.7642,24.1874,22.2044,22.354,27.9461,22.1248,18.6109,22.0088,5.53181
23.7886,12.468,26.1552,8.06884,0.0,15.0852,15.0053,24.7396,3.81921,27.4628,27.1315,24.2449,24.9994,27.1285,27.368,27.2622,26.4922,24.5457,27.3285,29.2757,25.8393,21.9931,28.6025,15.5309,-2.5008,10.6345,22.3046,-10.4101,14.8576,19.4827,26.1194,12.2675,25.0527,22.1962,25.0574,20.4502,19.4114,27.1984,29.3203,27.1027,25.9219,26.3737,26.9091,26.5964,27.5412,9.3049,11.6466,21.5359,9.26947,9.86724,7.27082,3.28415,11.9473,9.73613,17.8702,13.1701,10.5602,14.9199,8.14176,9.26746,10.9683,19.3629,11.1787,10.1154,16.0326,11.3629,12.4389,13.9751,3.96271,9.73896,8.46886,2.95275,4.58241,16.1098,14.7058,9.1439,13.7108,12.5839,-1.53695,11.9396,13.4016,14.2212,11.7825,6.75896,16.771,8.40957,12.4753,11.0407,19.3072,14.7711,25.6225,23.7313,21.8182,20.5419,22.9896,27.1479,28.5083,28.6238,26.5708,24.1032,24.4519,24.249,22.4309,24.9949,23.934,22.882,23.8597,22.0241,22.1094,27.8239,22.5634,18.276,21.9467,6.19342
23.8709,12.0635,26.3024,7.70605,0.0,14.6278,14.1005,24.7646,3.43914,28.4675,27.0518,25.1801,25.0588,27.1984,27.552,27.2138,27.5061,25.1096,27.3326,28.3892,25.44,23.1299,28.0935,16.6395,-1.32603,10.6726,21.8624,-11.0162,15.7031,19.384,26.3265,12.2756,25.4704,22.9106,26.3231,20.7395,20.6289,27.7187,29.3279,27.6484,26.6099,26.9591,27.5251,27.309,27.8182,8.73129,11.4374,21.7794,8.73839,9.80912,6.89172,3.11073,11.836,9.47081,17.3195,12.6687,10.8774,14.577,7.5945,8.64024,10.7408,19.0672,11.0502,9.61694,16.0215,10.9575,11.9347,13.9606,3.85281,9.98752,8.24892,2.95973,4.62707,15.4146,13.6464,8.58926,13.268,11.813,-1.43048,11.4476,12.6714,13.4827,10.9829,6.44041,17.2038,8.16412,12.6272,10.8691,20.1171,14.5885,26.0848,23.3058,22.1336,20.9313,23.5439,27.1977,28.7684,28.9051,26.5602,24.187,24.4287,24.0301,23.0677,25.0237,23.8786,22.5082,23.9723,22.1641,21.9265,27.6935,22.7172,18.0399,21.483,5.87448
24.7555,12.2862,26.6811,8.19487,0.0,14.3463,14.5295,24.61,4.05232,28.1826,27.2873,25.268,25.6837,27.1962,27.5363,27.3867,27.3447,25.3874,27.3544,28.8495,25.8598,23.4531,28.74,17.338,-2.10096,10.1244,22.0197,-11.7952,14.8444,19.751,26.6289,12.3396,25.6332,23.0092,25.3075,20.9087,19.1374,28.2795,29.8876,27.8285,27.0443,27.2913,27.6736,27.5478,27.9964,9.40439,11.8026,21.2625,9.1672,9.51754,6.78725,3.05754,12.5776,9.86038,17.6135,12.9789,10.8679,15.3051,7.61974,8.88455,11.2551,19.3652,11.1915,9.94786,16.8476,11.2905,12.3859,14.9509,3.69505,9.79911,9.2728,2.74003,4.46435,15.7718,13.9821,8.85664,13.6492,12.0646,-1.16304,11.1396,12.5489,13.736,11.4919,7.24349,18.4122,8.62229,13.405,10.9871,20.8684,14.1356,26.3472,22.9416,22.1685,20.913,23.5279,27.5192,29.1384,29.3802,26.9956,24.4513,25.0079,24.4759,23.8819,25.7164,24.6965,23.3639,24.3313,22.4005,22.3257,28.0776,22.4884,18.5125,22.0588,5.97028
24.1544,11.6479,26.6813,8.47753,0.0,14.2072,14.6632,25.0572,3.57494,28.0531,27.0928,24.8473,25.5242,27.1392,27.5405,27.1343,27.1733,25.1159,27.5138,29.194,26.4943,23.4055,28.5814,16.9907,-1.45017,10.4151,22.05,-11.144,14.8261,19.586,26.6725,11.8707,25.4078,22.763,25.4558,20.678,19.6389,27.8011,29.9122,27.6067,26.3581,26.9364,27.2674,27.1114,27.7849,10.5992,12.7615,21.6202,10.6176,11.0704,7.70484,2.54484,13.3922,11.0899,18.0247,14.0045,10.848,16.1462,9.0117,10.3643,12.2329,19.9507,12.2993,11.4424,16.7299,12.5134,13.5284,14.9668,3.95013,10.38,10.2195,2.77379,4.30712,16.4063,14.433,10.2319,14.7619,12.757,-2.04091,12.3077,13.3062,14.5944,10.5237,6.49438,17.0963,8.42681,12.3255,10.9887,20.1818,14.6439,25.967,23.6482,21.4451,21.5762,23.7519,27.788,28.7763,29.2716,26.9192,24.3185,24.3191,24.9213,23.3671,25.6834,24.7665,23.405,24.0707,22.502,22.9193,27.8784,23.3407,19.1491,22.4209,5.77535
24.0908,12.9049,26.3691,8.26688,0.0,14.033,14.426,24.7472,3.63809,28.2295,27.3234,25.4154,25.0002,27.4531,27.5149,28.3163,27.2795,25.5346,27.4924,28.1174,25.8789,23.3038,28.2693,16.7635,-0.869366,10.7523,21.8165,-11.8112,15.1818,19.7969,27.1784,12.133,25.9268,23.2451,26.0405,21.1976,20.3428,28.0681,29.8038,27.8121,25.8851,26.9119,27.6126,26.6828,27.883,10.0968,12.2342,21.6818,9.70849,10.218,7.4841,3.63065,12.6557,10.2921,18.1222,13.5599,10.79,15.7085,8.43194,9.72464,11.7199,19.9167,11.6882,10.66,16.3203,11.9187,13.3014,14.3131,4.12581,9.82123,9.55899,2.88751,4.21006,16.401,14.3685,9.51546,14.5312,12.4066,-1.07958,11.8339,13.0589,14.4274,11.4116,6.77888,17.5295,7.9946,12.2983,10.6311,20.3328,14.377,26.3879,23.8284,21.7528,21.3245,23.8333,27.4328,29.5906,29.4166,26.9249,24.5317,24.6327,24.6623,23.8658,25.6456,25.0748,22.6721,24.2408,23.3019,24.0837,28.0543,23.7864,19.1939,22.1516,6.14777
24.0034,12.9581,26.9567,8.45417,0.0,14.8321,14.487,24.8499,4.43609,28.2022,27.3413,25.3116,25.0353,27.4013,27.884,27.7193,27.3799,25.2346,27.6338,28.2612,25.9512,23.4181,28.653,16.9704,-1.90708,11.0092,22.0668,-11.9331,15.2677,19.2463,26.3616,12.1459,25.4433,22.6757,24.8462,20.7141,20.1435,27.3823,28.8448,27.5528,26.1982,27.018,27.2042,27.0952,27.8689,9.7861,12.7321,21.3073,9.28614,10.301,7.69577,4.16223,13.2874,10.4429,17.5254,12.9427,11.3146,15.7744,8.24664,9.13295,12.0792,19.4784,12.1145,9.94605,16.735,11.2698,12.8451,14.8073,4.54686,10.5321,9.84083,3.38742,4.24427,16.2102,13.5039,8.80988,14.1132,11.7354,-0.261577,10.9055,12.3227,13.9326,12.6797,7.29168,17.6724,7.4159,12.1834,9.68346,20.1767,13.4867,25.7807,23.3511,22.076,20.9159,23.379,27.1689,29.071,28.8438,26.8128,24.6538,24.8999,24.6039,23.2467,25.4061,24.4386,23.2434,24.6684,22.1887,22.5695,28.0661,22.4458,18.9693,22.0732,5.96141
23.8423,13.221,26.4165,8.55382,0.0,14.8126,15.1276,24.7454,4.49028,27.1346,27.1153,24.1371,24.968,27.1558,27.4362,27.8109,26.4538,24.3199,27.092,27.7593,25.7923,23.7702,28.1125,17.383,-1.46225,10.6797,22.213,-11.6774,15.6604,19.8631,26.719,12.1714,25.4537,22.9136,25.5827,20.9663,20.3832,27.9386,29.6134,27.8417,26.3151,27.1264,27.5397,27.1102,27.8451,9.70858,12.3857,21.6006,9.64438,10.5281,8.20152,4.62393,12.8033,10.4189,17.654,13.318,10.9355,15.4449,8.82996,9.8311,11.8092,19.5485,11.908,10.6053,16.4977,11.7052,12.7706,14.8727,5.12147,10.1031,9.40863,3.88696,4.15442,16.2573,13.9846,9.66463,14.0578,12.3039,-0.843687,11.8011,12.9054,14.1738,11.8641,7.86805,18.2548,9.48583,13.9099,11.7905,21.1641,14.6581,26.5449,23.4589,21.858,21.2533,23.5422,27.7167,29.4259,29.1593,27.0103,24.5129,25.1391,25.0838,22.9151,25.3415,24.3154,22.6812,24.5032,22.0734,22.6412,28.3447,22.6013,18.5353,21.8213,6.22144
24.0038,13.1177,26.9283,8.24917,0.0,14.1002,14.368,24.8904,3.50311,28.0992,27.4924,25.5796,25.6062,27.6325,27.804,28.2661,27.2904,25.551,27.6297,28.1726,26.4207,23.237,28.7414,16.7143,-1.90642,11.0876,21.6284,-11.3502,15.4539,19.9708,26.8296,12.4376,25.7941,23.0674,25.0079,21.0929,20.512,28.1237,29.3602,27.8813,25.5725,26.7144,27.695,26.3175,27.5894,8.78953,11.5716,21.5734,8.72461,9.75949,6.4457,3.00522,11.9385,9.56807,17.107,12.0543,10.4002,14.9758,7.38282,8.35567,10.9685,19.4993,11.0706,9.43337,16.3659,10.4536,11.7088,14.201,3.83035,9.72667,8.54221,2.89681,4.47381,15.7057,13.1029,7.99209,13.117,11.2781,-1.49026,10.6664,11.9994,13.2727,10.6424,6.44838,17.126,7.56164,12.2803,10.5759,19.8114,13.8665,25.6708,23.5325,21.617,21.103,23.7296,27.4106,29.2346,29.2757,26.947,24.6388,24.7402,25.2342,24.4902,25.6777,25.4328,23.3865,24.3994,22.9935,24.1331,28.1607,23.304,18.6125,22.1375,6.42093
24.8685,12.8382,26.3167,8.73348,0.0,14.915,15.4071,25.0949,4.34338,27.7565,27.2546,25.0885,25.8352,27.3788,27.5795,27.783,27.1504,25.2176,27.4001,29.0695,26.4552,23.2557,28.65,16.9799,-1.38609,11.5445,22.3397,-11.6503,15.0477,20.1434,27.0177,12.1525,25.5233,22.6747,25.1303,20.7649,19.6405,28.2391,29.9472,27.7238,26.088,26.9337,27.3796,26.8635,27.8472,9.54711,12.6141,21.4192,9.37391,10.142,6.94599,3.70406,13.0835,10.3978,17.5683,12.9234,11.4137,15.5195,7.59956,8.71731,11.9753,19.6021,11.8984,9.9641,16.9897,11.263,12.4983,14.7818,4.38376,10.6233,9.793,3.05338,4.43793,16.2087,13.8558,8.57592,13.8432,12.0675,-1.62144,11.1636,12.488,14.0187,11.3377,6.63602,17.0305,8.70726,12.514,10.8244,20.4713,14.7677,26.2643,23.8551,21.3869,21.1054,23.7877,27.5993,28.9985,29.3818,27.0693,24.7409,25.0362,24.7374,24.0979,25.7712,25.4818,23.169,24.4611,22.9109,23.6689,28.332,24.2698,19.8277,22.9119,6.03816
23.9775,12.3471,26.4768,8.46555,0.0,15.2834,15.6048,25.1592,4.19937,27.4893,27.2519,24.1048,25.3885,27.148,27.5928,27.6422,26.2971,24.6128,27.3626,29.0172,25.7813,22.8294,28.7302,16.5303,-2.32727,10.5704,22.6973,-12.1377,15.9934,19.8073,26.4375,12.9191,25.3768,22.8489,25.8768,20.8906,20.8787,27.7111,28.7169,27.6124,26.3972,26.7669,27.4032,27.0036,27.9265,10.6698,13.0381,21.4655,10.7634,10.8303,8.69379,4.78651,13.4179,11.3557,17.877,14.152,11.0886,16.0512,9.37634,10.5519,12.6057,19.7522,12.3874,11.5142,16.6064,12.6163,13.5768,14.5738,5.12129,10.644,10.2901,4.03498,4.34549,16.5636,14.2419,10.5908,14.7843,12.9536,-0.938419,12.5676,13.5015,14.6904,11.5972,6.0943,16.8952,7.78111,11.7238,10.5293,19.7201,14.4852,26.0054,23.4482,21.3604,21.1722,23.7735,27.5751,28.8655,29.3432,26.8234,24.7201,24.5402,24.5286,22.956,25.4849,24.4645,22.6971,24.1339,22.6562,23.3888,27.8588,23.6229,19.287,22.6286,6.30063
24.3503,11.813,26.3824,8.27514,0.0,15.012,15.139,25.2728,3.45006,28.031,27.3276,24.9294,25.8891,27.5952,27.6776,28.322,27.0778,25.1404,27.535,29.0087,25.5676,22.9869,28.8345,16.6518,-1.67753,11.7312,23.1611,-10.7525,15.527,20.2986,26.7051,12.498,25.6027,23.1796,25.7632,21.2157,20.8378,28.3023,29.9567,27.8464,26.7941,27.3545,27.6295,27.6619,28.0464,9.50649,11.4483,22.1407,9.10319,9.28347,6.55531,2.6473,12.3384,9.48395,18.3368,13.4548,10.0892,15.5131,7.63352,8.87241,10.9345,19.6101,10.8336,9.86725,16.6146,11.5119,12.8867,15.2041,3.57986,9.33353,9.084,2.57656,4.33685,16.613,15.0581,9.04791,14.196,12.8626,-2.1543,12.1657,13.5591,14.6541,10.4058,6.61464,17.2307,8.79413,12.8193,11.4865,20.5301,15.1697,26.8669,24.0198,23.0998,21.4885,24.0923,27.5904,29.3997,29.4549,27.1303,24.6908,25.0068,25.049,23.4248,25.616,24.8004,23.4095,24.5873,22.1474,22.7154,28.586,21.9361,18.5872,21.566,6.00787
25.3237,12.4447,26.8069,8.93637,0.0,14.501,15.0087,25.2293,4.76552,28.2316,27.6593,25.7108,26.1384,27.5541,27.8874,27.7309,27.5662,25.7112,27.6814,28.2088,25.9603,23.8612,28.9304,17.74,-2.08684,11.308,22.8778,-11.134,16.0994,20.2434,27.147,13.2399,26.1647,23.6441,25.974,21.5962,20.8389,28.6921,29.9933,28.1829,27.2487,27.4456,27.9834,27.5744,28.2123,10.1503,12.5811,21.8331,9.86192,9.62403,6.46151,2.56963,13.236,10.5623,18.0272,13.2602,10.9057,16.0998,7.42387,8.68993,12.1114,20.2089,11.8443,10.0837,16.544,11.6399,13.0003,14.9564,3.40782,10.245,10.1664,2.26952,4.25531,16.5285,14.1875,8.69042,14.2881,12.2698,-0.627258,11.7086,12.8401,14.3291,12.6359,8.36266,18.9641,9.05092,13.5399,11.1806,21.423,14.6199,26.8778,23.7916,22.0718,22.3779,24.4796,28.7398,29.6195,30.3055,27.8772,25.2117,25.1739,25.433,24.2639,26.0061,25.3801,23.5544,24.9923,23.3839,23.9635,28.968,24.0584,19.4069,23.2783,6.43836
24.4775,13.2652,26.9439,8.78492,0.0,14.9628,15.0004,25.2286,4.78664,28.1561,27.3533,25.3278,25.9593,27.4625,27.7948,27.3845,27.0631,25.9376,27.4787,29.1194,26.4894,23.4436,28.8256,17.0589,-1.43309,11.1452,22.0607,-11.3326,15.7569,20.3533,27.0591,12.6262,26.0784,23.3605,26.2796,21.5084,20.8672,28.4199,30.1183,28.0636,26.7125,27.3381,27.7912,27.4139,28.1456,9.55895,11.3536,22.0743,8.77169,9.87517,7.11208,3.43724,12.246,9.36351,18.3384,13.5355,10.7513,15.8035,7.92375,8.96438,10.6723,19.7593,10.9209,9.79939,16.8099,11.475,13.1749,15.2257,4.33631,9.83158,9.20867,3.50478,4.33618,16.6976,15.2722,8.64442,14.5273,13.0217,-0.547048,11.4051,13.7044,14.9158,12.3747,7.17769,17.9065,9.11704,13.7801,11.3259,20.6233,15.1631,26.857,24.205,23.0813,22.0275,24.237,28.1105,29.5982,29.6758,27.3158,24.7663,25.2422,25.6346,24.0483,25.8863,25.1273,23.8825,25.1022,23.2362,23.4124,28.8006,23.1616,19.0427,22.6155,6.07698
24.8316,13.4815,26.7272,8.27701,0.0,14.9225,14.7467,24.9919,3.72248,28.3972,27.573,24.9838,25.9169,27.9143,27.8711,28.4471,27.0182,25.4464,27.7244,28.8321,26.8128,24.0607,28.8698,16.8742,-1.51713,11.2432,22.0432,-11.7768,15.4615,20.3897,27.256,12.7004,26.1616,23.3299,25.4832,21.499,19.8197,28.4345,30.0921,27.8659,26.5444,27.0996,27.7277,27.2235,27.8375,9.88442,13.0073,21.5602,9.71184,10.4558,7.94258,4.41589,13.6205,10.6321,17.6229,12.9881,11.5273,15.9103,8.79046,9.85345,12.2015,19.7626,12.2685,10.4417,18.0294,11.4681,12.5999,15.6023,4.7122,10.8998,9.87517,3.7285,4.42348,16.2469,13.8437,9.39601,13.8778,12.063,-0.722448,11.4097,12.6878,13.9431,11.0048,6.48881,17.157,8.15153,12.422,10.4995,20.6528,14.1483,27.0097,23.6075,22.4444,21.1138,23.6549,28.3021,29.3621,29.7725,27.5456,24.7834,25.4271,25.2305,23.3942,26.0799,24.5186,24.1061,24.6999,22.9878,22.6815,28.8849,23.4704,19.0606,22.6389,6.36439
24.4341,13.2938,26.8809,8.5749,0.0,15.1883,15.4512,25.1783,4.64636,28.4937,27.5728,25.0387,25.8125,27.7183,28.0719,27.9737,27.4666,25.2756,27.6962,28.2998,26.1519,23.0719,28.5551,16.434,-2.62809,11.6294,22.6511,-11.649,15.2685,19.6135,26.7313,12.5847,25.6755,22.6568,24.6301,21.1344,20.3068,27.4361,29.2365,27.4298,26.231,26.8659,27.2278,26.9695,27.7918,10.7144,13.3778,21.5964,10.7491,11.7464,9.52926,5.97307,13.7596,11.5168,18.5287,14.3214,11.5261,16.4282,10.1231,11.0821,12.8141,20.1522,12.922,11.8588,16.8441,12.8418,13.7603,15.4925,6.54053,11.0927,10.5188,5.05603,4.60311,17.1707,15.3097,10.7471,14.9932,13.5521,0.263087,12.9529,14.4147,15.1271,11.3006,5.46086,17.1137,8.81449,12.9911,11.2804,20.4535,14.7664,26.6738,23.0767,22.0095,21.7656,23.7991,28.0735,29.2379,29.5559,27.0603,24.5894,24.9255,25.0867,23.0454,25.8833,24.5702,23.3824,24.137,22.46,22.9679,28.0259,23.0017,19.016,21.9737,6.11569
24.6815,12.289,26.8884,8.45289,0.0,14.6965,14.58,25.3714,3.72274,27.3228,27.3762,24.9062,25.9913,27.2537,27.7776,27.6665,26.914,25.0692,27.4371,28.1777,25.4858,22.9189,28.5511,16.9716,-1.6751,11.2198,22.1893,-10.1591,16.0411,19.8066,26.2734,12.5658,25.4317,22.7336,26.0086,20.9507,21.1473,27.4046,29.08,27.4553,25.6276,26.7308,27.31,26.4794,27.5628,8.69855,11.3559,22.0291,8.30196,8.79949,6.72539,3.65073,12.1574,8.97764,17.8218,12.4135,11.1232,15.0806,7.38191,8.36494,10.6124,19.6882,10.7539,9.42173,16.5127,10.6382,11.9871,14.6646,3.75921,9.82011,8.605,2.68447,4.91143,16.0308,14.3578,8.8934,13.3517,12.2418,-1.01356,12.0162,13.2939,13.6748,13.1949,7.82797,18.8811,9.3318,14.3003,12.0578,20.8986,14.894,26.4616,24.1669,22.0303,21.1089,23.6251,27.9543,29.4546,29.4246,27.0761,24.121,24.3927,24.9496,22.461,25.768,23.9203,23.1631,24.1089,21.6164,21.6521,28.2432,21.5837,18.3248,21.3948,6.49397
24.1504,12.7533,26.7468,8.02531,0.0,14.4408,14.3659,24.8146,3.55511,28.0339,27.2931,25.2666,25.9656,27.1517,27.4966,27.2865,27.0991,25.3806,27.4854,29.1959,25.7063,22.4702,28.6143,15.9876,-1.84932,11.5708,22.638,-11.1861,16.0354,20.3745,26.8679,12.9354,25.6099,23.1476,26.1587,21.2203,21.0446,28.0663,29.4484,27.6299,26.4748,26.8843,27.5988,27.026,27.8031,9.17144,12.5266,21.4092,9.28929,10.5874,8.54978,5.04326,12.9715,10.2328,17.1067,12.1883,11.4278,15.0787,9.04597,9.91387,11.6792,19.3336,11.9807,10.2653,16.9362,10.7835,11.794,15.0181,5.32098,10.6515,9.26466,3.92529,4.83194,15.568,13.3961,9.63491,13.086,11.7129,0.207275,12.0508,12.864,13.1855,11.4422,5.8503,17.0073,9.01194,13.2569,11.6208,20.203,14.4474,26.4698,23.7034,21.8966,21.0986,23.8444,27.94,28.9287,29.6507,27.1234,24.6802,24.7922,24.9002,23.4381,25.5636,24.3154,23.0712,24.9671,22.6323,22.1843,28.3048,22.8501,19.0089,22.6568,6.23707
24.2133,12.6495,26.7049,8.95506,0.0,14.4264,14.691,25.8426,3.60069,28.1456,27.3595,25.3846,26.3073,27.3651,27.6949,27.5131,27.1397,25.5755,27.6149,29.3495,26.1801,23.9387,28.8117,17.6579,-0.962785,11.0777,22.5339,-10.188,15.2163,20.0248,27.1672,12.1195,25.7919,23.0388,25.6804,21.0178,20.612,27.8334,29.5201,27.8163,26.6677,27.2057,27.7863,27.2781,28.0394,9.7665,12.4481,22.0204,9.77326,10.6421,7.49559,3.59215,12.6654,10.4414,17.7873,13.1514,11.1827,15.3684,8.5789,9.78627,11.7351,19.6097,12.0009,10.6269,16.3674,11.7384,12.6698,14.5071,4.63429,10.4974,9.10171,3.72393,5.32177,16.223,14.1715,9.88805,13.9329,12.268,-1.04896,12.4802,13.4006,13.9052,11.8184,7.77265,18.7357,10.2339,14.8719,12.6321,21.4845,15.3606,26.9278,24.206,22.2468,21.0349,24.119,27.9291,29.4841,29.7242,27.3841,24.9073,25.1587,25.3593,24.2221,25.5709,25.2316,23.2548,24.9589,23.4597,23.8754,28.7805,24.1091,19.7519,22.9703,6.30849
23.8059,13.8143,26.9825,8.57591,0.0,14.3858,14.7497,24.9454,4.07147,28.1348,27.543,25.9466,25.7399,27.6077,28.0225,27.824,27.5358,25.9239,27.7676,28.9378,25.7372,23.2297,28.9098,16.9771,-1.51407,10.8218,22.2133,-10.3954,15.4883,20.0279,26.8932,12.2542,25.4848,22.7717,25.7242,21.0365,20.268,28.0473,29.4043,27.6325,25.8655,26.6686,27.2972,26.6516,27.848,9.68791,12.7153,22.0158,9.76444,10.5915,8.18849,4.41342,13.2045,10.5026,17.8323,13.4699,11.2633,15.7145,8.98821,9.99192,12.0819,19.694,12.1788,10.7881,17.1775,11.8566,12.8012,15.0527,4.92858,10.6726,9.72853,3.96207,5.25246,16.3223,14.7083,9.93754,14.153,12.8572,-0.659653,12.6839,13.7876,14.3389,10.94,6.68604,17.5607,9.04741,13.2305,11.4639,20.8019,15.2416,26.6224,24.1405,22.3385,21.0445,23.7218,27.9629,28.8431,29.4515,27.3843,24.732,24.9912,24.7108,23.9182,25.4812,24.79,23.2375,24.5397,23.4368,23.3952,28.7865,24.3279,19.6379,23.1057,5.76304
23.8793,13.018,26.8384,8.68452,0.0,15.2473,15.4234,25.2022,4.05364,27.3392,27.2647,24.8299,25.5114,27.1632,27.6866,27.346,26.7064,25.3782,27.2341,28.0434,25.7343,23.4836,28.9556,17.0556,-2.22384,12.283,23.0628,-12.4184,15.8334,19.3079,26.3149,12.6927,25.4031,22.8614,25.3462,20.7105,20.8282,27.4343,29.5581,27.478,25.9648,26.5104,27.2827,26.5225,27.688,8.73522,12.2352,21.6218,8.8528,10.9346,9.64385,6.37767,12.4314,9.94744,17.0337,12.3697,11.388,14.77,9.77272,10.3284,11.2607,19.0839,11.8728,10.3802,16.7796,10.8976,11.6462,14.6329,6.54111,10.7323,8.71104,5.0388,4.83463,15.376,13.2141,10.0236,12.9539,11.4671,-0.742202,11.9873,12.3674,13.0218,11.6544,6.05483,17.722,9.39663,13.8156,11.6801,21.3111,14.8268,26.5366,23.6841,22.3016,20.3623,23.4409,27.7728,29.0093,29.2242,27.067,24.3863,24.8534,25.3928,23.8639,25.3896,25.3299,23.4901,24.8299,22.4241,23.4647,28.3059,22.854,18.9077,22.1046,6.55228
25.1224,12.2577,27.0622,8.43426,0.0,14.2991,14.658,25.1281,3.54594,28.7171,27.6289,25.5788,25.7765,27.8035,27.9602,28.0069,27.5237,25.9766,27.5068,28.9117,26.3848,23.2119,28.9198,17.0229,-1.2755,11.2899,22.6282,-11.2576,15.2807,19.7111,27.0083,12.6783,26.0213,23.2457,25.021,21.3319,19.9669,28.2551,30.2609,27.9218,26.4283,27.1781,27.8142,27.221,27.6772,9.42074,12.1053,22.0168,9.38021,10.5437,8.30792,4.62635,12.6838,10.1634,17.6516,12.7493,11.4569,15.4185,9.02313,9.98023,11.4876,19.7201,11.6628,10.4463,16.8892,11.2128,12.221,14.7612,5.13507,10.6134,9.20882,4.1556,4.68963,16.0742,14.0176,9.81509,13.4952,12.2292,-0.757655,12.161,13.389,13.7384,11.3066,6.61094,17.5499,8.15167,12.5546,10.567,20.4141,14.6293,26.3915,23.8875,21.8391,21.1579,23.6294,28.3784,29.3096,29.6594,27.5799,25.1744,25.4801,25.0794,23.7763,25.8531,24.6552,24.4359,25.6535,23.438,22.9097,28.8904,23.5626,19.5032,23.0687,6.18492
24.4626,12.2023,26.8003,8.63054,0.0,14.7963,15.0053,25.6694,4.46911,28.283,27.5104,25.3769,25.8155,27.5414,28.0651,27.977,27.1839,25.7324,27.542,29.6653,26.3773,23.5448,29.1352,17.0969,-1.12682,10.3928,22.2728,-11.2221,15.8053,19.6173,26.703,12.7775,25.8836,23.2178,24.8831,21.1489,20.1949,28.3752,29.838,28.1338,26.4952,27.3547,27.786,27.2148,27.9301,9.40757,11.9481,22.0091,9.44279,10.0917,8.60027,5.09735,12.3858,10.0104,18.0635,13.0014,11.0802,15.2389,9.10694,9.90427,11.4394,19.6035,11.3785,10.4477,16.2877,11.4723,12.313,14.1596,5.09773,10.0902,8.92179,3.91798,4.99469,16.292,14.5405,9.7968,13.6131,12.4883,-0.62783,12.3061,13.6603,14.0525,11.0364,6.34374,17.4516,8.72155,12.7209,11.3644,20.6441,14.99,26.5573,24.176,21.5563,21.6538,24.2601,28.4161,29.4,29.8801,27.4709,25.0827,24.8119,25.1373,24.2162,25.6891,25.3653,23.3912,24.7001,23.7042,23.712,28.3808,23.9604,19.1919,23.1218,6.19099
25.2304,12.336,27.1104,8.79295,0.0,14.5522,14.6899,25.1924,4.50021,28.0964,27.7176,25.4266,26.0437,27.9199,27.7127,28.4967,27.326,25.6934,27.7443,30.2029,27.3077,23.9749,29.1763,17.4507,-1.0767,11.4242,22.7458,-11.4374,16.2464,20.9738,27.6228,13.0363,26.7206,23.7838,27.3737,21.8875,21.0528,28.8255,30.2108,28.2747,27.4448,27.8056,28.3461,28.0948,28.3002,10.1093,13.5377,21.2776,9.83899,11.3018,8.74,5.30274,13.9246,11.0472,17.5713,13.339,11.6047,16.0621,9.37717,10.2347,12.8456,19.6563,12.8656,10.8222,17.787,11.7423,13.3265,15.7679,5.76257,11.0454,10.2276,4.55961,5.08019,16.1695,14.1439,10.1609,14.5136,12.3323,0.0925269,12.3888,13.3444,14.118,12.6694,7.15036,18.2618,8.63894,13.2613,11.4066,20.5434,14.1879,26.3432,23.1914,22.16,20.8822,23.736,27.9717,29.1302,29.5578,27.2826,24.9236,25.3642,25.5367,24.2505,26.1298,25.4631,23.5999,24.8076,23.3825,23.9772,28.5858,23.6085,19.6143,22.7984,6.26165
25.41,12.2059,27.097,9.10078,0.0,15.3457,15.0553,25.544,4.85422,28.6093,27.868,26.0975,26.1351,27.892,28.0803,28.4836,28.0663,25.9658,27.9261,29.323,26.7573,23.5844,29.3394,17.3772,0.0732186,10.6016,22.5588,-11.1982,16.5465,22.7381,28.7201,13.049,27.4751,24.2065,29.4219,22.7655,21.8379,30.0046,30.6092,28.8006,27.467,28.4185,28.5526,28.4071,28.4199,10.058,12.0799,22.3046,9.65429,9.66354,7.418,3.36572,12.8269,10.0747,18.4018,13.797,10.4339,15.9371,8.26937,9.35768,11.4691,20.0495,11.4252,10.3174,16.4972,11.8966,13.3005,14.9462,3.74212,9.70414,9.54932,2.98364,5.05395,16.748,15.1085,9.41126,14.6339,13.0729,-1.34964,12.3347,13.8892,14.9147,11.9695,7.69095,18.1877,10.2408,14.5533,12.3805,21.1252,15.6182,27.0013,24.5081,22.5522,22.3786,25.0677,29.0265,30.5941,30.7947,28.0677,25.3867,25.729,25.8024,23.7056,26.445,25.263,23.522,25.3921,23.2283,23.8065,29.1498,24.4349,20.0267,23.5719,6.25354
25.1111,12.3723,26.842,8.63787,0.0,14.6185,14.93,25.7331,4.2111,28.1311,27.6746,25.7985,26.1734,27.7412,28.3925,27.8087,27.736,25.754,28.0861,29.9775,26.86,23.101,29.2057,16.6529,-0.276512,10.9639,22.5762,-10.441,16.88,20.9326,27.306,13.2255,26.2115,23.4985,28.3318,21.7361,22.2809,28.5514,29.7942,27.9401,27.0987,27.4137,27.9028,27.8029,28.2995,10.7637,12.6773,22.5105,10.4541,10.3774,7.86644,3.80749,13.3344,10.8467,18.7785,14.2604,11.0686,16.4032,8.64253,9.73458,12.1714,20.268,12.0556,11.035,16.4375,12.5903,13.8846,15.1072,4.65439,10.3342,10.2341,3.70268,5.15803,17.3437,15.4086,9.45419,15.1727,13.2797,-0.454769,12.0972,13.8304,15.3344,11.342,6.32569,17.1075,8.59056,12.9775,11.1461,19.9512,15.1943,26.4222,24.3074,22.4483,22.1105,24.4777,28.3097,29.8868,30.0179,27.6546,25.3623,25.3274,25.0534,24.4252,26.4941,25.3492,23.5971,25.0398,23.8103,24.1228,28.578,24.7949,20.1171,23.7219,6.99006
24.3918,12.9177,27.1678,8.43776,0.0,15.2768,15.0108,25.2503,4.06091,27.8771,27.5637,25.1389,26.0813,27.2676,28.409,27.1538,27.1641,25.426,28.1198,28.6812,25.6524,22.6945,28.4921,16.553,-1.54377,12.1539,23.1508,-11.3898,16.0352,20.128,26.832,12.6984,25.5544,23.1328,26.5021,21.0675,21.2138,27.3876,29.1234,27.6977,26.5801,27.0194,27.4619,27.1343,27.7247,9.52999,12.7841,21.7221,9.46162,10.5372,8.62766,5.18299,13.2667,10.3625,17.7519,13.1045,11.3569,15.5632,9.11269,9.96134,12.0127,19.4541,12.1835,10.4214,17.4433,11.5157,12.4842,15.4336,5.02954,10.6248,9.56772,3.82663,4.16793,16.1794,14.2894,10.1348,13.8366,12.5669,0.00315882,12.4131,13.5308,13.9835,11.7075,6.27023,17.3986,9.52012,13.729,11.6066,20.9005,14.8969,26.5761,23.379,22.457,20.7072,23.401,27.5434,29.4098,29.2456,27.0828,24.8527,24.7719,24.9423,23.4262,25.5228,24.6878,22.8623,24.514,22.6569,23.3214,28.2203,23.7585,19.6704,22.9329,6.53323
24.9513,12.7923,27.0084,8.99099,0.0,14.7011,14.6606,24.0314,4.63601,28.1845,27.5794,24.9364,25.7369,27.5517,27.313,27.808,27.1687,25.1759,27.5487,28.5505,26.3296,23.7631,29.064,17.3697,-0.562913,11.9237,22.6424,-11.1557,15.5443,20.493,27.1823,12.7183,26.1462,23.4082,25.816,21.6186,20.2649,28.3645,29.9977,28.1499,26.6048,27.2977,27.9412,27.1946,28.0345,8.67412,10.9076,21.8972,8.553,8.85876,7.40048,3.90636,11.699,8.92484,18.0812,12.7887,10.3065,14.9034,8.11689,9.11606,10.3026,19.6715,10.3862,9.71129,16.6158,11.007,11.7389,14.3232,3.7187,9.30363,8.23473,2.74773,4.27446,16.2634,14.7711,9.53598,13.198,12.6358,0.384866,12.5665,13.8167,13.9724,12.9891,8.04818,19.021,9.60334,14.4615,12.32,20.9797,15.5676,26.7774,24.7078,21.5529,21.5642,24.697,28.4063,29.447,29.9553,27.7785,25.0008,25.1893,24.7054,23.1673,25.8811,24.4911,24.2627,25.3928,22.4137,22.2982,28.904,22.4386,19.096,22.2171,6.10025
24.3892,12.3881,26.9093,8.4758,0.0,14.8064,15.0613,25.2969,4.04068,29.1081,27.8842,26.4111,26.0341,27.8381,27.6795,28.5092,28.1496,26.2852,27.5704,29.1695,26.7552,23.7082,29.2665,17.4726,-0.851713,11.3888,22.4271,-11.4468,17.1912,21.3637,27.8059,13.4415,26.8414,23.9813,27.8404,22.0842,22.1958,29.2815,30.354,28.6208,27.239,27.8299,28.4475,27.8271,28.3245,9.58756,13.2558,21.5704,9.69219,10.9605,8.67348,4.87276,13.4727,10.8127,17.4592,12.923,11.3572,15.3763,9.38443,10.252,12.4364,19.5798,12.6921,10.6709,18.0238,11.501,12.3854,15.5669,5.29273,10.924,9.49312,3.88035,3.72394,15.9505,13.8714,10.3944,13.6107,12.2537,-0.0818267,12.9266,13.5793,13.6211,12.4251,6.97116,18.2782,9.23379,13.717,11.8853,21.1244,14.5117,26.9834,23.8218,23.0605,21.2284,24.3916,29.0179,30.039,30.742,27.9998,25.6936,25.99,24.8728,23.948,25.7082,25.1867,24.0669,26.0012,23.5378,23.7526,29.1213,24.4592,19.6502,23.4294,6.42854
25.5477,12.5911,27.7216,9.02146,0.0,14.7814,15.6194,25.7557,4.52269,29.313,28.1968,26.0036,26.2456,28.3579,28.6621,28.8203,28.3001,26.1734,28.5352,29.0678,27.251,24.5874,29.7926,18.053,-0.00557487,10.7482,22.3875,-10.7785,15.8384,21.0078,28.1399,13.4339,26.9911,24.1652,26.1198,22.2296,20.7644,29.6472,30.5604,28.5733,26.9345,27.8797,28.4407,27.8634,28.5681,9.62696,12.6579,22.0684,9.28017,10.2432,7.78442,3.75321,13.238,10.4096,18.0473,13.0382,11.0265,15.8382,8.61281,9.51051,12.0626,19.9504,12.1307,10.0233,17.2768,11.2415,12.6152,15.5711,4.32961,10.3021,9.74448,3.43197,4.99398,16.4991,14.3177,9.3002,13.9872,12.3567,-0.463517,11.536,13.1623,14.2575,11.7647,7.88268,18.7328,9.06257,13.753,11.2989,21.5947,14.7978,27.292,24.3194,23.102,21.9221,24.8529,29.3577,30.3517,30.8286,28.4112,25.9566,26.0631,25.3736,24.9618,26.494,25.8698,24.1417,25.6739,24.6137,24.7608,29.2999,25.3396,20.4962,23.8895,6.38209
24.2894,12.8166,27.2584,8.54787,0.0,14.9794,15.183,25.5886,3.71251,27.9673,27.8493,24.6193,26.0398,27.7276,28.4475,27.6529,26.9649,25.0694,28.3238,29.1158,26.4491,23.5798,28.9183,17.1691,-1.01739,11.1329,22.301,-11.5143,15.4727,20.2588,26.8263,12.6253,25.6062,22.8305,25.1796,21.1101,20.4191,28.1564,29.5976,27.4968,25.989,26.4963,27.3392,26.4807,28.1181,10.2082,13.3434,22.3156,10.0655,10.2409,7.2719,3.29236,13.5495,10.8911,18.4405,13.6786,11.3469,16.1012,8.13809,9.41272,12.5957,20.0412,12.6004,10.6905,16.99,12.1158,13.2184,14.9173,4.07442,10.7898,10.1028,3.18815,5.42479,16.7721,15.0545,9.59796,14.5046,13.0756,-1.68777,12.2755,13.9574,14.6173,11.0088,6.43852,17.3081,9.05777,12.8796,11.0809,20.5805,15.4588,26.5974,24.6155,21.9673,21.5877,24.3293,28.196,29.4668,29.7676,27.4621,24.9421,25.0929,25.1164,23.5758,25.7951,24.6133,23.3543,24.8984,22.9488,22.634,28.715,22.9943,19.0903,22.9802,6.19043
24.0844,13.2861,26.8924,8.73077,0.0,15.0111,14.7096,25.072,4.49103,27.7726,27.3316,24.156,25.274,27.2399,27.7937,27.6248,26.6689,24.5555,27.5081,28.0379,25.8947,23.9099,28.487,17.3967,-0.76252,11.3973,22.7796,-10.6399,15.8713,20.2574,26.6445,12.5129,25.3563,23.0538,25.8287,21.2538,21.0917,27.5177,29.3252,27.7163,26.4866,26.9852,27.3856,27.2288,27.9943,9.73446,13.0889,21.4502,9.09472,10.3923,6.98091,3.50335,13.9818,10.368,17.5819,12.3352,11.4469,16.2851,7.74837,8.67291,12.3178,20.3089,12.1836,9.43509,17.8912,10.6387,12.7433,16.4659,4.47306,10.7448,10.2032,3.73625,5.19421,16.2606,13.5723,7.91389,14.0422,11.1235,-0.568552,10.3684,11.7923,13.8858,12.5309,8.13468,18.6534,8.92743,13.2734,10.9113,21.0027,14.1407,26.5274,23.2364,23.2125,22.0633,24.0858,27.7442,29.2672,29.4214,27.2227,24.5948,25.0052,25.196,23.9457,25.7822,24.8826,23.6775,24.7074,22.567,22.4907,28.3539,21.8623,18.5051,21.7921,6.27216
24.2938,12.7837,26.8099,9.2714,0.0,15.771,15.7051,25.1829,5.56024,28.2486,27.4957,24.5989,25.4119,27.56,27.6936,28.0629,27.0103,25.0497,27.5047,28.4022,26.106,23.3257,29.0823,16.8616,-1.1498,11.3678,22.982,-10.4968,16.0368,20.3524,26.9926,12.7424,25.8797,23.083,26.6596,21.1733,21.5162,28.0265,29.7415,27.9296,26.8926,27.2949,27.8329,27.4176,28.1625,10.4462,12.6955,22.0586,9.92751,10.386,7.50418,3.63104,13.3445,10.6207,18.7564,13.9043,10.9131,16.4958,8.46353,9.60961,12.0995,20.5026,12.093,10.6003,16.8386,12.0781,13.7878,15.4367,4.33623,10.1306,10.1148,3.59149,5.07247,17.1897,15.4658,9.70326,15.0858,13.1896,-0.431662,12.5785,13.9611,15.2574,13.2102,8.05054,18.4257,9.01871,13.6357,11.5803,20.3307,14.9208,26.4091,24.0626,22.7664,22.3716,24.3036,27.893,29.3262,29.5504,27.4764,24.626,25.2092,24.2327,23.3222,25.4882,24.4339,23.3355,24.7709,22.2828,22.139,28.6983,22.1129,18.761,22.1429,6.31441
24.9194,13.2286,27.0125,8.64111,0.0,15.317,15.5998,25.3875,4.13378,28.9339,27.7081,25.38,25.6651,27.8678,28.2496,27.9571,27.6857,25.6983,28.0583,28.9085,26.3834,23.6439,29.0654,17.3966,-0.0755569,11.0396,22.0109,-10.417,15.6262,20.6134,27.5908,12.5539,26.2394,23.3559,26.4206,21.823,20.6979,28.8672,30.7394,28.1814,27.1494,27.5713,27.8535,27.8075,28.1949,9.496,12.7353,21.7748,9.44718,10.6237,9.25832,5.97269,13.1328,10.4713,17.4465,12.8602,11.8151,15.4664,9.51694,10.0728,11.9455,19.8414,12.0808,10.3879,17.5256,11.3592,12.384,15.0267,5.85831,11.0432,9.42143,4.46714,4.84802,15.9564,13.3006,9.78854,13.7166,11.5704,-0.550531,11.6159,12.4205,13.6426,11.4881,6.50978,18.2234,8.87497,13.0873,11.0796,21.4414,14.3887,27.0594,24.4277,22.4768,21.6118,24.7574,28.3862,29.9373,30.1096,27.8245,25.1584,25.1496,25.1773,23.8713,25.6643,25.1585,23.8012,24.9796,23.4859,23.8325,28.9975,24.7329,20.1242,23.637,6.15242
23.5645,13.6405,26.8069,8.78721,0.0,15.4001,15.0034,24.9971,4.49014,27.3836,27.4101,24.7903,25.6282,27.1554,27.9168,27.4959,26.6411,24.8239,27.6397,28.7449,25.9287,24.2066,28.2555,17.8788,-1.34126,11.7006,22.7605,-10.8704,15.7583,19.5534,26.5403,12.6583,25.6439,22.7156,25.5314,20.885,20.4262,28.0392,29.772,27.5899,26.5979,26.8215,27.3238,27.0357,27.9157,8.76305,11.8138,22.0343,8.47708,9.72236,7.06103,3.41075,12.348,9.36639,17.5948,12.137,10.942,15.1066,7.62039,8.424,10.8956,19.7031,11.3158,9.26962,17.6706,10.5096,11.7277,15.0529,3.99527,10.1318,8.46416,3.24092,4.4787,15.9654,13.9233,8.04099,13.0853,11.7902,-0.0746642,11.3019,12.994,13.5233,12.6262,7.96313,18.6521,9.01126,13.4071,11.1785,21.0859,14.8192,26.7269,23.6451,22.5754,21.0283,23.5771,27.8779,29.1744,29.2783,27.1505,24.9847,24.926,25.0527,23.5319,25.6096,24.6942,23.9474,24.8076,22.6603,22.5431,28.4534,22.884,19.0005,22.5092,6.31992
24.3771,13.7336,26.465,8.85289,0.0,15.2533,14.8686,25.3857,4.50264,28.3009,27.5313,26.0801,25.7154,27.6176,27.8864,28.257,27.5084,25.9619,27.5503,28.6575,26.4188,23.5685,28.8287,17.3703,-0.0745079,11.2412,22.5509,-10.3177,15.2361,20.176,27.1865,12.5139,26.1807,23.299,25.7856,21.5626,20.2419,28.6343,29.8516,27.921,26.4119,27.1194,27.7076,27.1517,28.1876,9.62944,12.1567,22.1111,9.41093,10.6946,8.92374,6.19482,12.6345,10.2051,17.8768,12.8365,11.5811,15.4057,9.21387,9.88244,11.5182,19.5561,11.6808,10.3653,16.4779,11.3275,12.6397,14.58,6.20282,10.6449,9.18577,5.1635,5.59098,16.2426,13.9542,9.40489,13.8502,11.952,-0.269606,11.5846,12.8995,13.8467,12.5168,8.18049,18.418,8.50333,12.9651,10.9905,20.7259,14.3897,26.644,24.1143,21.8833,21.3109,23.9239,27.7109,29.1647,29.4364,27.2374,24.7517,24.9732,24.9006,23.3201,26.1879,24.7383,23.9924,24.6045,22.6864,22.8739,28.4945,23.5254,19.1481,22.421,6.24344
24.6086,13.1318,26.8884,8.59951,0.0,15.8741,15.778,25.2116,4.00255,28.1307,27.6776,25.8422,25.6676,27.6881,28.0467,28.2212,27.6381,25.712,27.792,29.6108,27.0358,24.0297,29.4228,17.8569,-0.599898,10.9689,22.2758,-10.6108,15.2606,19.8303,27.3254,12.9885,26.6323,23.5258,24.8808,21.5241,19.5679,29.0976,30.4173,28.0896,27.3816,27.8525,28.0189,28.2058,28.2531,9.21316,12.5663,21.2396,9.03333,10.6649,7.75495,4.23423,12.9897,10.3278,17.0186,12.3557,11.2572,15.4141,8.38928,9.22991,11.9078,19.4098,12.0575,9.89773,16.7653,10.7803,12.127,15.1425,4.84873,10.6216,9.39637,3.87859,5.25802,15.5013,12.9945,8.78552,13.4353,11.2861,-0.898355,10.722,11.9711,13.2611,13.3196,8.03407,19.1376,9.00211,13.8455,11.0064,21.475,14.0514,26.6279,23.5892,22.6507,21.2656,24.0972,27.7149,29.365,29.5643,27.2975,24.9511,25.2213,25.203,23.7131,25.9667,25.1533,23.404,24.3896,23.2288,23.4361,28.5181,24.3253,19.4964,23.0617,6.03206
24.9172,12.6445,26.9384,9.32597,0.0,16.4622,15.5675,25.1108,5.41251,27.791,27.7952,25.0476,25.4548,28.0195,28.2055,28.4369,27.1422,25.2974,27.9064,29.6439,27.1129,24.2065,29.6737,17.6711,-0.688102,11.2939,23.3609,-11.4044,15.8233,20.6765,27.595,12.9386,26.4176,23.5266,26.1473,21.8874,20.8546,28.9201,30.3982,28.2575,27.449,27.7947,28.1302,28.0685,28.1409,11.0645,12.181,22.8158,10.6323,10.456,8.9784,5.18166,12.9106,10.6161,19.6427,15.0065,10.5643,16.6942,9.64818,10.5454,11.8834,20.5162,11.6016,11.4369,16.1203,13.192,14.4339,14.9981,4.99212,9.75037,10.1509,3.97398,5.02211,18.1559,16.5219,10.7667,15.7196,14.6037,0.520006,13.8699,15.3572,16.2564,12.9584,7.5255,18.4088,9.86363,14.0189,12.4674,21.4271,16.3968,27.4532,25.1881,22.3471,22.3675,24.6266,28.4049,30.189,30.2409,27.818,25.1798,25.7486,25.2571,24.4326,25.799,25.5299,23.9649,25.2985,23.6906,24.0778,29.3145,24.3794,20.1355,23.5577,6.11559
24.6858,12.8893,26.9101,9.00124,0.0,15.9518,14.5458,25.0445,4.97441,27.8088,27.6657,25.0814,25.5947,27.6367,27.94,28.4655,27.0389,25.2394,27.5311,28.2044,26.4203,23.9526,29.2616,17.62,-0.80289,11.7443,23.6783,-11.1422,15.8705,20.5394,27.4003,12.6819,26.2936,23.3184,26.6871,21.6477,20.7764,28.7891,30.3331,28.0854,27.0109,27.5028,27.7882,27.6809,28.1326,9.74109,12.188,21.9214,9.30068,9.81371,6.78811,3.43724,12.9367,10.1004,17.6268,13.0563,10.8554,15.7211,7.72553,8.79873,11.6681,19.8629,11.5352,9.88107,17.5565,11.4325,12.9088,15.4271,4.22861,10.0091,9.5627,3.43564,4.37311,16.0904,13.8928,8.42146,14.159,11.8226,-0.0129323,11.0658,12.3864,13.9792,13.5653,8.94044,19.038,9.77987,14.1407,11.8267,21.1646,14.7666,27.1443,24.2683,23.0406,21.8667,24.3734,28.5805,30.1565,30.482,27.7667,25.1941,25.7083,24.9636,24.2112,25.7757,25.0081,24.035,25.3959,23.414,23.0632,29.0892,23.2266,18.9206,22.5559,6.19555
24.6525,13.0553,26.7222,9.33047,0.0,15.5762,15.4863,25.3755,5.38883,27.8952,27.5951,24.9977,25.9831,27.5621,27.6585,28.3897,27.1642,25.3194,27.4319,29.2981,26.2291,23.279,28.7434,16.9561,-0.179646,10.9444,22.4531,-10.4834,15.6929,20.6166,27.2198,12.5299,26.2617,23.4747,25.8985,21.5847,20.7442,28.6384,29.884,28.1859,26.9409,27.5656,27.9088,27.6613,28.267,10.5028,12.8108,21.6573,10.2721,10.5786,8.03837,4.18508,13.5237,10.9379,17.6876,13.782,10.6622,16.4015,8.94443,10.2399,12.467,20.0902,12.0598,11.1652,17.2586,12.2575,13.4752,15.5921,4.71679,9.9632,10.4394,3.52371,4.56183,16.4293,13.8992,10.1052,14.7337,12.5073,-0.353937,12.5662,13.3415,14.3252,12.6559,7.18251,18.2359,9.62387,13.9447,11.8713,21.0944,14.7574,27.1579,24.0738,22.2479,21.5001,24.161,27.6136,29.375,29.3779,27.1292,25.0031,25.4515,25.0764,23.612,25.9925,24.6585,23.8856,25.1351,22.4841,22.2462,28.6299,22.142,18.7774,21.8722,6.42387
25.4087,13.0892,27.2374,9.32412,0.0,15.558,15.6764,26.2344,4.92709,28.921,27.8542,26.1217,27.0304,28.0433,28.4105,28.4622,27.9439,26.384,28.3137,30.8778,26.9656,23.2147,29.2044,16.9895,0.809304,11.335,22.3875,-10.8832,14.8388,20.8962,27.785,12.7126,26.669,23.6424,25.2565,21.9043,19.3174,29.3339,30.8666,28.3087,27.0173,27.6391,28.1841,27.5139,28.4304,9.69762,13.2844,21.7286,9.79485,11.0253,8.29623,4.13837,13.4273,11.0127,17.8503,13.2453,11.5715,15.8005,9.29029,10.48,12.5466,19.9121,12.7558,10.9755,16.789,11.6873,12.5226,14.9161,5.13427,10.9571,9.85479,4.00246,4.73124,16.2958,14.2764,10.5549,13.9048,12.7027,-0.865257,12.7769,13.8524,14.0992,11.6267,6.66693,17.7066,8.9562,13.4238,11.829,20.8469,15.2445,26.9785,24.7027,22.2629,21.1771,24.2135,28.1315,30.1709,29.9178,27.7152,24.993,25.1272,25.7025,23.9023,26.3278,25.0969,24.1831,24.6796,23.3406,23.1339,28.884,22.9593,19.5034,23.1338,6.30198
24.5719,13.3528,27.1168,9.41785,0.0,16.9266,16.2114,25.6341,5.07792,28.0785,27.6653,24.5812,25.802,27.6055,28.311,27.6458,26.8262,25.0475,27.8806,28.8309,25.8279,23.9853,28.8856,17.7821,-1.23597,11.5297,22.9569,-10.0043,15.8467,19.9368,26.6526,12.5473,25.3408,22.7555,26.2211,20.9237,20.9762,27.9736,29.6906,27.5602,26.4492,26.9134,27.2724,27.1482,28.1222,9.23922,11.7805,22.4313,8.93017,9.56624,7.3533,4.02518,12.6313,9.62715,17.8286,12.348,10.301,15.3894,8.07173,8.98928,11.0663,19.7587,11.1302,9.65835,17.521,10.7395,12.3552,15.7865,4.00615,9.53243,8.94855,2.96368,4.42187,16.1035,14.4417,8.91894,13.6346,12.025,0.253537,11.9797,13.2733,13.8315,13.3082,9.01802,19.2234,11.1357,15.1179,13.0603,21.4293,16.1366,26.6694,24.0819,23.0138,21.872,24.1019,27.9266,29.6279,29.6956,27.0533,24.8951,24.6819,24.6757,23.8501,25.6747,25.004,23.031,24.3051,22.81,23.3276,28.1169,24.2149,19.6827,22.8753,6.75754
23.9453,12.838,27.2113,8.97504,0.0,15.5765,15.3452,24.6312,4.92006,27.9183,27.6825,24.1471,25.4716,27.5568,28.1499,27.1697,26.8519,24.5535,28.0644,27.944,25.7904,24.1171,28.6534,18.1511,-0.815418,11.731,22.7337,-10.2197,15.9442,19.8881,26.5466,12.6114,25.2519,22.5294,25.7184,20.7526,20.8079,27.2961,29.2589,27.5446,25.6088,26.4677,27.3913,26.2417,27.7785,8.57575,12.11,22.1636,8.38488,10.4799,8.40607,5.04373,12.8661,9.50306,17.4323,11.7181,11.6357,15.0854,8.63719,9.12935,11.2296,19.3728,11.6008,9.44432,17.7708,10.2231,11.4312,15.6354,5.40599,10.699,8.90184,4.62149,5.26647,15.7456,13.246,8.71214,12.8003,11.0391,-0.368017,10.7662,12.1442,13.024,12.3473,8.37713,18.8446,9.18509,13.6168,11.1436,21.4996,14.6233,26.3259,23.8547,22.8619,21.2298,23.9054,27.3441,29.3142,29.1129,26.7168,24.6384,24.7989,24.3265,23.7437,25.0198,24.8288,23.1551,24.8336,22.5509,22.7341,28.0955,22.9025,19.0226,22.401,6.68325
24.1835,13.0942,27.1299,9.32403,0.0,16.1119,16.1389,25.3768,5.62444,27.9401,27.8291,24.7874,25.4244,28.0545,28.0376,28.6669,27.0076,25.3678,27.7332,28.0834,26.0419,23.3982,29.0802,17.0468,-0.378772,11.2319,22.4552,-11.1788,15.9342,21.4225,27.7802,13.1543,27.0461,23.8451,26.663,22.3461,20.3333,29.2277,30.3935,28.6179,27.2148,28.1338,28.4672,28.0376,28.1743,11.179,14.388,21.6922,11.2618,11.7625,9.93737,5.78134,14.952,12.2487,18.2631,14.5738,11.8853,17.0427,10.3837,11.2062,13.9453,20.1548,13.6317,12.0092,18.9826,13.1,14.3356,16.7563,6.18747,11.5283,11.4414,4.49573,4.20826,17.1759,14.963,10.9214,15.5586,13.3477,0.887764,12.9405,14.214,15.3044,12.7209,7.59515,18.114,8.32762,13.0648,10.9091,20.5923,14.4422,26.5115,23.4142,23.281,21.4291,24.0666,28.0819,29.4404,29.8419,27.3508,25.5704,25.8711,24.5689,23.5913,25.9591,25.028,24.1306,25.7284,23.2247,23.3799,28.6063,23.7624,19.6728,23.2771,6.06071
25.2963,12.3141,26.8807,9.0437,0.0,15.3168,15.3922,25.5857,4.3641,28.6828,27.8,25.8955,26.3642,27.8866,27.9338,29.0175,27.6894,26.0635,27.8718,30.1492,27.2587,23.7079,29.4635,17.4207,-0.500334,11.6174,22.6726,-11.2415,16.3193,21.2721,27.8557,13.224,26.8167,23.673,27.3153,22.0508,20.8011,29.4675,30.7742,28.3589,27.0025,27.9252,28.1861,27.9248,28.3905,9.29839,12.5435,22.1118,9.29212,10.5624,8.94052,6.1484,13.0822,10.2278,17.1575,12.5099,11.2673,15.3469,9.29529,9.96326,11.7456,19.3606,11.8492,10.3132,17.6936,11.0551,12.0948,15.2923,5.92113,10.5188,9.28219,4.78511,4.77845,15.7013,13.4893,10.0104,13.4229,11.9659,1.12462,12.5072,13.3484,13.3729,12.7848,7.20867,18.3422,9.96097,14.0267,12.2955,20.7933,15.4441,27.2375,24.5498,22.4588,20.7897,23.9206,28.738,29.3406,30.1026,28.0803,25.8883,26.3116,25.3161,23.7253,26.3273,24.9201,24.5995,26.0655,23.2065,22.6976,29.4431,24.9482,20.4282,24.169,6.33809
24.982,13.1506,27.3667,9.03593,0.0,14.8338,14.9093,25.721,4.76975,28.9484,27.8663,26.0428,26.2016,27.873,28.2348,28.1858,27.9175,26.1275,27.9429,29.7331,27.1979,23.7711,29.4044,17.3489,-0.756945,12.1947,23.0304,-9.96978,15.5992,20.1352,27.6974,12.8304,26.6273,23.5699,25.6429,21.9134,20.4861,29.0802,30.8099,28.2836,27.1292,27.8664,28.1243,28.0674,28.2453,9.48744,12.727,21.8039,9.70659,10.8553,8.03994,4.24074,13.0205,10.7477,17.463,12.8033,10.8912,15.3114,8.70251,9.63061,12.1165,19.2289,12.277,10.4878,17.1218,11.3838,12.2794,14.9452,5.47256,10.4425,9.50724,4.33493,5.31887,16.0733,13.6247,8.99354,13.6106,11.7303,-0.16624,11.3021,12.3558,13.7159,11.4168,7.08632,18.0313,9.84538,14.0172,11.9397,21.2425,15.2062,27.0403,24.1276,22.4346,20.6933,23.8081,28.6759,29.8795,30.0632,27.8377,25.2067,25.3258,25.1098,24.3231,26.1093,25.3713,23.7211,24.9433,23.7226,24.0756,28.943,24.7535,20.2339,23.6623,6.8018
24.8691,13.4109,26.897,8.99238,0.0,15.7467,15.2867,25.9309,4.45159,28.6217,27.825,26.2315,26.6559,27.9271,28.3334,28.2152,28.0081,26.3633,28.1325,29.1744,26.1312,23.3341,29.1868,16.7328,-0.281307,12.0444,22.7115,-11.3229,16.1738,19.7888,26.7091,12.8539,25.8908,23.1115,25.7178,21.2555,20.7868,27.5729,29.2443,27.8649,26.6842,27.4141,27.7371,27.508,28.0451,10.2157,12.9944,21.9107,9.87541,10.57,7.74048,4.74424,13.8233,10.8783,17.7836,13.4666,10.6026,16.2411,8.4054,9.41492,12.6211,19.7522,12.299,10.5293,17.8835,11.9,13.3368,15.9633,5.47579,10.2958,10.6287,4.31819,4.74506,16.3991,13.8663,8.74527,14.595,12.1501,0.0559457,11.4341,12.757,14.225,11.7003,6.70605,17.0429,9.23209,12.9229,11.4487,20.6915,14.7525,27.1012,23.7759,22.6621,21.0849,23.8886,28.4001,29.5673,29.6573,27.747,25.3364,25.9629,25.4861,23.9387,25.8946,25.2279,24.0714,25.4956,23.2177,23.6733,29.1279,23.5334,19.507,22.8663,6.59796
24.8426,12.8815,27.1645,8.81115,0.0,14.5737,14.618,25.161,4.57121,27.9928,27.6363,24.9988,26.147,27.3065,28.1634,27.4834,27.1663,25.3497,27.8286,29.112,25.8678,24.044,28.7852,17.7436,0.220136,12.7049,22.6165,-10.222,15.7871,20.5529,27.2418,12.4213,25.8425,22.8158,27.3327,21.0948,20.8666,28.0435,29.9754,27.8243,26.5514,27.3555,27.5467,27.3402,27.8068,8.89301,12.1751,21.5972,8.64861,9.27521,6.4315,3.08004,12.9429,9.84425,17.5231,12.1132,10.5405,15.4836,7.25133,8.37691,11.4894,19.7377,11.4254,9.38864,17.3879,10.4212,11.8322,15.3861,3.52937,10.0006,9.3142,2.50879,4.44368,16.0472,13.3275,8.25427,13.2644,11.3529,-0.493803,10.9546,12.2229,13.3813,12.3492,7.65343,18.5254,9.47353,13.9729,11.6796,21.6279,14.6203,27.0454,23.6338,22.7609,21.3233,23.9499,28.1518,29.597,29.9351,27.4222,25.0472,25.2582,24.8352,24.3776,25.4821,25.3583,23.9809,24.8337,23.6141,24.1701,28.8409,24.3316,19.8014,23.2342,6.47217
24.9667,13.2858,27.0217,9.24896,0.0,15.1241,15.4238,25.2768,4.72885,28.0758,27.5098,25.042,26.2617,27.3199,28.1278,27.2927,27.5722,25.0945,27.5873,28.7371,26.8442,25.0023,29.1518,18.3768,-0.973485,11.3943,22.9336,-11.0449,15.1953,20.7489,27.3731,12.2738,25.5357,23.1583,26.6544,21.3168,19.8832,28.1855,30.1373,28.0159,26.9514,27.4263,27.5716,27.6272,28.1828,11.1553,12.8061,22.3441,10.4335,10.2515,7.95538,4.44055,13.4502,10.9942,19.0936,14.6948,11.2626,16.5859,8.67456,9.91486,12.4096,20.103,12.1048,11.0608,16.6166,12.7951,14.5134,14.9246,4.7942,10.44,10.3852,3.8002,4.81569,17.7756,15.8084,9.82902,15.7658,13.9223,0.419272,12.938,14.7554,15.9458,12.7176,8.52529,19.1044,10.614,14.8756,12.6852,21.9948,15.9335,27.6283,24.3664,22.184,22.021,24.3388,28.5621,30.0067,30.1161,27.6633,24.8497,25.6843,25.024,23.3005,25.8642,24.9632,23.8255,24.9754,22.4737,23.1887,29.0488,23.3214,19.5699,22.494,6.41828
24.5064,13.5827,26.8898,8.82574,0.0,14.5843,14.9808,25.129,4.70961,28.2897,27.6121,26.0439,26.2597,27.6165,28.0802,27.9939,27.7436,25.7899,27.828,30.2761,27.0197,23.4916,28.872,17.1123,-0.86538,10.5795,23.0346,-10.3303,16.2611,19.8146,27.0208,12.8614,25.6852,23.3095,25.6699,21.1796,20.9356,27.9917,30.0001,28.0581,27.1154,27.3191,27.8515,27.5151,28.1081,9.02814,11.5323,21.8164,8.87187,9.89578,7.72301,4.35605,11.9384,9.38553,17.7716,12.6929,10.7263,15.0456,8.35334,9.25473,10.6647,19.5288,10.9767,9.91192,16.505,11.0105,12.3209,14.2414,4.65548,9.86385,8.30754,3.60197,4.51096,16.0233,14.4457,8.80325,13.7017,12.0866,0.939242,12.0182,13.2784,13.9367,13.3586,7.33016,18.5409,10.0539,14.4872,12.6706,20.7017,15.6443,26.9746,24.2005,21.9357,20.9684,24.0779,27.7476,29.3423,29.6373,27.2988,24.8612,25.4057,25.27,23.7665,26.0472,25.1334,23.6564,24.8425,22.7111,23.5184,28.7634,23.4948,19.6401,22.6156,6.31271
25.1813,13.7675,27.1695,8.69296,0.0,14.9537,15.2026,25.4377,3.53255,28.768,27.7565,25.6541,25.9268,27.8775,28.0844,28.7981,27.5248,25.9921,27.9178,29.8548,26.548,23.5773,29.2542,17.6485,-0.294284,11.5622,22.8101,-10.289,16.392,20.8287,27.5753,13.2721,26.1547,23.5814,26.7576,21.6624,21.1907,28.2983,30.3897,28.3855,26.9747,27.5229,28.256,27.4531,28.1754,8.84425,12.2901,22.0132,8.74275,10.4161,8.2768,4.80206,12.7958,9.84726,17.1246,11.9068,11.7343,15.1161,8.9457,9.67476,11.4918,19.2386,11.6784,9.77787,17.1647,10.4053,11.6422,15.0795,5.13483,10.8164,9.0551,4.0146,5.16694,15.4386,13.2724,9.50527,13.0256,11.3441,-0.14346,11.6527,12.3178,13.0543,12.2474,7.82929,18.8989,9.56375,14.3049,12.1455,21.2371,14.6017,27.0573,24.6408,22.5869,21.2863,24.5884,28.322,29.9391,30.1612,27.893,25.5476,25.5395,25.5045,25.323,26.3188,26.2103,23.8454,25.7462,24.3811,25.4063,29.0393,25.7359,20.6146,23.8952,6.55523
25.0201,12.7633,27.0057,8.77736,0.0,16.1125,16.0029,25.7111,4.61646,28.8833,27.7899,25.4221,25.7888,27.9053,28.0403,28.3687,27.692,25.6985,27.8583,28.7843,26.2006,23.0632,29.2385,16.3693,-0.719631,10.979,22.7683,-10.6851,16.1809,20.4714,27.0174,12.7382,26.344,23.6122,26.9499,21.7014,21.6222,28.2962,29.835,28.1615,27.1795,27.4685,28.1769,27.6871,28.4938,10.2486,13.6055,21.2197,10.319,11.0303,9.2883,6.01335,14.6178,11.3652,17.58,13.0837,11.2245,16.2736,9.80762,10.6574,13.1602,19.8141,12.7298,11.1846,18.4964,11.8013,12.9386,16.7255,6.13677,10.9091,10.8167,4.77871,5.03965,16.3171,13.6618,10.369,14.2204,12.0784,0.115274,12.1821,12.8488,13.9232,11.8895,6.54069,17.3742,8.84613,12.6031,11.1245,20.1177,14.2193,26.6816,22.9527,23.6855,21.296,23.8726,27.8618,29.4119,29.6463,27.0958,24.7558,25.0839,25.1116,23.5326,26.0741,24.9317,23.1757,24.2407,22.6504,23.4035,28.0614,23.7865,19.8181,22.7561,6.29485
25.3482,12.7634,27.0237,9.1342,0.0,16.1483,15.928,25.3851,5.18466,28.4776,27.6994,25.1378,25.8199,27.9426,28.0915,28.3781,27.5994,25.2523,28.043,29.2666,26.6441,23.9147,29.2849,17.6072,-0.800403,11.6569,22.9154,-11.1592,16.0396,20.5874,27.2448,13.251,26.408,23.6053,26.2361,22.1132,20.9476,28.8489,30.3808,28.3887,27.177,27.7721,28.0973,27.8177,28.4469,9.49518,12.0969,22.2668,9.52659,10.6948,8.8216,4.93358,12.5008,10.2269,17.9228,13.1806,10.8944,15.1079,9.50804,10.5621,11.2361,19.4029,11.7001,10.8118,17.1176,11.5798,12.622,15.0707,5.56675,10.2107,8.81486,4.28771,4.81272,16.2598,14.7533,10.5046,13.889,12.944,0.544077,13.2942,14.2224,14.1334,13.5521,7.83701,18.9988,9.85158,14.5862,12.7261,21.0983,15.5936,27.2984,24.2787,22.7751,20.6735,23.8025,28.0544,29.9782,29.8922,27.4184,25.6239,25.6192,25.2094,24.682,26.1485,25.9436,24.2224,25.1853,23.9877,24.5743,28.876,24.7976,19.7314,23.4318,6.56158
25.3344,12.7978,27.101,9.08033,0.0,15.2976,15.0717,25.3847,4.38426,29.0717,27.7697,26.7208,26.7914,27.7357,28.1548,28.2452,28.3327,26.6118,27.8202,29.6577,26.7664,23.5712,29.0755,17.0042,-0.516578,11.4302,22.9149,-10.9202,16.323,21.4091,27.5909,13.4722,26.5119,23.8034,28.1195,21.8235,20.7327,28.889,30.4196,28.2439,27.0876,27.6601,28.1922,27.7345,28.2075,10.7571,12.7414,22.2104,10.5872,10.8518,8.78488,5.30029,13.412,11.0842,18.6411,14.3632,10.6756,16.7247,9.42733,10.3449,12.4529,20.3869,12.1235,11.3348,17.0027,12.7192,13.9118,15.8228,5.92984,10.2543,10.5503,4.52063,4.96402,17.4768,15.0164,10.3809,15.28,13.4069,0.616454,13.0349,14.3259,15.3562,12.319,6.72125,17.8127,8.97783,13.1876,11.7582,20.83,15.3016,27.3171,24.194,22.4888,22.5328,24.8613,28.825,29.6124,30.4016,27.9085,25.5335,25.8934,25.863,24.3839,25.8909,25.5154,24.2839,25.2395,23.8281,24.0097,29.1441,25.0013,20.2351,23.781,6.50494
24.7742,12.9475,26.9637,9.35993,0.0,15.0566,15.5314,25.7629,5.24437,28.6954,27.8892,26.2593,26.4089,28.0044,28.206,28.5165,28.0857,26.1012,28.2517,29.9917,26.7944,23.6906,29.3131,17.2675,0.4629,11.9913,22.7969,-10.7453,16.238,21.1642,27.8891,13.2976,26.6977,23.879,27.0738,22.0784,21.1017,29.2658,30.3162,28.5596,26.7156,28.0387,28.2925,27.6766,28.199,10.5763,13.0078,22.5308,10.5566,10.8898,8.7247,4.79127,13.3395,11.0992,18.7442,14.2242,10.971,16.4038,9.33654,10.3191,12.4692,20.1875,12.4471,11.2384,16.4832,12.5823,13.6709,15.0537,5.17544,10.5507,10.3344,4.02463,5.20895,17.1651,15.7051,10.4411,15.0188,13.7352,0.126557,13.4065,14.9453,15.2955,12.669,7.57348,18.2889,10.3237,14.6409,12.5311,20.8398,16.1117,26.9127,24.2979,22.2171,21.8615,24.105,28.6897,29.6164,29.9982,27.8873,25.5272,25.7221,25.613,24.8257,26.3401,25.7677,24.5305,25.6315,23.9197,24.228,29.0481,24.3081,19.9618,23.2473,6.81485
24.4812,13.8885,27.2493,9.27238,0.0,15.3268,15.575,26.013,5.03169,28.2813,27.8692,25.2686,26.0171,27.7377,28.5033,28.1702,27.3157,25.582,28.1303,29.392,27.1954,24.4275,28.9498,18.0447,-0.936381,11.8314,22.6905,-10.9971,15.7932,20.3464,27.0884,12.8164,25.4782,22.9751,26.1871,20.9037,20.3525,27.8843,29.7455,27.9519,26.6485,27.2334,27.6543,27.2024,28.005,10.0904,12.4182,21.9319,9.61062,10.1191,8.78358,4.91559,13.0695,10.3041,18.0203,13.4439,10.9635,15.877,9.28818,10.0484,11.7891,19.7282,11.7645,10.5579,17.2685,11.8078,13.2395,15.4993,4.99752,10.285,9.55085,3.84892,4.95867,16.5737,14.4276,9.99302,14.4925,12.7347,0.100605,12.3649,13.5675,14.385,13.0352,7.64163,18.6098,8.22571,12.9595,10.7674,21.0039,14.3069,26.686,23.3299,22.6727,20.8419,23.3663,28.2913,29.7601,29.793,27.3499,25.1606,24.8875,25.7462,25.4432,25.9012,25.9293,23.7913,24.7056,23.9599,24.1879,28.2585,24.0802,19.5958,22.9764,6.70435
23.9118,13.6142,27.2048,9.3805,0.0,16.272,16.7041,25.7529,5.75433,28.0184,27.8383,24.7033,25.4879,27.9158,28.5247,27.8659,26.8787,25.3038,28.3578,27.9847,26.4748,24.2,29.1191,17.5296,-1.49977,11.5077,22.6627,-11.5156,15.4525,20.2771,26.7532,12.5117,25.4454,22.9,26.2038,20.7594,19.8909,27.5644,29.1771,27.5658,26.5919,26.8236,27.4994,27.0673,28.0975,10.4419,13.0761,21.3856,10.1179,10.8259,8.34358,5.27545,13.7829,11.0153,17.7801,13.6046,11.2145,16.3719,8.82996,9.71215,12.5229,19.7303,12.3879,10.7225,17.4352,12.0172,13.5782,16.28,5.6716,10.6505,10.4005,4.47882,4.85768,16.5081,14.1323,9.53028,14.8893,12.4228,0.421872,12.0993,13.2629,14.4402,12.4872,7.5354,17.8052,8.03755,12.4426,10.7788,20.7804,14.2175,26.4983,23.0068,22.9669,21.4015,23.7349,28.0753,29.494,29.4682,27.094,24.7075,24.9985,25.127,24.0145,25.5887,25.1878,23.4598,24.7511,22.6352,23.1444,28.1709,22.8187,18.8249,22.228,6.51592
24.297,12.2839,27.0765,8.74529,0.0,14.7867,14.5894,24.9344,3.94336,27.2429,27.2728,24.4731,25.6246,27.0821,27.6785,27.2345,26.5775,24.6717,27.4207,28.9801,26.2455,23.7615,28.4697,17.2569,0.372658,11.5408,22.6918,-10.7397,16.1352,19.7723,26.5615,13.0279,25.4381,23.1103,26.1917,20.932,20.5731,27.5359,29.5348,27.7431,26.2543,26.9002,27.4318,26.7771,27.7594,9.85486,12.2464,21.9942,9.21957,9.11204,6.37914,2.38511,13.4175,10.0743,18.5308,13.446,10.7885,16.3995,7.46207,8.79925,11.8463,20.2436,11.3046,9.86767,17.5844,11.5606,13.051,15.5352,2.90373,9.844,10.2142,1.96503,4.69933,17.0133,14.7758,9.14476,14.5522,12.7059,-0.303669,12.2378,13.3383,14.7198,12.9971,7.43693,18.1678,8.86348,13.1194,11.5139,20.7754,15.2015,26.6449,24.1822,22.6091,21.9038,24.2545,27.904,29.4967,29.3693,27.3351,24.6752,25.1742,25.2765,23.268,25.9125,24.6566,23.0133,24.9565,22.4865,23.2387,28.5113,23.4982,18.9061,22.2059,6.80848
25.0475,12.9727,27.0343,8.76843,0.0,14.6239,14.6925,25.292,4.37295,29.1944,27.6167,26.5996,26.1799,27.6245,27.9856,27.7788,28.117,26.5416,27.8145,29.1347,25.9879,23.371,29.0548,16.8236,-0.147607,11.6303,22.8056,-10.3393,15.6053,19.932,27.3729,12.6318,26.296,23.5731,25.4977,21.738,20.4174,28.7965,29.9103,28.1296,27.2041,27.6895,27.9974,27.8292,28.1496,9.38309,12.2926,22.3112,9.44705,10.2738,8.14042,4.38443,12.5874,10.1854,18.2464,13.1016,10.8741,15.4915,8.82832,9.76143,11.6236,19.6449,11.7681,10.4664,16.3805,11.4294,12.3211,14.3086,4.72907,10.1744,9.16274,3.81157,4.72727,16.7222,14.822,9.57943,13.7999,12.8393,-0.282917,12.1189,13.7926,14.4158,11.4086,6.23286,17.4671,9.19048,12.8707,11.5568,20.8224,15.5732,26.7482,24.1875,21.8167,21.297,24.1212,28.1954,29.4519,29.6262,27.5779,25.2954,25.3733,25.2298,24.5024,25.7614,25.6054,23.3926,25.1138,23.7101,24.3778,28.7746,24.3179,19.9767,23.263,6.49581
25.1157,12.9377,26.8346,9.07579,0.0,15.2325,15.2041,24.821,4.6762,28.2686,27.5815,25.2378,26.1121,27.4377,27.7605,27.7156,27.1997,25.3652,27.6895,29.0085,26.1226,23.8845,29.1506,17.7699,0.526978,11.7779,22.7217,-10.6774,16.958,20.0645,27.0557,13.365,26.1508,23.5,25.5201,21.2999,22.4752,28.2898,29.805,28.0767,27.3676,27.4894,27.9477,27.9118,28.0877,10.2767,13.3759,22.2781,10.1733,10.8196,8.01016,3.84724,13.8489,11.0605,18.3007,13.5689,11.6739,16.1658,9.0404,10.278,12.758,19.9495,12.7091,10.9655,17.7993,12.1367,13.2161,15.7999,4.88665,10.9776,10.2156,3.75224,4.86865,16.766,14.631,10.1567,14.4909,12.7568,0.209286,12.4711,13.8016,14.4755,13.0829,8.42031,19.2326,10.0292,14.6685,12.0744,21.853,15.2957,27.1839,24.1819,22.5394,21.4398,23.9979,28.0825,29.733,29.603,27.4446,25.0621,25.6724,25.5076,24.1426,26.1256,25.1464,24.1218,24.9952,23.3887,23.7349,28.9288,23.769,19.285,22.6564,6.73943
25.5926,13.0049,27.3287,9.50898,0.0,15.7329,15.6727,25.8926,5.16288,29.4297,28.248,26.2783,26.4293,28.5872,28.6197,29.0631,28.2985,26.3696,28.4446,28.9876,27.5814,24.7108,29.8779,18.3073,1.31293,11.2721,22.628,-9.31726,16.0393,22.1356,28.8896,13.3407,27.7358,24.5243,26.765,23.1501,20.5625,30.3497,31.9358,29.0592,27.5644,28.5704,29.0579,28.5596,28.2824,9.77381,12.5232,22.3018,9.68172,10.8964,8.44873,5.25127,13.0148,10.5796,17.9839,13.1684,11.4432,15.7053,8.86971,9.65947,11.7367,19.8905,12.1822,10.5499,17.1234,11.5194,12.7592,15.1975,5.80109,10.7931,9.41263,4.7342,4.82295,16.4361,14.265,9.24011,14.1505,12.2535,-0.29649,11.4137,12.9004,14.3176,12.4177,7.8345,18.8455,9.59395,13.9974,11.8708,21.7854,15.3838,27.8099,24.8326,23.0744,22.5468,25.2779,29.0133,30.6588,30.8648,28.3655,26.048,26.215,26.0187,24.8572,26.246,25.8853,24.7528,26.1898,24.3826,24.3939,29.6984,24.9528,20.5388,24.1055,6.71582
24.9986,14.2276,27.5923,8.57421,0.0,15.3217,15.0168,25.4911,4.05729,28.0221,27.849,25.2037,25.408,27.5546,28.4207,27.6313,27.1578,25.367,28.2665,28.1988,26.0709,23.617,28.8101,17.512,-0.332917,12.6776,23.2551,-9.66633,15.7702,20.4184,27.1773,12.8241,25.4073,22.7193,25.8144,21.1128,20.0417,27.9313,29.9414,27.6762,26.0218,27.0375,27.255,26.945,28.1701,10.4801,12.3061,22.7821,9.89611,10.3787,7.59056,4.53854,13.055,10.2829,19.1244,14.057,11.3396,16.4311,8.32644,9.29077,11.631,20.5744,11.6788,10.4407,17.1436,12.1902,13.8761,15.2948,4.77915,10.3909,9.85792,3.80485,4.46496,17.7176,15.8353,9.04123,15.1707,13.553,0.13735,12.243,14.1393,15.6723,13.0083,7.88412,18.7787,10.2523,14.3678,12.4042,21.2044,16.2001,26.7032,24.7327,22.6141,22.8618,24.8385,27.4532,29.3992,29.4242,27.1001,24.9463,25.0314,25.2564,23.3394,25.825,24.5936,23.6846,24.6747,23.1431,23.1394,28.3498,24.4662,20.2585,23.28,7.1367
24.1499,13.4318,27.2708,8.91681,0.0,15.0427,15.0704,25.2159,4.36171,27.852,27.6429,24.9322,25.5081,27.5687,28.2826,27.4523,27.3089,24.8664,28.1237,27.9058,25.6752,24.5788,28.3401,18.5629,0.0349458,11.5327,22.7772,-9.80364,15.9247,19.4379,26.358,12.4646,25.1397,22.5242,25.64,20.6161,21.3431,27.0013,28.9094,27.2786,25.9842,26.3888,27.2722,26.6106,27.8209,10.2121,13.0221,22.0582,10.1342,10.7017,7.59281,3.90246,13.544,11.0433,18.4289,13.8397,11.7376,16.2981,8.56195,9.92082,12.5073,20.2565,12.4137,10.9546,16.9758,12.1659,13.2753,15.1485,4.60115,11.1616,10.2286,3.70575,4.80168,17.1937,14.3445,9.78726,14.6752,12.7031,-0.0997657,12.1767,13.3454,14.8287,12.5922,8.77316,19.0004,8.84097,13.4005,11.441,21.5739,14.6318,26.5536,23.8582,22.0968,21.3939,23.8326,27.4236,29.5829,29.2217,27.0531,24.8287,24.7675,24.5064,23.626,25.2379,24.8976,23.3832,24.5647,22.9128,23.0423,28.2035,23.6769,19.9107,23.0605,6.69503
