-1.71869,-0.926003,3.0266,6.63574,11.6566,18.8069,23.6746,26.2264,27.1213,26.7498,25.3852,22.0716,17.2675,10.3532,4.92599,0.820786,-0.858185,0.0
-1.71612,-0.8669,3.13886,6.70327,11.6372,18.6969,23.6416,26.3221,27.4014,27.1044,25.5735,22.243,17.2748,10.3028,4.75037,0.624309,-0.90844,0.0
-1.69999,-0.655206,3.1268,6.64605,11.6167,18.8365,23.6684,26.2738,26.979,26.7791,25.5417,22.2135,17.0697,10.3851,5.19375,1.05659,-0.747379,0.0
-1.70607,-0.711852,3.27636,6.48729,11.4571,18.8216,23.6845,26.1566,26.8744,26.555,25.3707,21.9532,17.1407,10.3635,4.51438,0.388569,-1.02519,0.0
-1.68694,-0.559884,3.10824,6.77221,11.7127,18.5022,23.5514,26.2806,27.2004,26.9178,25.3684,22.0391,17.2529,10.2574,4.71707,0.524638,-1.04643,0.0
-1.7085,-0.742294,3.60523,7.0458,11.6997,18.4313,23.6113,26.2989,27.1716,26.9898,25.6425,22.2625,17.2463,10.3632,4.80168,0.55922,-1.18894,0.0
-1.69628,-0.635816,3.39175,6.77342,11.7075,18.7395,23.6909,26.3077,27.1419,26.8081,25.3913,22.1904,17.3291,10.3274,4.59597,0.464962,-1.1682,0.0
-1.69131,-0.648062,3.5576,6.82378,11.5244,18.781,23.8275,26.4961,27.4923,27.1559,25.6301,22.1423,17.2458,10.4018,4.56335,0.321474,-1.20088,0.0
-1.69369,-0.551097,3.40472,7.268,12.0528,18.827,23.689,26.3941,27.0749,26.9147,25.7538,22.214,17.079,10.2513,4.7576,0.485342,-1.09553,0.0
-1.69909,-0.453025,3.37105,7.49103,11.8945,18.8777,23.7469,26.3773,27.2946,26.9255,25.4697,22.037,17.2133,10.2852,4.36539,0.155408,-1.39054,0.0
-1.69173,-0.551425,3.47508,7.68926,11.6661,18.4807,23.6609,26.3985,27.3327,27.1824,25.6494,22.0798,17.165,10.2389,4.31575,0.142957,-1.20157,0.0
-1.69798,-0.768758,3.22665,7.34361,11.8068,18.5968,23.7057,26.4753,27.1594,26.7766,25.4463,22.0708,17.1625,10.2221,4.43834,0.360228,-0.98181,0.0
-1.70576,-0.88449,3.07051,7.30291,11.7639,18.6846,23.6764,26.3309,27.2572,27.0551,25.6244,22.1492,17.1591,10.2942,4.87612,0.789515,-0.767556,0.0
-1.68409,-0.777061,3.4105,7.30799,11.5475,18.6366,23.657,26.3648,27.3152,27.1134,25.6673,22.1973,17.1032,10.3938,5.07994,0.916508,-0.728202,0.0
-1.71304,-0.768205,3.42373,6.97673,11.5946,18.5976,23.6854,26.4131,27.1875,26.8458,25.4643,22.1922,17.3649,10.292,4.55176,0.707326,-0.650705,0.0
-1.71497,-0.754783,3.37969,6.76811,11.7,18.7294,23.7252,26.3481,27.1855,26.8794,25.5383,22.1611,17.3715,10.4153,4.7997,0.994366,-0.246854,0.0
-1.71051,-0.602433,3.57578,6.95012,11.379,18.7578,23.8164,26.3466,27.312,26.9786,25.5706,22.1994,17.2768,10.4233,5.17915,1.37213,-0.259777,0.0
-1.70001,-0.589945,3.31348,7.12458,11.7498,18.5381,23.5761,26.3146,27.0311,26.8303,25.5358,22.2294,17.2714,10.5437,5.36616,1.47483,-0.22057,0.0
-1.71022,-0.790379,2.85538,6.90942,11.8878,18.6874,23.4582,26.2401,26.8713,26.5069,25.3335,22.1798,17.5,10.6974,5.25366,1.51412,-0.0114635,0.0
-1.67861,-0.70969,2.98606,6.39329,11.6774,18.8068,23.6467,26.2147,27.233,27.0412,25.5023,22.2417,17.5709,10.6106,5.2284,1.41808,-0.0895865,0.0
-1.69424,-0.67994,2.99005,6.60331,11.7422,18.4948,23.5954,26.3345,27.3585,27.1719,25.7321,22.3598,17.5699,10.6566,5.10609,1.19521,-0.28923,0.0
-1.68706,-0.672277,3.00232,6.51246,11.6213,18.3468,23.576,26.485,27.4878,27.3076,25.8335,22.3781,17.5176,10.5751,5.14671,1.20759,-0.216734,0.0
-1.71216,-0.737054,3.47347,6.78627,11.64,18.4283,23.5645,26.3485,27.1009,26.7943,25.5644,22.3213,17.5711,10.7276,5.21685,1.21724,-0.173692,0.0
-1.69476,-0.545666,3.21866,6.37596,11.7428,18.8783,23.591,26.3784,27.1388,26.68,25.4619,22.2981,17.6107,10.8052,5.26625,1.23829,-0.416169,0.0
-1.71681,-0.658388,2.91295,6.33697,11.5634,18.7724,23.7545,26.3448,27.2009,26.8899,25.563,22.3043,17.6421,10.9116,5.06886,0.957969,-0.563619,0.0
-1.70022,-0.670825,2.98034,6.61079,11.6697,18.6021,23.7211,26.3494,27.2767,27.0388,25.608,22.247,17.6328,10.865,5.13839,1.10359,-0.386425,0.0
-1.71177,-0.656659,3.1774,6.90882,11.4231,18.2009,23.5968,26.5723,27.8251,27.5993,25.963,22.3971,17.4347,10.7654,5.39322,1.19498,-0.528184,0.0
-1.70823,-0.713668,3.29757,7.06177,11.6779,18.5413,23.6693,26.5159,27.1673,27.0399,25.8042,22.3781,17.4655,10.6379,5.11005,1.12645,-0.548903,0.0
-1.6956,-0.678072,3.4174,6.93027,11.8612,18.9458,23.875,26.3447,26.9961,26.7698,25.5748,22.3427,17.5341,10.7618,4.8724,0.975992,-0.457065,0.0
-1.70539,-0.697046,3.70476,6.99336,11.4726,18.5294,23.7933,26.5006,27.4752,27.2192,25.7158,22.3639,17.5595,10.727,4.8187,0.939882,-0.472093,0.0
-1.70085,-0.78538,3.73912,7.52378,11.6624,18.5789,23.7044,26.4352,27.1966,27.0996,25.7527,22.3214,17.5791,10.6571,4.98471,0.954816,-0.565328,0.0
-1.70808,-0.782699,3.38279,6.90484,11.0855,18.5855,23.7823,26.4944,27.3447,26.9599,25.623,22.4177,17.5516,10.8228,4.92738,0.832695,-0.49769,0.0
-1.71105,-0.78609,3.52797,7.21862,11.2887,18.5391,23.798,26.4554,27.3444,27.0198,25.7007,22.383,17.4443,10.5528,4.91402,1.01306,-0.365039,0.0
-1.70398,-0.73221,3.48636,7.22003,11.3675,18.5618,23.8027,26.5976,27.5618,27.1942,25.6437,22.3414,17.5188,10.6491,4.82634,0.86508,-0.575479,0.0
-1.70089,-0.639881,3.42932,7.14309,11.2629,18.6194,23.7307,26.5547,27.4164,27.2903,25.9032,22.3701,17.6044,10.6096,4.8924,0.851419,-0.715925,0.0
-1.70524,-0.71974,3.80231,7.23575,11.954,19.0359,23.7428,26.3595,26.7505,26.3941,25.4325,22.3413,17.4754,10.6492,4.96316,0.915967,-0.77187,0.0
-1.70877,-0.768983,3.54573,7.13733,11.4701,18.6665,23.7605,26.3719,27.526,27.2689,25.7747,22.2839,17.2734,10.7372,5.36663,1.10455,-0.746337,0.0
-1.70649,-0.699191,3.46679,7.28047,11.8201,18.8355,23.7889,26.4689,27.1421,27.0169,25.8554,22.305,17.3196,10.5301,4.81611,0.54177,-1.05324,0.0
-1.71327,-0.613451,3.70449,7.21996,11.7205,18.6162,23.6511,26.2607,27.128,26.9346,25.6387,22.3388,17.2659,10.4537,5.03188,0.825849,-0.888951,0.0
-1.69633,-0.627323,3.54859,7.24036,11.7317,18.4625,23.5592,26.3681,27.2659,27.1038,25.7875,22.3216,17.2625,10.4633,4.98723,0.79254,-0.916798,0.0
-1.68526,-0.545718,3.6401,7.51932,11.8411,18.6053,23.6732,26.3381,27.2231,26.9397,25.6735,22.2513,17.3121,10.5509,4.89729,0.636601,-1.00741,0.0
-1.66664,-0.415889,3.66924,7.36914,11.8728,18.88,23.7772,26.4115,27.252,26.8375,25.5186,22.1799,17.383,10.5069,4.80592,0.505468,-1.02375,0.0
-1.68125,-0.434396,3.74925,7.35334,11.7127,18.7079,23.7273,26.4957,27.4904,27.2309,25.5978,22.2147,17.4554,10.4872,4.5204,0.32348,-1.07313,0.0
-1.69493,-0.517368,3.80685,7.43496,11.537,18.5452,23.7368,26.4277,27.1906,26.9909,25.703,22.2964,17.3363,10.4256,4.84779,0.65386,-0.917194,0.0
-1.69788,-0.593975,3.49214,7.24868,11.7371,18.9348,23.7181,26.3666,27.2419,26.9493,25.6001,22.2404,17.2988,10.6212,5.26327,0.978667,-0.687307,0.0
-1.69534,-0.433946,3.65964,7.4091,11.8303,18.7428,23.8413,26.4907,27.5626,27.4265,25.891,22.3234,17.251,10.4133,5.11388,0.862979,-0.802824,0.0
-1.70183,-0.659928,3.44374,7.1196,11.7067,18.8202,23.7483,26.3901,26.7229,26.4594,25.479,22.2049,17.3645,10.5404,5.14247,0.748755,-0.881593,0.0
-1.70664,-0.563966,3.55439,7.01137,11.7758,18.8781,23.8389,26.3543,27.2173,26.9086,25.4587,22.2035,17.5165,10.7255,5.0108,0.502156,-1.14748,0.0
-1.71664,-0.785605,3.61472,7.07168,11.3401,18.5224,23.8195,26.3896,27.3065,27.1465,25.673,22.2958,17.4398,10.4999,4.79683,0.329562,-1.30954,0.0
-1.70787,-0.753139,3.26532,6.79226,11.5698,18.7405,23.7724,26.3384,27.1556,26.9721,25.6543,22.2236,17.4411,10.548,4.77034,0.283962,-1.2966,0.0
-1.70553,-0.701007,3.27179,6.56418,11.4512,18.7489,23.8099,26.3877,27.2412,26.863,25.5819,22.2718,17.277,10.3621,4.98963,0.641568,-1.12936,0.0
-1.71118,-0.643115,3.35616,7.04366,11.4795,18.4217,23.5586,26.3683,27.1082,26.9066,25.7344,22.2526,17.2749,10.2493,4.76526,0.434902,-1.29376,0.0
-1.69133,-0.693379,3.09632,6.7335,11.4497,18.6633,23.6981,26.238,26.9902,26.6673,25.4088,22.1609,17.3369,10.2828,4.43323,0.283644,-1.34324,0.0
-1.7125,-0.69945,3.43002,7.1574,11.647,18.3315,23.4807,26.3371,27.2738,27.1061,25.6736,22.1472,17.1359,10.2912,4.6055,0.322461,-1.20061,0.0
-1.70442,-0.819784,3.15844,6.81153,11.4494,18.6409,23.5908,26.3557,27.1557,26.9573,25.6821,22.1905,17.2315,10.4859,4.70637,0.406529,-1.09852,0.0
-1.70564,-0.746826,3.28088,7.12199,11.6321,18.6465,23.6417,26.3001,27.198,26.9864,25.5207,22.1366,17.1481,10.1972,4.47938,0.411274,-0.93412,0.0
-1.71177,-0.646609,3.49925,7.30437,11.542,18.346,23.6323,26.4153,27.1773,26.9749,25.5418,22.1401,17.1883,10.2125,4.58791,0.50792,-0.947251,0.0
-1.6985,-0.653476,3.28618,6.99489,11.1826,18.3734,23.7782,26.5318,27.5282,27.197,25.5368,22.0832,17.2686,10.2718,4.69016,0.585682,-1.00355,0.0
-1.70597,-0.654946,3.42898,6.96629,11.4865,18.4801,23.6924,26.4697,27.1786,26.8604,25.6896,22.2126,17.178,10.2171,4.89757,0.857629,-0.925073,0.0
-1.71049,-0.773757,3.03187,6.61463,11.4837,18.7833,23.8851,26.4113,26.9387,26.3952,25.3033,22.0572,17.2577,10.2475,4.34332,0.370609,-1.04042,0.0
-1.70827,-0.835887,3.29345,6.68219,11.5684,18.5951,23.7483,26.3617,27.246,26.9846,25.495,21.9934,17.1911,10.3066,4.60301,0.502984,-0.895975,0.0
-1.69436,-0.616599,3.46342,6.93827,11.5807,18.831,23.9096,26.5304,27.5233,27.3401,25.7932,22.204,17.2812,10.5086,4.49868,0.356502,-0.94771,0.0
-1.71066,-0.71711,3.68037,7.24184,11.6272,18.558,23.6844,26.4527,27.3854,27.1398,25.6646,22.2818,17.2152,10.3946,4.99695,0.903707,-0.789067,0.0
-1.71519,-0.761528,3.46042,7.39977,11.7595,18.8437,23.762,26.4025,27.1146,26.8707,25.5845,22.2258,17.371,10.286,4.46666,0.535274,-0.959778,0.0
-1.70156,-0.62741,3.35346,7.27305,11.7091,18.6399,23.7491,26.2763,26.9407,26.5689,25.3474,22.2447,17.4303,10.3149,4.51493,0.650676,-0.794945,0.0
-1.68244,-0.591623,3.50267,7.70897,11.6924,18.4697,23.6421,26.3598,27.2563,27.1041,25.7954,22.3399,17.2544,10.3514,4.89238,0.900268,-0.555531,0.0
-1.70566,-0.698811,3.44879,7.44477,11.6486,18.5894,23.5549,26.3718,27.3767,27.1415,25.7294,22.268,17.1226,10.4494,5.10724,1.06856,-0.500879,0.0
-1.72195,-0.847631,3.83504,7.42623,11.4617,18.5567,23.6515,26.4128,27.2825,26.9353,25.6384,22.2165,17.1884,10.3559,5.06854,1.02739,-0.669694,0.0
-1.70672,-0.579671,3.66919,7.51912,11.8361,18.7508,23.6172,26.3127,27.1565,26.8555,25.5014,22.0275,17.235,10.4805,4.6569,0.514575,-0.832047,0.0
-1.70888,-0.608695,3.66004,7.35493,11.644,18.5896,23.71,26.2703,27.0778,26.8204,25.5587,22.1557,17.2727,10.4426,4.7165,0.720414,-0.711236,0.0
-1.6866,-0.501179,3.56693,7.56973,11.7627,18.4671,23.5647,26.3339,27.2846,27.0434,25.6082,22.1656,17.3545,10.5588,4.7073,0.882371,-0.450937,0.0
-1.68359,-0.466914,3.6286,7.78899,11.9205,18.5335,23.5478,26.5125,27.24,26.9724,25.602,22.1777,17.4443,10.553,4.88181,0.967522,-0.470196,0.0
-1.70028,-0.5553,3.52901,7.11049,11.8368,18.8587,23.7879,26.3949,26.9521,26.635,25.4679,22.255,17.48,10.4702,4.8573,1.06872,-0.140675,0.0
-1.69951,-0.559486,3.45023,7.12551,11.9087,18.8065,23.6958,26.2621,26.8833,26.5928,25.3391,22.1788,17.5056,10.7012,4.95418,1.10123,-0.146074,0.0
-1.71419,-0.540771,3.40009,7.03088,11.7372,18.5446,23.6387,26.2806,27.3685,27.1561,25.6766,22.3355,17.464,10.6495,5.14194,1.20976,-0.102218,0.0
-1.70785,-0.637753,3.36514,7.02558,11.7958,18.5561,23.6262,26.4346,27.0889,27.0295,25.8164,22.3528,17.4939,10.557,4.78187,0.917591,-0.27714,0.0
-1.69409,-0.639379,3.25256,7.10287,11.5437,18.5793,23.7656,26.2669,26.9286,26.6535,25.5174,22.3046,17.6206,10.7313,4.82938,0.923482,-0.361808,0.0
-1.67054,-0.443373,3.50757,7.16626,11.3338,18.4879,23.9169,26.3974,27.4541,27.2113,25.6868,22.3143,17.6114,10.6807,4.84542,1.03051,-0.377545,0.0
-1.67798,-0.373564,3.4973,7.15089,11.7166,18.7278,23.7489,26.5063,27.3142,27.1199,25.7629,22.4638,17.615,10.7295,5.11196,1.0386,-0.294816,0.0
-1.70497,-0.429415,3.91574,7.29841,11.7699,18.9424,23.7744,26.5313,27.2024,26.9459,25.6431,22.4348,17.5902,10.7797,5.16305,1.0301,-0.451499,0.0
-1.70553,-0.46534,3.99206,7.53253,11.6564,18.6453,23.8008,26.5648,27.5214,27.2436,25.7965,22.4811,17.5882,10.8717,5.33055,1.26122,-0.365206,0.0
-1.71359,-0.594667,3.9001,7.7344,11.8423,18.5934,23.8649,26.7729,27.5777,27.349,25.9533,22.4681,17.5315,10.7073,5.18004,1.23762,-0.475449,0.0
-1.6897,-0.481391,3.83549,7.6186,11.9135,18.7516,23.7776,26.6828,27.5465,27.2489,25.8265,22.4501,17.7343,10.9499,4.98591,1.06041,-0.464652,0.0
-1.6793,-0.386311,3.76768,7.36592,11.9402,18.9181,23.8699,26.6248,27.3523,27.1966,25.9801,22.4893,17.6663,10.8429,5.11371,1.22692,-0.200226,0.0
-1.69196,-0.405407,3.90769,7.30321,11.9585,18.7781,23.8487,26.5476,27.4034,27.0175,25.6228,22.4186,17.5559,10.8073,5.28336,1.43665,-0.166125,0.0
-1.70838,-0.477863,4.0764,7.38038,11.7619,18.8179,23.8665,26.516,27.3592,26.944,25.596,22.3921,17.6353,10.9117,5.23149,1.22495,-0.455606,0.0
-1.69696,-0.359069,3.6728,7.04298,11.6408,18.9082,23.8664,26.4364,27.1071,26.709,25.5144,22.3514,17.6407,10.945,5.1005,0.975547,-0.550404,0.0
-1.69982,-0.530981,3.54744,6.96702,11.729,18.8495,23.9271,26.3652,27.0593,26.6453,25.5099,22.3413,17.5427,10.9356,5.51505,1.26064,-0.552217,0.0
-1.68809,-0.441695,3.64411,7.33407,11.6588,18.4592,23.7582,26.5538,27.6028,27.216,25.655,22.3529,17.6873,10.9012,5.38488,1.05162,-0.800614,0.0
-1.65085,-0.373944,3.69863,7.55094,11.6793,18.4655,23.6504,26.4899,27.4211,27.2054,25.8162,22.5829,17.554,10.843,5.47092,1.05395,-0.7484,0.0
-1.69576,-0.594339,3.71029,7.27303,12.0374,18.8788,23.7851,26.4838,27.1333,26.9085,25.6607,22.4125,17.5756,10.8985,5.21581,0.839064,-0.989002,0.0
-1.69361,-0.45721,3.67494,7.2973,11.6603,18.5925,23.8632,26.537,27.5807,27.3397,25.8209,22.3237,17.5936,10.8549,5.02246,0.652746,-0.960216,0.0
-1.68246,-0.415422,3.97604,7.59498,11.441,18.6586,23.7851,26.5295,27.2459,27.0302,25.8682,22.4267,17.5508,10.56,4.7899,0.572849,-1.15323,0.0
-1.66892,-0.579117,3.54415,7.27152,11.5695,18.9572,23.921,26.3234,26.9296,26.5339,25.399,22.2717,17.5243,10.6499,4.56372,0.281669,-1.31285,0.0
-1.68809,-0.516244,3.59862,7.45883,11.6056,18.7536,23.9187,26.3651,27.1794,26.8636,25.6047,22.3013,17.4697,10.5976,4.57246,0.252437,-1.25462,0.0
-1.702,-0.752154,3.50834,7.62341,12.0325,18.7859,23.6711,26.3551,27.301,26.8986,25.5058,22.1844,17.4971,10.6552,4.55938,0.227503,-1.23108,0.0
-1.70089,-0.683399,3.32658,7.32997,11.7468,18.7263,23.6857,26.3732,27.3839,27.0677,25.4985,22.1349,17.3764,10.5468,4.77992,0.553074,-1.02302,0.0
-1.68461,-0.732902,3.58988,7.64214,11.8893,18.5926,23.7676,26.3966,27.3043,27.0538,25.5392,22.1102,17.3831,10.5731,5.05707,0.895077,-0.893953,0.0
-1.7108,-0.752465,3.70837,7.24961,11.5988,18.7011,23.7905,26.418,27.295,27.1196,25.7643,22.2652,17.4054,10.5113,4.69882,0.536452,-1.01574,0.0
-1.7189,-0.829798,3.73198,7.66453,11.7293,18.5424,23.7956,26.4597,27.4891,27.2011,25.6502,22.15,17.2923,10.46,4.50489,0.408854,-1.08926,0.0
-1.70139,-0.606031,3.56798,7.14903,11.8135,18.9286,23.7995,26.4231,27.086,26.8418,25.6597,22.2406,17.2193,10.3529,4.73909,0.718535,-0.887888,0.0
-1.70902,-0.590602,3.57806,7.03209,12.0009,19.1316,23.8739,26.3658,27.0153,26.6818,25.4363,22.1507,17.2794,10.4722,4.75488,0.628385,-0.86052,0.0
-1.70723,-0.496474,3.39587,6.6223,11.8729,19.0416,23.778,26.4684,27.4146,27.11,25.6496,22.2047,17.358,10.5117,4.76377,0.649943,-0.827836,0.0
-1.70216,-0.505018,3.5084,6.80652,11.9602,18.7424,23.7992,26.6104,27.6225,27.2284,25.6836,22.2356,17.2725,10.4298,4.9395,0.952141,-0.625484,0.0
-1.67307,-0.369949,3.79196,7.31732,11.7496,18.5164,23.8283,26.6306,27.4034,27.2031,25.8398,22.3471,17.3079,10.4155,5.17083,1.1163,-0.717614,0.0
-1.67298,-0.41236,3.80691,7.21322,11.7738,18.5644,23.6974,26.4966,27.0753,26.616,25.5169,22.2702,17.4703,10.6323,4.95376,0.81776,-0.966553,0.0
-1.69095,-0.49298,3.61188,7.01167,11.6676,18.6872,23.6673,26.415,27.3534,26.9724,25.5525,22.2547,17.5612,10.6275,4.88572,0.712198,-1.08532,0.0
-1.70122,-0.63867,3.62897,7.22272,11.6369,18.4085,23.6375,26.5589,27.3155,27.0964,25.7957,22.3048,17.2794,10.5512,4.90534,0.61154,-0.869232,0.0
-1.68788,-0.54212,3.61365,7.44283,11.8677,18.784,23.7769,26.5679,27.4325,27.023,25.601,22.2872,17.3031,10.5318,4.87442,0.650612,-0.879905,0.0
-1.70639,-0.53022,3.49575,7.51774,11.5226,18.6351,23.8116,26.4348,27.1537,26.8111,25.5842,22.2332,17.3074,10.5484,5.16515,0.95488,-0.696561,0.0
-1.70741,-0.716765,3.58316,7.28525,11.6149,18.81,23.8552,26.4261,27.3602,27.0632,25.6552,22.3425,17.3993,10.5131,4.82781,0.811232,-0.674175,0.0
-1.70695,-0.975696,3.40566,7.59526,11.8034,18.6275,23.7064,26.5352,27.4844,27.2759,25.7916,22.2833,17.3784,10.579,5.03429,0.885428,-0.648495,0.0
-1.70771,-1.01512,3.30075,7.51761,11.9693,18.6377,23.6864,26.5132,27.6374,27.3801,25.8424,22.4423,17.1262,10.3847,5.43105,1.1796,-0.565245,0.0
-1.70572,-0.875358,3.30653,7.33136,11.7003,18.625,23.7167,26.5144,27.2015,27.0888,25.9389,22.4469,17.3619,10.4333,4.91944,0.826645,-0.70171,0.0
-1.71643,-0.826287,3.24564,6.92137,11.7055,18.9691,23.7561,26.2638,26.9932,26.68,25.5539,22.223,17.3499,10.3999,4.62646,0.718535,-0.638782,0.0
-1.71321,-0.632045,2.88373,6.66509,11.6911,18.8494,23.7443,26.3759,27.3018,27.0452,25.6254,22.2083,17.2994,10.3486,4.89853,0.874952,-0.6575,0.0
-1.71428,-0.576436,3.0389,6.77254,11.9063,18.8181,23.7101,26.2335,26.9416,26.7738,25.616,22.2332,17.2811,10.4638,4.8457,0.93969,-0.47424,0.0
-1.6771,-0.38197,3.16895,6.43877,11.535,18.5697,23.6645,26.357,27.2762,26.9829,25.6133,22.2774,17.3526,10.4373,4.71628,0.968477,-0.327958,0.0
-1.67359,-0.253127,3.35693,6.35455,11.5018,18.5654,23.6059,26.4528,27.3622,27.1006,25.7427,22.247,17.3426,10.644,5.01837,1.08757,-0.380839,0.0
-1.66924,-0.352202,2.85717,6.43152,11.5606,18.4754,23.7022,26.4653,27.4147,27.1364,25.739,22.2194,17.3642,10.5601,4.86791,1.02908,-0.49721,0.0
-1.69378,-0.642337,2.99652,6.78756,11.5267,18.2942,23.6452,26.5659,27.7188,27.4712,25.7868,22.3274,17.4924,10.6453,4.99003,1.06445,-0.4273,0.0
-1.70689,-0.841992,2.96133,7.08491,11.4216,18.391,23.7249,26.5468,27.2976,27.2701,26.0414,22.5156,17.5261,10.4825,4.67426,0.884664,-0.284727,0.0
-1.68614,-0.833379,2.86108,7.03315,11.2788,18.6022,23.7171,26.365,27.1739,26.7817,25.5641,22.2199,17.4973,10.708,4.54059,0.668062,-0.561159,0.0
-1.71199,-1.04808,2.75261,7.26863,11.5137,18.6594,23.5889,26.3067,26.9911,26.6388,25.5271,22.2396,17.3909,10.5614,4.84276,1.06363,-0.359474,0.0
-1.71817,-1.24625,2.7501,6.89697,11.8174,18.7859,23.5723,26.2976,26.9199,26.537,25.3205,22.2111,17.487,10.6411,5.00569,1.22281,-0.432281,0.0
-1.72498,-1.26716,2.83134,7.04077,11.9635,18.771,23.6245,26.3122,27.1608,26.8256,25.3767,22.2087,17.5591,10.8189,5.35486,1.43177,-0.467549,0.0
-1.72722,-1.06586,2.70042,6.50975,11.7537,18.8505,23.6318,26.4055,27.2967,26.9949,25.5974,22.2802,17.6447,10.936,5.17545,1.278,-0.281809,0.0
-1.72771,-0.988928,3.06663,6.32088,11.2747,18.4576,23.6839,26.5039,27.406,27.1029,25.6391,22.259,17.5813,10.9274,5.41767,1.50046,0.108306,0.0
-1.72927,-0.889507,2.90477,6.58966,11.6323,18.2657,23.3436,26.3635,27.4959,27.2615,25.6676,22.4217,17.642,11.007,5.58232,1.56421,0.014779,0.0
-1.72724,-0.876413,3.10453,6.82619,11.3686,18.1527,23.5846,26.4213,27.3018,27.1918,25.8954,22.4885,17.6541,11.0053,5.27659,1.28567,-0.179382,0.0
-1.7071,-0.648616,3.26222,6.65966,11.3976,18.4274,23.638,26.3365,27.1117,26.8956,25.5978,22.3631,17.5542,10.8937,5.69668,1.65134,-0.0779139,0.0
-1.71459,-0.595463,3.31749,7.09782,11.6252,18.2626,23.4796,26.52,27.3666,27.1327,25.7732,22.4761,17.5522,10.7566,5.2958,1.35726,-0.287583,0.0
-1.70187,-0.484072,2.97943,6.87355,11.5088,18.608,23.6272,26.3249,26.658,26.4612,25.5261,22.3911,17.5936,10.8755,5.31504,1.35834,-0.313638,0.0
-1.7176,-0.74584,3.0489,7.0287,11.1342,18.3802,23.7659,26.3208,27.4544,27.258,25.6879,22.3747,17.6414,10.8128,5.20728,1.30838,-0.299068,0.0
-1.71241,-0.920052,2.89204,7.1613,11.22,18.4445,23.655,26.5055,27.1929,27.0732,25.975,22.4696,17.6316,10.8156,5.16805,1.09872,-0.392803,0.0
-1.72258,-1.18106,2.77938,6.77408,11.3091,18.871,23.7813,26.3507,26.9536,26.6006,25.4913,22.4039,17.7296,10.83,4.99835,0.983667,-0.384757,0.0
-1.72214,-1.07366,2.76548,7.20044,11.6664,18.6198,23.7393,26.5536,27.6316,27.3676,25.8393,22.3819,17.6038,10.9449,5.18196,1.02662,-0.49646,0.0
-1.71769,-0.955096,3.1226,7.39454,11.6969,18.7373,23.7937,26.5296,27.2026,27.0699,25.8274,22.4344,17.7265,10.9527,5.18811,1.00752,-0.585046,0.0
-1.712,-0.848911,3.13271,6.88711,11.6071,18.6632,23.8447,26.4022,27.1929,26.7894,25.4047,22.3438,17.7366,10.9073,5.2224,1.06563,-0.588402,0.0
-1.71676,-0.814733,3.17707,6.95875,11.532,18.3516,23.6861,26.5894,27.6453,27.2545,25.7694,22.4244,17.4917,10.8712,5.53556,1.26049,-0.693351,0.0
-1.70612,-0.854066,3.32977,7.32281,11.5093,18.3344,23.6265,26.5738,27.509,27.3174,25.7786,22.3623,17.6366,10.8898,5.19817,0.887562,-0.758572,0.0
-1.70589,-0.72076,3.12608,7.11019,11.5967,18.4515,23.5814,26.482,27.4701,27.1101,25.7128,22.3826,17.5631,10.9612,5.39576,0.953033,-0.809119,0.0
-1.70166,-0.781817,3.18015,7.01949,11.5997,18.584,23.6302,26.4549,27.2574,27.1424,25.8155,22.4335,17.4912,10.7603,5.23183,0.743755,-1.01614,0.0
-1.70379,-0.701907,3.35803,6.81294,11.6785,18.8619,23.7787,26.3695,26.9597,26.6987,25.6451,22.3281,17.4864,10.7409,5.08213,0.583995,-1.22796,0.0
-1.72365,-0.793164,3.43775,7.06197,11.7954,18.634,23.7113,26.5783,27.6647,27.2944,25.736,22.3126,17.3536,10.6384,4.98954,0.49082,-1.29647,0.0
-1.71651,-0.718373,3.41726,7.3301,11.7279,18.4051,23.7086,26.6992,27.722,27.4964,25.972,22.3053,17.3627,10.4869,4.94416,0.524415,-1.22143,0.0
-1.71013,-0.836682,3.19857,6.87896,11.3131,18.8127,23.8677,26.4063,26.8555,26.5825,25.6091,22.3243,17.4804,10.4229,4.43574,0.0913705,-1.36094,0.0
-1.72055,-0.958295,2.95705,6.65463,11.5129,18.9788,23.9069,26.4371,27.2372,26.8316,25.5104,22.2068,17.4739,10.432,4.27222,-0.0968266,-1.52213,0.0
-1.7202,-0.859099,3.36707,6.9721,11.7211,19.0161,23.8876,26.4229,27.0916,26.8002,25.5214,22.1123,17.3132,10.4273,4.62935,0.251832,-1.3643,0.0
-1.72151,-0.608643,3.59022,6.88794,11.5493,18.6784,23.7595,26.4831,27.6419,27.3434,25.6843,22.1371,17.3446,10.3764,4.33675,0.181457,-1.35425,0.0
-1.71329,-0.629641,3.34704,7.04084,11.4578,18.5668,23.8875,26.6089,27.5071,27.1233,25.7538,22.1763,17.2691,10.391,4.39528,0.2233,-1.27502,0.0
-1.71978,-0.752413,3.45203,6.92944,11.7968,18.7841,23.7511,26.5798,27.2762,26.8274,25.5039,22.1563,17.3342,10.408,4.52931,0.367839,-1.16797,0.0
-1.72289,-0.787421,3.16247,6.78635,11.5704,18.7451,23.7021,26.3676,27.3647,27.057,25.6296,22.2698,17.1845,10.225,4.66703,0.567882,-1.11279,0.0
-1.71465,-0.641853,3.25371,6.77395,11.6113,18.9399,23.718,26.3154,27.1997,27.0287,25.6565,22.2748,17.1981,10.3108,4.89368,0.658095,-1.20205,0.0
-1.69055,-0.524875,3.24334,7.0335,11.637,18.6997,23.6366,26.3932,27.3773,27.253,25.7654,22.3565,17.1693,10.2898,4.92565,0.668954,-1.12545,0.0
-1.67806,-0.415214,3.18806,6.86679,11.6612,18.9788,23.7948,26.3662,26.9458,26.7352,25.5718,22.2037,17.2212,10.2543,4.81038,0.589345,-1.11361,0.0
-1.69628,-0.522696,3.07717,6.79528,11.6372,18.7921,23.7331,26.4766,27.2372,26.8441,25.4051,22.1669,17.4356,10.4132,4.54544,0.28651,-1.35723,0.0
-1.69166,-0.610891,3.12431,7.15647,11.8853,18.8514,23.7835,26.384,27.1188,26.8824,25.6173,22.2189,17.1967,10.2471,4.77181,0.635709,-1.00941,0.0
-1.70116,-0.641783,3.22713,6.99313,11.7077,18.5732,23.64,26.2993,27.1836,26.9128,25.4411,22.0894,17.2486,10.3859,4.80536,0.534382,-1.22591,0.0
-1.70955,-0.748158,3.19197,6.78441,11.5946,18.7259,23.7068,26.3285,27.1502,27.1063,25.7404,22.2222,17.2856,10.4032,4.87732,0.623831,-1.158,0.0
-1.7012,-0.701889,3.29391,6.51576,11.3579,18.6314,23.7781,26.238,26.6912,26.3607,25.2883,22.1228,17.515,10.4652,4.44219,0.337492,-1.17284,0.0
-1.71829,-0.814006,3.09212,6.59076,11.2984,18.5137,23.6343,26.3675,27.34,27.0402,25.526,22.1505,17.3324,10.5909,4.70633,0.416751,-1.07596,0.0
-1.71361,-0.773048,3.24181,6.74497,11.4424,18.4204,23.6172,26.441,27.4723,27.3623,25.8693,22.3232,17.2177,10.6246,5.37697,1.24246,-0.50905,0.0
-1.70539,-0.621373,3.3073,6.72888,11.2737,18.7738,23.8738,26.3975,27.0436,26.81,25.6943,22.2544,17.3669,10.5497,5.02082,1.05054,-0.734518,0.0
-1.69909,-0.478157,3.48986,6.96961,11.5591,18.8405,23.7432,26.38,27.2572,26.8818,25.5733,22.2513,17.3543,10.4555,4.90814,0.968923,-0.875819,0.0
-1.70177,-0.356613,3.3863,7.13167,11.6803,18.7599,23.6605,26.3981,27.4298,27.2244,25.6675,22.2817,17.3826,10.484,5.2754,1.21508,-0.620043,0.0
-1.69555,-0.483519,3.42702,7.17788,11.6,18.8274,23.7937,26.4287,27.1851,26.9438,25.6072,22.2884,17.4269,10.449,5.13426,1.06506,-0.7158,0.0
-1.70654,-0.727592,3.40991,7.24088,11.8626,18.8437,23.7695,26.3425,26.9981,26.5626,25.3181,22.1017,17.411,10.6558,4.93212,0.74245,-0.883969,0.0
-1.69982,-0.759418,3.41365,7.55979,11.6633,18.6295,23.7507,26.382,27.4009,27.1833,25.6005,22.1629,17.3906,10.6985,5.1512,0.895459,-0.694915,0.0
-1.69696,-0.732089,3.4144,7.45639,11.8102,18.6951,23.726,26.4032,27.2021,27.1691,25.8995,22.3863,17.4021,10.5488,4.93178,0.800374,-0.751318,0.0
-1.71074,-0.873922,3.45473,7.17468,11.7705,18.7948,23.6652,26.3763,26.8992,26.6457,25.4969,22.2474,17.4396,10.5765,4.7779,0.789387,-0.716384,0.0
-1.7163,-0.877866,3.51479,7.57086,11.614,18.5532,23.6469,26.3957,27.412,27.1495,25.6118,22.265,17.4404,10.642,5.0989,1.17728,-0.566433,0.0
-1.71137,-0.548468,3.38905,7.39245,11.7491,18.6976,23.6232,26.4284,27.3256,27.0503,25.7236,22.2336,17.4216,10.6988,4.86538,0.961408,-0.532645,0.0
-1.71329,-0.610615,3.59891,7.55348,11.8766,18.5118,23.6502,26.476,27.3978,27.0663,25.684,22.2759,17.2516,10.7328,5.21098,1.14492,-0.4288,0.0
-1.68237,-0.612379,3.63001,7.35259,11.5838,18.5915,23.7465,26.4288,27.3833,27.2747,25.8329,22.3457,17.1964,10.6497,5.68597,1.63392,-0.170503,0.0
-1.69327,-0.654721,3.78712,7.26148,11.7357,18.5392,23.6445,26.41,27.1923,26.9252,25.6526,22.265,17.4985,10.7514,5.20438,1.11442,-0.463943,0.0
-1.69748,-0.590308,3.68085,7.1403,11.5834,18.7472,23.7737,26.2429,27.0399,26.7454,25.598,22.3473,17.412,10.6942,5.3004,1.23294,-0.4288,0.0
-1.70407,-0.549108,3.70684,7.40118,11.4286,18.2816,23.7255,26.361,27.2939,27.1145,25.6762,22.394,17.5133,10.7984,5.43109,1.36503,-0.2228,0.0
-1.70965,-0.57808,3.3695,7.10109,11.5148,18.5417,23.6584,26.399,27.0719,26.809,25.5696,22.3837,17.6891,10.8876,5.33395,1.27039,-0.392032,0.0
-1.70154,-0.68864,3.39357,7.58932,11.7034,18.4834,23.6465,26.3429,27.3495,27.1103,25.6487,22.3592,17.6334,10.9974,5.52856,1.32239,-0.488331,0.0
-1.69848,-0.61679,3.30901,7.82641,11.6952,18.2636,23.636,26.5507,27.452,27.3247,25.9326,22.463,17.4714,10.7421,5.48367,1.27259,-0.494355,0.0
-1.66047,-0.597815,3.35458,7.40742,11.6509,18.6649,23.7423,26.4337,27.166,26.9287,25.7353,22.4536,17.6354,10.7964,5.1647,1.04067,-0.489936,0.0
-1.6989,-0.786055,3.46096,7.37515,11.6157,18.5464,23.7637,26.5053,27.6132,27.3859,25.8136,22.4666,17.6947,10.8448,4.90183,0.808462,-0.668589,0.0
-1.70032,-0.715052,3.83555,7.79618,11.7697,18.645,23.8011,26.3424,27.1817,27.1694,25.9465,22.4282,17.5798,10.691,5.23868,1.06993,-0.520618,0.0
-1.69089,-0.546444,3.57019,7.35188,12.1149,19.2153,24.0211,26.3282,27.0824,26.7492,25.6065,22.4834,17.4829,10.7743,5.44554,1.24039,-0.324372,0.0
-1.70179,-0.516244,3.77466,7.38093,11.9689,18.8177,23.7191,26.5064,27.5014,27.1986,25.7451,22.3659,17.4007,10.6795,5.33412,1.08213,-0.552968,0.0
-1.68811,-0.484989,3.6843,7.35352,11.9123,18.9217,23.7792,26.6596,27.3913,27.117,25.8341,22.5307,17.4805,10.7163,5.26536,1.12763,-0.372668,0.0
-1.64941,-0.322002,3.77155,7.00815,11.7034,18.979,23.8983,26.4515,27.393,27.0346,25.7113,22.4063,17.4999,10.74,5.16328,1.09162,-0.429801,0.0
-1.65326,-0.390082,3.85833,7.36635,11.7906,18.6804,23.8506,26.6501,27.6113,27.3366,25.8867,22.4046,17.4313,10.668,5.07131,0.952205,-0.572936,0.0
-1.67995,-0.393265,3.57033,7.29147,11.9005,18.7501,23.7336,26.5233,27.3015,26.9173,25.6712,22.3055,17.5633,10.626,4.78541,0.813366,-0.575729,0.0
-1.69472,-0.534457,3.39857,7.00548,11.6738,18.9435,23.897,26.4631,27.1998,27.0292,25.6823,22.3361,17.6731,10.7735,4.63095,0.720446,-0.571456,0.0
-1.68014,-0.552014,3.30032,7.28027,11.6777,18.7729,23.8877,26.5898,27.5303,27.2515,25.7591,22.3877,17.5669,10.7254,4.84621,0.844,-0.630486,0.0
-1.67564,-0.642285,3.66967,7.63223,11.6571,18.6695,23.8348,26.5241,27.4023,27.0198,25.6374,22.3643,17.446,10.7777,5.39012,1.23851,-0.371438,0.0
-1.6803,-0.564346,3.64579,7.71091,11.8554,18.6947,23.822,26.599,27.3932,27.0681,25.6654,22.3258,17.6499,10.8149,5.05156,1.03191,-0.396055,0.0
-1.69785,-0.526708,3.5806,7.64994,11.6091,18.6999,23.8692,26.4647,27.4004,27.0716,25.7035,22.3988,17.6864,10.8132,4.97442,1.12432,-0.173129,0.0
-1.6775,-0.472068,3.63892,7.81955,12.1498,18.9881,23.7796,26.5751,27.4953,27.3289,25.9293,22.3421,17.4287,10.7268,5.12981,1.19049,-0.373147,0.0
-1.69162,-0.533402,3.49783,7.7672,12.3156,18.8494,23.7951,26.6091,27.5308,27.2677,25.8512,22.4304,17.461,10.7532,5.3528,1.34032,-0.421088,0.0
-1.69568,-0.554954,3.23836,7.39374,11.9768,18.6623,23.9606,26.7131,27.6786,27.369,25.8391,22.4157,17.4961,10.7966,5.16398,0.987424,-0.717843,0.0
-1.67334,-0.616184,3.33212,7.34356,11.8403,18.778,23.9416,26.6069,27.4308,27.3617,26.0244,22.4722,17.4897,10.6804,4.98557,0.897848,-0.624025,0.0
-1.70624,-0.741845,3.52334,7.05463,11.7502,18.7519,23.8865,26.5785,27.4646,27.0889,25.7455,22.342,17.5118,10.453,4.71179,0.832504,-0.608496,0.0
-1.7067,-0.881706,3.52273,7.10322,11.5694,18.6083,23.7889,26.6006,27.6629,27.4791,26.0509,22.372,17.3265,10.5441,5.07467,1.08834,-0.670423,0.0
-1.70699,-0.745909,3.49093,6.96312,11.7179,18.8749,23.8446,26.4845,27.0453,26.7416,25.6443,22.3217,17.3626,10.5141,5.09424,1.00074,-0.617813,0.0
-1.71655,-0.872729,3.29615,7.21711,11.844,18.7253,23.6229,26.356,27.3653,27.1043,25.6671,22.3269,17.5121,10.7561,5.24151,1.07063,-0.613957,0.0
-1.661,-0.507959,3.41424,7.31073,11.6501,18.6528,23.8074,26.5345,27.5854,27.4513,26.0394,22.4593,17.5503,10.6921,4.84066,0.718439,-0.935558,0.0
-1.69294,-0.492963,3.5523,7.00729,11.8578,19.0046,23.8077,26.4301,26.6658,26.4885,25.6022,22.3315,17.4349,10.5178,5.03831,0.934786,-0.744794,0.0
-1.7075,-0.536844,3.72436,7.36969,11.7345,18.4629,23.7105,26.4488,27.4472,27.2328,25.7023,22.288,17.3814,10.5914,5.04203,0.789069,-0.915756,0.0
-1.69524,-0.565989,3.66537,7.17335,11.7324,18.6984,23.6346,26.4777,27.2468,26.9925,25.6333,22.2783,17.5658,10.7205,5.07301,0.719299,-1.00459,0.0
-1.67145,-0.537536,3.65975,7.40448,11.7209,18.603,23.6514,26.4299,27.4228,27.1999,25.8611,22.412,17.4639,10.6689,5.06531,0.653605,-1.0088,0.0
-1.69032,-0.575191,3.77549,7.63737,11.842,18.597,23.8029,26.4805,27.2918,27.1315,25.7943,22.2571,17.5533,10.6679,4.69548,0.312685,-1.19117,0.0
-1.70949,-0.868906,3.50433,7.5359,11.6397,18.5276,23.8231,26.6769,27.5752,27.3484,25.917,22.4236,17.5626,10.6562,4.84932,0.554826,-0.912254,0.0
-1.7076,-0.925086,3.66633,7.71529,11.8868,18.8149,23.7353,26.5417,27.2241,26.9056,25.6963,22.3047,17.5267,10.6118,4.85496,0.507633,-1.06544,0.0
-1.70902,-0.897082,3.4036,7.60977,11.9847,18.7689,23.6788,26.4266,27.3493,27.196,25.7747,22.389,17.4677,10.5665,5.02793,0.681787,-1.06429,0.0
-1.71239,-0.927421,3.34397,7.35573,12.1706,18.811,23.6542,26.3457,27.2748,26.9972,25.6613,22.2946,17.3184,10.61,4.91206,0.651758,-1.0121,0.0
-1.72086,-0.834468,3.28634,7.31023,11.8349,18.5731,23.7398,26.5584,27.3677,27.0765,25.7097,22.2549,17.3892,10.5717,4.72407,0.53314,-1.07976,0.0
-1.72262,-0.853737,3.3864,7.06207,11.8977,18.8112,23.7231,26.4226,26.9347,26.5546,25.5076,22.2354,17.3941,10.5997,4.74424,0.430635,-1.14418,0.0
-1.71266,-0.741187,3.26896,6.73036,11.3591,18.4221,23.7459,26.4525,27.4364,27.1257,25.6956,22.3521,17.2913,10.4946,4.79302,0.475248,-1.0773,0.0
-1.71708,-0.634432,3.53974,6.8069,11.3649,18.5497,23.6277,26.3094,26.9991,26.7667,25.4954,22.2349,17.4517,10.6438,4.67986,0.420477,-1.13162,0.0
-1.71881,-0.701509,3.22756,6.52242,11.5171,18.8297,23.7119,26.2634,26.927,26.5847,25.2915,22.1977,17.5219,10.5412,4.41385,0.249507,-1.12384,0.0
-1.70371,-0.682431,2.9513,6.53485,11.3926,18.483,23.7016,26.3837,27.3964,27.2003,25.7174,22.2792,17.2661,10.4821,4.85504,0.630487,-0.788045,0.0
-1.6912,-0.644482,3.03257,6.75526,11.4908,18.5021,23.7621,26.456,27.2791,27.0802,25.8498,22.3655,17.1262,10.564,5.46662,1.17021,-0.614791,0.0
-1.70955,-0.757879,3.16333,6.8765,11.3184,18.5575,23.6302,26.4329,27.3212,26.9869,25.6863,22.2281,17.3235,10.6131,4.98778,0.68978,-1.05333,0.0
-1.71256,-0.960544,3.05984,7.19347,11.258,18.4242,23.7954,26.4266,27.3237,26.9714,25.5236,22.2692,17.4675,10.6913,4.93497,0.592242,-1.03265,0.0
-1.70971,-0.92512,3.25313,7.28845,11.2706,18.5656,23.7553,26.385,27.2628,27.1553,25.7067,22.2946,17.3771,10.6261,4.85993,0.49929,-1.11686,0.0
-1.71235,-0.757498,3.39234,7.58017,11.5049,18.2392,23.6375,26.4727,27.5322,27.3823,25.782,22.2739,17.3076,10.4806,4.97882,0.60947,-1.02925,0.0
-1.70936,-0.807814,3.45219,7.60658,11.5023,18.4539,23.6441,26.3655,27.1771,26.8821,25.5999,22.2325,17.3053,10.4709,4.65207,0.463434,-1.11719,0.0
-1.71877,-0.819195,3.26577,7.01718,11.5097,18.7008,23.6821,26.3305,27.0395,26.7985,25.4979,22.1385,17.3435,10.3596,4.65829,0.595108,-1.12234,0.0
-1.71187,-0.807745,3.54717,7.04557,11.6892,18.8124,23.7694,26.3778,26.9938,26.6066,25.4102,22.1335,17.4142,10.5463,4.82215,0.593548,-1.09781,0.0
-1.71061,-0.723043,3.64272,6.96214,11.5165,18.7879,23.7369,26.3256,27.2996,27.0156,25.6611,22.279,17.2515,10.5369,4.9731,0.83986,-0.724993,0.0
-1.71687,-0.657575,3.46066,7.23035,11.563,18.4098,23.668,26.5848,27.8985,27.6457,25.9033,22.3228,17.345,10.6605,4.92565,0.764645,-0.731204,0.0
-1.70243,-0.577007,3.48238,7.17556,11.6076,18.5417,23.7074,26.5334,27.0191,26.7314,25.5683,22.22,17.5135,10.5326,4.47781,0.395734,-0.980372,0.0
-1.69037,-0.456968,3.57643,7.13992,11.8326,18.7152,23.6196,26.232,26.7483,26.4391,25.3997,22.2273,17.4685,10.5082,4.34324,0.504003,-0.890806,0.0
-1.68156,-0.475078,3.68197,7.39857,11.6105,18.4587,23.7023,26.4217,27.5119,27.2719,25.7878,22.3414,17.257,10.5292,4.95106,1.03111,-0.581003,0.0
-1.69827,-0.426094,3.57715,7.45893,11.7115,18.3176,23.6512,26.6399,27.5008,27.3863,26.0415,22.4067,17.3228,10.5138,5.15724,1.2466,-0.249939,0.0
-1.68493,-0.525429,3.58223,7.39839,11.6094,18.3301,23.6822,26.4908,27.1647,26.795,25.7069,22.3734,17.3426,10.5013,5.26121,1.37455,-0.216859,0.0
-1.7075,-0.662955,3.4386,7.08758,11.529,18.6634,23.7576,26.434,27.3031,26.9929,25.6477,22.2179,17.3152,10.6553,5.23974,1.30357,-0.263758,0.0
-1.70444,-0.710019,3.36902,7.40953,11.5376,18.4783,23.6761,26.422,27.2383,27.1303,25.7496,22.2901,17.318,10.6049,5.37625,1.34401,-0.344862,0.0
-1.69764,-0.622549,3.20157,7.3957,11.8692,18.7833,23.7666,26.454,27.3531,27.0912,25.7328,22.3644,17.5371,10.6577,4.99842,1.00265,-0.354742,0.0
-1.70419,-0.652231,3.41841,7.24773,11.7549,18.6742,23.6868,26.4789,27.2092,26.9856,25.7184,22.3327,17.5202,10.627,4.81411,0.938098,-0.252169,0.0
-1.71078,-0.771422,3.4421,7.07465,11.7855,18.6326,23.6043,26.3123,27.2439,26.9482,25.613,22.3827,17.4169,10.6535,5.27559,1.31115,-0.276035,0.0
-1.71384,-0.755353,3.56086,7.13957,11.3768,18.2169,23.6279,26.5437,27.6072,27.5583,25.9779,22.436,17.2547,10.6509,5.71797,1.60246,-0.186156,0.0
-1.69465,-0.67629,3.79498,7.16922,11.3939,18.4404,23.5404,26.4791,27.2075,27.0243,25.7918,22.2503,17.4736,10.694,5.14613,1.05621,-0.520764,0.0
-1.71814,-0.741983,3.51126,6.77694,11.1012,18.7008,23.6859,26.2706,27.2357,26.9504,25.5974,22.2721,17.5527,10.8839,5.27787,1.22641,-0.219694,0.0
-1.70492,-0.485041,3.43106,6.92949,11.529,18.5269,23.7397,26.2784,27.2267,27.1377,25.866,22.4983,17.363,10.7349,5.55253,1.4576,0.133568,0.0
-1.69233,-0.448614,3.4067,7.18796,12.0766,18.7638,23.58,26.2442,27.2595,27.0112,25.6908,22.3939,17.5267,10.8454,5.47592,1.34589,-0.0926714,0.0
-1.66805,-0.365936,3.42435,7.16399,11.7885,18.7158,23.6522,26.4916,27.6902,27.4048,25.7762,22.3502,17.6167,10.8689,5.05718,0.949658,-0.32037,0.0
-1.63296,-0.452212,3.86539,7.19621,11.5652,18.71,23.806,26.5462,27.2458,26.9651,25.8024,22.4249,17.5537,10.7667,5.13445,1.03904,-0.375857,0.0
-1.69869,-0.672589,3.5994,7.40817,11.741,18.563,23.8634,26.5156,27.2108,26.967,25.7456,22.4268,17.4236,10.6015,5.35157,1.36207,-0.243957,0.0
-1.70147,-0.556026,3.78714,7.47355,11.7947,18.6022,23.7702,26.4707,27.4991,27.2216,25.7551,22.3732,17.5401,10.6393,5.08048,1.07987,-0.515261,0.0
-1.68614,-0.546548,4.0272,7.60587,11.5841,18.7059,23.7806,26.4088,27.2587,27.0175,25.6911,22.4045,17.5382,10.7325,5.0295,0.913515,-0.458315,0.0
-1.69848,-0.706854,3.92384,7.66443,11.6864,18.6418,23.7036,26.4671,27.2061,26.7924,25.5195,22.2857,17.6632,10.8054,5.00893,0.984144,-0.324956,0.0
-1.70528,-0.741412,3.64055,7.37105,11.5376,18.6157,23.7607,26.517,27.4019,27.0531,25.7361,22.4401,17.3827,10.6395,5.32238,1.3293,-0.320621,0.0
