22.1658,12.5322,25.357,5.31187,0.0,10.7937,9.56274,23.3186,-1.36568,27.67,26.9069,24.7147,23.5855,27.0621,28.4525,27.9291,26.9929,24.4871,27.5403,23.4446,23.0415,17.967,27.9457,11.5273,-4.69027,10.2322,21.0195,-15.8614,14.1542,17.4808,25.2475,12.6497,24.5007,23.3154,21.9908,20.384,18.3173,25.4307,26.2482,26.736,24.5449,25.7161,26.5351,24.6379,26.6927,7.46279,10.612,19.5124,8.39829,8.60649,5.55865,1.98833,11.6169,9.04187,14.6967,9.40521,10.9924,13.949,6.56665,7.10533,10.6067,20.0873,9.9422,8.30988,16.3444,8.23525,8.20329,13.7004,2.5226,10.0631,7.81659,2.28348,-0.389894,14.6757,10.1563,7.23672,10.7923,9.34073,-3.81141,8.91291,9.85935,10.6955,3.47563,3.05108,8.75952,6.08368,7.63049,8.82279,15.2972,10.7737,22.3665,21.3097,19.5745,18.8454,20.7704,27.3944,27.9322,26.799,26.5852,24.6352,23.2363,23.8379,22.0954,24.3448,22.787,22.5507,23.3138,21.4584,20.2273,26.3562,19.9383,16.8153,19.4538,6.75309
22.5614,11.5484,25.2345,5.67285,0.0,10.5934,10.8467,23.8624,-0.541949,28.2341,26.9305,25.2658,23.4506,27.2929,28.4654,28.2783,27.532,24.8382,27.6872,23.4058,22.8487,18.0215,28.3138,12.5753,-4.27774,10.0189,20.6018,-15.7535,14.2088,18.0661,25.7967,13.0357,24.9039,23.6027,22.2461,20.8053,18.179,25.7373,26.7245,27.4049,24.9165,26.3726,27.0982,25.3194,26.7099,8.11509,11.3785,19.2689,9.28329,9.15051,3.9425,1.59548,12.4405,9.81822,14.7317,10.3245,11.5397,13.8518,5.0969,6.23889,11.068,19.9167,10.5255,8.46303,16.5519,8.98806,8.85863,13.7618,3.08717,10.7346,8.78492,3.34637,0.971126,14.6115,10.0032,5.42364,11.2902,9.06245,-4.7858,7.89687,9.22528,11.2681,6.13342,5.021,12.4893,6.1882,9.09102,8.10085,16.8354,10.6534,22.8005,21.3411,19.2564,18.8552,20.5644,27.6632,28.4611,26.8536,26.5994,25.0756,23.6071,23.6026,22.0524,24.4418,22.9129,23.0611,23.8915,21.9828,20.6162,26.3683,20.9798,17.5685,20.6061,6.6338
23.1631,12.1207,25.5203,5.852,0.0,11.4031,11.4954,23.9825,-1.07206,28.2252,27.2165,25.3448,23.6202,27.3764,28.338,28.3482,27.4664,24.8686,27.7851,24.0409,22.9951,17.9999,28.3525,11.9323,-3.75341,9.46951,20.1612,-14.4744,14.294,17.9886,25.4574,13.1184,24.881,23.4552,22.0328,20.7407,18.3036,25.8265,26.7569,27.3012,25.3834,26.3102,27.0236,25.6157,26.7985,8.03526,11.0143,19.2347,8.56777,8.7288,5.10931,1.68554,12.4899,9.23626,15.9074,10.9028,10.8729,14.4176,6.26199,7.10841,10.8346,20.4162,10.3571,8.21455,16.389,9.06051,9.20721,13.9881,2.2436,10.1266,8.81922,2.35207,1.11316,15.7316,12.0981,6.8015,12.0825,10.1364,-5.08634,9.26643,10.3216,12.6622,5.42462,4.72508,11.2216,6.044,8.75081,8.42426,15.7555,11.1012,22.3515,22.1979,19.8935,19.4577,20.8999,27.9974,28.7853,27.165,26.9665,25.1748,23.7434,24.2088,22.8382,24.5697,23.7198,22.9386,23.8555,22.6048,21.8979,26.775,20.7004,17.2446,20.4057,6.83623
22.8235,11.921,25.4678,5.3104,0.0,10.762,10.6364,23.7889,-1.59626,28.2198,27.0846,25.0223,23.9759,27.2421,28.4689,28.1211,27.3364,24.7713,27.7272,23.7787,22.6446,17.9595,28.2593,12.6201,-3.91127,9.8771,20.7645,-15.4245,14.4671,18.1322,25.6916,13.0687,24.8357,23.3449,22.4381,20.6547,18.3475,25.8121,26.7774,27.3144,25.3536,26.2964,27.0792,25.4587,26.6837,8.2251,11.2201,19.8972,8.91996,8.35977,4.07575,0.978192,12.4252,9.61248,16.1866,10.9459,10.4345,14.5414,5.54088,6.70978,11.096,20.2841,10.551,8.5837,16.7578,9.18545,9.44652,14.2762,1.62185,9.82939,8.91127,1.43478,1.31412,15.7646,12.1917,6.98342,12.3055,10.7732,-4.51908,10.3025,11.2829,12.7512,6.30168,5.46754,13.247,8.00782,10.3636,10.099,16.9083,12.3944,23.1688,22.1717,20.284,19.1046,21.2022,27.9287,29.1442,27.2397,26.8992,25.1957,23.771,24.4661,23.2532,24.9109,24.2407,22.9874,23.7067,22.9014,22.1888,26.8384,21.7476,17.9916,20.5573,6.87978
22.8091,12.1696,25.3175,4.87819,0.0,10.8017,10.3333,23.0422,-0.787888,28.2423,26.9842,25.3276,23.7538,27.3528,28.4487,28.1547,27.8135,24.6053,27.7068,23.616,22.6443,16.9688,28.1602,10.7828,-4.78948,9.24796,20.9156,-14.5746,14.4265,17.3854,25.0726,12.6386,24.4685,22.6443,21.8868,20.069,18.1813,25.536,26.3577,26.4462,24.6962,25.6661,26.3385,24.9012,26.9333,7.73837,10.6363,19.521,7.82315,8.05423,3.81635,0.885347,12.5132,8.65631,15.5424,10.02,10.7543,14.7046,4.62299,5.32926,10.3463,20.5018,9.74254,7.20739,16.6582,8.05448,8.62597,14.8137,1.82718,9.91736,9.064,1.90379,2.34444,15.3709,10.454,5.10542,11.4837,9.16065,-4.34483,7.97505,9.2184,11.9151,5.63008,3.46438,11.2101,6.94557,8.93208,9.27025,15.6105,11.382,22.7657,21.5881,20.4307,19.576,21.1485,28.0324,28.9633,27.136,26.9362,24.9749,23.4869,24.3543,22.3745,24.7896,23.3905,22.6964,23.494,22.0115,21.1314,26.8218,20.8919,17.2639,20.3459,7.12092
22.9381,12.1087,25.3288,5.28083,0.0,10.3574,10.2614,22.4495,-0.552494,27.7001,27.014,24.6181,23.8786,27.1547,28.332,28.1885,27.1438,23.9635,27.6367,23.9964,23.182,18.1027,28.3533,11.691,-4.24994,10.9456,20.811,-15.9896,14.3932,17.7575,25.1841,12.5267,24.4939,23.0472,22.2038,20.2962,18.68,25.5783,26.1174,26.9682,24.6506,26.0866,26.5853,25.1183,26.5864,7.56484,10.6864,19.4593,8.93357,9.42621,5.6925,2.20622,11.402,9.31776,14.5855,10.6373,11.3277,13.4228,6.79289,7.82229,10.0316,19.0809,10.5584,9.22274,16.1282,9.22787,8.71346,13.1859,3.49973,10.2058,7.88391,2.93261,2.32679,14.5731,10.593,7.93195,11.3023,10.0564,-3.0366,9.90009,10.842,11.5076,5.96829,3.823,10.553,6.86896,8.92429,8.96866,15.9083,10.9466,22.6788,21.3486,18.9643,17.7722,20.2431,27.6119,28.2568,26.8644,26.741,25.0886,23.4858,24.0883,22.8009,24.5979,23.3886,22.8911,23.8318,22.1785,21.0527,26.727,19.9711,16.9733,19.8489,7.02539
22.4795,12.0348,25.4048,5.19731,0.0,11.0384,10.8792,23.8365,-1.53811,28.0248,27.0848,25.4202,23.8601,27.4007,28.6049,28.3483,27.5936,24.8773,27.8177,23.7209,23.4834,18.5382,28.583,12.3953,-3.7373,9.83009,21.1991,-15.5135,14.539,17.6132,25.3432,13.2747,24.9082,23.5119,21.7698,20.7428,18.4361,25.9618,26.9897,27.6447,25.614,26.8532,27.3637,25.9637,27.2492,7.05251,10.6036,19.4004,7.28292,7.91514,3.73811,0.89579,12.4478,8.60929,14.2858,8.89956,11.6938,13.9432,4.59727,5.39204,10.5938,19.9489,9.63519,7.08226,16.9864,7.27616,7.90767,14.4671,2.04881,10.4449,8.36627,2.00966,2.03793,14.438,9.11774,5.6078,10.6937,8.33961,-4.40004,7.58035,8.17484,10.6736,4.73765,4.45288,10.5873,6.51228,7.84559,8.14584,16.4461,10.666,23.3094,21.6399,20.0417,19.1988,21.0428,28.0888,28.7367,27.3747,26.8826,25.1562,23.8691,24.1703,22.7837,24.9615,23.4129,23.6478,24.2637,22.4788,21.0014,26.9456,20.3948,17.0998,20.3822,7.05937
22.6738,12.5702,25.5484,5.82859,0.0,11.2964,10.8078,23.1557,0.403693,28.312,27.0209,25.3733,23.9584,27.2926,28.5577,28.1177,27.6306,24.8895,27.7506,23.9336,23.2167,18.3456,28.4863,12.7176,-2.96519,11.1102,20.8814,-15.7338,14.4663,17.9793,25.6298,12.8576,24.7185,22.92,22.4387,20.4115,18.7262,25.6863,26.7834,26.9065,25.0383,26.0453,26.6585,25.1993,26.6978,8.81746,11.6874,19.8765,9.76977,8.8799,4.51001,0.908433,12.83,10.1834,16.3313,11.4414,11.2133,14.7885,5.89401,7.20392,11.653,20.5296,10.9347,9.14595,16.825,9.84989,9.80726,14.2428,2.26576,10.5869,9.17862,2.02649,1.06248,16.2025,12.5139,7.29718,12.4774,11.2838,-3.43052,10.0391,11.6318,13.0916,6.04906,5.15326,12.0114,6.72025,9.14525,9.08466,16.4743,12.0569,22.9356,22.5202,19.6934,18.7333,20.8963,27.8523,28.737,26.9661,26.6482,24.789,23.4308,24.3838,22.6024,25.215,23.6945,23.0695,23.4867,22.2237,21.7409,26.6205,20.6515,16.9519,19.927,7.08035
23.1798,12.2858,25.3959,6.11627,0.0,11.3844,11.2018,23.8742,0.549524,28.0097,26.9584,24.9069,23.6038,27.1104,28.1634,28.075,27.3077,24.6468,27.5111,23.7315,22.8764,17.9518,28.4349,12.4805,-3.01851,10.4649,21.0837,-15.0319,14.6779,18.3943,25.7061,13.0946,25.1119,23.6657,22.6727,20.8593,19.3147,26.1227,27.2602,27.1941,25.5675,26.2444,26.9897,25.6007,27.007,8.60157,11.1266,19.6832,9.01311,9.43293,5.71725,1.553,12.0962,9.82977,16.1544,11.0845,10.9205,14.8213,7.1962,8.05001,10.903,20.7135,10.6525,9.28891,16.0073,9.35565,9.85191,13.6598,2.81979,10.1437,8.95346,2.46459,0.741188,16.1018,11.878,7.78752,12.4687,10.5227,-3.4159,10.2307,10.733,12.8353,7.87087,5.82037,13.6156,7.3703,10.1541,9.42853,16.371,11.79,22.7985,22.647,19.5999,19.0694,21.0477,27.9802,28.2691,27.315,26.777,25.22,23.4101,24.316,23.121,25.2849,24.1655,23.0283,23.8595,23.1419,22.7384,26.6803,21.9808,17.6646,20.7235,6.76981
23.1311,12.3494,25.5394,5.50372,0.0,11.437,11.1819,24.0484,-0.360374,28.2689,27.132,25.3623,23.6447,27.5558,28.7955,28.3169,27.4914,25.0423,27.9304,23.2617,23.2866,18.4485,28.7491,12.5476,-2.48223,10.1756,20.7715,-15.0113,14.7335,18.27,25.7267,13.0432,25.2181,23.5002,22.4517,20.9703,18.3669,26.5174,27.3015,27.3942,25.2403,26.4334,27.1482,25.5121,26.7116,7.45782,10.8343,19.2189,8.18708,8.45767,3.99268,0.52926,12.5827,9.20731,15.2138,9.27458,11.5707,14.4134,5.17129,6.04245,10.6668,20.198,10.1063,7.82354,16.9492,7.80604,8.44672,14.7012,1.77406,10.3084,8.86982,1.74619,0.902753,14.9507,10.4932,5.76318,11.1456,8.88269,-4.26827,8.48258,9.49429,11.3846,5.1974,4.84682,12.1604,7.68865,9.8848,9.52667,16.6492,11.2953,23.09,21.9882,20.6897,19.6058,21.2765,28.2437,29.066,27.5406,26.9045,25.7456,24.0988,24.5366,22.9774,25.1972,24.2126,23.0326,24.3933,22.7742,22.0996,26.9358,22.0063,18.0838,20.9437,7.25961
22.7569,12.0655,25.318,5.23831,0.0,10.6166,10.5108,23.2557,-0.722654,27.5591,26.8888,24.8615,23.897,27.1959,28.4824,28.0401,26.9939,24.2997,27.5849,23.7236,22.7112,17.7033,28.3321,12.2532,-2.68451,10.064,20.8063,-14.6279,14.7687,18.2028,25.7265,12.7392,24.747,23.102,22.9223,20.4595,19.0726,25.5595,26.7568,27.1072,25.3506,26.1022,26.8334,25.4437,27.0024,7.3907,11.2918,20.0405,9.00268,8.75249,5.34815,1.42482,12.2305,9.60442,15.2627,9.982,11.0134,13.7557,6.44606,7.30504,11.0373,20.3485,10.5153,8.81308,16.8403,8.69356,8.33065,14.3015,2.20055,10.1062,8.03099,1.70109,-1.34101,14.7156,10.871,7.26641,11.0697,9.22945,-3.78836,9.78203,10.3533,11.2533,6.69233,5.37483,13.3245,7.8973,10.7239,10.435,16.652,12.1998,22.9588,22.3092,20.4257,18.8689,21.0496,27.1853,28.7925,26.9901,26.568,24.9021,23.686,24.1557,22.3528,24.925,23.0283,23.1002,23.512,21.9401,20.4699,26.7141,19.9838,17.1585,19.8441,6.46916
22.9925,11.5758,25.2321,5.00366,0.0,10.978,10.5033,23.6416,-1.33877,28.2082,27.0252,25.1183,23.7958,27.3414,28.7651,28.0775,27.414,24.827,27.7323,24.1529,23.355,18.1087,28.4666,12.1316,-3.23906,10.2356,21.0418,-15.4741,14.9961,18.2486,26.0135,13.2978,24.9212,23.6717,22.7433,20.844,18.9996,25.7944,26.9527,27.5676,25.6953,26.8381,27.142,25.97,27.1103,8.26411,11.7145,19.4914,9.34106,8.34165,5.18291,1.63678,13.0554,9.82629,15.4115,10.4264,11.2698,14.5215,6.32128,7.13356,11.6263,20.2917,10.7602,8.87936,17.2137,8.96864,9.17212,15.0483,1.90246,10.297,9.16778,1.41809,-2.03622,15.268,10.6986,7.05737,11.8576,9.59625,-3.11591,9.88029,10.425,12.0088,7.54045,4.93493,12.8916,8.0457,10.3184,10.238,16.5959,11.867,22.9583,21.9219,20.7808,19.1357,21.3693,27.7531,29.0013,27.2962,26.8364,25.1796,23.9144,24.316,23.0224,24.7216,23.8082,22.9856,23.9545,22.4983,21.4935,26.7633,21.3618,17.9658,20.5377,6.54712
23.0244,11.8317,25.3085,5.79036,0.0,11.2094,10.8338,23.6606,0.826915,28.2891,27.1113,25.1405,23.5877,27.4548,28.8943,28.2013,27.3237,24.8604,27.8494,23.9498,23.5048,18.602,28.6413,12.549,-4.29655,10.2269,20.7442,-15.9209,14.5769,18.1819,25.7084,13.0809,24.9713,23.3397,22.1803,20.7649,18.4994,26.245,27.18,27.4625,25.3146,26.6478,27.0456,25.7585,27.0143,8.06391,11.2647,19.5885,9.01426,9.06104,6.28552,2.23901,12.5699,9.69371,15.5343,10.9391,11.1016,14.5366,7.06633,7.88795,10.9275,20.5849,10.5733,9.33349,16.7288,9.44964,8.89043,14.1214,2.69927,10.4151,9.00634,1.81132,-0.92519,15.4346,11.3314,7.85518,11.7067,10.3512,-3.34988,9.6914,10.9959,12.1338,6.65369,5.83555,12.7916,6.13412,8.95653,8.50646,16.1323,11.1355,23.0161,22.6101,19.9651,19.491,21.5948,28.1093,29.1004,27.5246,26.9753,25.0518,23.9172,24.286,23.214,24.8502,24.2281,23.2797,23.8147,22.6319,22.0649,26.8607,21.1086,17.7185,20.6968,7.063
22.594,12.3363,25.5936,5.73123,0.0,11.4,10.4932,22.877,-0.838954,28.3813,27.1529,25.5239,24.2696,27.3558,28.4479,28.1927,27.603,24.9274,27.7648,24.3019,23.294,18.0953,28.1718,12.2347,-3.18856,11.1358,20.9146,-15.0391,14.6669,18.2122,25.6102,12.8706,24.885,23.3093,22.589,20.6405,18.8726,26.1593,27.1294,27.3394,25.1187,26.4719,26.9488,25.4322,27.0004,8.30091,11.3622,20.2013,9.83425,9.21554,4.70371,0.817549,12.5798,10.2409,16.5205,11.4007,10.9128,14.6677,6.19991,7.54568,11.5497,20.4785,10.6925,9.73213,16.6385,9.69837,9.60221,14.1653,2.21077,10.1578,8.58743,1.95711,-0.120918,16.2436,12.3782,7.74113,12.4542,11.3673,-3.43333,10.5836,12.1374,13.0648,7.46482,5.39464,13.4077,8.10584,10.6172,10.6492,16.8911,12.9472,23.2762,22.3216,19.7708,18.9638,20.8054,28.3333,28.6381,27.2289,27.0563,25.1935,23.7621,24.421,23.0027,24.6664,23.9458,22.9518,23.8977,22.571,21.9621,26.9289,20.3755,17.3416,20.3325,6.4774
23.0862,12.5111,25.6836,6.3253,0.0,11.8318,11.3408,23.3416,0.579378,28.4102,27.3349,25.1278,23.9219,27.4498,28.4904,28.3452,27.6065,24.7661,27.9211,24.3734,24.0102,18.4854,28.5342,12.4519,-3.80233,11.0229,21.1203,-16.0732,14.7966,18.6713,25.982,13.1371,25.1315,23.7182,23.3101,20.9961,18.5751,26.2689,27.3379,27.5451,24.7938,26.5326,27.2159,25.2058,27.0655,9.80708,12.1957,20.4343,10.7381,10.016,7.09484,2.82251,13.7366,10.8233,17.2947,13.2258,11.2567,15.6075,8.29903,9.19721,12.0926,20.9439,11.3655,10.8004,17.6661,11.5364,11.2676,15.0529,3.92309,10.7227,9.85467,3.00198,-0.355875,17.0147,13.5421,9.18148,13.8569,12.577,-3.38086,11.4532,13.0719,14.1907,6.65528,5.0969,12.3304,6.7657,9.11349,9.23774,16.4248,12.5117,23.1295,22.5782,20.4866,19.495,21.5862,28.3558,29.171,27.5589,27.254,25.5871,23.9218,25.0212,23.8775,25.2534,24.8662,23.4313,24.2478,23.4575,22.7538,27.1325,21.4386,18.1963,20.8574,6.41675
23.4648,12.5943,25.8851,6.02362,0.0,11.492,11.0925,23.6291,0.306155,28.9402,27.5422,25.685,23.9591,27.791,28.8477,28.735,27.9119,25.483,28.1127,23.6193,23.2315,18.4714,28.7193,12.774,-3.80098,10.2238,21.094,-14.7498,14.6276,18.0899,25.9594,13.1542,25.3301,23.6615,22.0653,21.064,18.8452,26.4716,27.8075,27.4021,24.9825,26.3861,27.2172,25.259,26.8791,8.75607,11.5254,20.6142,9.86282,9.03108,5.50451,0.672304,12.7274,10.2449,16.7167,10.8274,10.6376,15.128,7.00255,8.19763,11.4802,20.9529,10.8421,9.63813,16.4095,9.52267,9.84902,14.2932,1.50724,10.0248,9.04302,1.51953,1.90322,16.3329,12.0736,8.01159,12.4793,10.4021,-3.29731,10.9516,11.2321,12.7255,8.04528,5.66696,13.8543,8.50359,11.3845,11.1153,17.1508,12.882,23.4978,23.1283,20.5398,20.1512,22.1106,28.5253,29.138,27.8637,27.6959,25.635,24.0668,24.8361,23.7752,24.9024,24.6298,23.8444,24.4749,22.7595,22.0391,27.4164,21.4351,18.2781,21.0893,7.24573
23.173,13.6321,25.8307,5.24217,0.0,11.1974,10.6899,22.973,-0.61621,28.4343,27.4817,25.5487,24.1923,27.502,28.41,28.3839,27.652,25.128,27.8522,24.5349,23.6816,18.1859,28.916,12.0737,-3.47037,11.3868,21.6553,-15.5353,15.4586,18.1505,25.4583,13.5322,25.1053,23.5997,22.6736,20.8788,19.4564,26.0797,27.1504,27.4695,26.2777,27.0251,27.0372,26.2247,27.3986,9.76707,12.4209,19.8051,10.9673,10.0363,7.25728,2.80918,13.5356,11.079,15.7632,12.6847,11.4049,15.3243,8.62125,9.57559,12.3767,20.6564,11.6794,10.968,17.5645,11.0059,11.2116,15.2215,3.48327,10.8261,9.98053,2.92324,0.673777,15.8084,11.7077,9.75753,13.5238,11.4269,-2.2949,11.0775,11.5469,13.0951,7.86486,4.52119,12.6713,8.01676,10.7963,10.2664,16.3842,11.8614,23.0529,22.2773,20.296,18.8829,20.7472,28.3769,28.7067,27.3391,27.3286,25.3217,24.228,24.6356,24.0436,25.0977,24.6968,23.5082,24.1678,23.362,22.5578,27.2611,21.0237,17.1944,20.4618,6.88082
23.8504,12.4926,25.7588,6.33904,0.0,12.3465,11.4422,23.9181,0.9638,28.8579,27.61,25.8905,24.6124,27.9345,28.8515,28.5679,28.1669,25.4366,28.2701,24.5841,23.849,18.3474,29.2238,12.4322,-3.25074,11.0706,21.5403,-15.6772,14.776,18.697,26.8408,13.4918,25.7057,24.1877,22.5377,21.6935,18.6109,26.6509,28.2743,28.2805,26.212,27.3111,28.0481,26.4055,27.4782,9.80512,12.6975,19.9471,11.5136,10.7533,8.11059,4.18038,13.3471,11.585,15.9749,12.8066,11.9675,14.9878,9.20235,10.0213,12.5276,20.522,11.9452,11.4045,17.133,11.5404,10.8825,14.6092,4.69623,11.3872,9.68183,3.97849,1.44545,15.6825,12.2621,9.9436,13.3023,11.6035,-1.52268,11.5643,12.2981,13.1064,8.60058,6.11263,13.8266,8.10388,10.8353,10.047,16.973,12.1008,23.4644,22.3652,19.8598,19.5639,21.5513,28.6563,29.1008,27.7824,27.6489,25.9864,24.642,24.7681,23.4941,25.2266,24.3188,24.2278,24.823,23.1569,21.8968,27.5482,22.0977,18.3684,21.5079,6.73818
22.7295,12.7596,26.0143,6.58867,0.0,11.9789,11.9845,24.2065,1.19936,27.9634,27.3783,25.3716,24.4849,27.5182,28.7762,28.4935,27.3896,25.1622,27.9536,23.9524,23.1067,18.5846,28.5135,12.7916,-2.10894,10.5902,21.2662,-14.7128,14.9744,18.2411,25.9958,13.1398,25.0184,23.4039,22.5184,20.8207,19.0153,26.0714,27.3918,27.4127,25.4056,26.4559,27.1818,25.5199,27.0855,9.4686,12.2961,20.2823,10.6555,10.2149,6.82373,2.54466,13.3065,10.8723,16.5364,12.5918,11.4971,15.4292,7.92129,8.9251,12.1778,20.7496,11.7709,10.5906,16.9055,11.0666,10.8106,14.6831,3.30597,10.8911,9.82308,2.95976,3.04484,16.3143,12.6526,8.91058,13.3745,11.8916,-2.46931,11.6234,12.7393,13.4685,7.38166,5.23069,13.3229,8.58882,11.1814,11.1462,17.4215,12.8865,23.5938,22.9935,20.3484,19.7601,22.007,28.5431,29.2185,27.8419,27.59,25.5804,24.0494,25.0863,24.1647,25.4942,24.9309,23.7784,24.0942,23.5572,22.6916,27.4458,21.0794,17.3807,20.2162,7.41803
23.0695,12.8049,25.6954,6.12386,0.0,11.3282,11.5532,23.8336,0.425309,28.2752,27.3305,25.3804,24.1237,27.505,28.4002,28.6378,27.5493,25.1279,27.6929,23.9431,23.2295,18.1103,28.46,12.0579,-3.54115,11.3088,21.7142,-13.692,14.7573,17.8488,25.643,13.1692,25.0672,23.805,21.866,20.931,19.2109,25.8405,26.8769,27.3355,25.123,26.3837,27.2056,25.3774,27.236,9.70117,11.8715,20.394,11.0203,10.2353,7.64089,4.28465,13.0751,10.8102,16.797,13.2612,11.4064,15.246,8.74262,9.55505,11.9283,20.6724,11.2745,11.0234,17.0631,11.5562,10.9786,14.488,4.45491,10.7382,9.63946,3.85345,1.96845,16.7683,13.418,9.38837,13.671,12.6938,-2.04376,12.0611,13.4721,14.0862,7.08171,5.08485,12.7499,7.60655,10.4216,10.57,16.4728,12.8471,23.2926,22.5532,19.9429,19.0175,21.3584,28.4825,29.0172,27.6047,27.4872,25.6663,23.9941,24.9801,23.7018,24.8421,24.2494,23.8644,24.4314,23.172,21.9757,27.3281,21.3448,17.9498,20.9641,7.1962
23.4015,12.9748,25.934,6.15328,0.0,11.1565,10.7672,24.309,-0.238872,29.2959,27.6833,27.1099,24.7155,28.1416,29.3923,28.9492,28.5652,26.2669,28.4377,23.9168,22.9987,18.4426,28.9465,12.7844,-2.19778,11.5996,21.5837,-14.6833,14.7326,18.7754,26.795,13.5607,25.6394,24.1739,22.6399,21.6171,18.7982,26.4396,28.0086,28.2426,26.0304,27.4,27.9039,26.3494,27.5413,8.68843,11.9004,20.3411,9.96067,9.97762,6.73613,3.29347,13.0062,10.3894,16.1995,10.7548,12.0839,14.797,7.76627,8.44389,12.0184,20.7341,11.0761,9.63042,17.5823,9.58298,9.56509,14.581,4.1017,11.3077,9.30735,3.41225,1.40731,15.9857,11.4612,8.88133,12.1,10.3076,-1.85382,10.9703,11.47,12.2358,7.04283,5.40565,13.0995,8.0225,10.7081,10.4014,16.9572,12.3421,23.5815,22.4077,20.4095,19.4749,21.6239,28.6449,29.6133,28.1324,27.5712,26.1702,24.4609,24.7069,23.3014,25.1675,24.2185,23.7946,24.911,23.3431,22.4615,27.3757,22.0117,18.0322,21.1368,6.30188
22.8876,12.8706,25.9506,6.85103,0.0,12.1615,11.5664,24.2351,0.916762,28.3239,27.5201,25.8402,24.355,27.7136,28.8802,28.6724,27.8851,25.2874,28.2369,24.2983,23.458,18.7999,28.6239,13.0421,-2.5153,10.9383,21.5169,-13.0008,15.2255,18.5281,26.1493,13.3602,25.1385,23.5993,22.993,20.9482,19.5767,25.9636,27.1727,27.3119,25.3654,26.5246,26.9848,25.6204,27.2118,9.31233,11.7117,20.7057,10.4467,10.3969,7.7936,3.66039,13.131,10.7833,17.2704,12.257,11.6127,15.4135,8.88109,9.73071,11.6926,21.1587,11.2356,10.9396,17.3294,10.7703,10.4221,14.6531,3.88576,10.6027,9.71984,3.16304,-0.030737,16.7178,13.4859,9.80331,13.2026,12.1148,-1.29102,12.2259,13.4185,13.6495,9.20698,6.6519,14.8319,8.93645,11.7286,11.3386,17.62,13.5831,23.8398,22.9571,20.0479,19.8997,21.6278,28.6706,29.1525,27.714,27.8292,25.7636,24.4901,24.7193,24.0226,25.0395,24.7812,23.5353,24.6583,23.2933,22.9011,27.7679,21.5828,17.7151,20.9315,6.98561
23.6772,12.554,25.875,6.5811,0.0,11.9358,11.9639,24.2228,1.01564,29.0436,27.6136,26.0759,24.2894,27.7887,28.6154,28.7084,28.2657,25.6963,28.1139,24.0023,23.2538,17.6655,29.1777,12.1183,-2.0312,11.3869,21.6076,-13.263,14.9679,18.6098,26.5174,13.8018,25.7173,24.4011,22.7015,21.6083,18.9696,26.7895,28.322,28.1953,26.6387,27.2947,27.9283,26.7094,27.8396,9.34548,12.4363,19.9851,10.0755,10.0728,6.82769,2.76987,13.8659,10.7544,15.8689,12.1886,12.2831,15.5277,7.80702,8.64283,12.2496,20.6831,11.5107,10.0836,17.9183,10.581,10.6268,15.845,3.96666,11.5804,10.2874,3.57261,1.76565,15.946,11.9982,8.50721,13.1553,11.3286,-3.00675,10.7636,11.486,13.1479,8.1164,5.77796,13.561,7.45969,10.3925,9.70001,16.9112,11.8682,23.5689,21.6687,20.4921,19.835,21.7374,28.6805,29.3955,27.8255,27.4344,25.516,24.3077,24.725,23.7387,25.1588,24.6203,23.6311,24.4315,23.1496,22.2834,27.256,21.2524,18.4538,21.3512,7.35957
23.9112,12.6652,26.0354,7.10643,0.0,12.8173,12.7109,24.5015,2.08456,28.9276,27.7884,26.2972,24.4843,28.0655,29.2712,28.7935,28.5664,25.7497,28.4746,24.3628,23.7096,18.559,29.319,13.2972,-1.44403,11.4065,21.5329,-14.9494,14.6355,19.1938,27.2923,13.3778,25.7772,24.2019,23.701,21.7459,18.7698,26.8593,28.4136,28.2448,26.4007,27.127,28.0514,26.4347,27.6431,9.94879,12.7324,20.8493,11.0077,10.8266,8.20209,3.13613,13.6153,11.4191,17.3915,12.8123,12.3025,15.6991,9.43461,10.3683,12.2765,21.4355,12.1112,11.3681,17.6665,11.312,11.1599,15.5928,3.78032,11.6498,9.95568,3.04976,0.654269,16.8131,13.728,9.96704,13.7684,12.2379,-1.75938,12.3724,13.3668,13.886,9.91853,6.84223,14.9313,9.29133,11.9892,11.1658,17.8453,13.6231,23.983,22.2029,21.4379,20.666,22.4279,28.686,29.87,28.2507,27.5206,25.9662,24.544,25.2584,24.3005,25.2022,25.2531,23.9485,24.6293,23.7458,23.5403,27.1224,22.577,18.5171,21.3767,6.77644
23.0911,12.7547,25.812,7.37277,0.0,12.9236,12.7322,24.0769,2.00415,28.3583,27.4499,25.9771,24.4564,27.6294,28.701,28.512,28.1416,25.4145,27.9897,24.4119,23.6264,19.0481,28.8441,13.0953,-1.98666,11.889,21.7812,-14.8698,15.3761,18.9193,26.1623,13.1342,25.2548,23.6198,23.7688,21.036,20.0897,26.2116,27.2961,27.2863,25.5517,26.3857,27.1677,25.6846,27.3305,9.63072,12.5053,20.1211,10.6997,10.5991,8.02423,4.18547,13.812,11.1617,16.63,12.6566,11.1562,15.8884,8.98216,9.70327,12.5014,21.1428,11.8876,10.754,17.8369,10.8488,11.0454,15.5396,4.39738,10.7907,10.5286,3.72662,2.08142,16.5583,12.7813,9.61514,13.7018,11.8334,-2.00967,11.2551,12.3764,13.7535,6.68561,5.50005,12.6434,7.10763,9.63586,9.37865,17.1273,12.4368,23.978,22.4873,20.625,19.983,21.6921,28.5429,29.1499,27.7862,27.6123,25.8341,24.4978,25.1065,23.65,25.5047,24.6592,23.7002,24.5746,23.2922,22.8589,27.2864,21.9167,18.1368,20.7584,7.18215
23.6471,13.3733,25.864,6.59026,0.0,12.0392,11.7114,24.5346,1.31147,29.0426,27.6521,26.0167,24.3684,28.0084,29.1949,28.8166,28.2887,25.7317,28.3192,24.0317,23.4181,18.7824,28.9303,13.6088,-2.1081,11.0013,21.5219,-13.9189,15.0416,18.7408,26.6395,13.559,25.783,24.1731,22.9404,21.5924,19.2612,26.996,28.3076,27.9983,25.6875,26.9157,27.9026,25.9286,27.5221,8.09639,11.0316,20.9657,9.40216,9.47646,5.6863,1.83885,12.2765,9.78164,16.813,10.8624,10.9744,14.6458,6.89703,7.89465,10.6391,21.0129,10.6952,9.53765,16.8634,9.32642,9.1366,14.4293,2.64159,10.151,8.34101,2.54013,1.02668,16.1358,12.2779,7.85601,12.0577,10.8371,-3.11174,11.1482,12.154,12.77,8.3494,7.60605,15.2571,9.41329,12.3494,11.4349,18.1987,13.6248,24.1365,23.2174,20.3966,20.1744,22.1261,28.3923,29.682,27.7762,27.6758,25.9245,24.3393,24.828,24.0691,24.9962,24.9413,23.5138,24.5238,23.8845,23.4511,27.5426,22.5068,18.0613,21.0667,7.15484
23.7893,12.2881,25.7898,6.35882,0.0,11.3232,11.0703,23.2148,0.0117618,28.9178,27.6281,25.8854,24.0295,27.9798,29.2505,28.7548,28.1397,25.444,28.4158,24.2643,23.9481,18.916,28.7285,12.9988,-1.67286,11.3976,21.4164,-13.5365,15.269,18.9892,27.0969,13.6609,25.5811,23.9403,23.4358,21.3926,19.2322,26.7262,28.6386,27.7557,25.2816,26.8096,27.5609,25.6554,27.5057,8.83631,11.0883,20.7897,9.41712,8.69969,5.45162,1.42177,12.635,9.79303,17.1014,11.3021,10.7067,15.4769,6.74891,7.78145,10.947,21.5455,10.379,9.33656,16.9261,9.57123,9.81009,14.7016,2.00437,9.80332,9.38489,1.63208,0.027746,17.0265,12.1112,7.67281,12.496,10.9513,-3.3105,10.2461,11.0732,13.3735,6.72446,6.32248,12.9506,8.62764,10.5972,10.8576,17.2364,12.9094,24.2451,23.3822,20.8961,20.5607,22.5944,28.3588,29.8353,28.1761,27.6077,25.7709,24.0304,24.6125,23.0203,24.966,23.8215,23.3655,24.2383,22.8624,21.6676,27.3994,21.7374,18.5869,21.4783,7.5586
23.8827,12.2627,25.9663,6.29978,0.0,11.8745,11.0992,24.0089,0.25936,29.0015,27.8154,26.0194,24.8581,28.181,29.2392,28.9665,28.0722,25.5907,28.5773,25.1906,24.3477,18.3614,28.9592,12.6298,-2.56089,11.0224,21.8009,-13.8882,15.0195,19.3408,26.7206,13.4304,25.8462,24.2187,23.8047,21.6694,18.9989,27.0575,28.4857,27.8012,25.8103,26.8521,27.729,25.9273,27.585,7.52986,10.8065,20.6826,8.56406,8.36275,4.85956,0.932366,12.2023,9.14903,16.7597,10.1364,10.9057,14.2313,6.26896,7.42791,10.4816,20.8015,10.1305,8.82757,17.0404,8.69684,8.70285,14.783,1.83439,9.96084,7.95746,1.54211,0.902419,16.0875,11.6851,7.91036,11.5375,10.2428,-3.34928,10.778,11.3759,12.1755,7.23503,5.23588,12.3969,8.69698,11.2398,11.2563,17.2307,13.6332,24.0951,23.3831,20.7313,19.7219,22.2454,29.1024,29.5472,28.2992,28.0388,26.0396,24.7005,24.8133,23.6946,25.4494,24.6034,23.8975,24.9457,23.1543,22.4961,27.9845,21.7094,18.0725,21.3105,7.09669
23.0649,11.7945,26.1803,7.15259,0.0,12.3263,11.635,23.8777,1.46758,28.9451,27.7531,26.1533,24.854,28.1251,29.2988,28.8954,28.2802,25.7167,28.5065,25.0771,24.0005,19.0105,29.1744,13.4479,-3.1734,11.2807,21.9359,-14.1223,15.2076,18.8086,26.3483,13.4397,25.6942,23.8494,23.3154,21.3345,19.2594,27.0447,27.9891,27.7439,25.9441,26.873,27.5366,26.023,27.7315,8.24504,11.7862,20.2758,9.61691,9.21522,6.19094,2.19257,13.1252,10.1392,16.2308,10.836,11.8318,14.4892,7.50171,8.55756,11.693,20.5684,10.9135,9.8018,17.1944,9.46924,9.15896,15.0215,3.20561,10.8196,8.94096,2.69044,1.61128,15.8046,11.4543,8.1311,11.8302,10.4213,-2.86768,10.4662,11.2214,12.2353,8.69528,7.43263,14.5358,8.56865,11.3322,10.7522,17.6041,12.4994,23.8852,22.5428,20.639,19.5241,21.662,29.0189,29.3454,27.9792,27.8538,26.1348,24.712,25.4724,25.1446,25.3433,25.7694,24.4047,24.8918,24.1847,23.3413,27.8733,22.0382,18.17,21.3619,6.85838
23.9425,12.3302,25.914,6.95878,0.0,12.2913,11.7453,23.7614,1.68488,28.9526,27.7356,25.9083,24.7316,28.048,29.181,28.8146,28.3061,25.6714,28.4555,24.514,23.9993,18.7638,29.0917,13.2769,-1.14425,11.7743,21.7322,-13.8606,15.2345,19.0511,26.6107,13.4705,25.8233,24.0194,23.1018,21.5192,19.3649,27.0989,28.3373,27.9348,26.2087,27.2969,27.6714,26.6208,27.8801,9.51816,12.1623,20.962,10.1407,9.43685,6.59889,2.43925,13.6684,10.4994,17.4699,12.6495,11.493,15.9486,7.55039,8.41253,12.269,21.4613,11.3283,9.85668,17.5114,10.8137,10.6524,15.6435,2.52236,10.6279,10.3006,2.01338,1.22519,17.0003,13.4877,8.7901,13.4675,12.2404,-1.65322,11.7311,12.6846,14.0064,9.85932,7.55463,14.9011,8.93159,11.9311,11.2464,17.7972,13.5046,24.0675,23.5193,21.1353,20.388,22.6186,28.8286,29.3039,28.2964,27.8376,26.1562,24.8257,25.5782,23.979,25.5974,24.9364,24.3746,25.0357,23.5438,22.4905,27.9956,22.0046,18.1609,21.3423,7.34165
23.4124,12.7915,26.1015,6.68949,0.0,12.6098,11.8457,24.0345,-0.554437,29.1213,27.8999,25.748,24.6168,28.2472,29.1386,28.9939,28.253,25.5575,28.6329,25.0295,24.9703,20.2377,28.7618,14.023,-2.23196,11.4454,21.6696,-13.6566,15.5295,19.2324,26.7171,13.351,25.5767,23.9017,23.6262,21.4197,19.875,26.7006,28.2222,27.7806,25.8043,26.9523,27.5076,26.0469,27.5264,9.18293,12.1473,20.9333,10.0306,9.77279,6.1024,2.76852,13.3251,10.6562,16.8733,12.3415,11.7461,15.5733,7.07702,8.04056,11.9895,21.498,11.4611,10.0813,17.3516,10.56,10.4492,15.1332,3.81335,11.1923,9.85137,3.35914,2.66144,16.5568,12.5799,8.10861,13.3284,11.5376,-3.92075,10.6709,11.6714,13.5616,5.73591,5.29763,12.494,7.92203,9.85757,10.3279,17.5023,12.8915,24.0717,23.1666,20.899,19.7052,22.6752,28.9964,29.661,28.3147,28.0493,26.2438,24.931,24.9527,23.9291,25.3236,24.8889,23.9734,24.9701,23.7271,23.0541,28.0868,22.5612,18.3706,21.5279,7.38083
24.1877,12.1759,25.9834,6.39026,0.0,11.4566,11.0792,24.1371,0.462572,29.4331,27.7987,26.5921,24.7764,28.173,29.4412,29.0001,28.6458,26.0553,28.5171,24.3725,24.432,19.1263,28.9817,13.1267,-2.36646,11.2094,21.9134,-14.2605,15.6812,19.0469,26.6269,13.3909,25.6047,23.94,23.8169,21.3499,19.7438,26.7268,27.9416,27.6528,25.7623,26.8352,27.4038,26.038,27.7463,9.76042,12.6865,20.9818,10.8956,10.4377,7.35713,3.72631,13.7037,11.4008,17.4392,12.8128,12.3848,15.6202,8.5052,9.45937,12.7314,21.1224,11.8603,10.7198,17.4855,11.132,10.9553,14.9754,4.44962,11.4378,10.2542,3.69338,0.719171,17.1648,13.2799,9.25304,13.6625,12.0801,-2.03146,11.4956,12.5771,14.1078,7.38487,5.52381,13.4496,8.41418,10.8005,10.7723,17.8296,13.2365,24.2399,23.4638,20.5006,19.8953,22.5619,29.3423,29.7678,28.4994,28.2524,26.5024,24.9854,25.4078,24.3824,25.0564,25.3188,23.9526,25.1369,23.9362,23.2003,28.2269,22.3339,18.705,21.4004,6.95702
23.3029,13.0907,26.1382,6.67058,0.0,12.4413,12.3297,24.281,0.938054,28.8938,27.7948,25.921,24.5998,28.1012,29.1316,28.9759,28.2923,25.7537,28.4823,25.0391,24.7375,19.3445,29.1144,13.0286,-1.7369,11.8032,21.5433,-14.0575,15.2962,18.8998,26.6953,13.7693,25.7528,24.0159,22.9631,21.4775,19.2375,27.0033,28.1652,28.112,26.008,27.2584,27.7863,26.28,27.7998,10.0901,13.0721,20.9466,10.9293,10.454,5.98375,2.6066,14.2096,11.3646,17.4007,12.8105,12.0711,16.2891,7.09192,7.93752,12.9518,21.8479,12.3304,10.1045,18.0104,11.1259,11.6737,16.1142,4.01504,11.6037,10.7454,3.32834,2.09443,17.1355,12.9772,7.54225,14.1661,11.6362,-2.4788,9.99243,11.3664,14.4577,7.32062,5.10483,12.4229,7.85317,9.57382,10.0855,17.1917,12.6679,24.4697,22.1526,21.477,21.2452,23.1391,28.9318,29.9254,28.3772,27.9363,26.1047,25.0418,25.6735,24.2237,25.1141,24.8484,24.6866,25.1862,23.5543,22.1195,28.0798,21.4001,18.238,21.1423,6.95794
23.4848,13.7347,26.1527,6.74316,0.0,12.453,12.1421,23.6189,0.981814,28.7772,27.819,25.6805,24.7238,28.1101,29.1393,28.8524,28.3368,25.0794,28.4973,24.8839,24.6087,19.1382,29.2358,13.3308,-2.92544,11.0212,22.0927,-13.3882,14.9744,18.9766,26.8274,13.6461,25.8296,24.2118,22.9386,21.5985,18.872,27.0344,28.2606,28.0859,26.1164,27.171,27.915,26.2913,28.0122,10.6805,13.2279,20.6713,11.6339,11.3332,9.16675,5.13818,14.5422,11.8875,17.3721,13.5244,12.1239,16.5537,9.76042,10.4644,13.2604,21.8471,12.6743,11.5108,17.8681,11.9516,11.7232,16.0583,5.30376,11.5967,11.2328,4.36088,1.94637,17.3657,13.8018,10.2343,14.5011,12.8555,-1.60671,12.2683,13.4954,14.7318,8.52294,5.87324,13.4633,7.81525,10.3557,10.4504,17.3685,12.8228,24.1423,22.7163,20.863,20.8862,22.7842,28.7401,29.5657,28.1809,27.8075,26.0428,24.6679,25.0048,23.6053,25.6021,24.3082,24.0418,24.9127,23.3137,22.0125,27.8497,21.9585,18.4,21.4339,7.17244
23.8597,13.1932,26.2301,6.93244,0.0,12.6276,12.2735,24.3646,0.580855,29.216,27.9685,26.1678,24.7455,28.4005,29.5171,29.0645,28.3608,25.827,28.8318,25.0225,24.6532,19.5707,29.2712,13.7315,-1.63173,11.3218,21.6937,-12.6696,15.2194,19.3325,27.2394,14.2024,26.3593,24.9839,22.8403,22.3504,19.2359,27.3825,28.4217,28.8638,26.6278,27.9267,28.522,26.9314,28.1078,10.0041,12.6504,21.0807,10.9694,10.9316,8.2601,4.17633,13.4888,11.2208,17.7644,13.159,11.7542,15.8361,9.10874,9.69638,12.2744,21.6103,12.0891,11.2298,17.2036,11.5567,11.2587,14.9681,4.70359,11.2285,10.0973,3.86248,1.80879,17.2722,14.2419,9.83555,13.9233,12.7493,-2.24115,12.3168,13.7439,14.4139,8.11738,6.73497,13.7094,8.97374,11.4591,11.6091,18.1411,14.126,24.7513,23.727,20.7071,20.3908,23.1112,29.3777,30.0856,28.8553,28.5085,26.7238,25.0053,25.1134,24.0731,25.651,24.9365,24.3635,25.4279,23.879,22.4531,28.4877,21.9736,18.5736,21.708,6.58569
24.1988,13.5781,26.3902,6.85129,0.0,12.8928,12.0564,24.3435,0.653801,29.59,28.3462,26.6397,24.6896,28.7418,29.8074,29.5131,28.8114,26.1954,28.9524,24.6189,24.665,19.8995,29.4786,13.9145,-1.22252,11.9972,21.9597,-13.8151,15.3788,19.3526,27.4502,14.1296,26.3931,24.6299,22.8857,22.2489,19.1385,27.5588,29.3811,28.5441,26.2645,27.7341,28.2402,26.7215,27.9798,10.5306,12.8225,21.1504,11.7667,11.0191,8.59633,4.43629,13.7348,11.9709,17.4749,13.736,11.5912,15.8578,9.80726,10.6948,13.0594,21.3314,12.2099,12.01,17.0616,12.3191,11.7533,14.8955,4.85097,11.1858,10.5256,3.94715,1.80099,16.9573,13.9359,10.8592,14.236,12.9271,-1.53047,12.845,13.5686,14.312,8.06368,6.77417,14.2527,8.42625,11.503,10.735,17.7211,13.6931,24.2022,23.2844,20.0731,20.17,22.3728,29.0295,29.5282,28.2947,28.0198,26.4453,25.167,25.3205,24.3191,25.3566,25.0507,24.6938,25.1763,23.9616,22.9819,28.2716,22.4439,18.6254,21.88,7.16982
23.6691,13.2709,26.3729,7.33685,0.0,12.9412,13.2301,24.6219,1.39674,28.9807,27.9983,26.1531,25.064,28.2384,29.1452,29.1608,28.2771,25.9185,28.4898,25.1035,24.7886,19.986,29.1086,13.9738,-1.60848,11.8786,22.0335,-13.2398,15.8933,19.2724,26.7071,13.9425,25.8733,24.1678,23.4801,21.6943,19.7268,27.1697,28.195,28.0807,27.2216,27.5384,27.7388,27.0864,28.1066,10.0522,12.5354,21.6634,10.6202,10.4957,7.85831,3.39288,13.6413,11.0353,17.7742,13.1738,11.6649,16.0676,9.01462,9.82897,12.3077,21.8429,11.8382,10.7362,17.2758,11.2554,11.4292,15.3727,4.12124,11.0562,10.1698,3.55235,1.55782,17.126,14.0632,9.91206,14.201,12.5054,-2.14859,12.3029,13.0235,14.5357,9.27333,6.74487,14.9375,9.81001,12.3805,11.921,18.4075,14.2105,24.7341,23.6581,20.7691,20.7541,22.9051,29.3297,29.5633,28.7047,28.271,26.3528,25.0951,25.5029,24.3774,24.7901,24.9768,24.082,25.1618,23.8905,22.9964,28.3691,22.1509,18.806,21.8102,7.40344
24.2203,13.5182,26.3035,7.85891,0.0,13.9621,14.3881,24.8822,2.30042,29.0473,28.0581,26.1,24.9643,28.1905,29.2023,29.0241,28.3605,26.1232,28.5989,24.964,24.6982,20.0057,29.06,13.965,-0.197055,12.2189,22.0298,-13.4784,15.6982,19.5728,27.1136,13.7241,26.1205,24.3209,23.7895,21.9243,20.0499,27.3017,28.2948,28.1896,26.3588,27.439,27.9398,26.5611,27.9726,10.5501,13.119,21.0811,10.9781,10.0354,7.20993,2.9695,14.6339,11.5234,17.3537,12.5283,12.3989,16.7075,8.34747,9.18685,13.025,22.2448,12.218,10.58,18.0561,10.9672,11.3524,16.1069,3.87436,11.8125,11.3659,3.63233,2.49024,17.1333,12.825,9.48123,14.0594,11.7552,-2.79953,11.7371,12.5029,14.0698,7.30295,6.22615,13.4006,7.97612,10.3436,10.1945,18.0454,13.0437,24.7504,23.6156,21.4253,21.5667,23.5522,29.2504,30.0953,28.9037,28.2178,26.2732,25.003,25.766,24.5752,25.1985,25.3446,24.6886,25.2066,24.0376,22.9163,28.1825,22.7513,18.8535,21.9901,7.71962
23.8971,13.5693,26.3167,6.77683,0.0,13.4333,12.4353,24.0986,1.50563,29.2762,28.0332,25.6747,24.8374,28.3649,29.4372,29.1238,28.2798,25.5961,28.7337,25.225,24.6137,19.5707,28.9889,12.9046,-2.5265,11.8614,22.3404,-12.7941,15.5085,19.3223,26.7837,13.5928,25.7474,24.2243,23.3029,21.6217,19.8889,26.6585,27.7343,28.2586,26.782,27.6136,27.7475,26.821,28.0214,10.9906,12.0906,21.5346,11.8098,9.98471,7.39679,4.10763,13.4735,11.1459,18.6032,14.0418,10.9655,16.4501,8.5615,9.55316,11.9754,21.9374,11.7042,11.5676,17.6628,12.5343,12.4985,15.9919,4.29677,10.4249,10.5678,3.46201,0.91394,18.2031,15.0579,10.2331,14.6567,14.0632,-1.54342,13.0473,14.6387,15.4049,6.32692,4.90159,11.6179,8.34536,10.1861,11.4469,17.1357,14.2548,24.8684,23.6477,21.2999,21.1583,22.9388,28.9597,29.9154,28.5289,28.1185,26.082,25.0717,25.4863,24.0897,25.2822,24.8349,24.2206,24.8722,23.7485,22.5823,28.2061,21.8816,18.3967,21.26,7.6731
23.819,13.5507,26.6531,7.08287,0.0,13.0927,12.3312,24.2337,1.40995,29.5024,28.3576,26.4924,24.9663,28.5566,29.4121,29.5245,28.6385,26.0988,28.8462,24.8776,24.9444,19.2074,29.2933,12.6754,-2.03758,12.4081,22.386,-13.4969,15.549,19.6267,27.2274,13.692,26.2547,24.7284,23.9486,22.0979,19.8833,27.4447,28.7094,28.692,26.6675,27.8781,28.2405,26.9411,28.0823,11.5259,13.9292,21.1526,12.5329,11.4992,9.68502,5.66808,14.8946,12.7261,17.9724,14.3118,12.635,16.901,10.611,11.2161,14.0953,21.7524,13.017,12.4187,18.1099,12.8071,12.8742,16.3498,6.15296,12.1396,11.6743,5.09733,2.13675,17.8177,14.6892,11.3786,15.1082,13.6941,-1.09376,13.2018,14.2597,15.16,7.56352,5.22821,12.3679,8.93762,11.2361,11.2514,17.2796,13.802,24.3469,23.9245,21.3983,20.3103,23.0088,29.2209,29.8311,28.7418,28.159,26.4646,25.3348,25.7898,24.3878,25.8045,24.9637,24.6316,25.4082,24.1004,22.814,28.4468,22.3083,18.6961,21.5817,7.81468
24.115,13.2408,26.5474,7.57516,0.0,13.3691,13.0106,24.5689,1.98457,29.1429,28.1846,26.3858,25.0364,28.3748,29.3631,29.3455,28.5464,25.9109,28.6264,24.7312,24.5785,19.8469,29.4897,14.1236,-0.761429,12.3068,22.3947,-13.7372,15.511,19.4585,27.5298,14.169,26.3601,24.694,23.3547,22.2508,19.2746,27.4601,28.7707,28.6993,26.735,27.845,28.4019,26.8503,27.956,10.5412,13.0305,21.3533,11.8152,10.9843,8.78069,4.38635,13.934,12.0923,17.8983,13.2924,11.9542,16.3312,9.82051,10.6348,13.2821,21.8856,12.2945,11.9989,17.571,11.9251,11.8994,15.3729,4.69669,11.3743,10.5997,3.68188,0.598295,17.5015,14.1472,11.0895,14.3113,12.9909,-0.166849,13.4016,14.029,14.3625,9.57719,7.60536,14.6073,9.70224,12.2093,12.0408,18.2227,14.1924,24.7419,23.9355,20.9573,20.19,22.7757,29.2694,30.1055,28.9405,28.3522,26.6961,25.2579,25.7387,25.1648,25.9643,25.9839,25.0373,25.2481,24.798,23.6865,28.5519,23.0218,19.3647,21.9651,6.84256
24.2097,13.009,26.6088,7.91914,0.0,13.9546,13.5492,25.6877,2.48175,29.4707,28.5055,26.9114,25.5513,28.7682,29.7953,29.5974,29.0929,26.6484,29.0133,25.279,24.5272,19.4173,29.8508,14.2881,-0.49061,11.9989,22.3642,-13.2175,15.2821,20.0684,28.1996,14.752,26.9048,25.5525,23.1348,23.0463,18.9908,27.7922,29.0941,29.5292,27.8744,28.8213,29.0016,28.0538,28.6285,10.7141,13.5159,21.2385,11.7728,11.0122,7.50874,4.91178,14.4252,12.1681,17.3462,12.9313,12.7874,16.3512,8.3216,9.29629,13.5094,21.8517,12.6347,11.1758,18.0463,11.5792,11.3707,15.8225,5.17581,12.3488,11.191,4.68113,2.92576,17.1016,12.9452,8.96339,13.8151,11.9992,-1.9472,11.441,12.233,13.9091,8.45813,6.92336,14.7501,9.39588,11.5788,11.1628,18.4359,13.5983,24.562,23.9471,21.5247,20.8677,23.5086,29.7409,30.4814,29.3631,28.8667,27.2169,25.5662,25.9049,25.1692,25.7407,25.9415,24.9269,26.072,24.8854,23.8923,28.9023,23.1621,19.306,22.2857,7.10655
24.6237,13.5374,27.0009,7.2843,0.0,13.4537,12.8346,24.4504,0.951818,30.3724,28.9152,27.3718,25.5429,29.4096,30.0072,30.1184,29.6487,26.8469,29.6406,25.2808,24.5004,19.5306,30.0264,13.9229,0.381578,12.6652,22.4639,-11.6022,16.1195,20.3453,28.1046,14.6784,27.0238,25.1299,24.1118,22.9287,19.9568,28.4074,29.8111,29.2857,27.0215,28.4806,28.8604,27.4076,28.2809,10.8735,12.6295,22.1596,11.2053,9.79127,6.56812,3.37009,14.2734,11.3021,18.917,13.88,12.0924,17.0533,7.575,8.31932,12.7929,22.3341,11.8064,10.4538,17.6549,11.9697,12.1618,15.9066,3.84104,11.1872,11.4198,3.53823,3.54032,18.5295,15.1974,8.79213,14.8931,13.5363,-2.05845,12.3325,13.6512,15.7749,8.42827,7.38248,13.6634,9.73345,11.5385,12.2273,18.1455,14.8285,25.1304,24.2436,21.6113,21.4489,23.7243,30.0474,30.8536,29.3392,29.1825,27.3715,25.7831,26.389,25.0765,25.7642,25.9092,25.0286,26.0212,24.8266,23.9525,29.2085,23.8834,19.6016,22.8879,8.01997
24.3145,14.1108,26.8573,8.11561,0.0,13.5342,13.0082,25.2319,2.20519,29.2482,28.3382,26.5548,25.2219,28.5317,29.6647,29.5082,28.7106,26.2724,28.8586,25.448,24.5813,19.5963,29.2753,13.6615,-1.53447,12.4938,22.8657,-12.5994,16.428,19.8633,26.9566,14.3414,26.3903,24.4915,24.5942,22.1323,20.4773,27.6754,28.8505,28.2748,26.5122,27.4815,28.0097,26.5729,28.3757,10.9064,12.896,20.7981,11.8751,11.2694,9.14543,5.48395,14.4607,11.945,17.9662,13.9344,12.5335,16.8087,10.1444,10.7662,12.9784,22.2854,12.3473,11.7884,17.6332,12.3724,12.056,16.0197,5.70272,11.9267,11.4103,4.88323,3.63759,17.8144,13.8502,10.9616,14.6769,13.039,-1.01053,12.7184,13.5065,14.9631,9.40639,6.51925,14.2328,7.71743,11.1612,10.1547,17.8529,12.7643,24.1473,23.4825,21.3828,21.6835,23.0957,29.3562,30.015,28.6768,28.3968,26.561,25.3725,26.1082,24.9491,25.6694,25.5628,24.5142,25.2801,24.2591,23.4001,28.6319,22.0108,18.3342,21.5122,7.75896
24.8594,14.0267,26.8713,8.42971,0.0,13.603,13.4841,25.2317,2.2883,30.0643,28.6307,27.3157,25.8289,28.8311,29.7424,29.6769,29.4062,26.9544,29.1319,25.8697,25.0367,20.5857,29.6977,15.5425,-0.995794,13.0409,22.6055,-12.4576,15.5965,19.7916,27.6142,14.3965,26.7775,25.1146,23.4686,22.7279,19.3805,27.8986,28.9116,28.931,26.5686,28.0956,28.7399,27.0227,28.1315,9.65235,12.0982,21.7258,10.7486,9.87321,6.55935,2.59293,13.1306,10.8182,18.2017,12.8266,12.15,15.7503,7.90435,8.97618,11.9938,21.9628,11.6666,10.6753,17.2768,11.2876,10.813,15.0524,3.42311,11.3389,9.66305,3.16684,3.71962,17.3595,14.1423,8.67908,13.5455,12.4679,-2.22872,11.8698,13.0076,14.2211,9.82206,8.88407,16.8561,10.1379,13.193,12.3286,19.6804,14.838,25.5023,25.1873,21.0654,21.2371,23.7333,30.2097,30.3541,29.3168,29.228,27.2889,25.6787,26.2507,26.3884,26.1988,26.6496,25.5446,25.8754,25.6672,24.637,29.3985,23.65,19.2143,22.5463,7.7647
24.1562,13.5502,26.8863,8.03705,0.0,13.012,13.0126,25.2397,2.46006,29.5425,28.5348,27.1361,25.7968,28.8042,29.5672,29.7954,29.1772,26.7295,29.0041,25.8762,25.0503,20.6253,29.8183,14.8167,-1.2245,12.846,22.6721,-11.3624,16.0181,20.2345,27.7581,14.2498,26.3802,24.6316,24.3841,22.2551,19.7962,27.557,29.0793,28.6452,27.2988,28.1876,28.3081,27.3898,27.984,10.9935,13.0638,21.7291,11.7416,10.3024,8.22514,3.97829,14.1303,11.6847,18.3291,14.1588,12.1561,16.6832,9.29743,9.99842,13.1165,21.9275,12.2522,11.5344,17.4959,12.4923,12.4672,15.6019,4.27084,11.5315,10.9567,3.92847,4.4263,18.0589,14.8212,10.6097,15.0632,13.6496,-1.5087,13.141,14.2021,15.3039,9.20167,7.2097,14.8913,10.5145,12.9893,12.4891,19.109,14.6933,25.1527,24.5463,20.9955,20.8969,23.5069,29.8793,29.8396,29.3409,28.937,27.0093,25.3491,26.1192,24.4189,26.0734,25.4277,24.4966,25.3858,23.9284,23.1827,28.6567,23.1221,19.5371,22.2867,7.55665
24.1591,13.4084,26.8863,8.47114,0.0,13.8414,14.0726,24.6936,3.73456,29.963,28.5972,26.9254,25.1131,28.8059,29.6678,29.6336,29.1097,26.5853,28.9907,24.8258,24.8404,19.5932,29.9378,14.0951,-0.424949,12.7441,22.8318,-13.494,15.9636,20.2758,27.8986,14.3735,26.8906,25.505,24.7454,22.9774,19.8951,27.8952,29.4658,29.3692,27.896,28.7381,28.8563,28.0371,28.2843,11.5377,13.6229,21.6581,12.6414,11.5764,10.3877,6.36944,14.7269,12.766,18.3529,14.7985,12.6577,17.2308,11.0881,11.6336,13.64,22.3436,12.9343,12.6932,18.4214,13.1149,13.091,16.2718,5.97777,11.9161,11.7201,4.97776,3.38977,18.1264,14.8404,12.396,15.6451,14.2787,1.10203,14.204,15.1177,15.6474,9.88243,7.77868,15.5112,9.41225,12.1277,11.958,18.254,14.0675,24.7174,24.1648,21.2571,21.4377,23.3691,29.4997,30.3486,29.0347,28.5523,27.187,25.8312,26.0184,25.1377,25.9389,25.8924,25.1608,26.0425,24.8152,24.1031,28.6783,23.9066,19.5669,22.6811,7.00827
24.6256,13.4502,27.0556,8.12849,0.0,14.0034,13.4462,25.5388,2.50258,31.1279,29.0349,28.658,25.8443,29.4047,30.1626,30.1693,30.4369,27.7333,29.599,24.9703,25.0692,20.1386,29.949,14.1664,-0.214698,12.5853,22.7018,-12.0438,15.9243,20.6443,28.6877,15.0489,27.4942,25.8706,24.3627,23.4779,19.6884,28.5886,30.0122,29.7745,27.761,28.8031,29.3977,27.8992,28.3815,11.6632,14.0392,21.5968,13.123,12.0008,9.77666,5.80726,15.043,13.2863,18.0296,14.6431,12.7589,16.9153,10.7993,11.5428,14.3947,21.9037,13.1969,12.8926,18.0818,13.2096,12.8961,16.6791,6.53725,12.4491,12.0376,5.60681,3.88398,17.8076,14.2565,11.712,15.2158,13.6239,-0.526551,13.4783,14.2371,15.2564,9.00473,7.02881,14.4527,10.2212,12.1139,12.3562,18.4637,14.4562,25.5225,24.6101,21.4784,20.876,23.3702,30.0966,30.599,29.7548,29.2013,27.6457,26.1717,26.1609,25.5671,25.9183,26.0619,25.6604,26.2256,25.3242,23.7342,29.1715,24.0294,19.2008,23.0291,7.09432
24.9466,13.826,27.0517,8.72662,0.0,14.1957,13.9654,26.0687,2.83256,30.4489,28.9941,27.7705,25.7859,29.2929,30.1825,30.1547,29.7657,27.3217,29.5836,25.318,25.0641,20.6189,29.9949,14.8235,0.304115,13.5042,22.5916,-11.6717,15.6931,20.5488,28.5272,14.6394,27.0656,25.1568,24.5487,22.9276,19.2416,28.2341,29.6639,29.2451,28.0042,28.8121,28.9155,28.2585,28.7828,11.1283,13.0234,22.0176,11.9706,11.3687,8.651,4.56001,14.6351,12.0875,18.5644,14.1316,12.6021,17.1558,9.9848,10.9312,13.2645,22.6253,12.4059,12.2222,18.613,12.5626,12.3174,16.7566,5.20922,11.7583,11.7182,4.70503,3.43009,18.2481,15.1672,11.3549,14.874,14.0517,-0.994601,13.7737,15.1349,15.3672,9.97049,7.88263,15.5705,9.61928,12.6944,11.4234,19.2534,14.5362,25.5772,24.9772,22.1309,21.8826,23.9511,30.1082,30.6912,29.9241,29.0939,27.7577,25.8184,26.4686,26.0025,26.05,26.8304,25.2016,26.1516,25.7673,25.3182,28.8989,24.8966,20.4085,23.5581,7.47876
24.8821,13.5858,27.0834,8.80282,0.0,14.2343,14.2263,25.3579,2.47839,29.7101,28.7974,26.9689,26.0834,29.0316,29.8942,29.9329,29.2592,26.5234,29.3263,25.9522,25.2371,21.0967,29.8829,15.3868,-0.0308968,12.8941,23.1099,-12.3881,16.3121,20.0654,27.7101,14.4377,26.7085,24.9453,24.2319,22.5193,20.389,27.9591,29.0494,28.7973,27.2625,28.0492,28.4506,27.365,28.5653,11.0414,13.2011,22.1537,12.1656,11.2137,9.26134,5.49199,14.4731,12.1654,18.5432,14.3975,12.2495,17.0275,10.2501,10.9268,13.3938,22.6721,12.5277,12.2801,18.384,12.8207,12.4174,16.304,5.84354,11.6897,11.1957,4.90651,2.40928,18.0696,14.5899,11.3299,15.1338,13.4498,-0.228498,13.7032,14.3985,15.2207,8.75196,7.2776,15.1097,9.17505,11.9569,11.7579,19.3997,14.3219,25.7799,25.2356,22.0087,21.9015,23.8327,29.7547,31.0061,29.5707,29.0427,27.3813,25.8261,25.8003,24.7317,25.8067,25.3694,24.8131,25.9164,24.3452,23.3711,29.0511,23.2961,19.6655,22.8139,8.03538
25.1033,13.2554,27.1437,9.05741,0.0,14.8902,14.2189,25.51,3.5083,30.5905,28.9656,27.9331,25.8511,29.2181,29.8787,30.19,29.9966,27.3306,29.4213,25.794,25.3314,20.2957,29.9312,14.948,-0.913119,13.4441,23.1448,-11.7168,16.4921,20.2286,27.9547,14.5031,26.9722,25.4772,24.8262,22.876,20.3017,28.0431,29.2235,29.1634,27.4664,28.5296,28.826,27.5882,28.8454,10.0803,12.398,22.0883,11.3389,10.6082,7.68015,4.577,13.9414,11.2065,17.8281,13.1862,12.7071,16.1306,8.55737,9.37585,12.6509,22.0346,11.551,10.9808,18.0627,11.8084,11.048,15.5499,4.75494,11.6455,10.3052,4.1859,2.37357,17.4657,13.8636,9.72873,13.7118,12.7343,-0.102976,12.454,13.4759,14.1932,11.1118,8.4204,16.0381,10.6619,12.7807,12.8393,19.1215,14.8076,25.4471,25.355,21.2524,21.006,23.2439,30.3666,30.3546,29.6382,29.5459,27.6431,26.2203,26.0991,25.1696,25.9824,25.7705,25.2556,26.5878,25.0308,23.848,29.7538,23.6157,19.7091,22.8397,7.26764
25.0066,14.3925,27.3958,8.46704,0.0,13.8613,13.29,25.8417,2.26784,30.4722,28.902,27.7468,26.0538,29.2325,30.1861,30.0031,29.8567,27.2573,29.461,25.4956,25.134,20.6312,29.8816,15.2705,0.111088,12.7611,22.6831,-11.5259,15.9253,20.1687,28.3824,14.4801,27.2543,25.3972,23.7619,23.1103,19.3683,28.4963,29.6535,29.5124,28.1341,29.0688,29.0796,28.3769,28.8599,12.0317,13.7425,21.5404,12.6183,11.1479,9.00604,4.78246,15.3062,12.6125,18.5091,14.372,12.4966,17.6657,9.95722,10.5752,13.9809,22.7564,12.7298,11.9701,18.7109,12.9902,13.1722,17.2313,5.56111,12.104,12.6302,4.9177,2.03864,18.4918,14.491,10.7817,15.5621,13.2903,-0.114932,12.7716,13.6204,15.594,9.87887,8.60654,15.0984,9.43968,11.6862,11.1757,19.1633,13.9934,25.3834,24.5862,22.38,22.1146,23.7687,30.4362,30.9585,30.0021,29.3251,27.9294,26.2687,26.5123,25.8115,26.4307,26.492,25.4874,26.4804,25.6363,24.6244,29.4356,24.5276,19.7512,23.1697,7.79669
24.9214,14.9718,27.2354,9.01058,0.0,14.4865,13.9285,25.7297,3.05158,29.984,28.8734,27.752,26.2689,28.9392,29.6906,29.9475,29.8062,26.9417,29.125,25.9234,25.2391,21.0044,29.8645,15.5521,0.911894,13.584,23.5237,-10.3964,16.4596,19.9082,27.735,14.0561,26.8063,24.8486,24.1254,22.5418,21.0322,28.1197,29.2083,28.7409,27.6664,28.6484,28.3422,27.7857,28.6766,10.5175,12.9337,21.9213,11.0742,10.683,7.04475,3.56317,14.5696,11.5079,18.6555,13.1874,12.9996,17.0062,7.90388,8.65118,12.9246,22.5375,12.2651,10.5774,18.8629,11.3243,11.7663,16.8465,4.05549,12.0047,11.4183,3.77662,2.19433,18.1367,14.7069,9.15128,14.38,13.0754,-0.148317,12.3799,13.46,15.037,10.2862,8.4651,16.4842,10.57,13.5068,12.6182,19.992,14.8149,25.8665,24.9622,22.3678,21.7713,23.9263,29.96,30.6373,29.7384,28.9982,27.2222,26.1261,26.3659,25.0965,25.9564,25.7382,24.9218,25.9013,24.805,23.9783,29.3511,23.7304,19.5869,22.661,7.70886
24.3477,14.1162,27.2083,8.86784,0.0,14.1364,13.6102,25.0496,2.80177,30.3867,28.9074,27.9698,26.0875,29.3265,30.1474,30.207,29.8769,27.1678,29.5961,26.3922,25.3896,20.4667,30.0841,14.7104,-0.979379,12.9206,23.2579,-11.5249,16.4778,20.1851,27.7533,14.246,26.8635,25.0876,24.4899,22.6579,21.611,28.059,29.3197,29.0245,27.7609,28.4921,28.6338,27.8861,29.0433,11.4662,14.2948,22.2062,12.8069,12.1885,10.2564,6.14466,14.9267,13.0864,18.6433,14.5068,13.1892,16.9676,11.1083,11.8161,14.1285,22.5563,13.5818,13.1001,18.3211,13.0567,12.4859,16.5206,6.85373,12.7296,11.8074,6.07319,3.5404,18.1115,15.3511,12.1106,14.9221,14.2267,0.152387,14.2453,14.8449,15.5516,10.4303,7.61296,15.8214,10.4305,13.2966,12.6458,19.0484,14.8513,25.7724,25.3204,21.0823,21.7653,23.5541,30.1995,30.3229,29.4832,29.3028,27.5534,26.0919,26.2209,25.3012,25.83,25.926,25.4094,26.2505,25.016,23.9915,29.4814,24.0961,19.4107,22.779,7.8327
24.9693,13.8717,26.9941,9.09451,0.0,14.0656,13.5608,25.4902,3.64263,30.2579,28.9332,27.3449,26.1512,29.1819,30.1618,30.2121,29.2902,27.1111,29.3946,25.8745,25.372,21.1752,29.8533,15.7071,-0.666863,13.5083,23.3115,-11.6544,16.2528,20.2962,28.4328,14.5682,27.3263,25.5129,24.2365,23.187,20.1034,28.5089,30.2726,29.4946,27.3989,28.6942,29.0037,27.681,28.6195,10.9352,12.9516,22.4235,12.1066,10.9056,8.94593,4.858,14.4038,11.8761,18.7559,14.7485,12.3306,16.5161,9.82986,10.6157,13.2071,22.3719,12.1747,12.2012,18.4258,13.0078,12.4049,15.8259,4.9487,11.5493,10.8704,4.22687,2.31103,17.9866,15.2667,11.5787,14.8767,14.3455,0.440234,14.4229,15.3392,15.3736,11.0638,9.06496,16.9739,11.4252,14.2809,13.6469,20.1711,15.5853,26.2243,25.6604,21.5209,21.3458,24.2031,29.9892,30.8169,30.002,29.4023,27.5034,26.0533,26.2628,25.5669,25.6918,26.2562,25.3026,26.0064,25.2024,24.3,29.5272,23.703,19.0632,22.1437,7.93831
25.0166,13.753,27.2083,9.09615,0.0,14.3161,14.2011,25.8578,3.00255,30.5011,29.075,27.7299,25.8263,29.4287,30.3981,30.2682,29.5877,27.441,29.5825,25.5976,25.5957,21.2343,30.2071,15.7587,-0.11438,13.2343,23.214,-11.3075,16.224,20.8423,28.8156,14.8721,27.8047,26.1018,24.1762,23.7847,20.3641,28.9988,30.7297,30.035,27.8175,29.2245,29.6029,28.1893,28.9497,12.3806,14.5404,22.6043,13.3381,11.8668,8.95416,4.08786,15.9944,13.6032,19.2483,15.5377,13.3704,17.896,10.3663,11.387,15.1105,22.9826,13.4351,13.0852,18.9736,13.7996,13.8408,17.4311,5.48528,12.8718,12.8175,4.83909,2.32328,18.9464,16.031,11.6526,16.2304,14.8379,-0.385376,14.3356,15.3866,16.5426,10.9711,9.39039,16.6294,10.7946,13.5088,12.8716,19.9543,15.3768,26.1601,25.6659,22.2775,22.1324,24.2405,30.3639,31.1552,30.0386,29.2423,27.6416,26.3201,26.4977,25.8975,25.9663,26.4457,25.5952,26.6906,25.4738,24.565,29.5567,24.2934,20.2357,23.4967,7.90629
25.6809,14.5222,27.4753,9.23959,0.0,14.784,14.6597,26.3822,2.35736,30.4077,29.2809,27.9421,26.3576,29.7421,30.4282,30.5641,29.6751,27.6822,30.0249,26.2633,25.6117,21.09,30.2774,15.7411,0.256008,13.5558,23.5037,-11.1417,16.3408,20.8698,29.0383,14.7938,27.7562,25.5451,24.3292,23.561,20.2401,29.2151,30.6959,29.556,27.9227,28.846,29.2423,28.1326,28.9717,11.7476,14.2597,22.1692,12.4089,12.1892,8.36018,4.76319,15.6356,12.8279,18.706,14.1928,13.385,17.5326,9.41214,10.3096,14.3109,22.9152,13.6159,11.796,18.7585,12.6405,12.7794,16.9041,6.23411,13.009,12.3636,5.72071,4.33246,18.3185,14.6382,9.6299,15.3541,13.2586,-1.42526,12.061,13.4436,15.6422,9.2427,8.35225,15.2771,10.4396,12.3204,12.2114,19.5941,15.0185,26.2047,25.4656,22.3546,22.2435,24.4734,30.5782,30.9631,30.0864,29.4985,27.6709,26.3606,26.7373,26.4775,26.0146,27.0865,25.5533,26.4121,25.7236,24.8976,29.7027,24.3895,20.3218,23.453,8.08368
24.9639,14.5626,27.356,8.27637,0.0,13.7176,13.2832,25.2435,1.67504,30.0716,28.981,26.9659,26.1301,29.1776,29.9563,30.0377,29.3949,26.5621,29.4696,26.377,25.2034,20.4292,29.8646,14.9176,0.336197,12.7206,23.3455,-11.8209,17.1688,20.2731,27.6841,14.6968,26.9677,25.0054,24.7919,22.6979,21.173,28.4704,29.5825,28.9783,27.858,28.952,28.5078,28.2304,28.9235,11.6559,14.0929,22.1601,12.5482,11.892,9.57584,6.26327,15.3814,12.8438,18.8813,14.5551,12.7362,17.5194,10.5788,11.3419,14.1659,22.7479,13.3345,12.399,18.7853,12.8503,12.8413,17.4135,6.15328,12.186,12.247,5.54423,3.12124,18.4527,15.4196,11.3213,15.4511,14.153,0.14519,13.6581,14.6975,15.8215,9.14772,7.3283,15.079,10.9679,12.947,12.7472,19.5518,14.9182,25.9357,24.6436,22.385,21.9243,23.9898,29.8551,30.5713,29.5377,29.0403,27.7019,26.18,25.8764,24.6936,26.0828,25.6188,25.0063,26.1839,24.7692,23.9076,29.1952,23.5119,19.3041,22.7361,7.74639
25.0809,14.3447,27.1902,8.8333,0.0,14.1533,13.5535,25.2214,2.48791,30.4899,29.0605,27.201,25.9252,29.5118,30.3428,30.3897,29.3994,27.2261,29.6767,25.7936,25.809,21.3517,30.0631,15.5581,0.725726,13.3434,23.2514,-11.5649,16.5332,20.4452,28.1913,14.4976,27.4172,25.6482,24.4298,23.1396,20.6569,28.8846,29.8307,29.4811,27.3885,28.6707,29.1638,27.6466,28.6393,11.1974,13.5423,22.2483,12.0902,11.5767,9.32786,6.00479,15.1422,12.2087,18.6454,14.4559,13.1205,17.2471,10.1545,10.8464,13.7031,22.9944,12.7085,12.1479,19.081,12.788,12.5216,16.9975,6.10283,12.7113,11.5422,5.35697,3.82851,18.2986,14.8059,11.2694,15.1602,13.649,0.241826,13.3425,14.1508,15.4857,9.68256,8.48637,15.4982,11.1312,13.19,12.7076,20.0987,15.214,26.5361,25.6935,22.0951,22.1341,24.6543,30.4664,31.0063,30.1999,29.5578,27.9897,26.5051,26.0505,25.2501,26.4186,25.8771,25.1138,26.5481,25.2457,24.0205,29.7444,24.1596,19.8509,22.9486,7.84298
25.6033,14.238,27.3848,9.12445,0.0,14.06,13.8996,26.0242,3.11847,30.7503,29.3436,28.5429,26.2615,29.719,30.7009,30.6255,30.261,28.0936,29.8762,26.2621,26.192,20.9705,30.5977,15.0633,-0.421654,13.2195,23.262,-11.2164,16.6408,21.1213,28.6252,15.018,27.4779,25.9782,24.9922,23.5917,20.4739,28.5752,29.5725,29.8473,27.7625,29.2008,29.3891,28.1393,29.0155,11.7041,13.7585,21.9827,12.488,11.9683,9.43241,6.13742,14.8424,12.6529,18.3273,14.8262,12.3408,17.2902,10.4938,11.3332,13.909,22.6673,13.1373,12.4826,18.3118,13.0883,13.1678,16.2853,6.48407,11.975,11.9635,5.84029,2.99802,18.4541,14.819,11.4072,15.5748,14.1026,-0.291275,13.3837,14.2352,15.8736,10.0093,7.69304,15.4094,9.78096,12.1487,12.0602,18.9884,14.0871,26.2109,25.4214,21.8255,21.6638,24.2178,30.6447,31.0304,30.201,29.7578,28.0759,27.0295,26.4399,26.0528,26.2238,26.6158,26.1431,27.0095,25.657,24.3908,30.0484,24.4821,20.4843,23.6556,7.74102
25.7074,14.2337,27.4073,8.98488,0.0,13.9116,14.049,26.1658,3.49431,31.051,29.3015,28.2355,25.993,29.8255,30.8855,30.8675,30.1018,27.8122,29.9895,25.5397,25.552,20.439,30.5892,14.972,0.748581,14.2554,23.4738,-11.7816,16.2215,21.1863,28.9464,14.7705,27.4609,25.6293,24.8573,23.4631,19.9667,28.8007,30.1067,29.6718,28.2519,29.2588,29.2908,28.6169,29.3424,12.8597,14.563,22.0746,13.2468,12.1049,9.91766,6.28924,16.2666,13.4503,19.4776,15.7419,12.994,18.6263,10.6541,11.2572,14.9332,23.2312,13.6904,12.8531,18.9359,14.0594,14.3727,17.8543,6.4559,12.4916,13.4599,5.5525,3.12699,19.1962,15.8414,11.7105,16.7597,14.8816,0.250495,14.1211,15.1796,16.898,10.5828,8.46946,16.1017,10.0303,13.017,12.3265,19.604,14.9801,26.1146,25.1839,22.3212,22.6761,24.3773,30.7303,31.2444,30.182,29.5474,28.0847,26.9427,27.1496,26.11,26.6379,26.9471,26.0831,26.9335,25.6132,24.9018,29.9179,24.273,20.457,23.2415,8.36288
24.7133,14.6936,27.4771,9.62338,0.0,14.5568,14.2783,26.126,3.83422,30.8212,29.3807,28.1589,26.6057,29.8342,30.7304,30.5671,30.2398,27.8814,30.0892,26.1829,26.0607,21.604,30.7018,15.8537,0.708682,14.0765,23.5881,-10.4523,16.8939,20.7492,28.6578,14.9907,27.449,25.6289,24.7994,23.3288,20.308,28.8168,30.2034,29.6637,27.9095,29.3942,29.1216,28.2621,29.0274,11.3022,13.736,22.2588,12.0692,11.4703,8.6536,5.3112,14.947,12.4753,19.279,14.5721,13.0772,17.5772,9.85157,10.6241,13.6974,23.0819,12.8924,11.9455,18.7455,12.6623,12.7484,16.9588,5.89333,12.6167,11.6704,5.54264,3.41984,18.5646,15.455,10.7807,15.4068,14.01,0.927503,13.253,14.6732,15.875,11.4181,9.38067,16.95,10.557,13.6556,12.7592,20.1526,15.1256,26.3971,25.645,22.2848,22.7851,24.8939,31.0873,30.9063,30.5471,29.8906,28.2014,26.8116,26.4188,26.1939,26.108,26.8008,25.9073,26.8973,25.921,25.039,29.8801,24.6609,20.4211,23.4484,8.03775
25.2282,13.8833,27.7443,9.17287,0.0,14.3072,14.1497,26.0121,3.16132,30.6498,29.3457,27.932,26.5609,29.6798,30.4109,30.6732,29.8864,27.628,29.8815,26.6107,26.091,22.1048,30.4231,16.0704,0.486628,14.0383,23.5247,-10.8061,16.6327,20.8274,28.5356,14.5128,27.5128,25.7549,25.2956,23.3855,20.5264,28.636,29.8202,29.8249,28.3299,29.1521,29.4436,28.4574,29.1447,10.8258,13.1982,22.3916,11.6276,10.9711,8.03484,5.86615,15.1066,12.0495,18.8787,13.7242,12.8464,17.0436,8.98314,9.74562,13.5376,22.8429,12.0856,11.2163,18.8693,11.9688,11.8433,16.9168,5.85295,12.0795,11.7153,5.08006,2.6241,18.4744,14.5975,9.52479,14.4973,12.9739,-0.156168,12.0301,13.1782,15.3371,9.3881,8.62064,15.647,10.4693,12.8466,12.5324,20.3621,15.2346,26.7819,25.7976,22.3623,22.5958,24.9871,30.6693,31.1504,30.354,29.6612,28.2286,26.9239,26.4429,26.2127,26.2868,26.8999,25.862,27.0032,25.901,25.0272,29.9672,24.7529,20.5909,23.5999,7.80577
26.2318,14.4462,27.5332,9.54245,0.0,14.4156,13.8991,26.0588,3.17595,30.93,29.4566,28.001,26.6185,29.7866,30.6123,30.6724,30.2415,27.5214,29.9335,26.4763,26.0225,21.4341,30.7072,15.7997,0.981538,13.6643,23.5601,-10.3571,16.7154,21.1675,29.2505,14.7985,27.7523,25.8203,25.1401,23.6414,20.3494,29.2412,30.6125,29.7994,28.112,29.2684,29.4577,28.4449,29.1876,12.2139,14.282,23.1496,12.9574,11.4397,9.32311,5.30884,15.6501,13.0435,19.4309,15.5672,13.2544,18.1643,10.56,11.4779,14.5312,23.4332,13.2449,12.9363,18.8334,13.6506,13.7681,17.4287,5.66313,12.6134,12.5762,5.00377,3.43561,19.2117,15.808,12.0009,16.3237,14.8879,0.884599,14.498,15.684,16.7064,11.3103,9.67733,16.8773,12.0954,14.3437,13.9587,20.4733,16.4251,26.9559,26.6951,22.512,23.2833,25.534,30.7436,31.219,30.588,30.0688,28.3158,26.8766,26.972,26.0339,26.4599,26.8517,25.756,26.6857,25.9857,25.2416,30.271,25.0851,20.4487,23.9374,7.63277
25.2002,14.3663,27.6054,9.31079,0.0,14.9009,14.4967,25.7159,3.39291,30.5664,29.439,27.8683,26.2745,29.6837,30.5551,30.5572,29.9082,27.4878,29.9211,26.1338,25.7098,20.4869,30.551,15.1237,-0.34566,13.8556,23.8143,-10.9105,17.1883,20.9001,28.7159,14.8886,27.5858,25.5541,25.3872,23.3625,21.1689,29.1545,30.8592,29.4778,27.3856,28.555,29.1907,27.6181,29.2043,11.947,14.0028,22.4785,13.0809,11.7638,10.2305,5.8583,15.5966,13.0989,19.34,15.0741,13.4204,17.6161,11.1258,11.6212,14.3791,22.89,13.2019,12.8662,18.9943,13.4765,13.4242,17.7339,6.1189,12.709,12.307,5.40686,2.56813,18.6564,15.9115,12.211,15.7844,14.6524,1.36827,14.751,15.6818,16.0145,11.3791,8.56305,16.5625,11.3925,14.1714,13.5926,19.9635,15.6966,26.5066,25.3906,23.0454,22.0713,24.4913,30.3777,31.4186,29.9984,29.4979,28.0567,26.5951,26.122,25.7343,26.0249,26.5408,25.7126,26.6244,25.5231,24.6041,29.7757,24.7769,20.3758,23.5889,8.13124
25.2361,13.9176,27.4773,9.93736,0.0,14.2826,13.7012,25.9248,4.48116,30.619,29.3991,27.7699,26.6629,29.6512,30.4825,30.6359,29.9265,27.52,29.8494,26.5858,26.2333,21.7141,30.6472,16.4347,0.0789466,13.8984,23.8613,-11.1326,16.8537,21.2479,29.1786,14.8294,27.8438,26.0064,25.1923,23.702,20.9944,29.1116,30.7088,29.933,28.0357,29.1456,29.5039,28.2624,29.4917,12.045,13.7303,22.5,12.8452,11.1445,8.58476,4.57355,15.8955,12.8927,19.0967,14.8176,13.5612,17.8669,9.67432,10.3718,14.5089,23.0612,12.4055,12.1836,19.1256,13.2261,13.202,17.6216,5.18855,12.7921,12.7737,4.52155,2.14181,18.7588,15.283,10.4516,15.6658,14.2142,1.02072,13.4508,14.5056,15.9716,11.549,10.2941,17.6024,11.7967,14.2438,13.5929,20.7996,15.8509,27.0149,25.7377,22.937,22.9252,25.3005,31.0534,31.5874,30.8274,29.9587,28.4462,26.6256,26.4135,25.7256,26.2703,26.682,25.9578,26.8183,25.9202,25.1425,30.0206,24.7064,20.1472,23.6446,8.03943
25.8614,13.7332,27.4984,9.91175,0.0,14.7467,15.2364,26.3975,4.85569,30.8632,29.3468,28.2352,26.4702,29.6592,30.5079,30.573,30.1252,27.8982,29.9696,26.5457,26.3512,21.1857,30.3702,15.4525,0.867471,13.8278,23.5153,-10.7509,16.8313,21.0916,29.0768,14.783,27.9484,25.9548,24.7891,23.7806,21.3988,29.1383,29.9713,29.8536,28.4066,29.2589,29.4441,28.606,29.4801,12.085,14.2469,22.0075,12.8744,12.2022,9.98074,5.79907,15.6722,13.1832,19.0065,14.4715,13.2618,17.8507,11.0331,11.7592,14.5487,23.0734,13.5029,12.8358,19.3036,12.9981,12.9827,17.4852,6.34439,12.6502,12.6301,5.43134,2.12251,18.6742,15.31,12.115,15.4318,14.1674,1.6077,14.1181,14.848,15.7557,11.776,9.40286,16.7053,10.9794,14.1151,12.573,20.0312,14.6491,26.4996,25.2087,22.8181,22.8833,24.9506,30.9769,31.8583,30.7136,29.691,28.1747,26.6531,26.8514,25.9777,26.4048,26.5909,26.0392,26.9339,25.8396,24.861,29.6713,24.7995,20.2123,23.6606,8.03079
25.6221,14.7923,27.9403,9.43205,0.0,14.8812,14.4172,26.1607,3.80376,31.1466,29.5925,28.482,26.9441,29.7368,30.4346,30.5893,30.2758,28.2211,29.986,26.8563,25.9737,20.6031,30.6017,14.9244,1.95132,13.8164,23.9518,-11.3309,17.0242,20.8812,28.6242,15.0221,27.8461,25.9649,24.8276,23.5953,20.6358,29.3048,30.1968,29.8846,29.0022,29.7056,29.4047,29.169,29.4639,13.5728,14.9247,23.0716,14.2116,12.6431,11.8394,7.89801,16.3945,14.0366,20.3846,16.7937,13.4052,19.0398,12.628,13.0707,15.4012,23.7106,13.9113,14.1244,19.1813,15.0628,15.0004,18.0258,7.67496,13.0825,13.7777,6.18301,2.85858,20.2891,16.8242,13.6081,17.251,16.1268,1.94288,15.2441,16.1659,17.8661,10.2958,7.37324,15.4041,11.272,13.5503,13.3093,19.73,16.1206,26.6654,25.8166,22.719,23.3731,25.0204,30.9974,30.9444,30.4317,30.0403,28.1693,26.9359,26.9129,26.0805,26.4591,26.7381,26.0263,26.7719,25.8952,24.8791,30.35,24.9064,20.21,23.3668,8.55369
25.3608,14.1766,27.8839,9.98561,0.0,14.4632,13.6895,25.9095,3.74699,31.1992,29.5852,28.4068,26.9818,29.968,30.621,30.8669,30.3921,28.1112,30.1571,26.9873,26.3322,21.8069,30.4453,16.1481,1.59483,14.2735,23.9885,-10.5804,16.7367,21.2163,28.7669,15.1417,27.882,26.0208,25.327,23.7809,20.5834,29.1833,30.3012,30.0228,28.6712,29.7258,29.6338,28.8036,29.2086,12.3346,14.302,22.4389,13.0846,11.8519,9.5669,6.28595,15.9476,13.2257,19.4586,15.5476,13.3275,18.2731,10.5934,11.3197,14.8428,23.0918,13.2286,12.6283,18.5827,13.6141,13.5882,17.3166,6.56625,12.6652,12.8295,5.57362,3.65074,19.0852,15.8569,12.1135,16.094,14.9974,1.29195,14.4167,15.2703,16.5269,10.4744,8.85458,16.3299,11.5205,13.5468,13.446,20.3533,15.5499,26.9586,25.588,22.4526,22.2327,24.8955,30.9395,31.0227,30.6167,29.9823,28.456,26.8315,27.3967,27.0398,26.7154,27.6958,26.4111,26.9284,26.5302,25.0906,30.0306,24.9718,20.5665,23.8318,8.61736
26.0058,14.2415,27.9912,9.92371,0.0,14.9833,13.9731,26.2871,4.19907,31.6818,29.912,29.008,26.8462,30.3066,30.9283,31.2319,30.844,28.5576,30.3456,26.5721,26.5187,21.4784,31.0685,15.8915,1.78684,15.0288,24.082,-10.5384,16.572,21.6918,30.169,15.6134,28.6873,26.8649,24.488,24.7991,20.2019,29.9335,31.5184,30.7873,28.9233,30.027,30.426,29.0956,29.3836,11.8643,13.8016,22.637,12.648,11.6463,8.97628,5.26699,15.2766,12.7079,19.1126,14.884,12.3462,17.621,10.3065,11.2122,14.0701,22.786,13.029,12.6687,18.4694,13.2259,13.1358,17.1435,5.8352,12.03,12.124,5.37386,3.80702,18.7426,15.6032,11.8452,15.5982,14.8319,1.05901,14.6131,15.3969,16.0171,11.692,9.96681,16.85,11.3016,13.7577,13.3927,19.9303,15.5207,26.7518,25.6923,22.4219,22.1489,24.7891,31.4578,31.4414,30.9478,30.5729,28.8202,27.3932,27.4991,28.0458,26.7135,28.3058,27.0718,27.6511,27.057,25.7985,30.7984,25.0119,20.3934,23.8043,8.25952
26.6366,14.4904,27.9389,10.5482,0.0,15.6642,15.3154,26.6053,4.6157,31.714,29.9368,29.0625,26.8669,30.4572,31.2084,31.3343,30.8895,28.5271,30.6069,26.3572,26.395,21.9083,31.1806,16.2327,1.61816,14.59,23.8701,-10.6179,16.4158,21.5838,30.0896,15.2938,28.3915,26.3847,24.4765,24.3295,19.9679,29.7116,31.1684,30.4373,29.4634,30.0935,30.0238,29.547,29.7178,12.7205,14.1362,23.129,13.2028,11.1266,8.68707,4.75087,16.202,13.3723,20.4657,15.6998,12.8459,18.8527,9.93093,10.8563,15.0272,23.8008,12.896,12.6483,19.165,13.7596,14.0197,18.6915,5.30935,12.332,13.4866,4.92592,4.0109,19.8887,17.0641,11.5422,16.4816,15.6066,1.36277,14.6082,16.0832,17.2361,11.9813,9.98939,17.3114,11.9909,14.3946,13.646,20.9278,16.4574,26.8377,26.0659,22.8915,23.4699,25.7798,31.2482,31.5482,31.0464,30.2812,28.9239,27.4405,27.8166,27.8804,27.3029,28.2505,26.7935,27.558,27.2683,26.1925,30.5483,25.9351,20.9037,24.4847,8.35175
25.8975,14.6008,27.8836,10.609,0.0,15.8035,14.9403,26.2771,5.04819,31.0579,29.678,28.2655,27.0461,30.0502,30.6922,30.9353,30.5633,27.7635,30.1565,26.7001,25.8032,22.1714,30.7021,16.4902,1.32314,14.7345,24.1449,-10.8421,17.0351,21.4722,28.954,14.7967,27.6392,25.3904,25.62,23.3551,21.0883,29.286,30.2267,29.5512,28.679,29.5497,29.0355,28.9773,29.5219,12.046,14.0206,22.9169,12.8289,12.0022,10.2764,6.97716,15.7079,12.9053,19.4026,15.0694,13.1611,17.8757,11.0256,11.5203,14.0567,22.9285,13.3271,12.6331,19.1957,13.328,13.5072,17.8711,7.10502,12.6327,12.6377,6.12162,3.85358,18.8276,16.1288,11.5555,15.8657,14.443,1.88848,14.0575,14.9967,16.1538,11.4491,9.55361,16.8807,11.2179,13.5885,13.1873,20.6596,15.9809,26.9317,25.4019,22.9032,22.0141,24.5799,30.5359,31.4025,30.2943,29.6391,28.3068,26.7603,27.4612,26.7818,26.9596,27.5279,25.8278,26.8002,26.0754,25.7316,29.8059,25.067,20.4502,23.5065,8.3335
25.7417,14.8885,27.7746,9.72339,0.0,15.2359,14.344,25.9723,4.34223,30.9425,29.642,27.7142,26.9839,29.8951,30.6273,30.8092,30.1829,27.2626,30.0851,27.2847,26.2179,21.5239,30.5284,15.7584,1.24014,14.8407,24.4866,-11.0963,16.9352,20.9847,28.483,15.0454,27.8119,26.157,25.1292,23.6846,20.9597,29.4647,29.8664,30.4099,29.1814,30.0386,29.6448,29.2104,29.404,13.5107,15.3046,22.7614,14.4668,12.9959,10.6929,7.91129,17.1051,14.5683,19.6254,16.2468,13.8328,18.9572,11.5645,12.3231,15.985,23.4729,14.2552,13.8963,19.1407,14.6861,14.8117,18.4099,8.3432,13.4794,14.2475,7.36371,4.37276,19.3873,16.3491,11.8955,17.0336,15.0794,1.75089,13.7382,14.9308,17.2425,10.5533,8.70391,15.5478,11.3098,12.9732,13.0816,19.8838,15.7528,26.642,24.9047,22.7796,23.3785,24.8675,31.4075,31.1088,30.6796,30.1996,28.8201,27.2404,27.3747,26.707,26.5488,27.2298,26.3186,27.4597,26.4227,25.5932,30.2819,24.6456,19.8453,23.4326,8.30786
26.7338,14.4938,28.056,10.8377,0.0,16.2702,16.0639,27.1252,6.02656,32.1244,29.9916,29.9174,26.9568,30.3906,31.145,30.9882,31.4406,29.2682,30.5434,25.9417,26.3008,21.6728,31.3374,16.353,1.9532,14.3674,24.0949,-9.67859,16.8519,21.9532,29.9752,15.5432,28.6189,26.7052,25.4256,24.6619,20.6708,30.2413,31.2628,30.6691,28.9391,30.0971,30.166,29.1016,29.6378,14.77,14.4782,23.7288,14.8943,11.9,10.169,5.91354,16.5156,14.133,21.3707,17.8109,12.9169,19.7577,11.1958,12.1057,15.2364,23.8014,13.4939,14.2399,18.9779,15.9575,16.3976,18.2406,5.93139,12.4148,14.3891,5.41181,4.79368,21.0072,18.8884,13.3034,18.3378,17.77,2.57651,16.8161,18.3867,19.1028,12.9513,10.1136,17.8177,13.046,15.5779,15.3819,21.2982,17.44,27.4923,26.4529,23.0536,23.9477,25.6773,31.7246,32.2098,31.4505,30.628,29.114,27.4641,27.5243,26.9724,26.8822,27.7345,26.8346,27.8018,26.6842,25.6421,30.8159,25.5928,21.4347,24.6505,8.34297
26.6511,14.6602,28.2813,10.5209,0.0,16.3122,15.9454,27.0117,4.75497,31.5933,30.3341,29.2557,27.4394,30.5136,31.1736,31.5125,31.2069,28.5391,30.6059,26.4732,26.2907,21.8984,31.378,16.3748,2.52378,14.9519,24.4088,-9.16122,17.2941,22.2712,30.3243,15.6308,28.827,26.7044,25.9167,24.6884,21.1248,30.337,31.5497,30.5699,29.2137,29.9588,30.174,29.2875,29.7873,13.4993,14.8575,23.4687,14.0002,12.3257,9.97704,5.95801,16.176,13.9593,20.6369,16.3373,13.7613,18.9832,11.1158,11.9745,15.2682,23.6596,13.877,13.4796,18.8157,14.4795,14.8499,17.7038,6.46186,13.2396,13.5537,5.84419,5.19288,20.1035,17.1881,12.4098,17.1505,15.7511,2.1056,14.9255,16.19,17.5803,11.5315,10.0681,17.1807,12.5663,14.9151,14.4995,21.2529,16.7957,27.5047,26.731,22.7996,23.4748,25.4738,31.6412,32.0615,31.2604,30.8285,29.1545,27.7067,27.2669,26.6033,26.8323,27.3656,27.0207,27.8952,26.4794,25.2611,31.045,26.1231,21.6246,24.7037,8.70887
26.166,14.8445,28.101,9.72957,0.0,15.1343,14.5362,26.2174,3.75152,31.1489,30.0784,28.6693,27.3002,30.3151,30.9782,31.3454,30.6071,28.2378,30.3849,26.9411,27.0643,22.8418,31.2278,17.0321,2.35415,15.2284,24.2818,-9.66983,17.4033,21.658,29.6575,15.4671,28.3224,26.3062,25.8781,24.1379,20.8956,29.796,31.0363,30.2738,29.2447,29.8768,29.7216,29.1572,29.7144,13.4511,15.0811,23.3926,14.0988,12.8496,12.0899,8.02942,16.6731,14.0316,20.2206,16.5062,13.7602,19.0945,12.8042,13.0389,15.4393,23.7973,14.2549,13.9956,19.7657,14.8244,14.9764,18.639,7.9625,13.5158,13.9534,6.90716,4.98257,19.8466,16.658,13.4082,17.3008,15.5724,1.90762,15.4185,16.0943,17.4299,11.3845,9.49715,17.7781,12.3627,14.9561,14.3645,21.4307,16.592,27.5882,26.3807,23.7547,23.9069,26.1022,31.5176,32.1444,31.5112,30.6106,28.9531,27.6047,27.3511,27.0206,26.8907,27.8015,26.7552,27.4576,26.7283,25.7093,30.59,25.64,21.0737,24.3998,8.51822
26.4913,15.0881,27.6938,10.6592,0.0,15.3311,15.4762,26.7146,4.92442,31.043,29.7544,28.5925,27.1654,30.1345,30.8269,31.3435,30.5524,28.0898,30.2084,27.1436,26.4954,22.3181,30.8365,16.6383,2.26923,15.1652,24.3522,-9.39704,17.4531,21.5757,29.1302,15.248,28.0477,25.8528,26.2742,23.7206,21.3327,29.4727,30.3161,29.7423,28.9314,29.4135,29.3989,28.9064,29.9238,13.6924,15.6138,22.6542,14.6157,13.5485,10.8245,7.42252,16.9242,14.5552,19.6075,16.6209,14.4386,19.1048,11.8785,12.7967,15.8601,23.7494,14.7696,14.4004,19.7211,15.1548,15.0718,18.8789,8.35174,13.993,13.9924,7.62787,5.69227,19.3918,16.0296,12.762,17.2919,15.3658,2.66942,14.8689,15.831,16.9267,12.2402,10.4201,17.5013,12.2807,14.6756,14.0004,21.2986,15.914,27.2655,25.9707,23.3581,23.2802,25.3529,31.1402,31.2578,30.9189,30.2266,28.5734,27.0918,27.6454,26.6283,26.8692,27.5288,26.6222,26.9635,26.2479,25.7005,30.1947,25.8035,21.1954,24.0357,8.37519
25.9614,14.9141,27.9496,10.4871,0.0,15.6148,15.7126,27.0723,4.68532,31.675,29.8856,29.071,27.5368,30.2557,31.0663,31.246,31.0618,28.5441,30.3633,27.2508,26.7638,22.6446,30.975,17.3151,1.32572,14.5046,24.3932,-9.88174,17.3754,21.2687,29.1626,15.4699,28.2685,26.3378,25.1679,24.0992,21.1848,29.8183,30.4883,30.2305,29.0568,29.7771,29.6573,29.0844,29.4906,11.9608,14.2358,23.5309,12.6862,12.2488,10.9999,8.31405,15.5912,13.1416,19.6781,14.9553,13.8249,18.0879,11.2393,11.3685,14.1757,23.3736,13.5168,12.4899,19.2073,13.2437,13.2058,17.6038,7.84369,13.3152,12.6567,6.95182,5.11959,19.2218,15.5114,11.4416,15.5979,14.2961,2.05751,13.7888,14.4664,16.1999,12.5447,10.9199,18.4114,12.4131,15.0134,14.2486,21.7334,16.3876,27.6214,26.4873,23.1469,23.2884,25.6444,31.5663,31.6356,31.0289,30.6665,28.9628,27.472,27.1374,26.3429,26.5627,27.1178,26.2219,27.2836,26.1991,25.232,30.7445,25.2659,21.1305,24.2799,8.30458
26.5958,14.884,28.2632,9.97446,0.0,15.0924,14.7543,26.6496,4.02768,31.6036,30.2062,29.3306,27.2202,30.6184,31.4555,31.3262,31.1515,28.6157,30.8492,26.9028,26.5998,21.7929,31.133,15.8231,2.33998,15.0602,24.1806,-8.80463,17.1217,22.2056,30.5643,15.1762,28.7602,26.8093,25.6435,24.7128,20.8542,30.2181,31.6187,30.6309,29.0749,30.1437,30.1481,29.2828,29.731,12.4375,14.1064,23.2161,13.0696,12.1465,10.4424,7.77079,15.8785,13.0123,20.072,15.7702,14.1216,18.4927,11.0419,11.658,14.4998,23.4261,13.1743,12.9716,19.1539,13.9894,13.7341,17.6738,7.86149,13.4371,12.8517,6.99084,4.42273,19.9401,16.5805,11.9858,16.2675,15.175,2.38468,14.4715,15.3574,17.2812,11.5265,8.96506,16.0423,11.5959,14.0596,13.9266,20.5657,16.291,27.674,26.6943,22.4959,23.2578,25.5797,31.8485,32.0297,31.4141,30.9295,29.2575,27.7065,27.5331,27.3667,26.5694,27.8503,26.6235,27.5351,27.0892,25.7739,30.9017,24.7585,20.9464,24.1356,8.54136
26.8539,15.0264,28.4476,10.5712,0.0,15.353,15.3134,26.8561,5.21766,31.8429,30.2442,29.6952,27.5943,30.5288,31.0614,31.4496,31.4499,29.0628,30.5568,26.9505,26.5116,22.0768,31.2468,16.5527,2.33695,14.675,24.6372,-9.26394,18.1045,22.3911,30.2794,15.7303,28.8458,26.8029,26.5426,24.6929,21.9011,30.2968,31.524,30.6374,29.814,30.6658,30.0475,29.9066,29.9845,14.763,15.4132,23.6657,15.1858,13.4839,12.0124,8.62145,16.8184,14.9193,21.0047,17.3183,14.2814,19.7608,12.7713,13.3396,15.8316,23.9256,14.398,14.7447,19.4438,15.8156,16.0169,18.0938,8.774,13.7455,14.6552,7.64013,4.03691,20.8357,17.311,13.7285,18.1385,16.3232,2.69261,15.4368,16.4586,18.4168,11.6025,9.05277,16.621,11.6501,13.8578,13.7799,21.2417,16.8773,27.9204,27.2273,22.832,23.9219,26.2592,32.2381,32.0447,31.8017,31.3639,29.6799,28.0306,27.7026,27.09,27.4051,27.8193,27.325,28.2365,26.9603,26.1022,31.3862,25.4599,21.0185,24.2897,8.80639
26.4443,15.0826,28.5478,11.004,0.0,15.7062,15.4617,27.0759,5.07507,31.8608,30.292,29.2963,27.5101,30.402,31.0507,31.3558,31.1452,29.0299,30.531,27.3072,26.948,22.9382,31.3249,17.529,3.1486,14.6265,24.5144,-8.12254,17.5468,22.3834,30.4958,15.745,29.1775,26.9941,25.7291,24.9933,21.2354,30.5697,31.7295,31.0,29.8086,30.7507,30.1549,29.921,29.9419,14.5433,15.8253,23.5277,15.1434,12.467,10.1745,6.53889,17.309,15.0784,20.6604,17.0837,13.8947,20.0757,11.3171,12.1646,16.8758,24.8007,14.5074,14.2362,19.3561,15.5243,15.5604,18.217,6.92591,13.4153,15.1938,6.29637,4.24015,20.78,16.5795,12.4657,17.9451,15.6173,2.11944,14.5981,15.473,18.2348,11.9006,10.7893,17.6701,11.4535,13.8747,13.4195,21.5541,16.0773,27.7212,27.0582,23.3317,24.7247,26.6529,32.1203,32.168,31.89,31.1978,29.3712,27.5478,27.6133,26.8566,27.456,27.3878,26.7728,27.6004,26.7483,25.6355,31.0552,25.6391,21.2419,24.7892,8.56031
26.6864,15.3359,28.3237,10.6345,0.0,15.8222,15.5502,27.2333,5.12516,31.7195,30.305,29.6771,27.3207,30.5751,31.2436,31.6047,31.2254,28.9021,30.561,26.872,26.8611,21.8735,31.3766,16.1375,2.96261,15.6401,24.6245,-9.34716,17.4128,22.1233,30.2277,15.765,29.0725,26.7878,25.8807,24.7313,21.0877,30.4527,31.5828,30.5537,29.2446,30.1868,30.1607,29.3862,30.1056,14.3103,16.0819,23.6767,14.6265,13.3881,12.5033,9.17319,17.7924,14.8343,21.2059,17.0136,14.794,20.026,13.2671,13.6651,16.643,24.4622,14.8293,14.5527,20.7533,15.3345,15.7708,19.0421,8.86995,14.4439,14.7446,7.29766,3.52307,21.0249,17.6406,14.1579,18.1243,16.2076,3.74423,15.7475,16.2116,18.5203,12.2956,9.17644,16.6772,12.036,14.572,14.1856,20.8854,16.7274,27.5762,27.0381,24.1335,24.4809,26.6065,31.8197,32.5224,31.8376,30.8124,29.4845,27.6896,27.8559,27.4985,27.2688,28.1117,27.246,27.868,27.2115,26.3809,30.7709,26.0936,21.3904,24.885,8.57641
26.8731,15.3481,28.5059,10.947,0.0,16.0598,16.0725,27.5718,5.64157,31.9024,30.3814,29.2963,27.7714,30.6261,31.5601,31.4884,31.2419,28.8645,30.7392,27.4903,27.0507,22.9865,31.3009,17.3509,3.24859,15.6611,24.4821,-9.06915,17.757,22.4287,30.4081,15.6413,28.8566,26.5567,26.1604,24.6553,21.6512,30.3939,31.4541,30.2074,29.1116,29.8181,29.8031,29.2015,29.9518,14.2948,16.2354,23.1278,14.9596,13.5136,10.8322,6.7924,18.0634,15.2414,20.1033,16.4519,15.3566,19.637,11.9727,12.8457,16.9349,24.1523,15.0631,14.5323,20.8248,15.1492,15.5855,19.4211,7.66579,14.672,15.0738,6.63446,4.54632,19.7861,16.4358,12.9384,17.7045,15.3354,2.49414,14.9857,15.9159,17.3134,12.7289,10.0748,17.4411,12.4527,14.811,14.074,21.7069,16.0972,27.6754,26.1685,24.6898,23.8859,26.1274,31.8151,32.447,31.5241,30.6597,29.3586,27.8682,27.5857,27.3142,27.0436,28.0308,26.8757,27.7202,27.1601,26.416,30.5794,26.2947,21.7029,24.8045,9.09499
27.1254,14.9598,28.7064,11.4738,0.0,16.1943,15.4532,26.8819,6.34196,32.2808,30.5697,29.9652,27.9367,30.8404,31.3269,31.8417,31.5577,29.4105,30.8298,27.5375,27.1462,22.3698,31.3401,16.6498,3.32117,16.0363,24.9678,-10.0539,18.0468,22.3305,30.0014,16.0628,29.0155,26.9192,26.4577,24.9342,22.4854,30.4898,31.2517,30.7001,29.3236,30.1814,30.1934,29.3038,29.9571,13.2238,15.056,23.319,13.8557,12.6649,10.6376,7.38191,16.8262,13.9857,20.3116,16.4179,14.1992,19.0224,11.6768,12.5537,15.5858,24.1319,14.0817,13.7701,20.3688,14.5833,14.5777,18.8072,7.71006,13.5191,13.7852,6.669,4.2206,19.8712,16.6673,13.1509,16.855,15.4474,3.32732,15.361,16.0337,17.1584,12.5387,10.297,17.4567,12.1699,14.68,14.026,20.9612,16.5629,28.1001,26.8382,23.891,24.0423,26.1916,32.1923,32.1434,31.563,31.1856,29.9403,28.3218,27.6748,27.5969,26.9614,28.1685,27.2869,28.4463,27.6431,26.7625,31.3303,27.248,22.0909,25.3591,8.72872
27.2228,14.9712,28.7861,11.5078,0.0,16.849,16.6261,27.391,6.18403,32.5405,30.7998,29.6797,27.628,31.3393,31.7414,32.0773,31.6363,29.4635,31.3448,27.6152,27.7308,23.045,31.605,17.404,3.16711,15.6411,24.9787,-8.91427,17.2067,22.9612,31.6598,16.2973,30.1064,27.6771,25.4933,25.9879,20.9276,31.4123,32.3959,32.1644,30.8081,31.8576,31.2384,31.0154,30.5,13.7999,15.3254,23.2471,14.6192,12.9185,12.13,8.62683,16.7444,14.4802,20.8426,17.2277,13.7614,19.6171,13.0697,13.6771,15.6889,24.1703,14.4975,14.8038,19.5995,15.4234,15.2153,18.5148,8.27936,13.4419,14.0371,7.25615,4.68299,20.6076,17.9978,14.866,17.7586,17.1712,3.67523,16.9036,17.9925,18.3037,13.4203,10.3624,17.9424,11.785,14.3576,14.2103,21.324,16.2938,28.0198,26.5459,23.5363,24.2168,26.2783,32.7695,32.3921,32.3349,31.6996,30.1099,28.5762,28.2696,28.3561,27.2006,28.865,28.0685,28.7342,28.0915,27.0979,31.6546,26.5586,21.4411,25.1654,8.52264
27.311,15.5452,28.8588,11.6152,0.0,17.0681,16.9367,27.4738,6.16539,32.1622,30.8025,29.8804,27.8391,31.1195,31.4595,32.1462,31.2641,29.6638,31.068,27.2995,26.7059,22.2667,31.7108,16.8523,3.58887,16.1398,25.2707,-9.04638,17.5756,23.0162,31.3763,16.2113,29.5799,27.2946,26.1676,25.4615,21.6637,31.1076,32.0748,31.673,30.5442,31.625,30.7269,30.7337,30.5097,14.6626,16.0637,24.0234,15.4482,13.7972,11.769,7.48449,17.8296,15.409,21.5178,17.4364,14.1826,20.3615,12.7919,13.4824,16.8184,24.878,15.097,14.946,20.0475,15.7532,15.9851,19.8171,7.9542,13.925,15.2812,7.2773,5.56017,21.0785,18.2051,14.123,18.3294,16.8692,3.62289,16.6032,17.6632,18.7445,14.0321,10.6295,18.0393,12.638,15.555,14.6007,21.3223,17.3947,27.8365,26.3529,24.5103,24.8876,26.109,31.9346,32.4603,31.8904,30.9296,30.1395,28.3244,27.8792,28.3421,26.8305,28.7291,27.6116,28.5488,28.1828,27.1387,31.1082,27.2448,22.3091,25.5318,8.84027
27.1587,16.0331,28.8465,11.9475,0.0,16.4087,16.0279,27.2934,6.76531,32.3197,30.7114,29.8325,28.0012,30.9618,31.3793,31.9364,31.71,29.2348,30.8877,27.3898,27.0769,22.4996,31.5906,16.9726,4.22044,15.8991,25.2529,-8.27415,18.1332,22.9364,31.0889,16.1082,29.4873,27.0542,26.2137,25.2522,21.9348,30.9347,32.2173,31.1789,30.1903,31.0898,30.5256,30.253,30.1143,14.9312,16.3642,24.1458,15.4776,13.7982,11.5882,7.47905,17.6831,15.6249,21.9841,17.5099,14.0467,20.6987,12.6797,13.4624,17.0834,25.135,15.3712,14.8994,20.0965,15.8276,16.308,19.1129,8.04365,13.8884,15.3928,7.37062,6.05477,21.651,18.5536,13.7296,18.7176,17.0086,2.98501,16.2605,17.528,19.128,12.8664,10.5418,17.5726,12.9992,15.0276,14.7201,21.6856,17.4914,28.1939,26.6288,24.0969,24.7152,26.6141,32.194,32.7781,32.3405,31.2684,29.9033,28.19,27.9517,27.4918,26.8732,28.0134,27.2661,28.4039,27.4245,26.2363,31.2758,26.3593,21.8671,25.3591,9.04739
27.295,15.2795,28.8121,10.4481,0.0,15.8372,15.5485,25.9739,5.35252,32.3407,30.6484,29.8229,27.9891,30.8543,31.341,31.7213,31.9466,28.9691,30.8901,27.9451,27.9662,22.6965,31.7324,16.9419,3.66139,16.0833,25.3608,-8.48486,18.2814,22.6227,30.6017,16.4503,29.5661,27.4325,26.3233,25.3687,22.1746,31.092,31.9629,31.632,30.3247,31.3105,30.6974,30.4146,30.5207,15.6812,16.2506,23.5211,15.8595,13.3545,10.9317,7.70426,18.3236,15.5624,21.3355,18.1241,14.2432,20.8881,11.9062,12.6355,17.1788,24.7374,15.0528,14.7376,21.1434,16.4532,17.2243,20.2641,7.92683,13.8908,16.1058,7.25204,6.0039,21.2076,18.1174,13.0912,19.0721,17.0548,3.04298,15.7497,17.1696,19.0897,11.9602,9.84288,17.1794,12.167,14.4353,13.8566,21.5835,16.7999,28.2343,26.5843,24.7482,24.2737,25.9635,32.3737,32.4938,32.0716,31.463,30.1287,28.5888,28.1306,27.9523,27.0205,28.7873,27.4388,29.0297,27.8617,27.3453,31.7323,27.0482,22.0297,25.2425,9.01669
27.7744,14.9542,28.8355,12.1196,0.0,16.9262,16.1575,27.4261,5.80159,32.6651,30.8352,30.3383,28.2325,31.3318,31.6597,32.4331,31.904,29.7128,31.2848,28.5195,27.8753,23.1579,31.5082,17.7187,4.34828,16.4439,25.2545,-7.38452,17.5102,23.8321,31.8623,16.2464,30.021,27.6181,27.5332,25.9594,21.217,31.6908,32.6377,31.9031,30.7262,31.4641,31.2355,30.6501,30.5241,13.9488,14.7647,24.0189,14.5803,12.8159,11.3396,8.42444,16.7158,14.1343,21.0163,17.0155,14.1071,19.3676,12.0181,12.8091,15.3659,24.4202,13.8758,14.3345,19.5221,15.2846,15.5153,18.2978,8.51016,13.4266,14.0357,7.69751,6.68556,20.5855,17.635,12.9234,17.8122,16.3978,2.99122,15.6747,16.9705,18.2372,13.0046,11.4746,18.5534,13.0719,15.575,14.8562,21.5647,17.3962,28.1528,27.1558,23.0935,23.9381,26.4169,33.2291,31.9252,32.692,32.2492,30.2994,28.9567,29.3445,30.2515,28.3045,30.5261,28.6976,28.943,29.3462,28.6651,32.3031,27.6265,22.6405,25.9711,8.6276
27.1807,15.4339,28.7222,11.6509,0.0,16.5972,15.782,26.8889,6.60837,32.5358,30.7415,29.5775,28.2097,31.1576,31.2938,31.9669,31.9237,29.1081,31.1186,28.0063,28.0131,23.0623,31.612,17.6215,4.21253,16.4908,25.1032,-8.25226,18.3927,22.6133,30.7527,16.2731,29.4741,27.261,26.7874,25.224,22.1846,31.0471,31.691,31.1201,30.4752,31.188,30.4439,30.4404,30.6298,14.369,15.5398,24.2054,15.3022,13.3683,12.5609,9.02729,17.2026,14.9648,21.4712,17.655,14.2914,19.9237,13.546,14.1068,16.2356,24.3708,14.5344,15.1297,20.188,15.7895,15.9499,19.7882,8.78166,13.9555,14.3865,7.94396,5.83276,21.2182,18.3035,14.7201,18.2089,17.3039,4.34108,16.8343,17.8537,18.8489,14.3703,11.6006,18.848,13.3212,15.8526,15.1741,21.9047,17.5282,28.702,26.5571,23.79,24.1428,26.2653,32.0541,32.4511,32.0481,31.1477,29.4861,28.1184,28.4343,27.7482,27.7668,28.3492,27.469,27.9545,27.2751,26.7146,31.2634,26.0708,21.4001,24.7209,8.81149
27.3509,15.5751,29.0371,11.964,0.0,17.3886,16.8598,26.6613,6.5605,32.6595,31.0778,29.7211,27.8854,31.4147,31.615,32.3052,31.6675,29.2717,31.3967,28.2092,28.0376,23.045,31.8912,17.3651,4.46987,16.8115,25.1013,-7.90814,18.0204,23.3443,31.5383,16.1618,29.7495,27.4724,26.6673,25.6281,22.0077,31.0575,32.2466,31.3476,30.5794,31.2181,30.7651,30.6465,30.6071,14.7459,16.2675,24.138,15.6168,13.811,12.0094,8.67539,18.1536,15.608,21.6028,18.2985,14.4419,20.2595,13.0028,13.864,17.0402,24.7793,15.2476,15.5328,20.3822,16.4995,16.2732,19.5959,9.02613,14.1675,15.3619,8.36891,5.97128,21.312,18.2493,14.5385,18.5959,17.5315,4.88874,17.2007,18.0206,18.9126,13.7199,11.5072,18.4391,12.9532,15.7787,15.0747,21.6014,17.5871,27.9686,26.7204,24.0837,23.9688,26.1265,32.2732,32.6526,32.3942,31.5647,30.3264,28.5528,28.1467,28.1089,27.8799,28.7934,27.7594,28.6737,28.0166,27.2367,31.5056,26.6611,21.9831,25.0164,8.8442
27.7753,16.0558,29.4499,11.5279,0.0,16.8822,16.5798,26.8334,6.1964,33.102,31.2428,29.8802,27.7823,31.3978,31.2863,32.6066,32.0502,29.5459,31.2253,27.5568,27.8457,23.0369,31.9612,17.3791,3.63797,15.9529,25.4252,-7.51763,17.9543,22.8065,31.6539,16.7525,30.2563,28.0389,25.6299,26.1257,21.8225,31.8166,32.7531,31.935,30.3225,31.4787,31.3675,30.4859,30.7109,15.3691,16.0365,24.2824,16.0993,13.6265,12.082,8.43367,17.6584,15.5369,22.0546,18.6954,13.7751,20.6648,13.0925,13.9431,16.904,24.8448,15.0623,15.6494,20.079,17.0777,16.9363,19.4809,8.25416,13.5988,15.5065,7.65495,6.5738,21.8019,19.0037,14.6626,19.0696,18.1345,4.6886,17.1379,18.3263,19.6315,14.1279,11.2761,18.4345,13.1251,15.7226,15.2182,21.8238,17.5965,28.4594,26.7794,24.4226,24.3487,26.7425,32.5135,33.0413,32.7546,31.9792,30.7886,29.061,28.5699,27.8703,27.8546,28.6142,27.663,29.3666,27.8881,27.2098,32.0423,27.7153,22.476,25.6652,8.99967
27.9912,16.3822,29.1422,11.6825,0.0,16.3282,15.5133,26.7221,6.02747,33.0953,31.1796,30.5551,28.4768,31.5908,32.1045,32.4388,32.2481,29.8192,31.5255,27.7683,27.7734,22.9057,32.2068,17.2483,4.33172,16.2796,25.2311,-6.37927,17.5855,23.1911,31.918,16.775,30.134,27.6864,25.9021,26.0215,20.9626,31.5983,33.4283,31.816,30.2126,31.2658,31.3133,30.3237,30.7322,14.6134,15.6061,24.552,15.1247,13.5754,12.4018,8.58771,16.5841,14.6505,21.9352,18.0563,14.5995,19.8589,13.4667,14.2337,15.6956,24.6811,14.9899,15.4278,19.5413,16.3591,16.2479,18.5325,8.63054,13.9082,14.0483,8.27274,6.85058,21.3539,19.0205,15.0849,18.5894,17.887,4.50658,17.9505,18.9184,18.91,15.7478,11.631,19.0368,13.8132,16.8482,16.0465,22.0213,18.0805,28.5612,27.2686,23.5527,24.4974,27.007,32.6653,33.1336,32.8569,31.9519,30.6591,29.0069,28.4971,28.0564,27.7946,28.832,27.9517,29.2827,28.0431,27.2726,32.1102,27.6599,22.4337,25.8746,8.82823
27.4245,16.0376,28.9767,12.263,0.0,17.0771,16.6765,27.5394,6.50886,32.4772,31.1069,30.1627,28.2016,31.3081,31.4884,32.4788,32.0072,29.761,31.1426,28.2411,28.5822,24.4976,32.0491,18.7902,4.11302,16.2789,25.3272,-6.39184,18.2478,23.0666,31.3071,16.1303,29.6975,27.2313,26.0341,25.5121,21.8348,31.1286,32.6287,31.4236,30.4627,31.2585,30.824,30.5772,30.6344,14.8264,16.1273,23.6622,15.7175,14.2564,13.0572,9.78887,17.3991,15.3844,20.6469,17.7159,15.2323,19.8987,13.8185,14.2862,16.6202,24.4637,15.2384,15.5251,20.3899,16.3333,16.2272,19.0863,9.84893,14.827,14.7466,9.17509,6.84234,20.3479,17.4287,14.6119,18.3151,16.5927,4.38378,16.6572,17.6828,17.831,13.4877,11.8861,19.1431,12.3988,15.6462,14.4218,22.56,16.7001,29.143,27.1657,23.9525,23.9075,26.578,32.5891,32.9533,32.3292,31.7904,30.3853,28.9292,28.4897,27.9614,27.2667,28.8371,27.6956,28.9523,28.1502,27.5621,32.0444,27.4402,22.0258,25.4358,9.24831
27.5534,15.6939,28.933,12.7741,0.0,17.758,17.5273,27.3613,8.22365,32.3429,30.8487,30.2629,28.1467,31.0624,31.4164,32.1013,31.7298,29.7085,31.1246,27.8806,27.6322,23.5714,31.8698,17.9069,3.98248,16.7603,25.6369,-7.30253,18.3476,22.709,30.869,16.2747,29.6558,27.2483,26.2697,25.3323,22.2076,31.237,32.2184,31.0537,30.3946,30.7854,30.5471,30.2207,30.8335,14.0725,15.7366,23.6616,14.9895,13.6501,12.1751,8.64944,17.3023,14.8314,21.7225,16.9446,14.6572,19.8577,13.1709,13.7546,16.0112,24.6544,14.7785,14.8775,20.6779,15.442,15.631,19.7463,8.36899,14.2104,14.1881,8.04296,5.51565,21.1027,18.3415,14.1108,17.9842,16.5692,5.19736,16.2816,17.3241,18.3686,15.683,12.535,19.6128,12.8843,16.1724,14.7964,22.1625,17.2962,28.6311,27.1993,24.0385,24.2506,26.4709,32.393,32.6098,32.2935,31.5626,30.2108,28.483,28.3562,28.0811,27.2692,28.9219,27.6317,28.5369,28.2186,27.5213,31.7272,27.415,22.3569,25.6917,8.99989
