0.0,0.0,0.0,0.00048635,0.00147276,0.0,0.0,0.0,0.0,0.0,0.0012993,0.00545783,0.004244,0.0061389,0.00129121,0.0011347,5.29143e-05,0.0028833,0.00354244,0.0,0.0004101,0.0044543,0.0,0.0003702,4.63e-05,0.0,0.0,0.0113682,0.0,0.0003062,0.0053478,0.041795,0.0,0.0100102,0.002826,0.0025404,0.0063144,0.0003725,0.0046644,0.0009,0.000781233,0.00384456,0.00161267,0.0005238,0.00163267,0.0,0.0,0.0,0.0,0.0,0.0,0.0,0.0,0.0,0.0,0.0,0.0,0.0,0.0,0.0,0.0,0.0,0.0,0.0,0.0,0.0,0.0,0.0,0.0,0.0,0.0,0.0,0.0,0.0,0.0,0.0,0.0,0.0,0.0,0.0,0.0,0.0,0.0,0.0,0.0,0.0,0.0,0.0,0.0,0.0,0.0,3.64e-05,0.0,0.0,0.0,0.0,0.0028638,0.000283767,0.0098301,0.00355916,0.00568576,0.00073948,0.0015537,0.0,0.0,0.0010895,0.000430466,0.00022704,0.0005209,0.0001885,0.00190019,0.0001584,0.0001715,0.0002322,0.0
0.0,0.0,0.0,0.00049467,0.00147604,0.0,0.0,0.0,0.0,0.0,0.00130249,0.00555264,0.0042536,0.00618357,0.00131367,0.0011545,5.38286e-05,0.00291787,0.0035497,0.0,0.00041335,0.00448955,0.0,0.00037314,4.667e-05,0.0,0.0,0.0115924,0.0,0.00031226,0.00545273,0.04262,0.0,0.0102078,0.0028807,0.00259042,0.00643843,0.0003799,0.00475662,0.00091767,0.00079643,0.00392084,0.0016442,0.00053411,0.00166495,0.0,0.0,0.0,0.0,0.0,0.0,0.0,0.0,0.0,0.0,0.0,0.0,0.0,0.0,0.0,0.0,0.0,0.0,0.0,0.0,0.0,0.0,0.0,0.0,0.0,0.0,0.0,0.0,0.0,0.0,0.0,0.0,0.0,0.0,0.0,0.0,0.0,0.0,0.0,0.0,0.0,0.0,0.0,0.0,0.0,0.0,3.635e-05,0.0,0.0,0.0,0.0,0.00289721,0.000287057,0.00994593,0.00360067,0.00575232,0.000748144,0.0015717,0.0,0.0,0.00110227,0.000435481,0.000229792,0.00052696,0.0001907,0.00192262,0.00016032,0.00017353,0.000234924,0.0
0.0,0.0,0.0,0.00050299,0.00147931,0.0,0.0,0.0,0.0,0.0,0.00130568,0.00564746,0.0042632,0.00622824,0.00133613,0.0011743,5.47429e-05,0.00295244,0.00355697,0.0,0.0004166,0.0045248,0.0,0.00037608,4.704e-05,0.0,0.0,0.0118166,0.0,0.00031832,0.00555766,0.0434451,0.0,0.0104054,0.0029354,0.00264044,0.00656246,0.0003873,0.00484884,0.00093534,0.000811627,0.00399712,0.00167573,0.00054442,0.00169722,0.0,0.0,0.0,0.0,0.0,0.0,0.0,0.0,0.0,0.0,0.0,0.0,0.0,0.0,0.0,0.0,0.0,0.0,0.0,0.0,0.0,0.0,0.0,0.0,0.0,0.0,0.0,0.0,0.0,0.0,0.0,0.0,0.0,0.0,0.0,0.0,0.0,0.0,0.0,0.0,0.0,0.0,0.0,0.0,0.0,0.0,3.63e-05,0.0,0.0,0.0,0.0,0.00293063,0.000290347,0.0100618,0.00364219,0.00581887,0.000756808,0.0015897,0.0,0.0,0.00111504,0.000440496,0.000232544,0.00053302,0.0001929,0.00194504,0.00016224,0.00017556,0.000237648,0.0
0.0,0.0,0.0,0.00051131,0.00148259,0.0,0.0,0.0,0.0,0.0,0.00130886,0.00574228,0.0042728,0.00627291,0.00135859,0.0011941,5.56571e-05,0.00298701,0.00356423,0.0,0.00041985,0.00456005,0.0,0.00037902,4.741e-05,0.0,0.0,0.0120408,0.0,0.00032438,0.00566259,0.0442701,0.0,0.010603,0.0029901,0.00269046,0.00668649,0.0003947,0.00494106,0.00095301,0.000826823,0.00407341,0.00170727,0.00055473,0.00172949,0.0,0.0,0.0,0.0,0.0,0.0,0.0,0.0,0.0,0.0,0.0,0.0,0.0,0.0,0.0,0.0,0.0,0.0,0.0,0.0,0.0,0.0,0.0,0.0,0.0,0.0,0.0,0.0,0.0,0.0,0.0,0.0,0.0,0.0,0.0,0.0,0.0,0.0,0.0,0.0,0.0,0.0,0.0,0.0,0.0,0.0,3.625e-05,0.0,0.0,0.0,0.0,0.00296405,0.000293637,0.0101776,0.00368371,0.00588543,0.000765472,0.0016077,0.0,0.0,0.00112781,0.000445511,0.000235296,0.00053908,0.0001951,0.00196747,0.00016416,0.00017759,0.000240372,0.0
0.0,0.0,0.0,0.00051963,0.00148586,0.0,0.0,0.0,0.0,0.0,0.00131205,0.0058371,0.0042824,0.00631758,0.00138106,0.0012139,5.65714e-05,0.00302158,0.0035715,0.0,0.0004231,0.0045953,0.0,0.00038196,4.778e-05,0.0,0.0,0.0122651,0.0,0.00033044,0.00576752,0.0450952,0.0,0.0108006,0.0030448,0.00274048,0.00681052,0.0004021,0.00503328,0.00097068,0.00084202,0.00414969,0.0017388,0.00056504,0.00176176,0.0,0.0,0.0,0.0,0.0,0.0,0.0,0.0,0.0,0.0,0.0,0.0,0.0,0.0,0.0,0.0,0.0,0.0,0.0,0.0,0.0,0.0,0.0,0.0,0.0,0.0,0.0,0.0,0.0,0.0,0.0,0.0,0.0,0.0,0.0,0.0,0.0,0.0,0.0,0.0,0.0,0.0,0.0,0.0,0.0,0.0,3.62e-05,0.0,0.0,0.0,0.0,0.00299746,0.000296927,0.0102934,0.00372523,0.00595198,0.000774136,0.0016257,0.0,0.0,0.00114058,0.000450526,0.000238048,0.00054514,0.0001973,0.00198989,0.00016608,0.00017962,0.000243096,0.0
0.0,0.0,0.0,0.00052795,0.00148914,0.0,0.0,0.0,0.0,0.0,0.00131524,0.00593191,0.004292,0.00636225,0.00140352,0.0012337,5.74857e-05,0.00305615,0.00357876,0.0,0.00042635,0.00463055,0.0,0.0003849,4.815e-05,0.0,0.0,0.0124893,0.0,0.0003365,0.00587245,0.0459202,0.0,0.0109982,0.0030995,0.0027905,0.00693455,0.0004095,0.0051255,0.00098835,0.000857217,0.00422597,0.00177033,0.00057535,0.00179404,0.0,0.0,0.0,0.0,0.0,0.0,0.0,0.0,0.0,0.0,0.0,0.0,0.0,0.0,0.0,0.0,0.0,0.0,0.0,0.0,0.0,0.0,0.0,0.0,0.0,0.0,0.0,0.0,0.0,0.0,0.0,0.0,0.0,0.0,0.0,0.0,0.0,0.0,0.0,0.0,0.0,0.0,0.0,0.0,0.0,0.0,3.615e-05,0.0,0.0,0.0,0.0,0.00303088,0.000300217,0.0104092,0.00376674,0.00601854,0.0007828,0.0016437,0.0,0.0,0.00115335,0.000455541,0.0002408,0.0005512,0.0001995,0.00201232,0.000168,0.00018165,0.00024582,0.0
0.0,0.0,0.0,0.00053627,0.00149242,0.0,0.0,0.0,0.0,0.0,0.00131843,0.00602673,0.0043016,0.00640692,0.00142598,0.0012535,5.84e-05,0.00309072,0.00358602,0.0,0.0004296,0.0046658,0.0,0.00038784,4.852e-05,0.0,0.0,0.0127135,0.0,0.00034256,0.00597738,0.0467452,0.0,0.0111958,0.0031542,0.00284052,0.00705858,0.0004169,0.00521772,0.00100602,0.000872413,0.00430225,0.00180187,0.00058566,0.00182631,0.0,0.0,0.0,0.0,0.0,0.0,0.0,0.0,0.0,0.0,0.0,0.0,0.0,0.0,0.0,0.0,0.0,0.0,0.0,0.0,0.0,0.0,0.0,0.0,0.0,0.0,0.0,0.0,0.0,0.0,0.0,0.0,0.0,0.0,0.0,0.0,0.0,0.0,0.0,0.0,0.0,0.0,0.0,0.0,0.0,0.0,3.61e-05,0.0,0.0,0.0,0.0,0.00306429,0.000303507,0.0105251,0.00380826,0.0060851,0.000791464,0.0016617,0.0,0.0,0.00116612,0.000460557,0.000243552,0.00055726,0.0002017,0.00203475,0.00016992,0.00018368,0.000248544,0.0
0.0,0.0,0.0,0.00054459,0.00149569,0.0,0.0,0.0,0.0,0.0,0.00132161,0.00612155,0.0043112,0.00645159,0.00144844,0.0012733,5.93143e-05,0.00312528,0.00359329,0.0,0.00043285,0.00470105,0.0,0.00039078,4.889e-05,0.0,0.0,0.0129377,0.0,0.00034862,0.00608231,0.0475703,0.0,0.0113934,0.0032089,0.00289054,0.00718261,0.0004243,0.00530994,0.00102369,0.00088761,0.00437854,0.0018334,0.00059597,0.00185858,0.0,0.0,0.0,0.0,0.0,0.0,0.0,0.0,0.0,0.0,0.0,0.0,0.0,0.0,0.0,0.0,0.0,0.0,0.0,0.0,0.0,0.0,0.0,0.0,0.0,0.0,0.0,0.0,0.0,0.0,0.0,0.0,0.0,0.0,0.0,0.0,0.0,0.0,0.0,0.0,0.0,0.0,0.0,0.0,0.0,0.0,3.605e-05,0.0,0.0,0.0,0.0,0.00309771,0.000306797,0.0106409,0.00384978,0.00615165,0.000800128,0.0016797,0.0,0.0,0.00117889,0.000465572,0.000246304,0.00056332,0.0002039,0.00205717,0.00017184,0.00018571,0.000251268,0.0
0.0,0.0,0.0,0.00055291,0.00149897,0.0,0.0,0.0,0.0,0.0,0.0013248,0.00621636,0.0043208,0.00649626,0.0014709,0.0012931,6.02286e-05,0.00315985,0.00360055,0.0,0.0004361,0.0047363,0.0,0.00039372,4.926e-05,0.0,0.0,0.013162,0.0,0.00035468,0.00618724,0.0483953,0.0,0.011591,0.0032636,0.00294056,0.00730664,0.0004317,0.00540216,0.00104136,0.000902807,0.00445482,0.00186493,0.00060628,0.00189086,0.0,0.0,0.0,0.0,0.0,0.0,0.0,0.0,0.0,0.0,0.0,0.0,0.0,0.0,0.0,0.0,0.0,0.0,0.0,0.0,0.0,0.0,0.0,0.0,0.0,0.0,0.0,0.0,0.0,0.0,0.0,0.0,0.0,0.0,0.0,0.0,0.0,0.0,0.0,0.0,0.0,0.0,0.0,0.0,0.0,0.0,3.6e-05,0.0,0.0,0.0,0.0,0.00313112,0.000310087,0.0107567,0.0038913,0.00621821,0.000808792,0.0016977,0.0,0.0,0.00119166,0.000470587,0.000249056,0.00056938,0.0002061,0.0020796,0.00017376,0.00018774,0.000253992,0.0
0.0,0.0,0.0,0.00056123,0.00150224,0.0,0.0,0.0,0.0,0.0,0.00132799,0.00631118,0.0043304,0.00654093,0.00149337,0.0013129,6.11429e-05,0.00319442,0.00360782,0.0,0.00043935,0.00477155,0.0,0.00039666,4.963e-05,0.0,0.0,0.0133862,0.0,0.00036074,0.00629217,0.0492204,0.0,0.0117886,0.0033183,0.00299058,0.00743067,0.0004391,0.00549438,0.00105903,0.000918003,0.0045311,0.00189647,0.00061659,0.00192313,0.0,0.0,0.0,0.0,0.0,0.0,0.0,0.0,0.0,0.0,0.0,0.0,0.0,0.0,0.0,0.0,0.0,0.0,0.0,0.0,0.0,0.0,0.0,0.0,0.0,0.0,0.0,0.0,0.0,0.0,0.0,0.0,0.0,0.0,0.0,0.0,0.0,0.0,0.0,0.0,0.0,0.0,0.0,0.0,0.0,0.0,3.595e-05,0.0,0.0,0.0,0.0,0.00316454,0.000313377,0.0108726,0.00393281,0.00628476,0.000817456,0.0017157,0.0,0.0,0.00120443,0.000475602,0.000251808,0.00057544,0.0002083,0.00210202,0.00017568,0.00018977,0.000256716,0.0
0.0,0.0,0.0,0.00056955,0.00150552,0.0,0.0,0.0,0.0,0.0,0.00133117,0.006406,0.00434,0.0065856,0.00151583,0.0013327,6.20571e-05,0.00322899,0.00361508,0.0,0.0004426,0.0048068,0.0,0.0003996,5e-05,0.0,0.0,0.0136104,0.0,0.0003668,0.0063971,0.0500454,0.0,0.0119862,0.003373,0.0030406,0.0075547,0.0004465,0.0055866,0.0010767,0.0009332,0.00460738,0.001928,0.0006269,0.0019554,0.0,0.0,0.0,0.0,0.0,0.0,0.0,0.0,0.0,0.0,0.0,0.0,0.0,0.0,0.0,0.0,0.0,0.0,0.0,0.0,0.0,0.0,0.0,0.0,0.0,0.0,0.0,0.0,0.0,0.0,0.0,0.0,0.0,0.0,0.0,0.0,0.0,0.0,0.0,0.0,0.0,0.0,0.0,0.0,0.0,0.0,3.59e-05,0.0,0.0,0.0,0.0,0.00319795,0.000316667,0.0109884,0.00397433,0.00635132,0.00082612,0.0017337,0.0,0.0,0.0012172,0.000480617,0.00025456,0.0005815,0.0002105,0.00212445,0.0001776,0.0001918,0.00025944,0.0
0.0,0.0,0.0,0.00057988,0.00150988,0.0,0.0,0.0,0.0,0.0,0.00133543,0.0065213,0.0043524,0.00663043,0.00154314,0.00135668,6.31771e-05,0.00327077,0.0036247,0.0,0.00044579,0.00484141,0.0,0.00040242,5.035e-05,0.0,0.0,0.013851,0.0,0.00037322,0.00650935,0.050925,0.0,0.0121955,0.0034329,0.00309404,0.00768671,0.0004544,0.00568464,0.00109574,0.000949813,0.00468826,0.00196217,0.00063816,0.00198926,0.0,0.0,0.0,0.0,0.0,0.0,0.0,0.0,0.0,0.0,0.0,0.0,0.0,0.0,0.0,0.0,0.0,0.0,0.0,0.0,0.0,0.0,0.0,0.0,0.0,0.0,0.0,0.0,0.0,0.0,0.0,0.0,0.0,0.0,0.0,0.0,0.0,0.0,0.0,0.0,0.0,0.0,0.0,0.0,0.0,0.0,3.613e-05,0.0,0.0,0.0,0.0,0.0032477,0.0003216,0.0111564,0.00403605,0.00644972,0.000838856,0.0017606,0.0,0.0,0.00123614,0.000488039,0.000258344,0.00059049,0.0002138,0.00215704,0.00018024,0.00019474,0.000263418,0.0
0.0,0.0,0.0,0.00059021,0.00151423,0.0,0.0,0.0,0.0,0.0,0.00133968,0.0066366,0.0043648,0.00667526,0.00157046,0.00138066,6.42971e-05,0.00331255,0.00363433,0.0,0.00044898,0.00487602,0.0,0.00040524,5.07e-05,0.0,0.0,0.0140915,0.0,0.00037964,0.0066216,0.0518047,0.0,0.0124048,0.0034928,0.00314748,0.00781872,0.0004623,0.00578268,0.00111478,0.000966427,0.00476914,0.00199633,0.00064942,0.00202312,0.0,0.0,0.0,0.0,0.0,0.0,0.0,0.0,0.0,0.0,0.0,0.0,0.0,0.0,0.0,0.0,0.0,0.0,0.0,0.0,0.0,0.0,0.0,0.0,0.0,0.0,0.0,0.0,0.0,0.0,0.0,0.0,0.0,0.0,0.0,0.0,0.0,0.0,0.0,0.0,0.0,0.0,0.0,0.0,0.0,0.0,3.636e-05,0.0,0.0,0.0,0.0,0.00329744,0.000326533,0.0113244,0.00409777,0.00654813,0.000851592,0.0017875,0.0,0.0,0.00125508,0.000495461,0.000262128,0.00059948,0.0002171,0.00218963,0.00018288,0.00019768,0.000267396,0.0
0.0,0.0,0.0,0.00060054,0.00151859,0.0,0.0,0.0,0.0,0.0,0.00134393,0.0067519,0.0043772,0.00672009,0.00159777,0.00140464,6.54171e-05,0.00335433,0.00364395,0.0,0.00045217,0.00491063,0.0,0.00040806,5.105e-05,0.0,0.0,0.014332,0.0,0.00038606,0.00673385,0.0526843,0.0,0.0126142,0.0035527,0.00320092,0.00795073,0.0004702,0.00588072,0.00113382,0.00098304,0.00485002,0.0020305,0.00066068,0.00205698,0.0,0.0,0.0,0.0,0.0,0.0,0.0,0.0,0.0,0.0,0.0,0.0,0.0,0.0,0.0,0.0,0.0,0.0,0.0,0.0,0.0,0.0,0.0,0.0,0.0,0.0,0.0,0.0,0.0,0.0,0.0,0.0,0.0,0.0,0.0,0.0,0.0,0.0,0.0,0.0,0.0,0.0,0.0,0.0,0.0,0.0,3.659e-05,0.0,0.0,0.0,0.0,0.00334718,0.000331467,0.0114923,0.00415948,0.00664654,0.000864328,0.0018144,0.0,0.0,0.00127402,0.000502882,0.000265912,0.00060847,0.0002204,0.00222222,0.00018552,0.00020062,0.000271374,0.0
0.0,0.0,0.0,0.00061087,0.00152294,0.0,0.0,0.0,0.0,0.0,0.00134819,0.00686721,0.0043896,0.00676492,0.00162509,0.00142862,6.65371e-05,0.00339612,0.00365358,0.0,0.00045536,0.00494524,0.0,0.00041088,5.14e-05,0.0,0.0,0.0145726,0.0,0.00039248,0.0068461,0.053564,0.0,0.0128235,0.0036126,0.00325436,0.00808274,0.0004781,0.00597876,0.00115286,0.000999653,0.0049309,0.00206467,0.00067194,0.00209084,0.0,0.0,0.0,0.0,0.0,0.0,0.0,0.0,0.0,0.0,0.0,0.0,0.0,0.0,0.0,0.0,0.0,0.0,0.0,0.0,0.0,0.0,0.0,0.0,0.0,0.0,0.0,0.0,0.0,0.0,0.0,0.0,0.0,0.0,0.0,0.0,0.0,0.0,0.0,0.0,0.0,0.0,0.0,0.0,0.0,0.0,3.682e-05,0.0,0.0,0.0,0.0,0.00339692,0.0003364,0.0116603,0.0042212,0.00674494,0.000877064,0.0018413,0.0,0.0,0.00129296,0.000510304,0.000269696,0.00061746,0.0002237,0.00225481,0.00018816,0.00020356,0.000275352,0.0
0.0,0.0,0.0,0.0006212,0.0015273,0.0,0.0,0.0,0.0,0.0,0.00135244,0.00698251,0.004402,0.00680975,0.0016524,0.0014526,6.76571e-05,0.0034379,0.0036632,0.0,0.00045855,0.00497985,0.0,0.0004137,5.175e-05,0.0,0.0,0.0148131,0.0,0.0003989,0.00695835,0.0544436,0.0,0.0130328,0.0036725,0.0033078,0.00821475,0.000486,0.0060768,0.0011719,0.00101627,0.00501178,0.00209883,0.0006832,0.0021247,0.0,0.0,0.0,0.0,0.0,0.0,0.0,0.0,0.0,0.0,0.0,0.0,0.0,0.0,0.0,0.0,0.0,0.0,0.0,0.0,0.0,0.0,0.0,0.0,0.0,0.0,0.0,0.0,0.0,0.0,0.0,0.0,0.0,0.0,0.0,0.0,0.0,0.0,0.0,0.0,0.0,0.0,0.0,0.0,0.0,0.0,3.705e-05,0.0,0.0,0.0,0.0,0.00344666,0.000341333,0.0118283,0.00428292,0.00684335,0.0008898,0.0018682,0.0,0.0,0.0013119,0.000517726,0.00027348,0.00062645,0.000227,0.0022874,0.0001908,0.0002065,0.00027933,0.0
0.0,0.0,0.0,0.00063153,0.00153166,0.0,0.0,0.0,0.0,0.0,0.00135669,0.00709781,0.0044144,0.00685458,0.00167972,0.00147658,6.87771e-05,0.00347968,0.00367282,0.0,0.00046174,0.00501446,0.0,0.00041652,5.21e-05,0.0,0.0,0.0150537,0.0,0.00040532,0.0070706,0.0553232,0.0,0.0132421,0.0037324,0.00336124,0.00834676,0.0004939,0.00617484,0.00119094,0.00103288,0.00509265,0.002133,0.00069446,0.00215856,0.0,0.0,0.0,0.0,0.0,0.0,0.0,0.0,0.0,0.0,0.0,0.0,0.0,0.0,0.0,0.0,0.0,0.0,0.0,0.0,0.0,0.0,0.0,0.0,0.0,0.0,0.0,0.0,0.0,0.0,0.0,0.0,0.0,0.0,0.0,0.0,0.0,0.0,0.0,0.0,0.0,0.0,0.0,0.0,0.0,0.0,3.728e-05,0.0,0.0,0.0,0.0,0.0034964,0.000346267,0.0119963,0.00434463,0.00694175,0.000902536,0.0018951,0.0,0.0,0.00133084,0.000525147,0.000277264,0.00063544,0.0002303,0.00231998,0.00019344,0.00020944,0.000283308,0.0
0.0,0.0,0.0,0.00064186,0.00153601,0.0,0.0,0.0,0.0,0.0,0.00136094,0.00721311,0.0044268,0.00689941,0.00170703,0.00150056,6.98971e-05,0.00352146,0.00368245,0.0,0.00046493,0.00504907,0.0,0.00041934,5.245e-05,0.0,0.0,0.0152942,0.0,0.00041174,0.00718285,0.0562029,0.0,0.0134514,0.0037923,0.00341468,0.00847877,0.0005018,0.00627288,0.00120998,0.00104949,0.00517353,0.00216717,0.00070572,0.00219242,0.0,0.0,0.0,0.0,0.0,0.0,0.0,0.0,0.0,0.0,0.0,0.0,0.0,0.0,0.0,0.0,0.0,0.0,0.0,0.0,0.0,0.0,0.0,0.0,0.0,0.0,0.0,0.0,0.0,0.0,0.0,0.0,0.0,0.0,0.0,0.0,0.0,0.0,0.0,0.0,0.0,0.0,0.0,0.0,0.0,0.0,3.751e-05,0.0,0.0,0.0,0.0,0.00354614,0.0003512,0.0121643,0.00440635,0.00704016,0.000915272,0.001922,0.0,0.0,0.00134978,0.000532569,0.000281048,0.00064443,0.0002336,0.00235257,0.00019608,0.00021238,0.000287286,0.0
0.0,0.0,0.0,0.00065219,0.00154037,0.0,0.0,0.0,0.0,0.0,0.0013652,0.00732841,0.0044392,0.00694424,0.00173434,0.00152454,7.10171e-05,0.00356324,0.00369207,0.0,0.00046812,0.00508368,0.0,0.00042216,5.28e-05,0.0,0.0,0.0155348,0.0,0.00041816,0.0072951,0.0570825,0.0,0.0136608,0.0038522,0.00346812,0.00861078,0.0005097,0.00637092,0.00122902,0.00106611,0.00525441,0.00220133,0.00071698,0.00222628,0.0,0.0,0.0,0.0,0.0,0.0,0.0,0.0,0.0,0.0,0.0,0.0,0.0,0.0,0.0,0.0,0.0,0.0,0.0,0.0,0.0,0.0,0.0,0.0,0.0,0.0,0.0,0.0,0.0,0.0,0.0,0.0,0.0,0.0,0.0,0.0,0.0,0.0,0.0,0.0,0.0,0.0,0.0,0.0,0.0,0.0,3.774e-05,0.0,0.0,0.0,0.0,0.00359588,0.000356133,0.0123323,0.00446807,0.00713856,0.000928008,0.0019489,0.0,0.0,0.00136872,0.000539991,0.000284832,0.00065342,0.0002369,0.00238516,0.00019872,0.00021532,0.000291264,0.0
0.0,0.0,0.0,0.00066252,0.00154472,0.0,0.0,0.0,0.0,0.0,0.00136945,0.00744372,0.0044516,0.00698907,0.00176166,0.00154852,7.21371e-05,0.00360502,0.0037017,0.0,0.00047131,0.00511829,0.0,0.00042498,5.315e-05,0.0,0.0,0.0157753,0.0,0.00042458,0.00740735,0.0579622,0.0,0.0138701,0.0039121,0.00352156,0.00874279,0.0005176,0.00646896,0.00124806,0.00108272,0.00533529,0.0022355,0.00072824,0.00226014,0.0,0.0,0.0,0.0,0.0,0.0,0.0,0.0,0.0,0.0,0.0,0.0,0.0,0.0,0.0,0.0,0.0,0.0,0.0,0.0,0.0,0.0,0.0,0.0,0.0,0.0,0.0,0.0,0.0,0.0,0.0,0.0,0.0,0.0,0.0,0.0,0.0,0.0,0.0,0.0,0.0,0.0,0.0,0.0,0.0,0.0,3.797e-05,0.0,0.0,0.0,0.0,0.00364562,0.000361067,0.0125002,0.00452978,0.00723697,0.000940744,0.0019758,0.0,0.0,0.00138766,0.000547413,0.000288616,0.00066241,0.0002402,0.00241775,0.00020136,0.00021826,0.000295242,0.0
0.0,0.0,0.0,0.00067285,0.00154908,0.0,0.0,0.0,0.0,0.0,0.0013737,0.00755902,0.004464,0.0070339,0.00178897,0.0015725,7.32571e-05,0.0036468,0.00371132,0.0,0.0004745,0.0051529,0.0,0.0004278,5.35e-05,0.0,0.0,0.0160158,0.0,0.000431,0.0075196,0.0588418,0.0,0.0140794,0.003972,0.003575,0.0088748,0.0005255,0.006567,0.0012671,0.00109933,0.00541617,0.00226967,0.0007395,0.002294,0.0,0.0,0.0,0.0,0.0,0.0,0.0,0.0,0.0,0.0,0.0,0.0,0.0,0.0,0.0,0.0,0.0,0.0,0.0,0.0,0.0,0.0,0.0,0.0,0.0,0.0,0.0,0.0,0.0,0.0,0.0,0.0,0.0,0.0,0.0,0.0,0.0,0.0,0.0,0.0,0.0,0.0,0.0,0.0,0.0,0.0,3.82e-05,0.0,0.0,0.0,0.0,0.00369536,0.000366,0.0126682,0.0045915,0.00733538,0.00095348,0.0020027,0.0,0.0,0.0014066,0.000554834,0.0002924,0.0006714,0.0002435,0.00245034,0.000204,0.0002212,0.00029922,0.0
0.0,0.0,0.0,0.00068526,0.00155363,0.0,0.0,0.0,0.0,0.0,0.00137845,0.0076966,0.0044764,0.00708369,0.0018211,0.00160116,7.45943e-05,0.00369587,0.00372122,0.0,0.00047788,0.00518902,0.0,0.00043086,5.388e-05,0.0,0.0,0.0162797,0.0,0.0004382,0.00764356,0.0598208,0.0,0.0143142,0.0040385,0.0036338,0.0090237,0.000534175,0.00667638,0.00128812,0.00111737,0.00550565,0.00230703,0.00075125,0.0023319,0.0,0.0,0.0,0.0,0.0,0.0,0.0,0.0,0.0,0.0,0.0,0.0,0.0,0.0,0.0,0.0,0.0,0.0,0.0,0.0,0.0,0.0,0.0,0.0,0.0,0.0,0.0,0.0,0.0,0.0,0.0,0.0,0.0,0.0,0.0,0.0,0.0,0.0,0.0,0.0,0.0,0.0,0.0,0.0,0.0,0.0,3.847e-05,0.0,0.0,0.0,0.0,0.00375639,0.000372013,0.0128807,0.00466759,0.00745676,0.000969305,0.00203577,0.0,0.0,0.00142987,0.00056403,0.000297388,0.00068247,0.0002475,0.00249101,0.00020748,0.00022491,0.000304128,0.0
0.0,0.0,0.0,0.00069767,0.00155819,0.0,0.0,0.0,0.0,0.0,0.0013832,0.00783417,0.0044888,0.00713348,0.00185323,0.00162982,7.59314e-05,0.00374494,0.00373111,0.0,0.00048126,0.00522514,0.0,0.00043392,5.426e-05,0.0,0.0,0.0165435,0.0,0.0004454,0.00776752,0.0607999,0.0,0.0145491,0.004105,0.0036926,0.0091726,0.00054285,0.00678576,0.00130914,0.0011354,0.00559513,0.0023444,0.000763,0.0023698,0.0,0.0,0.0,0.0,0.0,0.0,0.0,0.0,0.0,0.0,0.0,0.0,0.0,0.0,0.0,0.0,0.0,0.0,0.0,0.0,0.0,0.0,0.0,0.0,0.0,0.0,0.0,0.0,0.0,0.0,0.0,0.0,0.0,0.0,0.0,0.0,0.0,0.0,0.0,0.0,0.0,0.0,0.0,0.0,0.0,0.0,3.874e-05,0.0,0.0,0.0,0.0,0.00381741,0.000378027,0.0130933,0.00474369,0.00757815,0.00098513,0.00206884,0.0,0.0,0.00145314,0.000573225,0.000302376,0.00069354,0.0002515,0.00253168,0.00021096,0.00022862,0.000309036,0.0
0.0,0.0,0.0,0.00071008,0.00156274,0.0,0.0,0.0,0.0,0.0,0.00138794,0.00797175,0.0045012,0.00718327,0.00188536,0.00165848,7.72686e-05,0.00379401,0.00374101,0.0,0.00048464,0.00526126,0.0,0.00043698,5.464e-05,0.0,0.0,0.0168073,0.0,0.0004526,0.00789148,0.0617789,0.0,0.0147839,0.0041715,0.0037514,0.0093215,0.000551525,0.00689514,0.00133016,0.00115343,0.00568462,0.00238177,0.00077475,0.0024077,0.0,0.0,0.0,0.0,0.0,0.0,0.0,0.0,0.0,0.0,0.0,0.0,0.0,0.0,0.0,0.0,0.0,0.0,0.0,0.0,0.0,0.0,0.0,0.0,0.0,0.0,0.0,0.0,0.0,0.0,0.0,0.0,0.0,0.0,0.0,0.0,0.0,0.0,0.0,0.0,0.0,0.0,0.0,0.0,0.0,0.0,3.901e-05,0.0,0.0,0.0,0.0,0.00387843,0.00038404,0.0133058,0.00481978,0.00769953,0.00100096,0.00210191,0.0,0.0,0.00147641,0.000582421,0.000307364,0.00070461,0.0002555,0.00257236,0.00021444,0.00023233,0.000313944,0.0
0.0,0.0,0.0,0.00072249,0.0015673,0.0,0.0,0.0,0.0,0.0,0.00139269,0.00810932,0.0045136,0.00723306,0.00191749,0.00168714,7.86057e-05,0.00384308,0.0037509,0.0,0.00048802,0.00529738,0.0,0.00044004,5.502e-05,0.0,0.0,0.0170711,0.0,0.0004598,0.00801544,0.062758,0.0,0.0150188,0.004238,0.0038102,0.0094704,0.0005602,0.00700452,0.00135118,0.00117147,0.0057741,0.00241913,0.0007865,0.0024456,0.0,0.0,0.0,0.0,0.0,0.0,0.0,0.0,0.0,0.0,0.0,0.0,0.0,0.0,0.0,0.0,0.0,0.0,0.0,0.0,0.0,0.0,0.0,0.0,0.0,0.0,0.0,0.0,0.0,0.0,0.0,0.0,0.0,0.0,0.0,0.0,0.0,0.0,0.0,0.0,0.0,0.0,0.0,0.0,0.0,0.0,3.928e-05,0.0,0.0,0.0,0.0,0.00393945,0.000390053,0.0135183,0.00489587,0.00782092,0.00101678,0.00213498,0.0,0.0,0.00149968,0.000591616,0.000312352,0.00071568,0.0002595,0.00261303,0.00021792,0.00023604,0.000318852,0.0
0.0,0.0,0.0,0.0007349,0.00157185,0.0,0.0,0.0,0.0,0.0,0.00139744,0.0082469,0.004526,0.00728285,0.00194962,0.0017158,7.99429e-05,0.00389215,0.0037608,0.0,0.0004914,0.0053335,0.0,0.0004431,5.54e-05,0.0,0.0,0.0173349,0.0,0.000467,0.0081394,0.063737,0.0,0.0152536,0.0043045,0.003869,0.0096193,0.000568875,0.0071139,0.0013722,0.0011895,0.00586358,0.0024565,0.00079825,0.0024835,0.0,0.0,0.0,0.0,0.0,0.0,0.0,0.0,0.0,0.0,0.0,0.0,0.0,0.0,0.0,0.0,0.0,0.0,0.0,0.0,0.0,0.0,0.0,0.0,0.0,0.0,0.0,0.0,0.0,0.0,0.0,0.0,0.0,0.0,0.0,0.0,0.0,0.0,0.0,0.0,0.0,0.0,0.0,0.0,0.0,0.0,3.955e-05,0.0,0.0,0.0,0.0,0.00400048,0.000396067,0.0137308,0.00497196,0.0079423,0.0010326,0.00216805,0.0,0.0,0.00152295,0.000600811,0.00031734,0.00072675,0.0002635,0.0026537,0.0002214,0.00023975,0.00032376,0.0
0.0,0.0,0.0,0.00074731,0.0015764,0.0,0.0,0.0,0.0,0.0,0.00140218,0.00838448,0.0045384,0.00733264,0.00198175,0.00174446,8.128e-05,0.00394122,0.0037707,0.0,0.00049478,0.00536962,0.0,0.00044616,5.578e-05,0.0,0.0,0.0175987,0.0,0.0004742,0.00826336,0.0647161,0.0,0.0154884,0.004371,0.0039278,0.0097682,0.00057755,0.00722328,0.00139322,0.00120753,0.00595307,0.00249387,0.00081,0.0025214,0.0,0.0,0.0,0.0,0.0,0.0,0.0,0.0,0.0,0.0,0.0,0.0,0.0,0.0,0.0,0.0,0.0,0.0,0.0,0.0,0.0,0.0,0.0,0.0,0.0,0.0,0.0,0.0,0.0,0.0,0.0,0.0,0.0,0.0,0.0,0.0,0.0,0.0,0.0,0.0,0.0,0.0,0.0,0.0,0.0,0.0,3.982e-05,0.0,0.0,0.0,0.0,0.0040615,0.00040208,0.0139433,0.00504806,0.00806369,0.00104843,0.00220112,0.0,0.0,0.00154622,0.000610007,0.000322328,0.00073782,0.0002675,0.00269437,0.00022488,0.00024346,0.000328668,0.0
0.0,0.0,0.0,0.00075972,0.00158096,0.0,0.0,0.0,0.0,0.0,0.00140693,0.00852205,0.0045508,0.00738243,0.00201388,0.00177312,8.26171e-05,0.00399028,0.00378059,0.0,0.00049816,0.00540574,0.0,0.00044922,5.616e-05,0.0,0.0,0.0178626,0.0,0.0004814,0.00838732,0.0656951,0.0,0.0157233,0.0044375,0.0039866,0.0099171,0.000586225,0.00733266,0.00141424,0.00122557,0.00604255,0.00253123,0.00082175,0.0025593,0.0,0.0,0.0,0.0,0.0,0.0,0.0,0.0,0.0,0.0,0.0,0.0,0.0,0.0,0.0,0.0,0.0,0.0,0.0,0.0,0.0,0.0,0.0,0.0,0.0,0.0,0.0,0.0,0.0,0.0,0.0,0.0,0.0,0.0,0.0,0.0,0.0,0.0,0.0,0.0,0.0,0.0,0.0,0.0,0.0,0.0,4.009e-05,0.0,0.0,0.0,0.0,0.00412252,0.000408093,0.0141559,0.00512415,0.00818507,0.00106426,0.00223419,0.0,0.0,0.00156949,0.000619202,0.000327316,0.00074889,0.0002715,0.00273504,0.00022836,0.00024717,0.000333576,0.0
0.0,0.0,0.0,0.00077213,0.00158551,0.0,0.0,0.0,0.0,0.0,0.00141168,0.00865963,0.0045632,0.00743222,0.00204601,0.00180178,8.39543e-05,0.00403935,0.00379049,0.0,0.00050154,0.00544186,0.0,0.00045228,5.654e-05,0.0,0.0,0.0181264,0.0,0.0004886,0.00851128,0.0666742,0.0,0.0159581,0.004504,0.0040454,0.010066,0.0005949,0.00744204,0.00143526,0.0012436,0.00613203,0.0025686,0.0008335,0.0025972,0.0,0.0,0.0,0.0,0.0,0.0,0.0,0.0,0.0,0.0,0.0,0.0,0.0,0.0,0.0,0.0,0.0,0.0,0.0,0.0,0.0,0.0,0.0,0.0,0.0,0.0,0.0,0.0,0.0,0.0,0.0,0.0,0.0,0.0,0.0,0.0,0.0,0.0,0.0,0.0,0.0,0.0,0.0,0.0,0.0,0.0,4.036e-05,0.0,0.0,0.0,0.0,0.00418354,0.000414107,0.0143684,0.00520024,0.00830646,0.00108008,0.00226726,0.0,0.0,0.00159276,0.000628398,0.000332304,0.00075996,0.0002755,0.00277572,0.00023184,0.00025088,0.000338484,0.0
0.0,0.0,0.0,0.00078454,0.00159007,0.0,0.0,0.0,0.0,0.0,0.00141643,0.00879721,0.0045756,0.00748201,0.00207814,0.00183044,8.52914e-05,0.00408842,0.00380038,0.0,0.00050492,0.00547798,0.0,0.00045534,5.692e-05,0.0,0.0,0.0183902,0.0,0.0004958,0.00863524,0.0676532,0.0,0.016193,0.0045705,0.0041042,0.0102149,0.000603575,0.00755142,0.00145628,0.00126163,0.00622152,0.00260597,0.00084525,0.0026351,0.0,0.0,0.0,0.0,0.0,0.0,0.0,0.0,0.0,0.0,0.0,0.0,0.0,0.0,0.0,0.0,0.0,0.0,0.0,0.0,0.0,0.0,0.0,0.0,0.0,0.0,0.0,0.0,0.0,0.0,0.0,0.0,0.0,0.0,0.0,0.0,0.0,0.0,0.0,0.0,0.0,0.0,0.0,0.0,0.0,0.0,4.063e-05,0.0,0.0,0.0,0.0,0.00424457,0.00042012,0.0145809,0.00527633,0.00842785,0.0010959,0.00230033,0.0,0.0,0.00161603,0.000637593,0.000337292,0.00077103,0.0002795,0.00281639,0.00023532,0.00025459,0.000343392,0.0
0.0,0.0,0.0,0.00079695,0.00159462,0.0,0.0,0.0,0.0,0.0,0.00142117,0.00893478,0.004588,0.0075318,0.00211027,0.0018591,8.66286e-05,0.00413749,0.00381028,0.0,0.0005083,0.0055141,0.0,0.0004584,5.73e-05,0.0,0.0,0.018654,0.0,0.000503,0.0087592,0.0686323,0.0,0.0164278,0.004637,0.004163,0.0103638,0.00061225,0.0076608,0.0014773,0.00127967,0.006311,0.00264333,0.000857,0.002673,0.0,0.0,0.0,0.0,0.0,0.0,0.0,0.0,0.0,0.0,0.0,0.0,0.0,0.0,0.0,0.0,0.0,0.0,0.0,0.0,0.0,0.0,0.0,0.0,0.0,0.0,0.0,0.0,0.0,0.0,0.0,0.0,0.0,0.0,0.0,0.0,0.0,0.0,0.0,0.0,0.0,0.0,0.0,0.0,0.0,0.0,4.09e-05,0.0,0.0,0.0,0.0,0.00430559,0.000426133,0.0147934,0.00535242,0.00854923,0.00111173,0.0023334,0.0,0.0,0.0016393,0.000646789,0.00034228,0.0007821,0.0002835,0.00285706,0.0002388,0.0002583,0.0003483,0.0
0.0,0.0,0.0,0.000809695,0.00159788,0.0,0.0,0.0,0.0,0.0,0.00142508,0.00907767,0.0045969,0.00758197,0.0021442,0.00188864,8.80114e-05,0.00418721,0.00381694,0.0,0.00051193,0.00555435,0.0,0.0004617,5.771e-05,0.0,0.0,0.0188647,0.0,0.0005088,0.00886029,0.0694096,0.0,0.0166124,0.0046889,0.0042103,0.0104812,0.000619225,0.00774572,0.00149373,0.0012942,0.00638212,0.0026733,0.00086675,0.0027034,0.0,0.0,0.0,0.0,0.0,0.0,0.0,0.0,0.0,0.0,0.0,0.0,0.0,0.0,0.0,0.0,0.0,0.0,0.0,0.0,0.0,0.0,0.0,0.0,0.0,0.0,0.0,0.0,0.0,0.0,0.0,0.0,0.0,0.0,0.0,0.0,0.0,0.0,0.0,0.0,0.0,0.0,0.0,0.0,0.0,0.0,4.122e-05,0.0,0.0,0.0,0.0,0.004371,0.000432707,0.015018,0.00543416,0.00868003,0.00112879,0.00236938,0.0,0.0,0.00166436,0.000656703,0.00034744,0.00079416,0.00028785,0.00290087,0.0002424,0.00026222,0.00035373,0.0
0.0,0.0,0.0,0.00082244,0.00160113,0.0,0.0,0.0,0.0,0.0,0.00142899,0.00922056,0.0046058,0.00763213,0.00217813,0.00191818,8.93943e-05,0.00423693,0.00382361,0.0,0.00051556,0.0055946,0.0,0.000465,5.812e-05,0.0,0.0,0.0190754,0.0,0.0005146,0.00896138,0.070187,0.0,0.0167969,0.0047408,0.0042576,0.0105986,0.0006262,0.00783064,0.00151016,0.00130873,0.00645325,0.00270327,0.0008765,0.0027338,0.0,0.0,0.0,0.0,0.0,0.0,0.0,0.0,0.0,0.0,0.0,0.0,0.0,0.0,0.0,0.0,0.0,0.0,0.0,0.0,0.0,0.0,0.0,0.0,0.0,0.0,0.0,0.0,0.0,0.0,0.0,0.0,0.0,0.0,0.0,0.0,0.0,0.0,0.0,0.0,0.0,0.0,0.0,0.0,0.0,0.0,4.154e-05,0.0,0.0,0.0,0.0,0.00443641,0.00043928,0.0152426,0.0055159,0.00881083,0.00114585,0.00240536,0.0,0.0,0.00168942,0.000666617,0.0003526,0.00080622,0.0002922,0.00294468,0.000246,0.00026614,0.00035916,0.0
0.0,0.0,0.0,0.000835185,0.00160439,0.0,0.0,0.0,0.0,0.0,0.0014329,0.00936346,0.0046147,0.0076823,0.00221207,0.00194772,9.07771e-05,0.00428664,0.00383027,0.0,0.00051919,0.00563485,0.0,0.0004683,5.853e-05,0.0,0.0,0.019286,0.0,0.0005204,0.00906247,0.0709644,0.0,0.0169815,0.0047927,0.0043049,0.0107161,0.000633175,0.00791556,0.00152659,0.00132327,0.00652438,0.00273323,0.00088625,0.0027642,0.0,0.0,0.0,0.0,0.0,0.0,0.0,0.0,0.0,0.0,0.0,0.0,0.0,0.0,0.0,0.0,0.0,0.0,0.0,0.0,0.0,0.0,0.0,0.0,0.0,0.0,0.0,0.0,0.0,0.0,0.0,0.0,0.0,0.0,0.0,0.0,0.0,0.0,0.0,0.0,0.0,0.0,0.0,0.0,0.0,0.0,4.186e-05,0.0,0.0,0.0,0.0,0.00450182,0.000445853,0.0154671,0.00559764,0.00894163,0.00116291,0.00244134,0.0,0.0,0.00171448,0.000676531,0.00035776,0.00081828,0.00029655,0.00298849,0.0002496,0.00027006,0.00036459,0.0
0.0,0.0,0.0,0.00084793,0.00160764,0.0,0.0,0.0,0.0,0.0,0.00143681,0.00950635,0.0046236,0.00773246,0.002246,0.00197726,9.216e-05,0.00433636,0.00383694,0.0,0.00052282,0.0056751,0.0,0.0004716,5.894e-05,0.0,0.0,0.0194967,0.0,0.0005262,0.00916356,0.0717418,0.0,0.0171661,0.0048446,0.0043522,0.0108335,0.00064015,0.00800048,0.00154302,0.0013378,0.0065955,0.0027632,0.000896,0.0027946,0.0,0.0,0.0,0.0,0.0,0.0,0.0,0.0,0.0,0.0,0.0,0.0,0.0,0.0,0.0,0.0,0.0,0.0,0.0,0.0,0.0,0.0,0.0,0.0,0.0,0.0,0.0,0.0,0.0,0.0,0.0,0.0,0.0,0.0,0.0,0.0,0.0,0.0,0.0,0.0,0.0,0.0,0.0,0.0,0.0,0.0,4.218e-05,0.0,0.0,0.0,0.0,0.00456723,0.000452427,0.0156917,0.00567937,0.00907243,0.00117997,0.00247732,0.0,0.0,0.00173954,0.000686446,0.00036292,0.00083034,0.0003009,0.0030323,0.0002532,0.00027398,0.00037002,0.0
0.0,0.0,0.0,0.000860675,0.0016109,0.0,0.0,0.0,0.0,0.0,0.00144071,0.00964924,0.0046325,0.00778263,0.00227993,0.0020068,9.35429e-05,0.00438608,0.0038436,0.0,0.00052645,0.00571535,0.0,0.0004749,5.935e-05,0.0,0.0,0.0197074,0.0,0.000532,0.00926465,0.0725192,0.0,0.0173506,0.0048965,0.0043995,0.0109509,0.000647125,0.0080854,0.00155945,0.00135233,0.00666662,0.00279317,0.00090575,0.002825,0.0,0.0,0.0,0.0,0.0,0.0,0.0,0.0,0.0,0.0,0.0,0.0,0.0,0.0,0.0,0.0,0.0,0.0,0.0,0.0,0.0,0.0,0.0,0.0,0.0,0.0,0.0,0.0,0.0,0.0,0.0,0.0,0.0,0.0,0.0,0.0,0.0,0.0,0.0,0.0,0.0,0.0,0.0,0.0,0.0,0.0,4.25e-05,0.0,0.0,0.0,0.0,0.00463264,0.000459,0.0159162,0.00576111,0.00920323,0.00119703,0.0025133,0.0,0.0,0.0017646,0.00069636,0.00036808,0.0008424,0.00030525,0.00307611,0.0002568,0.0002779,0.00037545,0.0
0.0,0.0,0.0,0.00087342,0.00161416,0.0,0.0,0.0,0.0,0.0,0.00144462,0.00979213,0.0046414,0.00783279,0.00231386,0.00203634,9.49257e-05,0.0044358,0.00385026,0.0,0.00053008,0.0057556,0.0,0.0004782,5.976e-05,0.0,0.0,0.0199181,0.0,0.0005378,0.00936574,0.0732966,0.0,0.0175352,0.0049484,0.0044468,0.0110683,0.0006541,0.00817032,0.00157588,0.00136687,0.00673775,0.00282313,0.0009155,0.0028554,0.0,0.0,0.0,0.0,0.0,0.0,0.0,0.0,0.0,0.0,0.0,0.0,0.0,0.0,0.0,0.0,0.0,0.0,0.0,0.0,0.0,0.0,0.0,0.0,0.0,0.0,0.0,0.0,0.0,0.0,0.0,0.0,0.0,0.0,0.0,0.0,0.0,0.0,0.0,0.0,0.0,0.0,0.0,0.0,0.0,0.0,4.282e-05,0.0,0.0,0.0,0.0,0.00469805,0.000465573,0.0161408,0.00584285,0.00933404,0.00121409,0.00254928,0.0,0.0,0.00178966,0.000706274,0.00037324,0.00085446,0.0003096,0.00311992,0.0002604,0.00028182,0.00038088,0.0
0.0,0.0,0.0,0.000886165,0.00161741,0.0,0.0,0.0,0.0,0.0,0.00144853,0.00993502,0.0046503,0.00788295,0.00234779,0.00206588,9.63086e-05,0.00448551,0.00385693,0.0,0.00053371,0.00579585,0.0,0.0004815,6.017e-05,0.0,0.0,0.0201287,0.0,0.0005436,0.00946683,0.074074,0.0,0.0177198,0.0050003,0.0044941,0.0111857,0.000661075,0.00825524,0.00159231,0.0013814,0.00680888,0.0028531,0.00092525,0.0028858,0.0,0.0,0.0,0.0,0.0,0.0,0.0,0.0,0.0,0.0,0.0,0.0,0.0,0.0,0.0,0.0,0.0,0.0,0.0,0.0,0.0,0.0,0.0,0.0,0.0,0.0,0.0,0.0,0.0,0.0,0.0,0.0,0.0,0.0,0.0,0.0,0.0,0.0,0.0,0.0,0.0,0.0,0.0,0.0,0.0,0.0,4.314e-05,0.0,0.0,0.0,0.0,0.00476346,0.000472147,0.0163654,0.00592459,0.00946484,0.00123115,0.00258526,0.0,0.0,0.00181472,0.000716189,0.0003784,0.00086652,0.00031395,0.00316373,0.000264,0.00028574,0.00038631,0.0
0.0,0.0,0.0,0.00089891,0.00162067,0.0,0.0,0.0,0.0,0.0,0.00145244,0.0100779,0.0046592,0.00793312,0.00238172,0.00209542,9.76914e-05,0.00453523,0.00386359,0.0,0.00053734,0.0058361,0.0,0.0004848,6.058e-05,0.0,0.0,0.0203394,0.0,0.0005494,0.00956792,0.0748514,0.0,0.0179044,0.0050522,0.0045414,0.0113032,0.00066805,0.00834016,0.00160874,0.00139593,0.00688,0.00288307,0.000935,0.0029162,0.0,0.0,0.0,0.0,0.0,0.0,0.0,0.0,0.0,0.0,0.0,0.0,0.0,0.0,0.0,0.0,0.0,0.0,0.0,0.0,0.0,0.0,0.0,0.0,0.0,0.0,0.0,0.0,0.0,0.0,0.0,0.0,0.0,0.0,0.0,0.0,0.0,0.0,0.0,0.0,0.0,0.0,0.0,0.0,0.0,0.0,4.346e-05,0.0,0.0,0.0,0.0,0.00482887,0.00047872,0.0165899,0.00600632,0.00959564,0.00124821,0.00262124,0.0,0.0,0.00183978,0.000726103,0.00038356,0.00087858,0.0003183,0.00320754,0.0002676,0.00028966,0.00039174,0.0
0.0,0.0,0.0,0.000911655,0.00162392,0.0,0.0,0.0,0.0,0.0,0.00145634,0.0102208,0.0046681,0.00798329,0.00241566,0.00212496,9.90743e-05,0.00458495,0.00387026,0.0,0.00054097,0.00587635,0.0,0.0004881,6.099e-05,0.0,0.0,0.0205501,0.0,0.0005552,0.00966901,0.0756288,0.0,0.0180889,0.0051041,0.0045887,0.0114206,0.000675025,0.00842508,0.00162517,0.00141047,0.00695112,0.00291303,0.00094475,0.0029466,0.0,0.0,0.0,0.0,0.0,0.0,0.0,0.0,0.0,0.0,0.0,0.0,0.0,0.0,0.0,0.0,0.0,0.0,0.0,0.0,0.0,0.0,0.0,0.0,0.0,0.0,0.0,0.0,0.0,0.0,0.0,0.0,0.0,0.0,0.0,0.0,0.0,0.0,0.0,0.0,0.0,0.0,0.0,0.0,0.0,0.0,4.378e-05,0.0,0.0,0.0,0.0,0.00489428,0.000485293,0.0168145,0.00608806,0.00972644,0.00126527,0.00265722,0.0,0.0,0.00186484,0.000736017,0.00038872,0.00089064,0.00032265,0.00325135,0.0002712,0.00029358,0.00039717,0.0
0.0,0.0,0.0,0.0009244,0.00162718,0.0,0.0,0.0,0.0,0.0,0.00146025,0.0103637,0.004677,0.00803345,0.00244959,0.0021545,0.000100457,0.00463467,0.00387692,0.0,0.0005446,0.0059166,0.0,0.0004914,6.14e-05,0.0,0.0,0.0207608,0.0,0.000561,0.0097701,0.0764062,0.0,0.0182735,0.005156,0.004636,0.011538,0.000682,0.00851,0.0016416,0.001425,0.00702225,0.002943,0.0009545,0.002977,0.0,0.0,0.0,0.0,0.0,0.0,0.0,0.0,0.0,0.0,0.0,0.0,0.0,0.0,0.0,0.0,0.0,0.0,0.0,0.0,0.0,0.0,0.0,0.0,0.0,0.0,0.0,0.0,0.0,0.0,0.0,0.0,0.0,0.0,0.0,0.0,0.0,0.0,0.0,0.0,0.0,0.0,0.0,0.0,0.0,0.0,4.41e-05,0.0,0.0,0.0,0.0,0.00495969,0.000491867,0.0170391,0.0061698,0.00985724,0.00128233,0.0026932,0.0,0.0,0.0018899,0.000745931,0.00039388,0.0009027,0.000327,0.00329516,0.0002748,0.0002975,0.0004026,0.0
0.0,0.0,0.0,0.000937885,0.0016293,0.0,0.0,0.0,0.0,0.0,0.00146242,0.0105183,0.0046822,0.00808833,0.00248679,0.00218715,0.000101954,0.00468794,0.00388035,0.0,0.00054855,0.00595876,0.0,0.00049494,6.185e-05,0.0,0.0,0.0208672,0.0,0.0005637,0.00982029,0.0767934,0.0,0.0183671,0.0051823,0.0046593,0.0115954,0.00068545,0.0085538,0.00165027,0.00143237,0.00705848,0.0029582,0.000959683,0.00299267,0.0,0.0,0.0,0.0,0.0,0.0,0.0,0.0,0.0,0.0,0.0,0.0,0.0,0.0,0.0,0.0,0.0,0.0,0.0,0.0,0.0,0.0,0.0,0.0,0.0,0.0,0.0,0.0,0.0,0.0,0.0,0.0,0.0,0.0,0.0,0.0,0.0,0.0,0.0,0.0,0.0,0.0,0.0,0.0,0.0,0.0,4.449e-05,0.0,0.0,0.0,0.0,0.00503683,0.000499383,0.0172999,0.006265,0.0100072,0.00130198,0.00273444,0.0,0.0,0.001919,0.000757376,0.0003999,0.00091663,0.00033205,0.00334549,0.000279,0.00030205,0.00040875,0.0
0.0,0.0,0.0,0.00095137,0.00163142,0.0,0.0,0.0,0.0,0.0,0.0014646,0.0106729,0.0046874,0.00814321,0.00252399,0.0022198,0.000103451,0.00474122,0.00388378,0.0,0.0005525,0.00600092,0.0,0.00049848,6.23e-05,0.0,0.0,0.0209737,0.0,0.0005664,0.00987048,0.0771805,0.0,0.0184606,0.0052086,0.0046826,0.0116528,0.0006889,0.0085976,0.00165894,0.00143973,0.00709472,0.0029734,0.000964867,0.00300835,0.0,0.0,0.0,0.0,0.0,0.0,0.0,0.0,0.0,0.0,0.0,0.0,0.0,0.0,0.0,0.0,0.0,0.0,0.0,0.0,0.0,0.0,0.0,0.0,0.0,0.0,0.0,0.0,0.0,0.0,0.0,0.0,0.0,0.0,0.0,0.0,0.0,0.0,0.0,0.0,0.0,0.0,0.0,0.0,0.0,0.0,4.488e-05,0.0,0.0,0.0,0.0,0.00511397,0.0005069,0.0175608,0.0063602,0.0101571,0.00132162,0.00277568,0.0,0.0,0.0019481,0.00076882,0.00040592,0.00093056,0.0003371,0.00339582,0.0002832,0.0003066,0.0004149,0.0
0.0,0.0,0.0,0.000964855,0.00163353,0.0,0.0,0.0,0.0,0.0,0.00146677,0.0108275,0.0046926,0.00819809,0.00256119,0.00225245,0.000104949,0.00479449,0.00388722,0.0,0.00055645,0.00604308,0.0,0.00050202,6.275e-05,0.0,0.0,0.0210802,0.0,0.0005691,0.00992067,0.0775677,0.0,0.0185541,0.0052349,0.0047059,0.0117102,0.00069235,0.0086414,0.00166761,0.0014471,0.00713095,0.0029886,0.00097005,0.00302402,0.0,0.0,0.0,0.0,0.0,0.0,0.0,0.0,0.0,0.0,0.0,0.0,0.0,0.0,0.0,0.0,0.0,0.0,0.0,0.0,0.0,0.0,0.0,0.0,0.0,0.0,0.0,0.0,0.0,0.0,0.0,0.0,0.0,0.0,0.0,0.0,0.0,0.0,0.0,0.0,0.0,0.0,0.0,0.0,0.0,0.0,4.527e-05,0.0,0.0,0.0,0.0,0.0051911,0.000514417,0.0178217,0.0064554,0.010307,0.00134127,0.00281692,0.0,0.0,0.0019772,0.000780264,0.00041194,0.00094449,0.00034215,0.00344615,0.0002874,0.00031115,0.00042105,0.0
0.0,0.0,0.0,0.00097834,0.00163565,0.0,0.0,0.0,0.0,0.0,0.00146895,0.0109821,0.0046978,0.00825297,0.00259839,0.0022851,0.000106446,0.00484777,0.00389065,0.0,0.0005604,0.00608524,0.0,0.00050556,6.32e-05,0.0,0.0,0.0211867,0.0,0.0005718,0.00997086,0.0779549,0.0,0.0186477,0.0052612,0.0047292,0.0117676,0.0006958,0.0086852,0.00167628,0.00145447,0.00716718,0.0030038,0.000975233,0.0030397,0.0,0.0,0.0,0.0,0.0,0.0,0.0,0.0,0.0,0.0,0.0,0.0,0.0,0.0,0.0,0.0,0.0,0.0,0.0,0.0,0.0,0.0,0.0,0.0,0.0,0.0,0.0,0.0,0.0,0.0,0.0,0.0,0.0,0.0,0.0,0.0,0.0,0.0,0.0,0.0,0.0,0.0,0.0,0.0,0.0,0.0,4.566e-05,0.0,0.0,0.0,0.0,0.00526824,0.000521933,0.0180826,0.0065506,0.0104569,0.00136092,0.00285816,0.0,0.0,0.0020063,0.000791709,0.00041796,0.00095842,0.0003472,0.00349648,0.0002916,0.0003157,0.0004272,0.0
0.0,0.0,0.0,0.000991825,0.00163777,0.0,0.0,0.0,0.0,0.0,0.00147113,0.0111367,0.004703,0.00830785,0.00263559,0.00231775,0.000107943,0.00490104,0.00389408,0.0,0.00056435,0.0061274,0.0,0.0005091,6.365e-05,0.0,0.0,0.0212932,0.0,0.0005745,0.0100211,0.0783421,0.0,0.0187413,0.0052875,0.0047525,0.011825,0.00069925,0.008729,0.00168495,0.00146183,0.00720342,0.003019,0.000980417,0.00305538,0.0,0.0,0.0,0.0,0.0,0.0,0.0,0.0,0.0,0.0,0.0,0.0,0.0,0.0,0.0,0.0,0.0,0.0,0.0,0.0,0.0,0.0,0.0,0.0,0.0,0.0,0.0,0.0,0.0,0.0,0.0,0.0,0.0,0.0,0.0,0.0,0.0,0.0,0.0,0.0,0.0,0.0,0.0,0.0,0.0,0.0,4.605e-05,0.0,0.0,0.0,0.0,0.00534538,0.00052945,0.0183435,0.0066458,0.0106069,0.00138056,0.0028994,0.0,0.0,0.0020354,0.000803153,0.00042398,0.00097235,0.00035225,0.00354681,0.0002958,0.00032025,0.00043335,0.0
0.0,0.0,0.0,0.00100531,0.00163989,0.0,0.0,0.0,0.0,0.0,0.0014733,0.0112913,0.0047082,0.00836273,0.00267279,0.0023504,0.00010944,0.00495432,0.00389751,0.0,0.0005683,0.00616956,0.0,0.00051264,6.41e-05,0.0,0.0,0.0213997,0.0,0.0005772,0.0100712,0.0787292,0.0,0.0188348,0.0053138,0.0047758,0.0118824,0.0007027,0.0087728,0.00169362,0.0014692,0.00723965,0.0030342,0.0009856,0.00307105,0.0,0.0,0.0,0.0,0.0,0.0,0.0,0.0,0.0,0.0,0.0,0.0,0.0,0.0,0.0,0.0,0.0,0.0,0.0,0.0,0.0,0.0,0.0,0.0,0.0,0.0,0.0,0.0,0.0,0.0,0.0,0.0,0.0,0.0,0.0,0.0,0.0,0.0,0.0,0.0,0.0,0.0,0.0,0.0,0.0,0.0,4.644e-05,0.0,0.0,0.0,0.0,0.00542251,0.000536967,0.0186044,0.006741,0.0107568,0.00140021,0.00294064,0.0,0.0,0.0020645,0.000814597,0.00043,0.00098628,0.0003573,0.00359714,0.0003,0.0003248,0.0004395,0.0
0.0,0.0,0.0,0.00101879,0.00164201,0.0,0.0,0.0,0.0,0.0,0.00147548,0.0114459,0.0047134,0.00841761,0.00270999,0.00238305,0.000110937,0.00500759,0.00390094,0.0,0.00057225,0.00621172,0.0,0.00051618,6.455e-05,0.0,0.0,0.0215062,0.0,0.0005799,0.0101214,0.0791164,0.0,0.0189284,0.0053401,0.0047991,0.0119398,0.00070615,0.0088166,0.00170229,0.00147657,0.00727588,0.0030494,0.000990783,0.00308673,0.0,0.0,0.0,0.0,0.0,0.0,0.0,0.0,0.0,0.0,0.0,0.0,0.0,0.0,0.0,0.0,0.0,0.0,0.0,0.0,0.0,0.0,0.0,0.0,0.0,0.0,0.0,0.0,0.0,0.0,0.0,0.0,0.0,0.0,0.0,0.0,0.0,0.0,0.0,0.0,0.0,0.0,0.0,0.0,0.0,0.0,4.683e-05,0.0,0.0,0.0,0.0,0.00549965,0.000544483,0.0188652,0.0068362,0.0109067,0.00141986,0.00298188,0.0,0.0,0.0020936,0.000826041,0.00043602,0.00100021,0.00036235,0.00364747,0.0003042,0.00032935,0.00044565,0.0
0.0,0.0,0.0,0.00103228,0.00164412,0.0,0.0,0.0,0.0,0.0,0.00147765,0.0116005,0.0047186,0.00847249,0.00274719,0.0024157,0.000112434,0.00506087,0.00390438,0.0,0.0005762,0.00625388,0.0,0.00051972,6.5e-05,0.0,0.0,0.0216127,0.0,0.0005826,0.0101716,0.0795036,0.0,0.0190219,0.0053664,0.0048224,0.0119972,0.0007096,0.0088604,0.00171096,0.00148393,0.00731212,0.0030646,0.000995967,0.0031024,0.0,0.0,0.0,0.0,0.0,0.0,0.0,0.0,0.0,0.0,0.0,0.0,0.0,0.0,0.0,0.0,0.0,0.0,0.0,0.0,0.0,0.0,0.0,0.0,0.0,0.0,0.0,0.0,0.0,0.0,0.0,0.0,0.0,0.0,0.0,0.0,0.0,0.0,0.0,0.0,0.0,0.0,0.0,0.0,0.0,0.0,4.722e-05,0.0,0.0,0.0,0.0,0.00557678,0.000552,0.0191261,0.0069314,0.0110567,0.00143951,0.00302312,0.0,0.0,0.0021227,0.000837486,0.00044204,0.00101414,0.0003674,0.0036978,0.0003084,0.0003339,0.0004518,0.0
0.0,0.0,0.0,0.00104577,0.00164624,0.0,0.0,0.0,0.0,0.0,0.00147983,0.0117551,0.0047238,0.00852737,0.00278439,0.00244835,0.000113931,0.00511414,0.00390781,0.0,0.00058015,0.00629604,0.0,0.00052326,6.545e-05,0.0,0.0,0.0217192,0.0,0.0005853,0.0102218,0.0798907,0.0,0.0191154,0.0053927,0.0048457,0.0120546,0.00071305,0.0089042,0.00171963,0.0014913,0.00734835,0.0030798,0.00100115,0.00311807,0.0,0.0,0.0,0.0,0.0,0.0,0.0,0.0,0.0,0.0,0.0,0.0,0.0,0.0,0.0,0.0,0.0,0.0,0.0,0.0,0.0,0.0,0.0,0.0,0.0,0.0,0.0,0.0,0.0,0.0,0.0,0.0,0.0,0.0,0.0,0.0,0.0,0.0,0.0,0.0,0.0,0.0,0.0,0.0,0.0,0.0,4.761e-05,0.0,0.0,0.0,0.0,0.00565392,0.000559517,0.019387,0.0070266,0.0112066,0.00145915,0.00306436,0.0,0.0,0.0021518,0.00084893,0.00044806,0.00102807,0.00037245,0.00374813,0.0003126,0.00033845,0.00045795,0.0
0.0,0.0,0.0,0.00105925,0.00164836,0.0,0.0,0.0,0.0,0.0,0.001482,0.0119097,0.004729,0.00858225,0.00282159,0.002481,0.000115429,0.00516742,0.00391124,0.0,0.0005841,0.0063382,0.0,0.0005268,6.59e-05,0.0,0.0,0.0218257,0.0,0.000588,0.010272,0.0802779,0.0,0.019209,0.005419,0.004869,0.012112,0.0007165,0.008948,0.0017283,0.00149867,0.00738458,0.003095,0.00100633,0.00313375,0.0,0.0,0.0,0.0,0.0,0.0,0.0,0.0,0.0,0.0,0.0,0.0,0.0,0.0,0.0,0.0,0.0,0.0,0.0,0.0,0.0,0.0,0.0,0.0,0.0,0.0,0.0,0.0,0.0,0.0,0.0,0.0,0.0,0.0,0.0,0.0,0.0,0.0,0.0,0.0,0.0,0.0,0.0,0.0,0.0,0.0,4.8e-05,0.0,0.0,0.0,0.0,0.00573106,0.000567033,0.0196479,0.0071218,0.0113565,0.0014788,0.0031056,0.0,0.0,0.0021809,0.000860374,0.00045408,0.001042,0.0003775,0.00379846,0.0003168,0.000343,0.0004641,0.0
0.0,0.0,0.0,0.00107273,0.00164886,0.0,0.0,0.0,0.0,0.0,0.0014832,0.0120611,0.00473,0.00863548,0.00285693,0.0025124,0.000116914,0.00521802,0.00391094,0.0,0.00058791,0.00638056,0.0,0.00053028,6.633e-05,0.0,0.0,0.0217984,0.0,0.0005874,0.010259,0.0801728,0.0,0.0191842,0.0054117,0.0048629,0.0120975,0.000715575,0.0089374,0.00172598,0.0014966,0.00737507,0.0030908,0.001005,0.00312968,0.0,0.0,0.0,0.0,0.0,0.0,0.0,0.0,0.0,0.0,0.0,0.0,0.0,0.0,0.0,0.0,0.0,0.0,0.0,0.0,0.0,0.0,0.0,0.0,0.0,0.0,0.0,0.0,0.0,0.0,0.0,0.0,0.0,0.0,0.0,0.0,0.0,0.0,0.0,0.0,0.0,0.0,0.0,0.0,0.0,0.0,4.842e-05,0.0,0.0,0.0,0.0,0.00581446,0.000575347,0.0199371,0.00722622,0.0115235,0.00150048,0.00315121,0.0,0.0,0.00221276,0.000873109,0.000460788,0.00105719,0.000383,0.00385424,0.00032148,0.00034804,0.00047091,0.0
0.0,0.0,0.0,0.00108622,0.00164936,0.0,0.0,0.0,0.0,0.0,0.0014844,0.0122125,0.004731,0.0086887,0.00289227,0.0025438,0.0001184,0.00526863,0.00391064,0.0,0.00059172,0.00642292,0.0,0.00053376,6.676e-05,0.0,0.0,0.021771,0.0,0.0005868,0.010246,0.0800676,0.0,0.0191594,0.0054044,0.0048568,0.012083,0.00071465,0.0089268,0.00172366,0.00149453,0.00736555,0.0030866,0.00100367,0.0031256,0.0,0.0,0.0,0.0,0.0,0.0,0.0,0.0,0.0,0.0,0.0,0.0,0.0,0.0,0.0,0.0,0.0,0.0,0.0,0.0,0.0,0.0,0.0,0.0,0.0,0.0,0.0,0.0,0.0,0.0,0.0,0.0,0.0,0.0,0.0,0.0,0.0,0.0,0.0,0.0,0.0,0.0,0.0,0.0,0.0,0.0,4.884e-05,0.0,0.0,0.0,0.0,0.00589786,0.00058366,0.0202263,0.00733064,0.0116905,0.00152216,0.00319682,0.0,0.0,0.00224462,0.000885843,0.000467496,0.00107238,0.0003885,0.00391001,0.00032616,0.00035308,0.00047772,0.0
0.0,0.0,0.0,0.0010997,0.00164986,0.0,0.0,0.0,0.0,0.0,0.0014856,0.0123639,0.004732,0.00874192,0.0029276,0.0025752,0.000119886,0.00531924,0.00391034,0.0,0.00059553,0.00646528,0.0,0.00053724,6.719e-05,0.0,0.0,0.0217437,0.0,0.0005862,0.0102329,0.0799625,0.0,0.0191346,0.0053971,0.0048507,0.0120685,0.000713725,0.0089162,0.00172134,0.00149247,0.00735603,0.0030824,0.00100233,0.00312153,0.0,0.0,0.0,0.0,0.0,0.0,0.0,0.0,0.0,0.0,0.0,0.0,0.0,0.0,0.0,0.0,0.0,0.0,0.0,0.0,0.0,0.0,0.0,0.0,0.0,0.0,0.0,0.0,0.0,0.0,0.0,0.0,0.0,0.0,0.0,0.0,0.0,0.0,0.0,0.0,0.0,0.0,0.0,0.0,0.0,0.0,4.926e-05,0.0,0.0,0.0,0.0,0.00598126,0.000591973,0.0205155,0.00743506,0.0118575,0.00154384,0.00324243,0.0,0.0,0.00227648,0.000898578,0.000474204,0.00108757,0.000394,0.00396579,0.00033084,0.00035812,0.00048453,0.0
0.0,0.0,0.0,0.00111319,0.00165036,0.0,0.0,0.0,0.0,0.0,0.0014868,0.0125154,0.004733,0.00879515,0.00296294,0.0026066,0.000121371,0.00536985,0.00391004,0.0,0.00059934,0.00650764,0.0,0.00054072,6.762e-05,0.0,0.0,0.0217164,0.0,0.0005856,0.0102199,0.0798573,0.0,0.0191098,0.0053898,0.0048446,0.012054,0.0007128,0.0089056,0.00171902,0.0014904,0.00734652,0.0030782,0.001001,0.00311745,0.0,0.0,0.0,0.0,0.0,0.0,0.0,0.0,0.0,0.0,0.0,0.0,0.0,0.0,0.0,0.0,0.0,0.0,0.0,0.0,0.0,0.0,0.0,0.0,0.0,0.0,0.0,0.0,0.0,0.0,0.0,0.0,0.0,0.0,0.0,0.0,0.0,0.0,0.0,0.0,0.0,0.0,0.0,0.0,0.0,0.0,4.968e-05,0.0,0.0,0.0,0.0,0.00606466,0.000600287,0.0208047,0.00753948,0.0120245,0.00156552,0.00328804,0.0,0.0,0.00230834,0.000911313,0.000480912,0.00110276,0.0003995,0.00402156,0.00033552,0.00036316,0.00049134,0.0
0.0,0.0,0.0,0.00112668,0.00165086,0.0,0.0,0.0,0.0,0.0,0.001488,0.0126668,0.004734,0.00884837,0.00299828,0.002638,0.000122857,0.00542046,0.00390974,0.0,0.00060315,0.00655,0.0,0.0005442,6.805e-05,0.0,0.0,0.0216891,0.0,0.000585,0.0102069,0.0797522,0.0,0.019085,0.0053825,0.0048385,0.0120395,0.000711875,0.008895,0.0017167,0.00148833,0.007337,0.003074,0.000999667,0.00311338,0.0,0.0,0.0,0.0,0.0,0.0,0.0,0.0,0.0,0.0,0.0,0.0,0.0,0.0,0.0,0.0,0.0,0.0,0.0,0.0,0.0,0.0,0.0,0.0,0.0,0.0,0.0,0.0,0.0,0.0,0.0,0.0,0.0,0.0,0.0,0.0,0.0,0.0,0.0,0.0,0.0,0.0,0.0,0.0,0.0,0.0,5.01e-05,0.0,0.0,0.0,0.0,0.00614806,0.0006086,0.0210939,0.00764389,0.0121915,0.0015872,0.00333365,0.0,0.0,0.0023402,0.000924047,0.00048762,0.00111795,0.000405,0.00407734,0.0003402,0.0003682,0.00049815,0.0
0.0,0.0,0.0,0.00114016,0.00165136,0.0,0.0,0.0,0.0,0.0,0.0014892,0.0128182,0.004735,0.0089016,0.00303362,0.0026694,0.000124343,0.00547107,0.00390944,0.0,0.00060696,0.00659236,0.0,0.00054768,6.848e-05,0.0,0.0,0.0216618,0.0,0.0005844,0.0101939,0.079647,0.0,0.0190602,0.0053752,0.0048324,0.012025,0.00071095,0.0088844,0.00171438,0.00148627,0.00732748,0.0030698,0.000998333,0.0031093,0.0,0.0,0.0,0.0,0.0,0.0,0.0,0.0,0.0,0.0,0.0,0.0,0.0,0.0,0.0,0.0,0.0,0.0,0.0,0.0,0.0,0.0,0.0,0.0,0.0,0.0,0.0,0.0,0.0,0.0,0.0,0.0,0.0,0.0,0.0,0.0,0.0,0.0,0.0,0.0,0.0,0.0,0.0,0.0,0.0,0.0,5.052e-05,0.0,0.0,0.0,0.0,0.00623147,0.000616913,0.0213831,0.00774831,0.0123584,0.00160888,0.00337926,0.0,0.0,0.00237206,0.000936782,0.000494328,0.00113314,0.0004105,0.00413312,0.00034488,0.00037324,0.00050496,0.0
0.0,0.0,0.0,0.00115364,0.00165186,0.0,0.0,0.0,0.0,0.0,0.0014904,0.0129697,0.004736,0.00895482,0.00306896,0.0027008,0.000125829,0.00552168,0.00390914,0.0,0.00061077,0.00663472,0.0,0.00055116,6.891e-05,0.0,0.0,0.0216345,0.0,0.0005838,0.0101809,0.0795419,0.0,0.0190354,0.0053679,0.0048263,0.0120105,0.000710025,0.0088738,0.00171206,0.0014842,0.00731797,0.0030656,0.000997,0.00310523,0.0,0.0,0.0,0.0,0.0,0.0,0.0,0.0,0.0,0.0,0.0,0.0,0.0,0.0,0.0,0.0,0.0,0.0,0.0,0.0,0.0,0.0,0.0,0.0,0.0,0.0,0.0,0.0,0.0,0.0,0.0,0.0,0.0,0.0,0.0,0.0,0.0,0.0,0.0,0.0,0.0,0.0,0.0,0.0,0.0,0.0,5.094e-05,0.0,0.0,0.0,0.0,0.00631487,0.000625227,0.0216723,0.00785273,0.0125254,0.00163056,0.00342487,0.0,0.0,0.00240392,0.000949516,0.000501036,0.00114833,0.000416,0.00418889,0.00034956,0.00037828,0.00051177,0.0
0.0,0.0,0.0,0.00116713,0.00165236,0.0,0.0,0.0,0.0,0.0,0.0014916,0.0131211,0.004737,0.00900805,0.0031043,0.0027322,0.000127314,0.00557228,0.00390884,0.0,0.00061458,0.00667708,0.0,0.00055464,6.934e-05,0.0,0.0,0.0216072,0.0,0.0005832,0.0101678,0.0794367,0.0,0.0190106,0.0053606,0.0048202,0.011996,0.0007091,0.0088632,0.00170974,0.00148213,0.00730845,0.0030614,0.000995667,0.00310115,0.0,0.0,0.0,0.0,0.0,0.0,0.0,0.0,0.0,0.0,0.0,0.0,0.0,0.0,0.0,0.0,0.0,0.0,0.0,0.0,0.0,0.0,0.0,0.0,0.0,0.0,0.0,0.0,0.0,0.0,0.0,0.0,0.0,0.0,0.0,0.0,0.0,0.0,0.0,0.0,0.0,0.0,0.0,0.0,0.0,0.0,5.136e-05,0.0,0.0,0.0,0.0,0.00639827,0.00063354,0.0219615,0.00795715,0.0126924,0.00165224,0.00347048,0.0,0.0,0.00243578,0.000962251,0.000507744,0.00116352,0.0004215,0.00424467,0.00035424,0.00038332,0.00051858,0.0
0.0,0.0,0.0,0.00118062,0.00165286,0.0,0.0,0.0,0.0,0.0,0.0014928,0.0132725,0.004738,0.00906128,0.00313963,0.0027636,0.0001288,0.00562289,0.00390854,0.0,0.00061839,0.00671944,0.0,0.00055812,6.977e-05,0.0,0.0,0.0215799,0.0,0.0005826,0.0101548,0.0793316,0.0,0.0189858,0.0053533,0.0048141,0.0119815,0.000708175,0.0088526,0.00170742,0.00148007,0.00729893,0.0030572,0.000994333,0.00309708,0.0,0.0,0.0,0.0,0.0,0.0,0.0,0.0,0.0,0.0,0.0,0.0,0.0,0.0,0.0,0.0,0.0,0.0,0.0,0.0,0.0,0.0,0.0,0.0,0.0,0.0,0.0,0.0,0.0,0.0,0.0,0.0,0.0,0.0,0.0,0.0,0.0,0.0,0.0,0.0,0.0,0.0,0.0,0.0,0.0,0.0,5.178e-05,0.0,0.0,0.0,0.0,0.00648167,0.000641853,0.0222507,0.00806157,0.0128594,0.00167392,0.00351609,0.0,0.0,0.00246764,0.000974985,0.000514452,0.00117871,0.000427,0.00430044,0.00035892,0.00038836,0.00052539,0.0
0.0,0.0,0.0,0.0011941,0.00165336,0.0,0.0,0.0,0.0,0.0,0.001494,0.0134239,0.004739,0.0091145,0.00317497,0.002795,0.000130286,0.0056735,0.00390824,0.0,0.0006222,0.0067618,0.0,0.0005616,7.02e-05,0.0,0.0,0.0215526,0.0,0.000582,0.0101418,0.0792264,0.0,0.018961,0.005346,0.004808,0.011967,0.00070725,0.008842,0.0017051,0.001478,0.00728942,0.003053,0.000993,0.003093,0.0,0.0,0.0,0.0,0.0,0.0,0.0,0.0,0.0,0.0,0.0,0.0,0.0,0.0,0.0,0.0,0.0,0.0,0.0,0.0,0.0,0.0,0.0,0.0,0.0,0.0,0.0,0.0,0.0,0.0,0.0,0.0,0.0,0.0,0.0,0.0,0.0,0.0,0.0,0.0,0.0,0.0,0.0,0.0,0.0,0.0,5.22e-05,0.0,0.0,0.0,0.0,0.00656507,0.000650167,0.0225399,0.00816599,0.0130264,0.0016956,0.0035617,0.0,0.0,0.0024995,0.00098772,0.00052116,0.0011939,0.0004325,0.00435622,0.0003636,0.0003934,0.0005322,0.0
0.0,0.0,0.0,0.00121892,0.00166789,0.0,0.0,0.0,0.0,0.0,0.00150712,0.0137029,0.0047789,0.00929962,0.00324041,0.0028518,0.000132914,0.00577955,0.00393903,0.0,0.0006355,0.0069062,0.0,0.00057384,7.17e-05,0.0,0.0,0.021841,0.0,0.0005897,0.0102771,0.0802937,0.0,0.0192171,0.0054186,0.0048727,0.0121267,0.00071675,0.0089587,0.00172785,0.0014978,0.00738725,0.00309397,0.00100603,0.00313435,0.0,0.0,0.0,0.0,0.0,0.0,0.0,0.0,0.0,0.0,0.0,0.0,0.0,0.0,0.0,0.0,0.0,0.0,0.0,0.0,0.0,0.0,0.0,0.0,0.0,0.0,0.0,0.0,0.0,0.0,0.0,0.0,0.0,0.0,0.0,0.0,0.0,0.0,0.0,0.0,0.0,0.0,0.0,0.0,0.0,0.0,5.293e-05,0.0,0.0,0.0,0.0,0.00670148,0.00066351,0.023003,0.00833375,0.0132943,0.00173041,0.00363477,0.0,0.0,0.00255041,0.00100794,0.000531824,0.0012185,0.00044125,0.00444554,0.00037104,0.00040152,0.00054318,0.0
0.0,0.0,0.0,0.00124374,0.00168242,0.0,0.0,0.0,0.0,0.0,0.00152025,0.0139818,0.0048188,0.00948475,0.00330585,0.0029086,0.000135543,0.0058856,0.00396982,0.0,0.0006488,0.0070506,0.0,0.00058608,7.32e-05,0.0,0.0,0.0221294,0.0,0.0005974,0.0104124,0.081361,0.0,0.0194732,0.0054912,0.0049374,0.0122864,0.00072625,0.0090754,0.0017506,0.0015176,0.00748508,0.00313493,0.00101907,0.0031757,0.0,0.0,0.0,0.0,0.0,0.0,0.0,0.0,0.0,0.0,0.0,0.0,0.0,0.0,0.0,0.0,0.0,0.0,0.0,0.0,0.0,0.0,0.0,0.0,0.0,0.0,0.0,0.0,0.0,0.0,0.0,0.0,0.0,0.0,0.0,0.0,0.0,0.0,0.0,0.0,0.0,0.0,0.0,0.0,0.0,0.0,5.366e-05,0.0,0.0,0.0,0.0,0.00683789,0.000676853,0.0234661,0.00850152,0.0135623,0.00176522,0.00370784,0.0,0.0,0.00260132,0.00102816,0.000542488,0.0012431,0.00045,0.00453486,0.00037848,0.00040964,0.00055416,0.0
0.0,0.0,0.0,0.00126856,0.00169696,0.0,0.0,0.0,0.0,0.0,0.00153338,0.0142607,0.0048587,0.00966987,0.00337128,0.0029654,0.000138171,0.00599165,0.0040006,0.0,0.0006621,0.007195,0.0,0.00059832,7.47e-05,0.0,0.0,0.0224178,0.0,0.0006051,0.0105478,0.0824283,0.0,0.0197293,0.0055638,0.0050021,0.0124461,0.00073575,0.0091921,0.00177335,0.0015374,0.00758292,0.0031759,0.0010321,0.00321705,0.0,0.0,0.0,0.0,0.0,0.0,0.0,0.0,0.0,0.0,0.0,0.0,0.0,0.0,0.0,0.0,0.0,0.0,0.0,0.0,0.0,0.0,0.0,0.0,0.0,0.0,0.0,0.0,0.0,0.0,0.0,0.0,0.0,0.0,0.0,0.0,0.0,0.0,0.0,0.0,0.0,0.0,0.0,0.0,0.0,0.0,5.439e-05,0.0,0.0,0.0,0.0,0.0069743,0.000690197,0.0239292,0.00866929,0.0138302,0.00180003,0.00378091,0.0,0.0,0.00265223,0.00104837,0.000553152,0.0012677,0.00045875,0.00462417,0.00038592,0.00041776,0.00056514,0.0
0.0,0.0,0.0,0.00129338,0.00171149,0.0,0.0,0.0,0.0,0.0,0.0015465,0.0145396,0.0048986,0.009855,0.00343672,0.0030222,0.0001408,0.0060977,0.00403139,0.0,0.0006754,0.0073394,0.0,0.00061056,7.62e-05,0.0,0.0,0.0227062,0.0,0.0006128,0.0106831,0.0834955,0.0,0.0199854,0.0056364,0.0050668,0.0126058,0.00074525,0.0093088,0.0017961,0.0015572,0.00768075,0.00321687,0.00104513,0.0032584,0.0,0.0,0.0,0.0,0.0,0.0,0.0,0.0,0.0,0.0,0.0,0.0,0.0,0.0,0.0,0.0,0.0,0.0,0.0,0.0,0.0,0.0,0.0,0.0,0.0,0.0,0.0,0.0,0.0,0.0,0.0,0.0,0.0,0.0,0.0,0.0,0.0,0.0,0.0,0.0,0.0,0.0,0.0,0.0,0.0,0.0,5.512e-05,0.0,0.0,0.0,0.0,0.00711071,0.00070354,0.0243923,0.00883706,0.0140981,0.00183484,0.00385398,0.0,0.0,0.00270314,0.00106859,0.000563816,0.0012923,0.0004675,0.00471349,0.00039336,0.00042588,0.00057612,0.0
0.0,0.0,0.0,0.0013182,0.00172602,0.0,0.0,0.0,0.0,0.0,0.00155963,0.0148185,0.0049385,0.0100401,0.00350216,0.003079,0.000143429,0.00620375,0.00406218,0.0,0.0006887,0.0074838,0.0,0.0006228,7.77e-05,0.0,0.0,0.0229947,0.0,0.0006205,0.0108184,0.0845628,0.0,0.0202415,0.005709,0.0051315,0.0127655,0.00075475,0.0094255,0.00181885,0.001577,0.00777858,0.00325783,0.00105817,0.00329975,0.0,0.0,0.0,0.0,0.0,0.0,0.0,0.0,0.0,0.0,0.0,0.0,0.0,0.0,0.0,0.0,0.0,0.0,0.0,0.0,0.0,0.0,0.0,0.0,0.0,0.0,0.0,0.0,0.0,0.0,0.0,0.0,0.0,0.0,0.0,0.0,0.0,0.0,0.0,0.0,0.0,0.0,0.0,0.0,0.0,0.0,5.585e-05,0.0,0.0,0.0,0.0,0.00724712,0.000716883,0.0248555,0.00900482,0.0143661,0.00186965,0.00392705,0.0,0.0,0.00275405,0.00108881,0.00057448,0.0013169,0.00047625,0.00480281,0.0004008,0.000434,0.0005871,0.0
0.0,0.0,0.0,0.00134302,0.00174055,0.0,0.0,0.0,0.0,0.0,0.00157275,0.0150974,0.0049784,0.0102253,0.00356759,0.0031358,0.000146057,0.0063098,0.00409297,0.0,0.000702,0.0076282,0.0,0.00063504,7.92e-05,0.0,0.0,0.0232831,0.0,0.0006282,0.0109537,0.0856301,0.0,0.0204976,0.0057816,0.0051962,0.0129252,0.00076425,0.0095422,0.0018416,0.0015968,0.00787642,0.0032988,0.0010712,0.0033411,0.0,0.0,0.0,0.0,0.0,0.0,0.0,0.0,0.0,0.0,0.0,0.0,0.0,0.0,0.0,0.0,0.0,0.0,0.0,0.0,0.0,0.0,0.0,0.0,0.0,0.0,0.0,0.0,0.0,0.0,0.0,0.0,0.0,0.0,0.0,0.0,0.0,0.0,0.0,0.0,0.0,0.0,0.0,0.0,0.0,0.0,5.658e-05,0.0,0.0,0.0,0.0,0.00738353,0.000730227,0.0253186,0.00917259,0.014634,0.00190446,0.00400012,0.0,0.0,0.00280496,0.00110903,0.000585144,0.0013415,0.000485,0.00489213,0.00040824,0.00044212,0.00059808,0.0
0.0,0.0,0.0,0.00136784,0.00175508,0.0,0.0,0.0,0.0,0.0,0.00158588,0.0153763,0.0050183,0.0104104,0.00363303,0.0031926,0.000148686,0.00641585,0.00412376,0.0,0.0007153,0.0077726,0.0,0.00064728,8.07e-05,0.0,0.0,0.0235715,0.0,0.0006359,0.011089,0.0866973,0.0,0.0207537,0.0058542,0.0052609,0.0130849,0.00077375,0.0096589,0.00186435,0.0016166,0.00797425,0.00333977,0.00108423,0.00338245,0.0,0.0,0.0,0.0,0.0,0.0,0.0,0.0,0.0,0.0,0.0,0.0,0.0,0.0,0.0,0.0,0.0,0.0,0.0,0.0,0.0,0.0,0.0,0.0,0.0,0.0,0.0,0.0,0.0,0.0,0.0,0.0,0.0,0.0,0.0,0.0,0.0,0.0,0.0,0.0,0.0,0.0,0.0,0.0,0.0,0.0,5.731e-05,0.0,0.0,0.0,0.0,0.00751994,0.00074357,0.0257817,0.00934036,0.0149019,0.00193927,0.00407319,0.0,0.0,0.00285587,0.00112925,0.000595808,0.0013661,0.00049375,0.00498145,0.00041568,0.00045024,0.00060906,0.0
0.0,0.0,0.0,0.00139266,0.00176962,0.0,0.0,0.0,0.0,0.0,0.001599,0.0156553,0.0050582,0.0105955,0.00369847,0.0032494,0.000151314,0.0065219,0.00415454,0.0,0.0007286,0.007917,0.0,0.00065952,8.22e-05,0.0,0.0,0.0238599,0.0,0.0006436,0.0112244,0.0877646,0.0,0.0210098,0.0059268,0.0053256,0.0132446,0.00078325,0.0097756,0.0018871,0.0016364,0.00807208,0.00338073,0.00109727,0.0034238,0.0,0.0,0.0,0.0,0.0,0.0,0.0,0.0,0.0,0.0,0.0,0.0,0.0,0.0,0.0,0.0,0.0,0.0,0.0,0.0,0.0,0.0,0.0,0.0,0.0,0.0,0.0,0.0,0.0,0.0,0.0,0.0,0.0,0.0,0.0,0.0,0.0,0.0,0.0,0.0,0.0,0.0,0.0,0.0,0.0,0.0,5.804e-05,0.0,0.0,0.0,0.0,0.00765635,0.000756913,0.0262448,0.00950813,0.0151699,0.00197408,0.00414626,0.0,0.0,0.00290678,0.00114946,0.000606472,0.0013907,0.0005025,0.00507076,0.00042312,0.00045836,0.00062004,0.0
0.0,0.0,0.0,0.00141748,0.00178415,0.0,0.0,0.0,0.0,0.0,0.00161212,0.0159342,0.0050981,0.0107806,0.00376391,0.0033062,0.000153943,0.00662795,0.00418533,0.0,0.0007419,0.0080614,0.0,0.00067176,8.37e-05,0.0,0.0,0.0241483,0.0,0.0006513,0.0113597,0.0888319,0.0,0.0212659,0.0059994,0.0053903,0.0134043,0.00079275,0.0098923,0.00190985,0.0016562,0.00816992,0.0034217,0.0011103,0.00346515,0.0,0.0,0.0,0.0,0.0,0.0,0.0,0.0,0.0,0.0,0.0,0.0,0.0,0.0,0.0,0.0,0.0,0.0,0.0,0.0,0.0,0.0,0.0,0.0,0.0,0.0,0.0,0.0,0.0,0.0,0.0,0.0,0.0,0.0,0.0,0.0,0.0,0.0,0.0,0.0,0.0,0.0,0.0,0.0,0.0,0.0,5.877e-05,0.0,0.0,0.0,0.0,0.00779276,0.000770257,0.0267079,0.00967589,0.0154378,0.00200889,0.00421933,0.0,0.0,0.00295769,0.00116968,0.000617136,0.0014153,0.00051125,0.00516008,0.00043056,0.00046648,0.00063102,0.0
0.0,0.0,0.0,0.0014423,0.00179868,0.0,0.0,0.0,0.0,0.0,0.00162525,0.0162131,0.005138,0.0109657,0.00382934,0.003363,0.000156571,0.006734,0.00421612,0.0,0.0007552,0.0082058,0.0,0.000684,8.52e-05,0.0,0.0,0.0244367,0.0,0.000659,0.011495,0.0898992,0.0,0.021522,0.006072,0.005455,0.013564,0.00080225,0.010009,0.0019326,0.001676,0.00826775,0.00346267,0.00112333,0.0035065,0.0,0.0,0.0,0.0,0.0,0.0,0.0,0.0,0.0,0.0,0.0,0.0,0.0,0.0,0.0,0.0,0.0,0.0,0.0,0.0,0.0,0.0,0.0,0.0,0.0,0.0,0.0,0.0,0.0,0.0,0.0,0.0,0.0,0.0,0.0,0.0,0.0,0.0,0.0,0.0,0.0,0.0,0.0,0.0,0.0,0.0,5.95e-05,0.0,0.0,0.0,0.0,0.00792917,0.0007836,0.027171,0.00984366,0.0157057,0.0020437,0.0042924,0.0,0.0,0.0030086,0.0011899,0.0006278,0.0014399,0.00052,0.0052494,0.000438,0.0004746,0.000642,0.0
0.0,0.0,0.0,0.00147778,0.00184965,0.0,0.0,0.0,0.0,0.0,0.00167145,0.0166106,0.0052838,0.0112202,0.00392349,0.0034466,0.000160457,0.00690269,0.0043373,0.0,0.00077222,0.00839035,0.0,0.000699,8.708e-05,0.0,0.0,0.0246891,0.0,0.0006658,0.0116122,0.0908181,0.0,0.021745,0.006134,0.0055111,0.0137047,0.000810575,0.0101154,0.00195262,0.00169327,0.0083529,0.0034984,0.00113503,0.00354285,0.0,0.0,0.0,0.0,0.0,0.0,0.0,0.0,0.0,0.0,0.0,0.0,0.0,0.0,0.0,0.0,0.0,0.0,0.0,0.0,0.0,0.0,0.0,0.0,0.0,0.0,0.0,0.0,0.0,0.0,0.0,0.0,0.0,0.0,0.0,0.0,0.0,0.0,0.0,0.0,0.0,0.0,0.0,0.0,0.0,0.0,6.021e-05,0.0,0.0,0.0,0.0,0.0081045,0.000801467,0.0277809,0.0100624,0.0160587,0.00208957,0.0043885,0.0,0.0,0.00307734,0.00121638,0.000641904,0.00147186,0.000532,0.00536722,0.00044784,0.00048524,0.00065625,0.0
0.0,0.0,0.0,0.00151327,0.00190062,0.0,0.0,0.0,0.0,0.0,0.00171765,0.0170082,0.0054296,0.0114747,0.00401763,0.0035302,0.000164343,0.00707138,0.00445848,0.0,0.00078924,0.0085749,0.0,0.000714,8.896e-05,0.0,0.0,0.0249413,0.0,0.0006726,0.0117295,0.0917371,0.0,0.021968,0.006196,0.0055672,0.0138454,0.0008189,0.0102218,0.00197264,0.00171053,0.00843805,0.00353413,0.00114673,0.0035792,0.0,0.0,0.0,0.0,0.0,0.0,0.0,0.0,0.0,0.0,0.0,0.0,0.0,0.0,0.0,0.0,0.0,0.0,0.0,0.0,0.0,0.0,0.0,0.0,0.0,0.0,0.0,0.0,0.0,0.0,0.0,0.0,0.0,0.0,0.0,0.0,0.0,0.0,0.0,0.0,0.0,0.0,0.0,0.0,0.0,0.0,6.092e-05,0.0,0.0,0.0,0.0,0.00827983,0.000819333,0.0283907,0.0102812,0.0164118,0.00213544,0.0044846,0.0,0.0,0.00314608,0.00124286,0.000656008,0.00150382,0.000544,0.00548504,0.00045768,0.00049588,0.0006705,0.0
0.0,0.0,0.0,0.00154875,0.00195159,0.0,0.0,0.0,0.0,0.0,0.00176385,0.0174057,0.0055754,0.0117292,0.00411178,0.0036138,0.000168229,0.00724008,0.00457966,0.0,0.00080626,0.00875945,0.0,0.000729,9.084e-05,0.0,0.0,0.0251937,0.0,0.0006794,0.0118468,0.0926561,0.0,0.022191,0.006258,0.0056233,0.0139861,0.000827225,0.0103282,0.00199266,0.0017278,0.0085232,0.00356987,0.00115843,0.00361555,0.0,0.0,0.0,0.0,0.0,0.0,0.0,0.0,0.0,0.0,0.0,0.0,0.0,0.0,0.0,0.0,0.0,0.0,0.0,0.0,0.0,0.0,0.0,0.0,0.0,0.0,0.0,0.0,0.0,0.0,0.0,0.0,0.0,0.0,0.0,0.0,0.0,0.0,0.0,0.0,0.0,0.0,0.0,0.0,0.0,0.0,6.163e-05,0.0,0.0,0.0,0.0,0.00845515,0.0008372,0.0290005,0.0105,0.0167648,0.00218131,0.0045807,0.0,0.0,0.00321482,0.00126934,0.000670112,0.00153578,0.000556,0.00560285,0.00046752,0.00050652,0.00068475,0.0
0.0,0.0,0.0,0.00158424,0.00200256,0.0,0.0,0.0,0.0,0.0,0.00181005,0.0178032,0.0057212,0.0119836,0.00420592,0.0036974,0.000172114,0.00740877,0.00470084,0.0,0.00082328,0.008944,0.0,0.000744,9.272e-05,0.0,0.0,0.0254459,0.0,0.0006862,0.011964,0.0935751,0.0,0.022414,0.00632,0.0056794,0.0141268,0.00083555,0.0104346,0.00201268,0.00174507,0.00860835,0.0036056,0.00117013,0.0036519,0.0,0.0,0.0,0.0,0.0,0.0,0.0,0.0,0.0,0.0,0.0,0.0,0.0,0.0,0.0,0.0,0.0,0.0,0.0,0.0,0.0,0.0,0.0,0.0,0.0,0.0,0.0,0.0,0.0,0.0,0.0,0.0,0.0,0.0,0.0,0.0,0.0,0.0,0.0,0.0,0.0,0.0,0.0,0.0,0.0,0.0,6.234e-05,0.0,0.0,0.0,0.0,0.00863048,0.000855067,0.0296104,0.0107188,0.0171178,0.00222718,0.0046768,0.0,0.0,0.00328356,0.00129582,0.000684216,0.00156774,0.000568,0.00572067,0.00047736,0.00051716,0.000699,0.0
0.0,0.0,0.0,0.00161973,0.00205353,0.0,0.0,0.0,0.0,0.0,0.00185625,0.0182008,0.005867,0.0122381,0.00430007,0.003781,0.000176,0.00757746,0.00482202,0.0,0.0008403,0.00912855,0.0,0.000759,9.46e-05,0.0,0.0,0.0256983,0.0,0.000693,0.0120812,0.0944941,0.0,0.022637,0.006382,0.0057355,0.0142675,0.000843875,0.010541,0.0020327,0.00176233,0.0086935,0.00364133,0.00118183,0.00368825,0.0,0.0,0.0,0.0,0.0,0.0,0.0,0.0,0.0,0.0,0.0,0.0,0.0,0.0,0.0,0.0,0.0,0.0,0.0,0.0,0.0,0.0,0.0,0.0,0.0,0.0,0.0,0.0,0.0,0.0,0.0,0.0,0.0,0.0,0.0,0.0,0.0,0.0,0.0,0.0,0.0,0.0,0.0,0.0,0.0,0.0,6.305e-05,0.0,0.0,0.0,0.0,0.00880581,0.000872933,0.0302202,0.0109375,0.0174708,0.00227305,0.0047729,0.0,0.0,0.0033523,0.0013223,0.00069832,0.0015997,0.00058,0.00583849,0.0004872,0.0005278,0.00071325,0.0
0.0,0.0,0.0,0.00165521,0.0021045,0.0,0.0,0.0,0.0,0.0,0.00190245,0.0185983,0.0060128,0.0124926,0.00439421,0.0038646,0.000179886,0.00774615,0.0049432,0.0,0.00085732,0.0093131,0.0,0.000774,9.648e-05,0.0,0.0,0.0259505,0.0,0.0006998,0.0121985,0.0954131,0.0,0.02286,0.006444,0.0057916,0.0144082,0.0008522,0.0106474,0.00205272,0.0017796,0.00877865,0.00367707,0.00119353,0.0037246,0.0,0.0,0.0,0.0,0.0,0.0,0.0,0.0,0.0,0.0,0.0,0.0,0.0,0.0,0.0,0.0,0.0,0.0,0.0,0.0,0.0,0.0,0.0,0.0,0.0,0.0,0.0,0.0,0.0,0.0,0.0,0.0,0.0,0.0,0.0,0.0,0.0,0.0,0.0,0.0,0.0,0.0,0.0,0.0,0.0,0.0,6.376e-05,0.0,0.0,0.0,0.0,0.00898113,0.0008908,0.03083,0.0111563,0.0178239,0.00231892,0.004869,0.0,0.0,0.00342104,0.00134878,0.000712424,0.00163166,0.000592,0.00595631,0.00049704,0.00053844,0.0007275,0.0
0.0,0.0,0.0,0.00169069,0.00215547,0.0,0.0,0.0,0.0,0.0,0.00194865,0.0189959,0.0061586,0.0127471,0.00448836,0.0039482,0.000183771,0.00791484,0.00506438,0.0,0.00087434,0.00949765,0.0,0.000789,9.836e-05,0.0,0.0,0.0262029,0.0,0.0007066,0.0123158,0.0963321,0.0,0.023083,0.006506,0.0058477,0.0145489,0.000860525,0.0107538,0.00207274,0.00179687,0.0088638,0.0037128,0.00120523,0.00376095,0.0,0.0,0.0,0.0,0.0,0.0,0.0,0.0,0.0,0.0,0.0,0.0,0.0,0.0,0.0,0.0,0.0,0.0,0.0,0.0,0.0,0.0,0.0,0.0,0.0,0.0,0.0,0.0,0.0,0.0,0.0,0.0,0.0,0.0,0.0,0.0,0.0,0.0,0.0,0.0,0.0,0.0,0.0,0.0,0.0,0.0,6.447e-05,0.0,0.0,0.0,0.0,0.00915646,0.000908667,0.0314398,0.0113751,0.0181769,0.00236479,0.0049651,0.0,0.0,0.00348978,0.00137526,0.000726528,0.00166362,0.000604,0.00607413,0.00050688,0.00054908,0.00074175,0.0
0.0,0.0,0.0,0.00172618,0.00220644,0.0,0.0,0.0,0.0,0.0,0.00199485,0.0193934,0.0063044,0.0130015,0.0045825,0.0040318,0.000187657,0.00808353,0.00518556,0.0,0.00089136,0.0096822,0.0,0.000804,0.00010024,0.0,0.0,0.0264552,0.0,0.0007134,0.012433,0.0972511,0.0,0.023306,0.006568,0.0059038,0.0146896,0.00086885,0.0108602,0.00209276,0.00181413,0.00894895,0.00374853,0.00121693,0.0037973,0.0,0.0,0.0,0.0,0.0,0.0,0.0,0.0,0.0,0.0,0.0,0.0,0.0,0.0,0.0,0.0,0.0,0.0,0.0,0.0,0.0,0.0,0.0,0.0,0.0,0.0,0.0,0.0,0.0,0.0,0.0,0.0,0.0,0.0,0.0,0.0,0.0,0.0,0.0,0.0,0.0,0.0,0.0,0.0,0.0,0.0,6.518e-05,0.0,0.0,0.0,0.0,0.00933179,0.000926533,0.0320497,0.0115938,0.0185299,0.00241066,0.0050612,0.0,0.0,0.00355852,0.00140174,0.000740632,0.00169558,0.000616,0.00619194,0.00051672,0.00055972,0.000756,0.0
0.0,0.0,0.0,0.00176166,0.00225741,0.0,0.0,0.0,0.0,0.0,0.00204105,0.0197909,0.0064502,0.013256,0.00467665,0.0041154,0.000191543,0.00825222,0.00530674,0.0,0.00090838,0.00986675,0.0,0.000819,0.00010212,0.0,0.0,0.0267074,0.0,0.0007202,0.0125502,0.0981701,0.0,0.023529,0.00663,0.0059599,0.0148303,0.000877175,0.0109666,0.00211278,0.0018314,0.0090341,0.00378427,0.00122863,0.00383365,0.0,0.0,0.0,0.0,0.0,0.0,0.0,0.0,0.0,0.0,0.0,0.0,0.0,0.0,0.0,0.0,0.0,0.0,0.0,0.0,0.0,0.0,0.0,0.0,0.0,0.0,0.0,0.0,0.0,0.0,0.0,0.0,0.0,0.0,0.0,0.0,0.0,0.0,0.0,0.0,0.0,0.0,0.0,0.0,0.0,0.0,6.589e-05,0.0,0.0,0.0,0.0,0.00950712,0.0009444,0.0326595,0.0118126,0.0188829,0.00245653,0.0051573,0.0,0.0,0.00362726,0.00142821,0.000754736,0.00172754,0.000628,0.00630976,0.00052656,0.00057036,0.00077025,0.0
0.0,0.0,0.0,0.00179715,0.00230838,0.0,0.0,0.0,0.0,0.0,0.00208725,0.0201885,0.006596,0.0135105,0.00477079,0.004199,0.000195429,0.00842092,0.00542792,0.0,0.0009254,0.0100513,0.0,0.000834,0.000104,0.0,0.0,0.0269598,0.0,0.000727,0.0126675,0.0990891,0.0,0.023752,0.006692,0.006016,0.014971,0.0008855,0.011073,0.0021328,0.00184867,0.00911925,0.00382,0.00124033,0.00387,0.0,0.0,0.0,0.0,0.0,0.0,0.0,0.0,0.0,0.0,0.0,0.0,0.0,0.0,0.0,0.0,0.0,0.0,0.0,0.0,0.0,0.0,0.0,0.0,0.0,0.0,0.0,0.0,0.0,0.0,0.0,0.0,0.0,0.0,0.0,0.0,0.0,0.0,0.0,0.0,0.0,0.0,0.0,0.0,0.0,0.0,6.66e-05,0.0,0.0,0.0,0.0,0.00968244,0.000962267,0.0332693,0.0120314,0.019236,0.0025024,0.0052534,0.0,0.0,0.003696,0.00145469,0.00076884,0.0017595,0.00064,0.00642758,0.0005364,0.000581,0.0007845,0.0
0.0,0.0,0.0,0.00183277,0.0023479,0.0,0.0,0.0,0.0,0.0,0.00212332,0.0205897,0.0067087,0.0137773,0.00486554,0.0042825,0.000199314,0.00858396,0.00551977,0.0,0.00094386,0.0102522,0.0,0.0008508,0.0001061,0.0,0.0,0.027057,0.0,0.0007298,0.012717,0.0994759,0.0,0.023842,0.0067181,0.0060391,0.0150276,0.000888775,0.0111138,0.00214094,0.00185587,0.00915232,0.00383467,0.00124547,0.00388475,0.0,0.0,0.0,0.0,0.0,0.0,0.0,0.0,0.0,0.0,0.0,0.0,0.0,0.0,0.0,0.0,0.0,0.0,0.0,0.0,0.0,0.0,0.0,0.0,0.0,0.0,0.0,0.0,0.0,0.0,0.0,0.0,0.0,0.0,0.0,0.0,0.0,0.0,0.0,0.0,0.0,0.0,0.0,0.0,0.0,0.0,6.759e-05,0.0,0.0,0.0,0.0,0.00992284,0.00098538,0.0340869,0.0123297,0.0197069,0.00256319,0.00538186,0.0,0.0,0.0037854,0.00149063,0.00078776,0.00180281,0.0006555,0.00658531,0.0005496,0.000595,0.00080385,0.0
0.0,0.0,0.0,0.0018684,0.00238742,0.0,0.0,0.0,0.0,0.0,0.0021594,0.0209909,0.0068214,0.014044,0.00496028,0.004366,0.0002032,0.008747,0.00561162,0.0,0.00096232,0.0104531,0.0,0.0008676,0.0001082,0.0,0.0,0.0271543,0.0,0.0007326,0.0127666,0.0998627,0.0,0.023932,0.0067442,0.0060622,0.0150842,0.00089205,0.0111546,0.00214908,0.00186307,0.00918538,0.00384933,0.0012506,0.0038995,0.0,0.0,0.0,0.0,0.0,0.0,0.0,0.0,0.0,0.0,0.0,0.0,0.0,0.0,0.0,0.0,0.0,0.0,0.0,0.0,0.0,0.0,0.0,0.0,0.0,0.0,0.0,0.0,0.0,0.0,0.0,0.0,0.0,0.0,0.0,0.0,0.0,0.0,0.0,0.0,0.0,0.0,0.0,0.0,0.0,0.0,6.858e-05,0.0,0.0,0.0,0.0,0.0101632,0.00100849,0.0349045,0.0126279,0.0201779,0.00262398,0.00551032,0.0,0.0,0.0038748,0.00152657,0.00080668,0.00184612,0.000671,0.00674304,0.0005628,0.000609,0.0008232,0.0
0.0,0.0,0.0,0.00190402,0.00242695,0.0,0.0,0.0,0.0,0.0,0.00219547,0.0213921,0.0069341,0.0143108,0.00505502,0.0044495,0.000207086,0.00891004,0.00570346,0.0,0.00098078,0.010654,0.0,0.0008844,0.0001103,0.0,0.0,0.0272516,0.0,0.0007354,0.0128161,0.10025,0.0,0.024022,0.0067703,0.0060853,0.0151408,0.000895325,0.0111954,0.00215722,0.00187027,0.00921845,0.003864,0.00125573,0.00391425,0.0,0.0,0.0,0.0,0.0,0.0,0.0,0.0,0.0,0.0,0.0,0.0,0.0,0.0,0.0,0.0,0.0,0.0,0.0,0.0,0.0,0.0,0.0,0.0,0.0,0.0,0.0,0.0,0.0,0.0,0.0,0.0,0.0,0.0,0.0,0.0,0.0,0.0,0.0,0.0,0.0,0.0,0.0,0.0,0.0,0.0,6.957e-05,0.0,0.0,0.0,0.0,0.0104036,0.00103161,0.0357221,0.0129262,0.0206489,0.00268477,0.00563878,0.0,0.0,0.0039642,0.00156251,0.0008256,0.00188943,0.0006865,0.00690077,0.000576,0.000623,0.00084255,0.0
0.0,0.0,0.0,0.00193965,0.00246647,0.0,0.0,0.0,0.0,0.0,0.00223155,0.0217934,0.0070468,0.0145775,0.00514977,0.004533,0.000210971,0.00907308,0.00579531,0.0,0.00099924,0.0108549,0.0,0.0009012,0.0001124,0.0,0.0,0.0273489,0.0,0.0007382,0.0128657,0.100636,0.0,0.024112,0.0067964,0.0061084,0.0151974,0.0008986,0.0112362,0.00216536,0.00187747,0.00925152,0.00387867,0.00126087,0.003929,0.0,0.0,0.0,0.0,0.0,0.0,0.0,0.0,0.0,0.0,0.0,0.0,0.0,0.0,0.0,0.0,0.0,0.0,0.0,0.0,0.0,0.0,0.0,0.0,0.0,0.0,0.0,0.0,0.0,0.0,0.0,0.0,0.0,0.0,0.0,0.0,0.0,0.0,0.0,0.0,0.0,0.0,0.0,0.0,0.0,0.0,7.056e-05,0.0,0.0,0.0,0.0,0.010644,0.00105472,0.0365397,0.0132245,0.0211199,0.00274556,0.00576724,0.0,0.0,0.0040536,0.00159845,0.00084452,0.00193274,0.000702,0.0070585,0.0005892,0.000637,0.0008619,0.0
0.0,0.0,0.0,0.00197528,0.00250599,0.0,0.0,0.0,0.0,0.0,0.00226762,0.0221946,0.0071595,0.0148442,0.00524451,0.0046165,0.000214857,0.00923613,0.00588716,0.0,0.0010177,0.0110559,0.0,0.000918,0.0001145,0.0,0.0,0.0274462,0.0,0.000741,0.0129152,0.101023,0.0,0.024202,0.0068225,0.0061315,0.015254,0.000901875,0.011277,0.0021735,0.00188467,0.00928458,0.00389333,0.001266,0.00394375,0.0,0.0,0.0,0.0,0.0,0.0,0.0,0.0,0.0,0.0,0.0,0.0,0.0,0.0,0.0,0.0,0.0,0.0,0.0,0.0,0.0,0.0,0.0,0.0,0.0,0.0,0.0,0.0,0.0,0.0,0.0,0.0,0.0,0.0,0.0,0.0,0.0,0.0,0.0,0.0,0.0,0.0,0.0,0.0,0.0,0.0,7.155e-05,0.0,0.0,0.0,0.0,0.0108844,0.00107783,0.0373573,0.0135228,0.0215909,0.00280635,0.0058957,0.0,0.0,0.004143,0.00163439,0.00086344,0.00197605,0.0007175,0.00721623,0.0006024,0.000651,0.00088125,0.0
0.0,0.0,0.0,0.0020109,0.00254551,0.0,0.0,0.0,0.0,0.0,0.0023037,0.0225958,0.0072722,0.015111,0.00533926,0.0047,0.000218743,0.00939917,0.00597901,0.0,0.00103616,0.0112568,0.0,0.0009348,0.0001166,0.0,0.0,0.0275434,0.0,0.0007438,0.0129648,0.10141,0.0,0.024292,0.0068486,0.0061546,0.0153106,0.00090515,0.0113178,0.00218164,0.00189187,0.00931765,0.003908,0.00127113,0.0039585,0.0,0.0,0.0,0.0,0.0,0.0,0.0,0.0,0.0,0.0,0.0,0.0,0.0,0.0,0.0,0.0,0.0,0.0,0.0,0.0,0.0,0.0,0.0,0.0,0.0,0.0,0.0,0.0,0.0,0.0,0.0,0.0,0.0,0.0,0.0,0.0,0.0,0.0,0.0,0.0,0.0,0.0,0.0,0.0,0.0,0.0,7.254e-05,0.0,0.0,0.0,0.0,0.0111248,0.00110095,0.0381749,0.013821,0.0220618,0.00286714,0.00602416,0.0,0.0,0.0042324,0.00167033,0.00088236,0.00201936,0.000733,0.00737396,0.0006156,0.000665,0.0009006,0.0
0.0,0.0,0.0,0.00204653,0.00258503,0.0,0.0,0.0,0.0,0.0,0.00233977,0.0229971,0.0073849,0.0153777,0.005434,0.0047835,0.000222629,0.00956221,0.00607086,0.0,0.00105462,0.0114577,0.0,0.0009516,0.0001187,0.0,0.0,0.0276407,0.0,0.0007466,0.0130144,0.101797,0.0,0.024382,0.0068747,0.0061777,0.0153672,0.000908425,0.0113586,0.00218978,0.00189907,0.00935072,0.00392267,0.00127627,0.00397325,0.0,0.0,0.0,0.0,0.0,0.0,0.0,0.0,0.0,0.0,0.0,0.0,0.0,0.0,0.0,0.0,0.0,0.0,0.0,0.0,0.0,0.0,0.0,0.0,0.0,0.0,0.0,0.0,0.0,0.0,0.0,0.0,0.0,0.0,0.0,0.0,0.0,0.0,0.0,0.0,0.0,0.0,0.0,0.0,0.0,0.0,7.353e-05,0.0,0.0,0.0,0.0,0.0113652,0.00112406,0.0389925,0.0141193,0.0225328,0.00292793,0.00615262,0.0,0.0,0.0043218,0.00170626,0.00090128,0.00206267,0.0007485,0.00753169,0.0006288,0.000679,0.00091995,0.0
0.0,0.0,0.0,0.00208215,0.00262456,0.0,0.0,0.0,0.0,0.0,0.00237585,0.0233983,0.0074976,0.0156445,0.00552875,0.004867,0.000226514,0.00972525,0.0061627,0.0,0.00107308,0.0116586,0.0,0.0009684,0.0001208,0.0,0.0,0.027738,0.0,0.0007494,0.0130639,0.102184,0.0,0.024472,0.0069008,0.0062008,0.0154238,0.0009117,0.0113994,0.00219792,0.00190627,0.00938378,0.00393733,0.0012814,0.003988,0.0,0.0,0.0,0.0,0.0,0.0,0.0,0.0,0.0,0.0,0.0,0.0,0.0,0.0,0.0,0.0,0.0,0.0,0.0,0.0,0.0,0.0,0.0,0.0,0.0,0.0,0.0,0.0,0.0,0.0,0.0,0.0,0.0,0.0,0.0,0.0,0.0,0.0,0.0,0.0,0.0,0.0,0.0,0.0,0.0,0.0,7.452e-05,0.0,0.0,0.0,0.0,0.0116056,0.00114717,0.0398101,0.0144176,0.0230038,0.00298872,0.00628108,0.0,0.0,0.0044112,0.0017422,0.0009202,0.00210598,0.000764,0.00768942,0.000642,0.000693,0.0009393,0.0
0.0,0.0,0.0,0.00211777,0.00266408,0.0,0.0,0.0,0.0,0.0,0.00241193,0.0237995,0.0076103,0.0159112,0.00562349,0.0049505,0.0002304,0.00988829,0.00625455,0.0,0.00109154,0.0118595,0.0,0.0009852,0.0001229,0.0,0.0,0.0278353,0.0,0.0007522,0.0131135,0.10257,0.0,0.024562,0.0069269,0.0062239,0.0154804,0.000914975,0.0114402,0.00220606,0.00191347,0.00941685,0.003952,0.00128653,0.00400275,0.0,0.0,0.0,0.0,0.0,0.0,0.0,0.0,0.0,0.0,0.0,0.0,0.0,0.0,0.0,0.0,0.0,0.0,0.0,0.0,0.0,0.0,0.0,0.0,0.0,0.0,0.0,0.0,0.0,0.0,0.0,0.0,0.0,0.0,0.0,0.0,0.0,0.0,0.0,0.0,0.0,0.0,0.0,0.0,0.0,0.0,7.551e-05,0.0,0.0,0.0,0.0,0.011846,0.00117029,0.0406277,0.0147158,0.0234748,0.00304951,0.00640954,0.0,0.0,0.0045006,0.00177814,0.00093912,0.00214929,0.0007795,0.00784715,0.0006552,0.000707,0.00095865,0.0
0.0,0.0,0.0,0.0021534,0.0027036,0.0,0.0,0.0,0.0,0.0,0.002448,0.0242007,0.007723,0.016178,0.00571824,0.005034,0.000234286,0.0100513,0.0063464,0.0,0.00111,0.0120604,0.0,0.001002,0.000125,0.0,0.0,0.0279326,0.0,0.000755,0.013163,0.102957,0.0,0.024652,0.006953,0.006247,0.015537,0.00091825,0.011481,0.0022142,0.00192067,0.00944992,0.00396667,0.00129167,0.0040175,0.0,0.0,0.0,0.0,0.0,0.0,0.0,0.0,0.0,0.0,0.0,0.0,0.0,0.0,0.0,0.0,0.0,0.0,0.0,0.0,0.0,0.0,0.0,0.0,0.0,0.0,0.0,0.0,0.0,0.0,0.0,0.0,0.0,0.0,0.0,0.0,0.0,0.0,0.0,0.0,0.0,0.0,0.0,0.0,0.0,0.0,7.65e-05,0.0,0.0,0.0,0.0,0.0120864,0.0011934,0.0414453,0.0150141,0.0239458,0.0031103,0.006538,0.0,0.0,0.00459,0.00181408,0.00095804,0.0021926,0.000795,0.00800488,0.0006684,0.000721,0.000978,0.0
0.0,0.0,0.0,0.00217956,0.00272484,0.0,0.0,0.0,0.0,0.0,0.0024657,0.0244925,0.0077807,0.0164784,0.00578812,0.0050946,0.000237143,0.0101711,0.00639016,0.0,0.001132,0.0122984,0.0,0.0010218,0.0001275,0.0,0.0,0.0279577,0.0,0.0007555,0.0131717,0.103024,0.0,0.0246683,0.0069577,0.0062513,0.0155483,0.000918925,0.0114889,0.00221578,0.00192193,0.00945826,0.00396933,0.00129233,0.00402,0.0,0.0,0.0,0.0,0.0,0.0,0.0,0.0,0.0,0.0,0.0,0.0,0.0,0.0,0.0,0.0,0.0,0.0,0.0,0.0,0.0,0.0,0.0,0.0,0.0,0.0,0.0,0.0,0.0,0.0,0.0,0.0,0.0,0.0,0.0,0.0,0.0,0.0,0.0,0.0,0.0,0.0,0.0,0.0,0.0,0.0,7.685e-05,0.0,0.0,0.0,0.0,0.0123957,0.00122439,0.0425119,0.0153991,0.0245641,0.00319127,0.0067072,0.0,0.0,0.004709,0.00186076,0.000982636,0.00224934,0.0008155,0.00821119,0.00068556,0.0007399,0.0010032,0.0
0.0,0.0,0.0,0.00220572,0.00274608,0.0,0.0,0.0,0.0,0.0,0.0024834,0.0247843,0.0078384,0.0167789,0.005858,0.0051552,0.00024,0.0102909,0.00643392,0.0,0.001154,0.0125363,0.0,0.0010416,0.00013,0.0,0.0,0.0279829,0.0,0.000756,0.0131804,0.103091,0.0,0.0246846,0.0069624,0.0062556,0.0155596,0.0009196,0.0114968,0.00221736,0.0019232,0.0094666,0.003972,0.001293,0.0040225,0.0,0.0,0.0,0.0,0.0,0.0,0.0,0.0,0.0,0.0,0.0,0.0,0.0,0.0,0.0,0.0,0.0,0.0,0.0,0.0,0.0,0.0,0.0,0.0,0.0,0.0,0.0,0.0,0.0,0.0,0.0,0.0,0.0,0.0,0.0,0.0,0.0,0.0,0.0,0.0,0.0,0.0,0.0,0.0,0.0,0.0,7.72e-05,0.0,0.0,0.0,0.0,0.012705,0.00125539,0.0435784,0.0157841,0.0251825,0.00327224,0.0068764,0.0,0.0,0.004828,0.00190744,0.00100723,0.00230608,0.000836,0.0084175,0.00070272,0.0007588,0.0010284,0.0
0.0,0.0,0.0,0.00223188,0.00276732,0.0,0.0,0.0,0.0,0.0,0.0025011,0.025076,0.0078961,0.0170793,0.00592788,0.0052158,0.000242857,0.0104107,0.00647768,0.0,0.001176,0.0127743,0.0,0.0010614,0.0001325,0.0,0.0,0.0280081,0.0,0.0007565,0.0131891,0.103158,0.0,0.0247009,0.0069671,0.0062599,0.0155709,0.000920275,0.0115047,0.00221894,0.00192447,0.00947494,0.00397467,0.00129367,0.004025,0.0,0.0,0.0,0.0,0.0,0.0,0.0,0.0,0.0,0.0,0.0,0.0,0.0,0.0,0.0,0.0,0.0,0.0,0.0,0.0,0.0,0.0,0.0,0.0,0.0,0.0,0.0,0.0,0.0,0.0,0.0,0.0,0.0,0.0,0.0,0.0,0.0,0.0,0.0,0.0,0.0,0.0,0.0,0.0,0.0,0.0,7.755e-05,0.0,0.0,0.0,0.0,0.0130143,0.00128638,0.044645,0.0161691,0.0258009,0.00335321,0.0070456,0.0,0.0,0.004947,0.00195411,0.00103183,0.00236282,0.0008565,0.00862382,0.00071988,0.0007777,0.0010536,0.0
0.0,0.0,0.0,0.00225804,0.00278856,0.0,0.0,0.0,0.0,0.0,0.0025188,0.0253678,0.0079538,0.0173798,0.00599776,0.0052764,0.000245714,0.0105305,0.00652144,0.0,0.001198,0.0130122,0.0,0.0010812,0.000135,0.0,0.0,0.0280332,0.0,0.000757,0.0131978,0.103224,0.0,0.0247172,0.0069718,0.0062642,0.0155822,0.00092095,0.0115126,0.00222052,0.00192573,0.00948328,0.00397733,0.00129433,0.0040275,0.0,0.0,0.0,0.0,0.0,0.0,0.0,0.0,0.0,0.0,0.0,0.0,0.0,0.0,0.0,0.0,0.0,0.0,0.0,0.0,0.0,0.0,0.0,0.0,0.0,0.0,0.0,0.0,0.0,0.0,0.0,0.0,0.0,0.0,0.0,0.0,0.0,0.0,0.0,0.0,0.0,0.0,0.0,0.0,0.0,0.0,7.79e-05,0.0,0.0,0.0,0.0,0.0133235,0.00131737,0.0457116,0.0165541,0.0264193,0.00343418,0.0072148,0.0,0.0,0.005066,0.00200079,0.00105642,0.00241956,0.000877,0.00883013,0.00073704,0.0007966,0.0010788,0.0
0.0,0.0,0.0,0.0022842,0.0028098,0.0,0.0,0.0,0.0,0.0,0.0025365,0.0256596,0.0080115,0.0176803,0.00606764,0.005337,0.000248571,0.0106503,0.0065652,0.0,0.00122,0.0132502,0.0,0.001101,0.0001375,0.0,0.0,0.0280584,0.0,0.0007575,0.0132065,0.103291,0.0,0.0247335,0.0069765,0.0062685,0.0155935,0.000921625,0.0115205,0.0022221,0.001927,0.00949163,0.00398,0.001295,0.00403,0.0,0.0,0.0,0.0,0.0,0.0,0.0,0.0,0.0,0.0,0.0,0.0,0.0,0.0,0.0,0.0,0.0,0.0,0.0,0.0,0.0,0.0,0.0,0.0,0.0,0.0,0.0,0.0,0.0,0.0,0.0,0.0,0.0,0.0,0.0,0.0,0.0,0.0,0.0,0.0,0.0,0.0,0.0,0.0,0.0,0.0,7.825e-05,0.0,0.0,0.0,0.0,0.0136328,0.00134837,0.0467781,0.0169391,0.0270377,0.00351515,0.007384,0.0,0.0,0.005185,0.00204747,0.00108102,0.0024763,0.0008975,0.00903644,0.0007542,0.0008155,0.001104,0.0
0.0,0.0,0.0,0.00231036,0.00283104,0.0,0.0,0.0,0.0,0.0,0.0025542,0.0259514,0.0080692,0.0179807,0.00613752,0.0053976,0.000251429,0.01077,0.00660896,0.0,0.001242,0.0134882,0.0,0.0011208,0.00014,0.0,0.0,0.0280835,0.0,0.000758,0.0132152,0.103358,0.0,0.0247498,0.0069812,0.0062728,0.0156048,0.0009223,0.0115284,0.00222368,0.00192827,0.00949997,0.00398267,0.00129567,0.0040325,0.0,0.0,0.0,0.0,0.0,0.0,0.0,0.0,0.0,0.0,0.0,0.0,0.0,0.0,0.0,0.0,0.0,0.0,0.0,0.0,0.0,0.0,0.0,0.0,0.0,0.0,0.0,0.0,0.0,0.0,0.0,0.0,0.0,0.0,0.0,0.0,0.0,0.0,0.0,0.0,0.0,0.0,0.0,0.0,0.0,0.0,7.86e-05,0.0,0.0,0.0,0.0,0.0139421,0.00137936,0.0478447,0.0173241,0.0276561,0.00359612,0.0075532,0.0,0.0,0.005304,0.00209415,0.00110562,0.00253304,0.000918,0.00924275,0.00077136,0.0008344,0.0011292,0.0
0.0,0.0,0.0,0.00233652,0.00285228,0.0,0.0,0.0,0.0,0.0,0.0025719,0.0262431,0.0081269,0.0182812,0.0062074,0.0054582,0.000254286,0.0108898,0.00665272,0.0,0.001264,0.0137261,0.0,0.0011406,0.0001425,0.0,0.0,0.0281087,0.0,0.0007585,0.0132239,0.103425,0.0,0.0247661,0.0069859,0.0062771,0.0156161,0.000922975,0.0115363,0.00222526,0.00192953,0.00950831,0.00398533,0.00129633,0.004035,0.0,0.0,0.0,0.0,0.0,0.0,0.0,0.0,0.0,0.0,0.0,0.0,0.0,0.0,0.0,0.0,0.0,0.0,0.0,0.0,0.0,0.0,0.0,0.0,0.0,0.0,0.0,0.0,0.0,0.0,0.0,0.0,0.0,0.0,0.0,0.0,0.0,0.0,0.0,0.0,0.0,0.0,0.0,0.0,0.0,0.0,7.895e-05,0.0,0.0,0.0,0.0,0.0142513,0.00141035,0.0489113,0.0177091,0.0282745,0.00367709,0.0077224,0.0,0.0,0.005423,0.00214082,0.00113021,0.00258978,0.0009385,0.00944906,0.00078852,0.0008533,0.0011544,0.0
0.0,0.0,0.0,0.00236268,0.00287352,0.0,0.0,0.0,0.0,0.0,0.0025896,0.0265349,0.0081846,0.0185816,0.00627729,0.0055188,0.000257143,0.0110096,0.00669648,0.0,0.001286,0.0139641,0.0,0.0011604,0.000145,0.0,0.0,0.0281339,0.0,0.000759,0.0132326,0.103491,0.0,0.0247824,0.0069906,0.0062814,0.0156274,0.00092365,0.0115442,0.00222684,0.0019308,0.00951665,0.003988,0.001297,0.0040375,0.0,0.0,0.0,0.0,0.0,0.0,0.0,0.0,0.0,0.0,0.0,0.0,0.0,0.0,0.0,0.0,0.0,0.0,0.0,0.0,0.0,0.0,0.0,0.0,0.0,0.0,0.0,0.0,0.0,0.0,0.0,0.0,0.0,0.0,0.0,0.0,0.0,0.0,0.0,0.0,0.0,0.0,0.0,0.0,0.0,0.0,7.93e-05,0.0,0.0,0.0,0.0,0.0145606,0.00144135,0.0499778,0.0180941,0.0288929,0.00375806,0.0078916,0.0,0.0,0.005542,0.0021875,0.00115481,0.00264652,0.000959,0.00965538,0.00080568,0.0008722,0.0011796,0.0
0.0,0.0,0.0,0.00238884,0.00289476,0.0,0.0,0.0,0.0,0.0,0.0026073,0.0268267,0.0082423,0.018882,0.00634717,0.0055794,0.00026,0.0111294,0.00674024,0.0,0.001308,0.014202,0.0,0.0011802,0.0001475,0.0,0.0,0.028159,0.0,0.0007595,0.0132413,0.103558,0.0,0.0247987,0.0069953,0.0062857,0.0156387,0.000924325,0.0115521,0.00222842,0.00193207,0.00952499,0.00399067,0.00129767,0.00404,0.0,0.0,0.0,0.0,0.0,0.0,0.0,0.0,0.0,0.0,0.0,0.0,0.0,0.0,0.0,0.0,0.0,0.0,0.0,0.0,0.0,0.0,0.0,0.0,0.0,0.0,0.0,0.0,0.0,0.0,0.0,0.0,0.0,0.0,0.0,0.0,0.0,0.0,0.0,0.0,0.0,0.0,0.0,0.0,0.0,0.0,7.965e-05,0.0,0.0,0.0,0.0,0.0148699,0.00147234,0.0510444,0.0184791,0.0295113,0.00383903,0.0080608,0.0,0.0,0.005661,0.00223418,0.0011794,0.00270326,0.0009795,0.00986169,0.00082284,0.0008911,0.0012048,0.0
0.0,0.0,0.0,0.002415,0.002916,0.0,0.0,0.0,0.0,0.0,0.002625,0.0271184,0.0083,0.0191825,0.00641705,0.00564,0.000262857,0.0112492,0.006784,0.0,0.00133,0.01444,0.0,0.0012,0.00015,0.0,0.0,0.0281842,0.0,0.00076,0.01325,0.103625,0.0,0.024815,0.007,0.00629,0.01565,0.000925,0.01156,0.00223,0.00193333,0.00953333,0.00399333,0.00129833,0.0040425,0.0,0.0,0.0,0.0,0.0,0.0,0.0,0.0,0.0,0.0,0.0,0.0,0.0,0.0,0.0,0.0,0.0,0.0,0.0,0.0,0.0,0.0,0.0,0.0,0.0,0.0,0.0,0.0,0.0,0.0,0.0,0.0,0.0,0.0,0.0,0.0,0.0,0.0,0.0,0.0,0.0,0.0,0.0,0.0,0.0,0.0,8e-05,0.0,0.0,0.0,0.0,0.0151791,0.00150333,0.052111,0.0188641,0.0301296,0.00392,0.00823,0.0,0.0,0.00578,0.00228086,0.001204,0.00276,0.001,0.010068,0.00084,0.00091,0.00123,0.0
